datetime,open,high,low,close,volume
2025-07-20 16:00:00,118670.4,118850.0,118461.6,118551.4,131.55119328
2025-07-20 17:00:00,118551.4,118551.4,117955.0,118010.0,170.61052018
2025-07-20 18:00:00,118010.1,118440.0,118010.1,118360.5,102.34701307
2025-07-20 19:00:00,118360.4,118559.4,118155.3,118155.3,72.95588304
2025-07-20 20:00:00,118155.4,118259.7,117857.5,118092.6,93.33246775
2025-07-20 21:00:00,118092.5,118154.7,117838.2,118006.2,96.53956994
2025-07-20 22:00:00,118006.3,118037.6,116467.7,117472.9,304.92416123
2025-07-20 23:00:00,117472.9,117556.1,116954.7,117263.9,109.74150555
2025-07-21 00:00:00,117263.9,117353.4,116529.5,117351.6,206.41137098
2025-07-21 01:00:00,117353.5,117428.0,116794.9,117303.4,216.01566222
2025-07-21 02:00:00,117303.5,118176.0,117303.5,118176.0,205.13219342
2025-07-21 03:00:00,118176.1,118605.6,118132.5,118393.3,116.91707753
2025-07-21 04:00:00,118393.2,118633.8,118279.9,118331.2,66.81449329
2025-07-21 05:00:00,118331.1,118419.4,118184.8,118414.0,50.22695244
2025-07-21 06:00:00,118415.0,119238.5,118285.1,119168.6,173.58028696
2025-07-21 07:00:00,119168.6,119647.5,119158.3,119350.1,150.52495303
2025-07-21 08:00:00,119350.1,119495.0,118858.1,119017.4,146.32924977
2025-07-21 09:00:00,119017.5,119085.5,118538.0,118697.6,93.30067075
2025-07-21 10:00:00,118697.6,118812.6,118340.8,118573.5,80.751185
2025-07-21 11:00:00,118573.4,118787.5,118071.1,118071.1,106.63524534
2025-07-21 12:00:00,118071.1,118579.6,117770.8,118176.1,141.87447529
2025-07-21 13:00:00,118176.2,119090.1,117883.0,118840.7,178.29553574
2025-07-21 14:00:00,118840.8,119224.2,118430.0,118828.2,159.19833068
2025-07-21 15:00:00,118828.1,119119.0,118292.5,118327.7,142.36235434
2025-07-21 16:00:00,118327.8,118398.4,117500.0,117748.0,177.85211536
2025-07-21 17:00:00,117748.0,118098.0,117329.5,117844.0,149.34048631
2025-07-21 18:00:00,117844.0,118188.5,117084.0,117160.3,157.41237582
2025-07-21 19:00:00,117160.2,117526.2,116655.1,116751.3,163.24268483
2025-07-21 20:00:00,116760.4,117247.4,116653.9,116935.4,125.02629258
2025-07-21 21:00:00,116935.3,117362.9,116875.8,117211.8,82.97393616
2025-07-21 22:00:00,117211.9,117624.8,117111.6,117346.5,56.66156117
2025-07-21 23:00:00,117346.5,117500.0,117107.8,117381.0,68.30801668
2025-07-22 00:00:00,117381.1,117512.5,117025.1,117126.4,84.13686642
2025-07-22 01:00:00,117124.8,117948.3,116109.0,117748.7,311.87950836
2025-07-22 02:00:00,117748.8,117798.5,116970.5,117038.4,101.027887
2025-07-22 03:00:00,117026.2,117271.6,116700.0,117202.9,117.97536445
2025-07-22 04:00:00,117209.2,117354.7,116555.7,116555.8,118.9131529
2025-07-22 05:00:00,116555.8,117350.0,116555.0,117322.6,113.45108011
2025-07-22 06:00:00,117325.4,117831.2,117275.0,117831.2,99.18970489
2025-07-22 07:00:00,117831.3,118578.4,117778.9,117979.3,173.9959887
2025-07-22 08:00:00,117979.8,118341.4,117489.8,118274.9,136.78798769
2025-07-22 09:00:00,118274.9,118639.8,117865.1,118398.1,112.77668245
2025-07-22 10:00:00,118392.0,118937.9,118301.7,118937.9,94.24763095
2025-07-22 11:00:00,118939.2,119177.0,118780.0,119140.8,97.67110512
2025-07-22 12:00:00,119140.9,119391.3,119036.1,119269.9,145.45311602
2025-07-22 13:00:00,119270.0,119567.4,118031.9,118141.0,240.83499566
2025-07-22 14:00:00,118140.9,119112.2,117550.0,119060.1,212.81738078
2025-07-22 15:00:00,119060.0,119171.5,118691.7,118894.7,149.10446946
2025-07-22 16:00:00,118895.0,119350.0,118620.0,118672.3,134.54902728
2025-07-22 17:00:00,118672.2,119211.2,118390.0,119199.7,138.23129099
2025-07-22 18:00:00,119199.7,120206.5,119065.1,119733.0,235.03638162
2025-07-22 19:00:00,119733.1,119915.8,119094.4,119281.4,139.10216913
2025-07-22 20:00:00,119281.5,119894.8,119206.2,119695.3,131.43366915
2025-07-22 21:00:00,119695.3,119754.9,119400.6,119400.7,69.06128148
2025-07-22 22:00:00,119400.6,120021.2,119395.0,119840.0,83.47147309
2025-07-22 23:00:00,119840.0,120235.8,119829.1,119953.4,83.10238924
2025-07-23 00:00:00,119953.4,120099.6,119501.0,119540.0,82.30319666
2025-07-23 01:00:00,119543.2,119664.5,119398.1,119495.1,72.45367083
2025-07-23 02:00:00,119495.1,119523.7,118988.3,119074.7,107.69100581
2025-07-23 03:00:00,119074.9,119095.0,118527.9,118599.9,60.60625981
2025-07-23 04:00:00,118600.0,118971.0,118563.3,118971.0,60.10337728
2025-07-23 05:00:00,118974.1,118995.0,118618.8,118638.8,49.53495708
2025-07-23 06:00:00,118638.9,118705.0,118372.2,118416.1,67.47963515
2025-07-23 07:00:00,118416.0,118582.2,118300.3,118351.6,77.033813
2025-07-23 08:00:00,118351.5,118545.0,118221.9,118422.0,88.27816669
2025-07-23 09:00:00,118422.1,118458.6,117927.3,118043.5,104.93622898
2025-07-23 10:00:00,118043.6,118375.0,117844.7,118373.1,121.30139586
2025-07-23 11:00:00,118373.1,118615.0,118169.3,118532.7,76.2441854
2025-07-23 12:00:00,118532.8,118645.0,117800.0,117985.0,149.76718159
2025-07-23 13:00:00,117982.8,118199.2,117330.0,117365.1,268.66111966
2025-07-23 14:00:00,117376.7,118200.2,117314.2,118200.2,172.77517965
2025-07-23 15:00:00,118200.2,118751.0,117818.3,118569.9,153.14608515
2025-07-23 16:00:00,118569.9,118569.9,117545.1,117711.3,181.75970611
2025-07-23 17:00:00,117711.3,118138.0,117332.4,118130.2,230.1304474
2025-07-23 18:00:00,118137.0,118383.9,118005.0,118372.3,109.71578993
2025-07-23 19:00:00,118372.2,118460.0,118229.0,118385.0,106.61223115
2025-07-23 20:00:00,118386.5,118488.8,117550.5,117890.0,169.92317465
2025-07-23 21:00:00,117895.7,118181.6,117380.6,118179.3,133.03471079
2025-07-23 22:00:00,118180.0,118627.5,117943.4,118561.0,72.77726645
2025-07-23 23:00:00,118561.0,118747.3,118411.7,118747.2,74.30800949
2025-07-24 00:00:00,118747.3,119126.8,118567.9,119046.9,89.96436749
2025-07-24 01:00:00,119046.8,119090.3,118780.4,119090.1,72.87341932
2025-07-24 02:00:00,119090.0,119090.1,118805.5,118940.0,50.65792287
2025-07-24 03:00:00,118941.0,119261.4,118471.7,118490.0,85.72892939
2025-07-24 04:00:00,118490.1,118570.5,117828.8,117943.9,140.93148198
2025-07-24 05:00:00,117942.9,117951.8,117496.0,117602.2,164.92218534
2025-07-24 06:00:00,117602.2,117843.4,117387.3,117465.0,157.28015956
2025-07-24 07:00:00,117464.9,118481.0,117110.2,118415.0,179.59086514
2025-07-24 08:00:00,118415.0,118797.0,118231.8,118766.6,119.79715781
2025-07-24 09:00:00,118766.6,118802.9,118294.8,118500.7,101.94408551
2025-07-24 10:00:00,118500.8,118705.3,117960.8,118385.1,104.31196951
2025-07-24 11:00:00,118385.1,118737.8,118315.1,118597.1,88.58499768
2025-07-24 12:00:00,118597.1,118715.0,118291.1,118528.6,131.30636126
2025-07-24 13:00:00,118528.6,118710.0,118209.0,118220.1,103.68761574
2025-07-24 14:00:00,118220.1,119139.3,117824.9,119053.2,237.52756873
2025-07-24 15:00:00,119053.1,119464.3,118631.1,119087.7,235.46495365
2025-07-24 16:00:00,119092.0,119200.6,118354.4,118525.7,243.62776018
2025-07-24 17:00:00,118529.2,119312.3,118494.8,119125.9,81.52454186
2025-07-24 18:00:00,119125.8,119397.5,118965.0,119048.0,88.60096412
2025-07-24 19:00:00,119047.9,119339.9,118902.3,118918.6,77.70390082
2025-07-24 20:00:00,118936.0,119004.5,118718.9,118718.9,63.13759125
2025-07-24 21:00:00,118718.8,118775.6,118488.2,118529.8,49.82274032
2025-07-24 22:00:00,118529.7,118620.0,118186.7,118285.4,77.32843305
2025-07-24 23:00:00,118285.1,118444.5,118150.0,118325.0,110.63373867
2025-07-25 00:00:00,118330.0,118445.0,117653.1,117675.1,156.94995763
2025-07-25 01:00:00,117675.1,117784.0,117240.4,117375.9,214.40151886
2025-07-25 02:00:00,117376.0,117390.0,116350.3,116350.3,287.38443996
2025-07-25 03:00:00,116350.2,116419.8,115344.2,115430.8,331.9620682
2025-07-25 04:00:00,115420.5,116136.3,115115.0,116105.7,269.45634559
2025-07-25 05:00:00,116105.8,116105.8,115268.4,115527.8,114.68819648
2025-07-25 06:00:00,115527.7,115527.8,115207.6,115308.3,121.85845042
2025-07-25 07:00:00,115308.2,115947.5,114735.0,115315.0,372.4524799
2025-07-25 08:00:00,115315.1,115972.6,115034.1,115193.1,295.09468444
2025-07-25 09:00:00,115193.0,116021.6,115013.8,116021.6,353.75909601
2025-07-25 10:00:00,116021.6,116485.0,115979.0,116302.5,218.33341598
2025-07-25 11:00:00,116302.5,116770.2,116302.5,116540.0,198.281476
2025-07-25 12:00:00,116540.1,116650.0,115973.5,116115.6,265.06020166
2025-07-25 13:00:00,116120.1,116599.9,115501.0,116215.0,331.27817084
2025-07-25 14:00:00,116216.4,116284.0,114911.3,114952.8,359.86306684
2025-07-25 15:00:00,114952.7,115840.6,114916.4,115720.8,340.75448794
2025-07-25 16:00:00,115720.8,116192.9,115452.1,116190.6,186.70882331
2025-07-25 17:00:00,116185.2,116338.0,115861.2,116050.0,230.60862685
2025-07-25 18:00:00,116049.9,116569.0,116049.8,116502.4,151.92648943
2025-07-25 19:00:00,116500.0,116999.9,116421.9,116701.6,161.23489457
2025-07-25 20:00:00,116695.0,117299.4,116582.2,117041.0,118.48364625
2025-07-25 21:00:00,117041.1,117367.8,116950.3,117205.0,96.91470114
2025-07-25 22:00:00,117205.0,117345.7,117115.0,117276.4,60.79314977
2025-07-25 23:00:00,117276.4,117630.0,117177.6,117619.2,92.25539327
2025-07-26 00:00:00,117612.1,117612.2,117332.3,117486.7,125.61782025
2025-07-26 01:00:00,117486.8,117549.9,117137.5,117148.7,58.64407652
2025-07-26 02:00:00,117148.7,117745.2,117148.7,117481.4,95.27237292
2025-07-26 03:00:00,117480.9,117603.1,117459.9,117492.1,61.71685819
2025-07-26 04:00:00,117490.4,117542.7,117400.2,117494.8,55.62032377
2025-07-26 05:00:00,117494.8,117544.9,117425.0,117449.0,30.34948766
2025-07-26 06:00:00,117449.0,117457.3,117328.6,117354.3,46.09480826
2025-07-26 07:00:00,117354.3,117379.0,117316.3,117316.3,29.90601601
2025-07-26 08:00:00,117316.3,117618.8,117316.3,117557.7,31.01412832
2025-07-26 09:00:00,117557.7,117618.9,117462.2,117571.7,37.26163384
2025-07-26 10:00:00,117571.8,118200.0,117543.8,117965.2,109.65988403
2025-07-26 11:00:00,117971.6,118060.0,117775.8,117775.9,59.25750455
2025-07-26 12:00:00,117775.9,117997.6,117766.4,117918.9,31.61350344
2025-07-26 13:00:00,117918.9,118221.2,117854.8,118125.0,88.20720785
2025-07-26 14:00:00,118124.9,118209.3,117956.6,118064.7,75.51848175
2025-07-26 15:00:00,118064.6,118142.2,117819.3,118128.9,69.30694352
2025-07-26 16:00:00,118129.0,118198.8,118002.8,118075.0,50.10399672
2025-07-26 17:00:00,118075.0,118086.5,117990.0,118029.3,44.65328097
2025-07-26 18:00:00,118029.4,118097.7,117940.3,118096.2,61.08870159
2025-07-26 19:00:00,118096.1,118291.8,118040.6,118227.4,41.96526215
2025-07-26 20:00:00,118227.3,118227.4,117884.6,117955.0,58.64227032
2025-07-26 21:00:00,117954.9,118077.5,117880.4,118031.4,42.91949485
2025-07-26 22:00:00,118031.5,118299.3,117982.7,118015.1,109.96293461
2025-07-26 23:00:00,118015.1,118049.2,117893.7,117915.0,41.41054292
2025-07-27 00:00:00,117917.2,117963.0,117829.8,117954.8,38.93047509
2025-07-27 01:00:00,117954.8,118200.0,117923.7,118099.9,58.64709704
2025-07-27 02:00:00,118099.9,118378.9,118020.6,118319.9,76.71625653
2025-07-27 03:00:00,118319.9,118323.7,118084.8,118185.9,60.11862514
2025-07-27 04:00:00,118185.9,118256.4,118149.2,118209.9,47.73594475
2025-07-27 05:00:00,118210.0,118299.3,118163.5,118274.0,74.90309662
2025-07-27 06:00:00,118274.0,118444.1,118205.6,118261.1,81.88397387
2025-07-27 07:00:00,118261.1,118261.1,118067.7,118092.5,67.64485063
2025-07-27 08:00:00,118092.4,118131.0,117949.2,117949.2,50.9675691
2025-07-27 09:00:00,117949.2,117990.0,117855.1,117935.0,36.6420881
2025-07-27 10:00:00,117935.0,118285.6,117934.9,118183.6,55.19100021
2025-07-27 11:00:00,118183.6,118249.1,118050.6,118066.2,44.96823207
2025-07-27 12:00:00,118066.3,118105.0,117889.9,118099.8,72.54220121
2025-07-27 13:00:00,118097.3,118214.2,118086.6,118199.9,44.85031066
2025-07-27 14:00:00,118199.9,118498.9,118152.6,118423.5,88.98933109
2025-07-27 15:00:00,118423.6,118583.1,118245.0,118577.2,124.80941487
2025-07-27 16:00:00,118577.1,119535.0,118577.1,119069.1,342.18556217
2025-07-27 17:00:00,119069.1,119318.0,118863.4,119196.1,171.60229433
2025-07-27 18:00:00,119196.0,119374.1,118944.6,119025.0,123.62979196
2025-07-27 19:00:00,119024.9,119060.0,118890.0,118960.8,92.91292127
2025-07-27 20:00:00,118960.8,119164.9,118717.4,118743.5,138.96142555
2025-07-27 21:00:00,118743.6,119258.7,118725.0,119257.3,97.08254915
2025-07-27 22:00:00,119259.9,119752.2,119226.9,119493.5,116.91519487
2025-07-27 23:00:00,119493.5,119525.8,119124.1,119411.2,97.15997852
2025-07-28 00:00:00,119414.6,119683.8,119131.0,119239.9,112.13333258
2025-07-28 01:00:00,119237.4,119462.9,118961.0,119033.0,109.86714694
2025-07-28 02:00:00,119033.1,119795.0,119021.8,119427.4,110.72091336
2025-07-28 03:00:00,119427.3,119517.9,119223.4,119274.9,51.09158542
2025-07-28 04:00:00,119274.9,119413.3,119129.4,119200.2,48.21999771
2025-07-28 05:00:00,119200.2,119671.4,119139.3,119535.1,83.63096914
2025-07-28 06:00:00,119535.1,119597.6,119445.0,119450.0,31.88469273
2025-07-28 07:00:00,119450.0,119450.0,118761.1,118897.1,78.40802227
2025-07-28 08:00:00,118897.1,119105.0,118770.1,119076.3,67.04099165
2025-07-28 09:00:00,119076.3,119076.4,118708.5,118937.4,61.73329496
2025-07-28 10:00:00,118933.0,118953.6,118630.0,118761.9,46.74653596
2025-07-28 11:00:00,118761.8,118855.0,118481.7,118818.1,89.46314338
2025-07-28 12:00:00,118820.0,119083.1,118785.0,118831.7,109.42479676
2025-07-28 13:00:00,118839.6,119068.9,118254.6,118419.1,184.0191625
2025-07-28 14:00:00,118419.1,118671.7,117918.3,117976.2,180.75923237
2025-07-28 15:00:00,117976.2,118500.0,117914.1,118175.7,108.3571573
2025-07-28 16:00:00,118175.7,118369.6,118012.5,118024.0,81.0223817
2025-07-28 17:00:00,118024.0,118109.4,117640.3,117660.0,121.19149677
2025-07-28 18:00:00,117660.1,117856.3,117412.8,117770.8,95.89349313
2025-07-28 19:00:00,117770.9,118239.9,117548.8,118075.8,115.84954153
2025-07-28 20:00:00,118075.0,118161.5,117491.7,118048.1,84.9629818
2025-07-28 21:00:00,118045.0,118331.0,117952.9,118099.9,78.02870052
2025-07-28 22:00:00,118100.0,118249.9,117763.1,117853.1,84.20900547
2025-07-28 23:00:00,117853.1,118158.3,117813.4,118055.1,69.00321292
2025-07-29 00:00:00,118055.1,118456.3,117541.4,117958.0,124.0266131
2025-07-29 01:00:00,117958.0,118228.9,117743.4,117765.2,91.2349241
2025-07-29 02:00:00,117765.2,118089.6,117445.0,118082.4,123.81834723
2025-07-29 03:00:00,118089.0,118788.2,118089.0,118750.0,111.53613669
2025-07-29 04:00:00,118751.1,118790.8,118417.0,118525.0,75.19646162
2025-07-29 05:00:00,118525.0,118847.2,118525.0,118796.8,51.19625164
2025-07-29 06:00:00,118796.8,119061.5,118733.2,118765.6,69.92447835
2025-07-29 07:00:00,118765.6,119264.0,118755.7,118881.8,87.43251266
2025-07-29 08:00:00,118881.7,119049.2,118767.8,118921.2,64.71922805
2025-07-29 09:00:00,118921.2,118982.5,118756.7,118780.0,39.91136313
2025-07-29 10:00:00,118780.1,118825.3,118302.2,118302.2,95.65508973
2025-07-29 11:00:00,118306.1,118580.6,118164.7,118580.6,79.02758549
2025-07-29 12:00:00,118580.6,119065.5,118467.5,118885.0,115.24010829
2025-07-29 13:00:00,118881.9,119004.5,118541.2,118610.7,126.66121251
2025-07-29 14:00:00,118615.0,118625.0,117704.5,117813.8,146.36455572
2025-07-29 15:00:00,117813.8,117959.0,117268.0,117390.0,180.95879041
2025-07-29 16:00:00,117390.0,117742.8,116960.9,117724.3,137.10381683
2025-07-29 17:00:00,117724.3,118048.0,117630.0,117777.2,138.27290264
2025-07-29 18:00:00,117777.3,117827.0,117483.0,117604.0,80.95433497
2025-07-29 19:00:00,117604.0,118004.0,117410.6,117528.4,107.84342409
2025-07-29 20:00:00,117528.4,117875.0,117091.6,117500.0,159.77352106
2025-07-29 21:00:00,117500.0,117682.9,117188.1,117605.0,91.00491216
2025-07-29 22:00:00,117604.1,117849.0,117427.1,117843.1,57.88162925
2025-07-29 23:00:00,117843.1,117984.5,117727.0,117935.0,44.37684786
2025-07-30 00:00:00,117935.0,117992.7,117537.0,117740.1,69.92659542
2025-07-30 01:00:00,117740.1,118012.9,117424.2,117862.0,61.45341893
2025-07-30 02:00:00,117862.0,118115.7,117799.0,118016.9,80.09171577
2025-07-30 03:00:00,118017.0,118247.5,117909.8,118165.1,47.60308319
2025-07-30 04:00:00,118165.1,118260.9,117965.0,118002.7,45.99468575
2025-07-30 05:00:00,118002.7,118073.0,117668.7,117978.9,59.21609032
2025-07-30 06:00:00,117978.9,118310.1,117978.9,118288.9,47.34989912
2025-07-30 07:00:00,118288.0,118411.4,118116.8,118123.6,59.60450777
2025-07-30 08:00:00,118123.6,118470.3,117952.4,118371.5,67.279516
2025-07-30 09:00:00,118371.5,118405.1,117987.0,118164.8,92.21901388
2025-07-30 10:00:00,118164.9,118415.0,117934.1,118009.2,67.22246991
2025-07-30 11:00:00,118010.0,118173.0,117361.9,117566.2,146.51566209
2025-07-30 12:00:00,117567.0,117909.0,117358.7,117737.0,155.16741958
2025-07-30 13:00:00,117736.0,117870.0,117399.1,117664.0,195.93643755
2025-07-30 14:00:00,117664.1,118710.0,117616.2,118705.9,188.77818208
2025-07-30 15:00:00,118706.0,118770.5,117836.1,117986.0,142.13412553
2025-07-30 16:00:00,117987.0,117999.2,117633.1,117721.0,93.31503579
2025-07-30 17:00:00,117722.0,117941.3,117650.6,117803.0,65.30749619
2025-07-30 18:00:00,117802.9,118036.9,116509.4,116526.5,249.10895629
2025-07-30 19:00:00,116526.4,117113.9,115781.7,116929.5,339.1368592
2025-07-30 20:00:00,116925.6,117325.1,116891.8,117173.8,120.72674359
2025-07-30 21:00:00,117175.0,117337.5,116956.8,117328.3,95.24928386
2025-07-30 22:00:00,117328.2,117494.6,117262.3,117483.2,58.08702945
2025-07-30 23:00:00,117483.3,117908.2,117465.5,117839.2,46.96545015
2025-07-31 00:00:00,117839.1,118531.2,117788.0,118412.5,74.1883043
2025-07-31 01:00:00,118412.5,118453.6,117992.8,118048.4,66.86562333
2025-07-31 02:00:00,118048.5,118494.1,117977.5,118448.2,66.44898159
2025-07-31 03:00:00,118448.2,118595.1,118381.5,118448.2,43.84067551
2025-07-31 04:00:00,118460.0,118549.3,118364.1,118521.5,37.5015933
2025-07-31 05:00:00,118521.5,118539.2,118330.9,118346.0,35.47188842
2025-07-31 06:00:00,118346.0,118721.3,118283.8,118701.0,37.51500772
2025-07-31 07:00:00,118701.1,118908.3,118600.1,118653.9,64.97450589
2025-07-31 08:00:00,118653.9,118750.0,118568.8,118574.1,39.7004284
2025-07-31 09:00:00,118574.1,118600.9,118464.3,118600.8,35.73810141
2025-07-31 10:00:00,118600.9,118700.6,118430.4,118498.6,44.79446785
2025-07-31 11:00:00,118498.6,118538.0,118300.0,118350.9,60.6575627
2025-07-31 12:00:00,118351.0,118640.7,118300.0,118626.6,104.46008827
2025-07-31 13:00:00,118626.6,118699.0,117821.8,118569.4,192.8321802
2025-07-31 14:00:00,118581.0,118635.0,117909.1,117909.2,166.5760037
2025-07-31 15:00:00,117909.2,118344.4,117900.8,118299.9,122.51225391
2025-07-31 16:00:00,118300.0,118871.4,118240.4,118513.0,136.79401982
2025-07-31 17:00:00,118513.0,118540.0,117704.9,117729.2,173.56322687
2025-07-31 18:00:00,117730.0,118005.3,117400.1,117654.7,125.49144472
2025-07-31 19:00:00,117654.9,117752.0,116764.4,116787.3,155.7734452
2025-07-31 20:00:00,116786.6,116990.1,116456.7,116529.2,111.44586352
2025-07-31 21:00:00,116527.2,116908.8,116244.3,116539.9,92.34569124
2025-07-31 22:00:00,116536.9,116536.9,116020.8,116020.9,107.61903668
2025-07-31 23:00:00,116021.0,116369.4,115486.9,115770.2,149.21482039
2025-08-01 00:00:00,115770.1,115928.2,114312.5,115430.7,296.44780604
2025-08-01 01:00:00,115428.0,115599.4,114591.7,115330.1,220.98801465
2025-08-01 02:00:00,115330.1,116020.3,115226.7,115958.6,172.43535317
2025-08-01 03:00:00,115966.2,116057.0,115627.9,115657.9,81.82649551
2025-08-01 04:00:00,115657.9,115697.0,115279.2,115694.8,106.20940855
2025-08-01 05:00:00,115694.8,115915.7,115400.0,115570.8,96.07243816
2025-08-01 06:00:00,115570.6,115656.0,115060.0,115152.2,92.73847811
2025-08-01 07:00:00,115152.2,115296.8,114633.1,115084.6,126.9457962
2025-08-01 08:00:00,115082.0,115082.0,114108.8,114612.0,212.56814574
2025-08-01 09:00:00,114611.2,115339.3,114545.6,114936.4,158.80467379
2025-08-01 10:00:00,114936.5,115195.0,114713.0,114740.9,130.7547671
2025-08-01 11:00:00,114754.3,115335.9,114603.0,115305.8,124.69255599
2025-08-01 12:00:00,115305.7,115916.8,115170.2,115735.6,253.61534191
2025-08-01 13:00:00,115732.5,116007.6,114174.5,114352.0,222.83695859
2025-08-01 14:00:00,114351.9,115817.0,113961.8,115607.0,279.8890395
2025-08-01 15:00:00,115608.0,115629.0,114680.0,115357.0,264.07066284
2025-08-01 16:00:00,115356.0,115686.0,114825.5,115009.9,190.8335179
2025-08-01 17:00:00,115010.0,115090.9,114345.8,114416.9,184.66508827
2025-08-01 18:00:00,114417.0,114496.6,113665.9,113851.6,232.30044113
2025-08-01 19:00:00,113832.9,113917.3,113224.6,113324.0,226.51569069
2025-08-01 20:00:00,113320.7,113980.1,113164.2,113962.8,178.65697595
2025-08-01 21:00:00,113962.8,114095.5,113697.7,113895.4,98.64571948
2025-08-01 22:00:00,113895.4,114010.9,112730.9,113140.2,257.46692211
2025-08-01 23:00:00,113140.2,113549.3,112908.5,113298.7,97.92050093
2025-08-02 00:00:00,113298.7,113823.0,113198.5,113802.0,88.8241658
2025-08-02 01:00:00,113807.7,113894.7,113426.1,113666.5,61.05784518
2025-08-02 02:00:00,113666.5,113757.3,113533.0,113696.5,61.55729359
2025-08-02 03:00:00,113697.4,113905.6,113697.4,113905.6,36.93570927
2025-08-02 04:00:00,113905.8,114050.4,113820.7,114018.8,32.44604809
2025-08-02 05:00:00,114018.8,114046.3,113854.2,113984.0,27.39217108
2025-08-02 06:00:00,113984.0,113984.0,113464.1,113710.4,64.20557349
2025-08-02 07:00:00,113710.4,114014.0,113557.5,113981.4,67.77140644
2025-08-02 08:00:00,113981.4,114039.0,113693.3,113700.9,76.72394759
2025-08-02 09:00:00,113701.0,113852.0,113574.1,113691.9,69.8191945
2025-08-02 10:00:00,113691.9,113704.0,113444.9,113575.0,57.38326228
2025-08-02 11:00:00,113575.1,113911.0,113460.0,113791.0,65.00167267
2025-08-02 12:00:00,113791.0,113791.0,113578.4,113643.0,44.02331353
2025-08-02 13:00:00,113642.1,113642.1,113226.0,113466.0,52.10829805
2025-08-02 14:00:00,113466.1,113527.0,112954.6,113110.4,80.57780571
2025-08-02 15:00:00,113110.4,113425.7,112820.0,112831.2,75.03119549
2025-08-02 16:00:00,112831.3,113246.0,112722.5,113193.3,109.67564688
2025-08-02 17:00:00,113193.3,113411.9,112581.8,112723.1,101.80210706
2025-08-02 18:00:00,112723.1,112913.9,112050.0,112302.9,194.06742664
2025-08-02 19:00:00,112320.1,112942.3,111988.6,112222.6,177.66080411
2025-08-02 20:00:00,112222.7,112774.9,112069.9,112774.9,104.03162487
2025-08-02 21:00:00,112775.0,113049.1,112561.1,112855.3,99.55538926
2025-08-02 22:00:00,112855.3,113003.0,112548.7,112865.0,68.59053118
2025-08-02 23:00:00,112865.1,112865.1,112291.2,112547.1,81.78492434
2025-08-03 00:00:00,112555.6,112976.7,111918.6,112959.6,175.44750395
2025-08-03 01:00:00,112955.9,113257.0,112846.1,113114.0,114.69600778
2025-08-03 02:00:00,113113.0,113514.9,113106.0,113514.9,47.95593877
2025-08-03 03:00:00,113514.9,113723.9,113437.8,113606.6,45.86637626
2025-08-03 04:00:00,113606.6,113606.6,113361.0,113464.0,47.21200173
2025-08-03 05:00:00,113464.1,113659.1,113412.6,113623.8,33.90420424
2025-08-03 06:00:00,113623.8,113635.0,113480.0,113553.4,52.30267121
2025-08-03 07:00:00,113554.0,113719.3,113554.0,113697.9,52.16259167
2025-08-03 08:00:00,113697.9,113795.1,113555.0,113695.0,62.44028518
2025-08-03 09:00:00,113695.0,113710.0,113634.3,113669.1,49.89988939
2025-08-03 10:00:00,113669.1,113899.4,113669.0,113899.4,49.86995542
2025-08-03 11:00:00,113899.4,114248.9,113871.2,113871.2,66.9859033
2025-08-03 12:00:00,113871.3,114097.6,113661.6,114018.1,60.49785006
2025-08-03 13:00:00,114018.1,114089.9,113814.1,113939.1,51.92450404
2025-08-03 14:00:00,113940.6,114064.8,113588.0,113798.2,88.09653732
2025-08-03 15:00:00,113795.0,113958.3,113684.0,113945.9,55.37075431
2025-08-03 16:00:00,113946.0,114020.0,113774.9,113990.9,52.95824387
2025-08-03 17:00:00,113990.9,114163.5,113967.0,114102.9,57.57733666
2025-08-03 18:00:00,114103.0,114455.0,114064.0,114372.8,67.46277243
2025-08-03 19:00:00,114373.0,114776.5,114263.9,114297.0,115.56644796
2025-08-03 20:00:00,114297.0,114454.0,114171.9,114427.1,53.29117409
2025-08-03 21:00:00,114427.1,114522.9,114364.2,114439.8,44.1445513
2025-08-03 22:00:00,114439.8,114611.5,114065.0,114314.0,86.44805384
2025-08-03 23:00:00,114313.9,114487.9,114176.9,114204.1,61.56587034
2025-08-04 00:00:00,114204.1,114917.9,114109.2,114894.7,159.42223092
2025-08-04 01:00:00,114896.1,114999.9,114620.0,114672.1,182.55322999
2025-08-04 02:00:00,114672.1,114877.8,114420.0,114798.0,123.13223547
2025-08-04 03:00:00,114799.8,114811.0,114539.2,114589.0,62.32530415
2025-08-04 04:00:00,114588.9,114650.6,114358.0,114385.0,67.87239048
2025-08-04 05:00:00,114385.0,114419.9,114195.4,114404.1,48.89019181
2025-08-04 06:00:00,114404.1,114481.0,114169.0,114429.9,53.95052454
2025-08-04 07:00:00,114429.9,114782.6,114418.2,114673.3,49.17426757
2025-08-04 08:00:00,114673.3,114764.3,114365.7,114546.0,66.94232913
2025-08-04 09:00:00,114546.0,114755.8,114312.0,114323.7,60.98127295
2025-08-04 10:00:00,114327.0,114510.9,114241.0,114256.2,52.39532076
2025-08-04 11:00:00,114256.2,114517.7,114220.1,114493.0,42.36153389
2025-08-04 12:00:00,114493.0,114546.7,114322.5,114446.8,57.79571364
2025-08-04 13:00:00,114446.8,114941.0,114121.1,114913.5,131.91446465
2025-08-04 14:00:00,114913.6,115465.7,114653.7,114731.1,206.13705917
2025-08-04 15:00:00,114744.1,115021.5,114565.5,114825.4,118.03957893
2025-08-04 16:00:00,114826.0,115407.0,114825.9,115300.9,268.46222936135
2025-08-04 17:00:00,115303.1,115717.7,115141.6,115185.8,299.81112009
2025-08-04 18:00:00,115185.8,115306.8,114914.1,114957.5,94.4171261
2025-08-04 19:00:00,114951.5,115121.7,114734.1,114765.8,80.27848322
2025-08-04 20:00:00,114765.7,115069.6,114624.3,114814.0,88.74546562
2025-08-04 21:00:00,114813.0,115247.0,114812.1,115083.7,63.7085565
2025-08-04 22:00:00,115098.8,115320.2,115088.0,115320.2,75.39170452
2025-08-04 23:00:00,115320.3,115334.2,115045.9,115055.8,81.73764692
2025-08-05 00:00:00,115055.8,115109.1,114828.7,114878.4,162.33047734
2025-08-05 01:00:00,114878.4,115042.6,114700.2,114701.0,176.7467245
2025-08-05 02:00:00,114705.0,114821.4,114618.7,114708.0,121.93728576
2025-08-05 03:00:00,114709.0,114732.0,114258.7,114258.8,136.94687354
2025-08-05 04:00:00,114258.8,114417.0,114176.1,114339.3,100.37416913
2025-08-05 05:00:00,114339.3,114486.6,114245.6,114409.0,75.65092143
2025-08-05 06:00:00,114409.1,114501.2,114115.7,114183.9,63.29716197
2025-08-05 07:00:00,114183.9,114392.7,113724.0,113974.7,71.49086368
2025-08-05 08:00:00,113964.2,114530.4,113929.6,114274.8,101.68180821
2025-08-05 09:00:00,114274.9,114779.1,114274.9,114674.9,63.03454398
2025-08-05 10:00:00,114675.0,115087.1,114585.6,114836.0,109.74936832
2025-08-05 11:00:00,114836.0,114966.5,114745.0,114827.6,79.57152354
2025-08-05 12:00:00,114827.7,114893.0,113492.0,113932.8,140.25541452
2025-08-05 13:00:00,113932.8,114566.0,113867.9,114366.7,150.21880792
2025-08-05 14:00:00,114366.7,114382.2,112653.8,113032.8,273.0461475
2025-08-05 15:00:00,113032.7,113239.6,112684.3,112934.0,196.5473594
2025-08-05 16:00:00,112933.9,113352.8,112815.7,113181.2,175.46919555
2025-08-05 17:00:00,113181.1,113655.9,113094.8,113640.4,187.27659256
2025-08-05 18:00:00,113635.5,113653.2,113269.8,113640.4,166.13139818
2025-08-05 19:00:00,113640.5,113756.3,113394.9,113611.0,172.14438822
2025-08-05 20:00:00,113611.0,113986.2,113500.0,113684.0,185.96189566
2025-08-05 21:00:00,113687.4,113855.1,113563.1,113589.6,37.68343101
2025-08-05 22:00:00,113589.6,113984.8,113279.0,113951.9,67.37756617
2025-08-05 23:00:00,113952.0,114217.7,113915.7,114129.6,52.26437048
2025-08-06 00:00:00,114129.7,114132.8,113747.7,113869.5,138.71815935
2025-08-06 01:00:00,113869.5,113930.8,113587.3,113832.1,146.03675066
2025-08-06 02:00:00,113820.6,113825.3,113495.0,113617.5,26.30831417
2025-08-06 03:00:00,113617.5,113648.8,113401.4,113521.1,31.22788458
2025-08-06 04:00:00,113521.0,113576.1,113355.0,113425.3,28.76925168
2025-08-06 05:00:00,113425.2,114407.9,113381.2,114147.3,115.23033149
2025-08-06 06:00:00,114150.3,114190.6,113935.1,114081.5,76.46901523
2025-08-06 07:00:00,114081.5,114298.7,114020.5,114227.2,58.08671089
2025-08-06 08:00:00,114227.1,114252.0,113727.4,113948.8,49.1398053
2025-08-06 09:00:00,113948.9,114374.4,113912.0,114087.6,57.99303323
2025-08-06 10:00:00,114087.5,114219.3,113874.1,114059.3,69.01072702
2025-08-06 11:00:00,114059.3,114399.6,113994.9,114220.9,123.74138779
2025-08-06 12:00:00,114221.0,114326.3,113809.7,113906.0,85.60534946
2025-08-06 13:00:00,113907.0,114390.8,113580.1,114269.0,107.57981999
2025-08-06 14:00:00,114269.0,115216.7,113865.7,115189.4,131.29137535
2025-08-06 15:00:00,115189.4,115521.6,114828.9,115409.7,190.64778559
2025-08-06 16:00:00,115411.7,115476.4,114930.5,115122.9,92.70730299
2025-08-06 17:00:00,115122.9,115511.8,115023.0,115499.1,80.94935939
2025-08-06 18:00:00,115499.2,115698.3,115283.4,115422.4,117.48875944
2025-08-06 19:00:00,115422.4,115512.5,115122.9,115250.9,33.16563626
2025-08-06 20:00:00,115250.9,115260.1,115000.0,115051.1,20.29793014
2025-08-06 21:00:00,115046.2,115220.1,114787.7,115047.9,22.90648135
2025-08-06 22:00:00,115050.1,115210.3,115036.2,115106.5,24.61593741
2025-08-06 23:00:00,115106.5,115109.7,114971.7,114979.7,13.87933873
2025-08-07 00:00:00,114979.7,115005.6,114854.4,114880.8,29.05348548
2025-08-07 01:00:00,114880.9,115181.2,114578.1,114748.9,49.96137948
2025-08-07 02:00:00,114749.0,114847.1,114400.4,114566.0,49.92624511
2025-08-07 03:00:00,114565.0,114611.0,114401.4,114549.9,28.34835115
2025-08-07 04:00:00,114549.9,114646.0,114262.3,114350.7,22.76474549
2025-08-07 05:00:00,114350.7,114560.0,114280.7,114560.0,39.40789535
2025-08-07 06:00:00,114560.0,114776.9,114506.3,114650.8,183.37756285
2025-08-07 07:00:00,114650.7,114861.0,114644.0,114786.0,122.64757224
2025-08-07 08:00:00,114786.0,115175.8,114785.9,114948.7,105.31077782
2025-08-07 09:00:00,114948.6,115071.8,114845.2,115064.2,102.42103712
2025-08-07 10:00:00,115064.2,116400.0,115042.8,116334.7,126.08583068
2025-08-07 11:00:00,116334.8,116800.0,116334.8,116501.7,127.38267176
2025-08-07 12:00:00,116501.7,116565.0,116023.9,116387.8,93.9592493
2025-08-07 13:00:00,116387.9,116780.0,116195.2,116630.0,100.59680277
2025-08-07 14:00:00,116631.0,116665.0,116203.1,116350.0,167.2729375
2025-08-07 15:00:00,116351.0,116779.5,116235.0,116689.4,64.4012153
2025-08-07 16:00:00,116689.3,116728.0,115625.9,116243.6,137.55142887
2025-08-07 17:00:00,116243.6,116547.8,116115.0,116501.0,73.89893615
2025-08-07 18:00:00,116500.9,116569.2,116144.0,116560.9,47.92083572
2025-08-07 19:00:00,116561.0,117513.5,116485.0,117460.7,98.45163613
2025-08-07 20:00:00,117460.7,117486.1,117128.2,117177.0,119.26847
2025-08-07 21:00:00,117176.9,117345.0,117000.0,117093.6,74.46951763
2025-08-07 22:00:00,117093.6,117620.4,117078.0,117558.6,108.4445684
2025-08-07 23:00:00,117558.6,117570.1,117290.9,117458.7,78.22453256
2025-08-08 00:00:00,117458.7,117631.2,116870.3,117270.8,295.99557967
2025-08-08 01:00:00,117270.9,117270.9,116776.0,116879.3,109.84923354
2025-08-08 02:00:00,116879.3,116914.9,116700.4,116701.4,105.43330639
2025-08-08 03:00:00,116701.4,117000.6,116698.0,116748.3,135.60430957
2025-08-08 04:00:00,116748.3,116870.0,116676.3,116756.8,97.11385809
2025-08-08 05:00:00,116756.9,116760.4,116512.0,116530.8,31.56510886
2025-08-08 06:00:00,116530.7,116763.0,116401.5,116749.9,121.05093294
2025-08-08 07:00:00,116749.9,116975.0,116561.1,116828.5,101.03051632
2025-08-08 08:00:00,116828.0,116923.9,116450.0,116629.0,57.35635881
2025-08-08 09:00:00,116629.1,116721.7,116488.3,116685.0,55.97885192
2025-08-08 10:00:00,116685.0,116717.0,116318.3,116542.6,106.79136561
2025-08-08 11:00:00,116542.6,116911.0,116542.6,116897.9,71.76321885
2025-08-08 12:00:00,116898.0,116898.0,116498.9,116500.0,120.61465469
2025-08-08 13:00:00,116500.0,116944.9,116499.9,116909.0,391.14732984
2025-08-08 14:00:00,116909.0,117257.9,116376.0,116490.6,460.85744406
2025-08-08 15:00:00,116490.6,116534.2,115890.9,116210.8,171.64798132
2025-08-08 16:00:00,116210.0,116355.5,115999.8,116192.9,146.6634092
2025-08-08 17:00:00,116192.9,116702.7,116162.1,116702.7,122.26443037
2025-08-08 18:00:00,116702.7,116886.0,116333.9,116493.9,140.82705982
2025-08-08 19:00:00,116499.2,116712.8,116338.1,116445.3,149.27289812
2025-08-08 20:00:00,116445.2,116894.0,116301.7,116886.0,77.1896992
2025-08-08 21:00:00,116886.0,116976.6,116740.3,116929.0,63.25460201
2025-08-08 22:00:00,116929.0,116979.9,116750.6,116882.4,96.49411493
2025-08-08 23:00:00,116882.5,116899.6,116656.5,116667.3,24.21750225
2025-08-09 00:00:00,116667.3,116747.0,116583.0,116583.1,65.67723327
2025-08-09 01:00:00,116583.1,116650.0,116525.1,116564.9,57.46078659
2025-08-09 02:00:00,116565.0,116565.0,116396.4,116405.0,59.11099186
2025-08-09 03:00:00,116404.7,116480.9,116344.3,116390.1,65.71723913
2025-08-09 04:00:00,116390.0,116684.9,116368.0,116446.4,76.5316313
2025-08-09 05:00:00,116446.4,116976.2,116421.2,116725.2,316.33735677
2025-08-09 06:00:00,116725.2,116738.0,116540.0,116653.3,99.54235942
2025-08-09 07:00:00,116653.3,116901.3,116633.9,116755.9,42.36770429
2025-08-09 08:00:00,116755.9,117164.8,116746.8,117091.6,72.22211458
2025-08-09 09:00:00,117091.7,117499.0,117038.4,117499.0,73.65863524
2025-08-09 10:00:00,117499.0,117919.5,117373.1,117425.9,291.79931131
2025-08-09 11:00:00,117425.9,117460.1,117065.8,117099.4,68.9494677
2025-08-09 12:00:00,117099.5,117223.0,117008.6,117114.6,64.91514322
2025-08-09 13:00:00,117114.6,117150.1,116873.3,116979.0,88.24636983
2025-08-09 14:00:00,116979.0,116997.8,116775.0,116971.9,43.76865901
2025-08-09 15:00:00,116972.0,117130.0,116709.1,116882.5,191.80084063
2025-08-09 16:00:00,116885.9,116941.4,116644.2,116647.4,82.11188625
2025-08-09 17:00:00,116647.3,116811.3,116621.9,116676.2,107.86726762
2025-08-09 18:00:00,116676.2,116720.4,116556.9,116637.6,81.55625415
2025-08-09 19:00:00,116637.7,116724.0,116511.7,116537.0,90.54318203
2025-08-09 20:00:00,116537.0,117019.9,116510.0,116759.4,151.45373013
2025-08-09 21:00:00,116759.5,116784.1,116392.2,116525.0,95.66989441
2025-08-09 22:00:00,116524.1,116741.0,116500.0,116542.0,84.05634991
2025-08-09 23:00:00,116542.0,116588.1,116435.8,116464.2,53.26493565
2025-08-10 00:00:00,116464.2,116741.0,116462.1,116734.3,87.15714757
2025-08-10 01:00:00,116734.4,116763.5,116552.2,116573.6,55.33533293
2025-08-10 02:00:00,116573.6,117311.3,116573.5,117311.2,68.45281833
2025-08-10 03:00:00,117311.3,118518.1,117244.9,118493.5,180.70374627
2025-08-10 04:00:00,118493.6,118726.9,118391.1,118484.8,102.76707774
2025-08-10 05:00:00,118484.8,118509.3,117898.8,118033.5,96.01464369
2025-08-10 06:00:00,118033.5,118149.8,117750.2,118083.0,65.98720688
2025-08-10 07:00:00,118082.0,118230.0,117474.4,117804.2,190.36094538
2025-08-10 08:00:00,117804.2,118398.0,117608.4,118306.1,162.558217
2025-08-10 09:00:00,118306.2,118434.9,118111.4,118279.6,122.23208946
2025-08-10 10:00:00,118279.6,118279.6,118000.0,118019.9,112.51517817
2025-08-10 11:00:00,118020.0,118503.5,117930.3,118317.4,149.23255599
2025-08-10 12:00:00,118317.4,118734.2,118234.0,118518.0,98.75551473
2025-08-10 13:00:00,118514.8,118683.1,118368.0,118451.4,285.22692935
2025-08-10 14:00:00,118451.4,118838.1,118323.0,118775.9,171.43271724
2025-08-10 15:00:00,118775.9,119100.0,118558.0,118811.0,157.60779663
2025-08-10 16:00:00,118810.9,118943.0,118623.9,118673.3,123.85899842
2025-08-10 17:00:00,118673.2,118689.5,118459.8,118524.2,60.98742753
2025-08-10 18:00:00,118524.1,118603.0,118400.0,118548.4,82.40935292
2025-08-10 19:00:00,118548.4,118713.9,118452.8,118663.1,91.71718501
2025-08-10 20:00:00,118663.1,118758.0,118079.9,118314.9,179.24841069
2025-08-10 21:00:00,118314.9,118699.3,118077.3,118699.3,115.1696601
2025-08-10 22:00:00,118700.0,119055.5,118612.0,119055.5,179.8637735
2025-08-10 23:00:00,119055.5,119310.1,118853.4,119291.0,92.81970345
2025-08-11 00:00:00,119291.0,119495.8,119108.9,119126.2,66.7725304
2025-08-11 01:00:00,119124.9,120000.0,118985.1,119999.7,155.83165225
2025-08-11 02:00:00,119999.7,121868.7,119929.5,121857.3,210.27454983
2025-08-11 03:00:00,121857.4,122132.9,121538.0,121715.3,164.85222178
2025-08-11 04:00:00,121715.3,122200.0,121620.9,122078.6,121.87076603
2025-08-11 05:00:00,122078.7,122298.7,121808.6,122029.0,86.742761
2025-08-11 06:00:00,122030.0,122297.4,121936.5,122277.1,120.95048808
2025-08-11 07:00:00,122278.0,122283.3,121451.1,121518.4,98.80356389
2025-08-11 08:00:00,121518.5,121796.5,121211.1,121679.9,197.04206484
2025-08-11 09:00:00,121680.0,121692.9,121028.0,121417.9,115.31976476
2025-08-11 10:00:00,121418.0,121442.7,120965.2,121181.0,110.08335233
2025-08-11 11:00:00,121171.5,121254.9,120281.5,120558.1,288.38673788
2025-08-11 12:00:00,120558.0,120649.0,119530.2,119646.5,300.73973266
2025-08-11 13:00:00,119646.6,120319.8,119367.1,120005.1,204.96392147
2025-08-11 14:00:00,120006.5,120586.0,119814.0,120247.2,247.12205417
2025-08-11 15:00:00,120244.7,120406.0,119856.0,120315.9,98.04302688
2025-08-11 16:00:00,120316.0,120786.9,119920.8,119955.0,328.73260881
2025-08-11 17:00:00,119954.0,120150.0,119464.7,119500.0,156.67242341
2025-08-11 18:00:00,119500.0,119866.4,119253.8,119760.3,153.09718651
2025-08-11 19:00:00,119760.3,119779.0,118621.1,119088.1,205.45943872
2025-08-11 20:00:00,119088.2,119088.2,118575.1,118826.9,125.96064658
2025-08-11 21:00:00,118824.2,119181.9,118083.0,118728.1,127.25649276
2025-08-11 22:00:00,118728.1,118909.3,118291.6,118896.6,87.80615681
2025-08-11 23:00:00,118896.6,118896.6,118600.4,118688.6,45.18935821
2025-08-12 00:00:00,118688.6,119021.9,118600.2,118959.7,117.0997769
2025-08-12 01:00:00,118954.7,119107.7,118781.0,118982.9,132.87921183
2025-08-12 02:00:00,118983.0,119282.4,118843.7,119063.3,153.73754851
2025-08-12 03:00:00,119063.4,119125.9,118761.8,118855.7,89.12355899
2025-08-12 04:00:00,118855.7,119158.0,118815.8,119072.0,48.44278075
2025-08-12 05:00:00,119062.0,119062.0,118441.7,118808.8,128.30350493
2025-08-12 06:00:00,118808.8,119024.2,118608.5,118838.7,140.84630552
2025-08-12 07:00:00,118838.7,119149.7,118838.7,118982.6,81.1462427
2025-08-12 08:00:00,118982.6,119048.7,118750.2,118810.2,70.43139446
2025-08-12 09:00:00,118810.3,118882.2,118412.3,118412.3,186.88663538
2025-08-12 10:00:00,118412.3,118664.1,118222.6,118445.2,134.31274947
2025-08-12 11:00:00,118445.2,118650.0,118225.1,118521.1,344.38792367
2025-08-12 12:00:00,118521.1,119262.3,118285.7,119262.2,310.08841403
2025-08-12 13:00:00,119262.3,119716.3,118634.7,118852.3,437.02135348
2025-08-12 14:00:00,118852.4,119438.1,118767.6,119438.0,239.64544851
2025-08-12 15:00:00,119438.1,119949.0,119318.3,119923.4,264.52976877
2025-08-12 16:00:00,119923.4,120170.0,119522.2,119642.0,274.32527231
2025-08-12 17:00:00,119642.0,119844.0,119178.1,119259.2,210.05424011
2025-08-12 18:00:00,119259.3,120070.4,119254.1,119334.3,225.04398195
2025-08-12 19:00:00,119334.2,119939.0,119292.4,119653.4,205.50491543
2025-08-12 20:00:00,119646.8,120308.5,119466.1,120179.0,126.1064682
2025-08-12 21:00:00,120179.0,120182.9,119790.1,119885.4,130.57571142
2025-08-12 22:00:00,119885.5,120087.9,119649.0,120083.0,128.00779819
2025-08-12 23:00:00,120083.0,120293.8,119903.1,120119.1,72.58264569
2025-08-13 00:00:00,120119.1,120181.7,119626.6,119712.7,99.1943954
2025-08-13 01:00:00,119712.7,119712.7,119352.9,119477.2,149.77887663
2025-08-13 02:00:00,119477.2,119733.0,119093.0,119559.2,172.29648349
2025-08-13 03:00:00,119559.2,119630.0,119316.9,119486.0,197.32484505
2025-08-13 04:00:00,119486.0,119826.0,119344.1,119349.4,115.7252887
2025-08-13 05:00:00,119347.4,119683.7,118937.8,119075.4,171.21954725
2025-08-13 06:00:00,119075.4,119415.0,118949.7,119411.0,168.1390221
2025-08-13 07:00:00,119411.1,119620.6,119297.7,119580.4,122.27728409
2025-08-13 08:00:00,119580.4,120039.2,119451.9,120039.1,172.40742086
2025-08-13 09:00:00,120039.2,120173.0,119794.1,120120.9,146.28169427
2025-08-13 10:00:00,120120.9,120483.6,120050.0,120483.0,239.73716345
2025-08-13 11:00:00,120483.1,120715.0,120424.9,120569.9,119.01161396
2025-08-13 12:00:00,120569.3,120672.3,120206.7,120269.5,142.11236561
2025-08-13 13:00:00,120269.5,122049.1,120107.1,121755.1,476.57795735
2025-08-13 14:00:00,121755.2,122192.7,120767.6,120882.4,407.24549702
2025-08-13 15:00:00,120882.5,121342.3,120323.3,120920.5,246.59578985
2025-08-13 16:00:00,120920.5,121721.1,120920.5,121414.7,256.60496216
2025-08-13 17:00:00,121414.7,121843.9,121414.7,121803.1,114.91049752
2025-08-13 18:00:00,121803.1,121932.5,121407.9,121626.8,147.92522935
2025-08-13 19:00:00,121626.8,122833.9,121516.8,122738.0,273.93991744
2025-08-13 20:00:00,122738.0,122932.9,122449.9,122887.1,185.93704167
2025-08-13 21:00:00,122887.1,122990.0,122293.9,122540.3,287.05595497
2025-08-13 22:00:00,122553.3,123596.5,122547.3,122943.2,210.69614017
2025-08-13 23:00:00,122943.1,123651.4,122889.6,123293.4,202.85511631
2025-08-14 00:00:00,123293.4,124447.7,123234.4,123831.2,383.81316647
2025-08-14 01:00:00,123831.2,123928.6,123340.6,123340.6,236.61022626
2025-08-14 02:00:00,123340.6,123690.1,123272.0,123676.8,91.67049016
2025-08-14 03:00:00,123676.8,123852.9,123295.0,123360.4,77.40938319
2025-08-14 04:00:00,123355.9,123430.1,123004.1,123004.1,126.89332374
2025-08-14 05:00:00,123004.1,123120.5,122071.3,122134.2,184.02457986
2025-08-14 06:00:00,122134.1,122134.1,121303.0,121764.1,346.72089515
2025-08-14 07:00:00,121764.2,122040.9,121537.0,121735.0,205.11742312
2025-08-14 08:00:00,121734.9,122023.7,121552.0,121622.2,213.78676634
2025-08-14 09:00:00,121622.1,121904.8,121515.9,121641.6,207.00986101
2025-08-14 10:00:00,121641.6,121765.7,120755.8,120943.2,219.73376147
2025-08-14 11:00:00,120943.1,121018.3,120695.3,120943.0,145.47453008
2025-08-14 12:00:00,120943.0,121153.7,117500.0,118871.5,777.16886428
2025-08-14 13:00:00,118867.1,119259.3,117744.8,118432.9,596.56416495
2025-08-14 14:00:00,118438.2,119360.1,118022.0,118800.0,396.49933015
2025-08-14 15:00:00,118800.0,118911.8,117888.1,118255.0,514.43480311
2025-08-14 16:00:00,118255.1,118255.1,117421.9,117876.0,361.4383723
2025-08-14 17:00:00,117876.0,118135.4,117505.4,117922.8,198.13553209
2025-08-14 18:00:00,117922.0,118223.1,117110.6,118079.0,273.70553264
2025-08-14 19:00:00,118080.0,118525.0,117925.0,117937.6,232.81988897
2025-08-14 20:00:00,117937.6,118141.9,117735.5,117866.0,271.42043786
2025-08-14 21:00:00,117865.9,118197.7,117321.2,117896.0,215.069261
2025-08-14 22:00:00,117896.6,118340.0,117642.2,118297.0,102.19160025
2025-08-14 23:00:00,118296.9,118525.4,118233.3,118293.4,88.18659145
2025-08-15 00:00:00,118293.5,118472.5,118041.2,118175.8,213.50639511
2025-08-15 01:00:00,118175.9,118744.6,118045.1,118694.2,335.24984444
2025-08-15 02:00:00,118694.2,118880.7,118602.0,118693.0,212.85285442
2025-08-15 03:00:00,118693.0,119079.0,118609.9,118959.9,110.75217549
2025-08-15 04:00:00,118959.9,119195.9,118776.5,118840.3,112.60870233
2025-08-15 05:00:00,118840.2,119011.0,118638.3,118994.2,84.57199998
2025-08-15 06:00:00,118994.0,119210.5,118872.7,119073.4,134.69054502
2025-08-15 07:00:00,119073.5,119103.4,118766.1,118956.0,149.06897234
2025-08-15 08:00:00,118956.0,119145.9,118876.0,118886.7,184.80754576
2025-08-15 09:00:00,118886.7,119048.9,118606.3,118704.6,196.8874623
2025-08-15 10:00:00,118704.7,119018.8,118704.7,118891.0,101.42091104
2025-08-15 11:00:00,118890.9,119088.8,118890.9,119010.2,125.66601123
2025-08-15 12:00:00,119010.3,119099.9,118521.4,118655.0,291.74390433
2025-08-15 13:00:00,118655.0,118735.9,117749.2,117783.3,358.26313325
2025-08-15 14:00:00,117783.2,118275.9,117266.3,117396.6,363.96501978
2025-08-15 15:00:00,117396.6,117583.4,116763.4,117281.2,458.23687761
2025-08-15 16:00:00,117273.0,117402.4,116802.0,117357.4,250.5406807
2025-08-15 17:00:00,117357.4,117883.1,117000.0,117589.6,320.5503492
2025-08-15 18:00:00,117589.6,117656.2,117031.0,117152.5,143.660741
2025-08-15 19:00:00,117152.5,117406.0,116867.2,116922.4,176.45816362
2025-08-15 20:00:00,116922.9,117318.9,116870.4,117295.4,91.67443411
2025-08-15 21:00:00,117286.9,117362.7,117000.0,117305.5,97.45446704
2025-08-15 22:00:00,117305.5,117750.1,117304.0,117703.7,71.72400401
2025-08-15 23:00:00,117703.7,117764.8,117047.8,117336.0,96.8548965
2025-08-16 00:00:00,117336.0,117780.0,117224.4,117736.3,81.04836975
2025-08-16 01:00:00,117736.4,117894.4,117630.6,117818.1,106.58403543
2025-08-16 02:00:00,117818.1,117818.1,117450.4,117506.3,115.47174803
2025-08-16 03:00:00,117506.3,117663.2,117398.4,117431.5,66.48444901
2025-08-16 04:00:00,117431.5,117888.5,117422.9,117820.6,109.66900987
2025-08-16 05:00:00,117820.7,117851.0,117529.3,117589.1,74.93724031
2025-08-16 06:00:00,117590.0,117631.1,117286.9,117406.0,82.10416958
2025-08-16 07:00:00,117405.3,117670.1,117358.9,117604.0,155.57313118
2025-08-16 08:00:00,117604.1,117665.0,117509.1,117631.8,62.30865779
2025-08-16 09:00:00,117631.9,117705.6,117314.1,117314.1,140.61000438
2025-08-16 10:00:00,117314.2,117431.0,117136.0,117383.1,242.34591588
2025-08-16 11:00:00,117383.1,117529.9,117361.2,117373.2,91.2818253
2025-08-16 12:00:00,117373.3,117733.3,117330.6,117733.3,136.84301594
2025-08-16 13:00:00,117733.3,117779.2,117595.3,117623.8,107.10233091
2025-08-16 14:00:00,117623.8,117768.8,117553.5,117768.8,107.445064
2025-08-16 15:00:00,117768.8,117821.9,117627.5,117681.6,75.93867454
2025-08-16 16:00:00,117681.6,117814.5,117681.6,117749.9,65.86001817
2025-08-16 17:00:00,117750.0,117750.0,117657.9,117696.1,58.49952349
2025-08-16 18:00:00,117696.2,117739.9,117632.8,117674.4,87.39423207
2025-08-16 19:00:00,117674.4,117754.8,117652.0,117678.2,49.01369351
2025-08-16 20:00:00,117678.2,117694.1,117523.9,117637.8,62.73627397
2025-08-16 21:00:00,117637.9,117637.9,117430.0,117449.6,31.76081928
2025-08-16 22:00:00,117449.7,117539.3,117217.7,117468.7,53.86579962
2025-08-16 23:00:00,117468.7,117468.7,117283.5,117383.0,53.42255141
2025-08-17 00:00:00,117382.3,117413.3,117258.8,117264.7,64.25459328
2025-08-17 01:00:00,117263.1,117482.9,117178.6,117434.0,68.50431785
2025-08-17 02:00:00,117434.0,117612.7,117394.9,117612.6,69.17984297
2025-08-17 03:00:00,117612.5,117750.4,117519.1,117687.5,54.52639919
2025-08-17 04:00:00,117687.4,118170.7,117687.4,118066.3,79.92613075
2025-08-17 05:00:00,118067.5,118226.8,118008.0,118008.1,111.57002106
2025-08-17 06:00:00,118008.1,118106.0,117915.2,117918.3,66.07051403
2025-08-17 07:00:00,117918.2,118029.6,117843.1,118000.6,59.35106857
2025-08-17 08:00:00,118000.6,118376.7,117929.3,118374.8,114.17728511
2025-08-17 09:00:00,118374.8,118472.2,118235.7,118338.6,91.93243832
2025-08-17 10:00:00,118338.6,118379.4,118194.2,118379.4,77.55338985
2025-08-17 11:00:00,118379.5,118381.8,118271.7,118309.4,38.22194502
2025-08-17 12:00:00,118309.5,118354.0,118150.3,118162.3,58.6729292
2025-08-17 13:00:00,118162.4,118574.3,118088.5,118427.7,87.03645278
2025-08-17 14:00:00,118427.8,118465.0,118160.6,118160.7,85.47645803
2025-08-17 15:00:00,118160.7,118258.0,118150.8,118246.9,65.21877661
2025-08-17 16:00:00,118247.0,118310.5,117720.1,117827.6,120.17493141
2025-08-17 17:00:00,117827.5,117919.0,117645.0,117906.0,78.16767526
2025-08-17 18:00:00,117906.1,117932.4,117311.0,117531.1,69.55098155
2025-08-17 19:00:00,117533.1,117737.0,117458.2,117561.2,86.56753585
2025-08-17 20:00:00,117561.3,117728.3,117504.4,117600.2,86.38798228
2025-08-17 21:00:00,117600.3,117755.6,117595.1,117691.0,60.36644336
2025-08-17 22:00:00,117691.0,117984.5,117688.5,117954.5,122.10910585
2025-08-17 23:00:00,117954.6,117966.9,117374.8,117404.3,147.4037717
2025-08-18 00:00:00,117404.3,117535.9,117012.9,117289.3,232.37960019
2025-08-18 01:00:00,117289.4,117394.6,116189.3,116286.1,451.11092604
2025-08-18 02:00:00,116286.0,116331.0,115307.3,115454.3,341.02308464
2025-08-18 03:00:00,115454.2,115636.4,115013.0,115331.2,222.23702387
2025-08-18 04:00:00,115331.1,115535.1,115086.7,115475.3,108.98437151
2025-08-18 05:00:00,115475.3,115689.2,115000.0,115689.2,203.80924112
2025-08-18 06:00:00,115689.2,115716.3,114881.9,115261.7,315.2927428
2025-08-18 07:00:00,115261.7,115466.7,115197.8,115211.1,152.54189594
2025-08-18 08:00:00,115211.1,115410.8,115087.3,115137.7,129.39939384
2025-08-18 09:00:00,115137.8,115138.5,114658.9,115028.1,214.82234638
2025-08-18 10:00:00,115028.1,115251.9,114973.6,115057.7,131.95329825
2025-08-18 11:00:00,115057.7,115126.8,114864.5,114952.0,80.34333023
2025-08-18 12:00:00,114951.9,115519.6,114906.4,115519.6,155.36440625
2025-08-18 13:00:00,115519.5,115722.7,114792.3,114831.5,230.23963319
2025-08-18 14:00:00,114831.5,115635.7,114831.5,115635.7,247.02680097
2025-08-18 15:00:00,115635.6,116169.6,115399.0,116144.4,233.65243801
2025-08-18 16:00:00,116144.5,116340.4,115844.3,115971.1,188.69910606
2025-08-18 17:00:00,115971.1,116786.6,115971.0,116426.2,221.98339963
2025-08-18 18:00:00,116426.2,116569.7,116242.9,116483.5,102.36795594
2025-08-18 19:00:00,116483.5,116627.0,116202.2,116308.1,140.235485
2025-08-18 20:00:00,116308.1,116519.9,115990.8,116403.3,121.4666686
2025-08-18 21:00:00,116403.4,116669.7,116403.4,116647.9,85.55537099
2025-08-18 22:00:00,116648.0,116970.7,116397.0,116397.1,131.6204019
2025-08-18 23:00:00,116397.1,116551.9,116103.6,116228.4,96.24740837
2025-08-19 00:00:00,116228.5,116551.6,115523.2,116551.6,251.80998843
2025-08-19 01:00:00,116551.8,116717.3,115731.7,115796.9,247.29713029
2025-08-19 02:00:00,115797.0,116040.1,115657.6,115750.8,142.67864816
2025-08-19 03:00:00,115750.8,115761.6,114799.3,114815.9,164.54811149
2025-08-19 04:00:00,114815.9,115362.4,114365.3,115305.3,230.30357711
2025-08-19 05:00:00,115305.2,115463.5,114945.1,114965.7,125.0191585
2025-08-19 06:00:00,114965.8,115219.3,114912.0,115016.0,98.23156133
2025-08-19 07:00:00,115016.1,115047.9,114621.4,114977.2,105.15393804
2025-08-19 08:00:00,114977.3,115294.6,114806.1,115194.6,99.40026472
2025-08-19 09:00:00,115194.6,115487.7,115189.9,115324.0,156.90239141
2025-08-19 10:00:00,115324.0,115578.0,115320.9,115392.1,76.0389957
2025-08-19 11:00:00,115393.1,115646.5,115393.1,115517.5,77.2152111
2025-08-19 12:00:00,115517.5,115600.0,115286.4,115592.1,119.70575447
2025-08-19 13:00:00,115592.2,115875.7,114895.2,115181.8,294.41416142
2025-08-19 14:00:00,115182.8,115370.1,113777.0,113893.0,402.59174312
2025-08-19 15:00:00,113893.1,114177.7,113577.1,113769.1,314.5297911
2025-08-19 16:00:00,113769.7,113879.9,113339.6,113391.6,303.58001611
2025-08-19 17:00:00,113388.3,113576.1,113081.3,113524.2,256.27519004
2025-08-19 18:00:00,113524.1,113524.1,112833.0,113070.0,238.88474116
2025-08-19 19:00:00,113070.0,113546.0,112820.4,113133.7,387.00839395
2025-08-19 20:00:00,113133.7,113563.8,112935.3,113563.8,183.62459869
2025-08-19 21:00:00,113563.9,113585.0,113420.1,113420.2,67.37440008
2025-08-19 22:00:00,113420.2,113444.0,113075.0,113174.9,159.47997267
2025-08-19 23:00:00,113174.9,113193.0,112744.3,112880.0,148.53803734
2025-08-20 00:00:00,112879.9,113312.2,112850.1,113220.6,176.27828072
2025-08-20 01:00:00,113220.6,113401.6,112580.0,113006.0,339.94187621
2025-08-20 02:00:00,113006.1,113505.1,112970.2,113442.0,164.37961855
2025-08-20 03:00:00,113442.0,113634.4,113327.6,113530.9,163.74408847
2025-08-20 04:00:00,113531.0,113694.0,113475.6,113628.9,187.16167738
2025-08-20 05:00:00,113629.0,113767.0,113474.9,113704.1,99.34119951
2025-08-20 06:00:00,113704.1,113734.2,113506.0,113667.8,107.17613509
2025-08-20 07:00:00,113667.8,113836.4,113440.7,113479.7,157.13080964
2025-08-20 08:00:00,113479.8,114021.1,113406.1,114018.3,181.74365743
2025-08-20 09:00:00,114018.4,114018.4,113639.1,113698.3,123.19844699
2025-08-20 10:00:00,113698.4,113859.8,113595.0,113795.2,124.21668327
2025-08-20 11:00:00,113795.2,113851.5,113060.9,113660.4,126.73981202
2025-08-20 12:00:00,113660.5,113944.1,113524.5,113665.9,173.48617268
2025-08-20 13:00:00,113665.9,113665.9,112600.3,112687.7,269.33817867
2025-08-20 14:00:00,112687.6,113846.1,112380.5,113466.1,464.77940234
2025-08-20 15:00:00,113466.0,114420.4,113232.9,113351.2,374.3771567
2025-08-20 16:00:00,113351.3,114299.4,113287.5,113835.6,217.03166229
2025-08-20 17:00:00,113835.7,114443.7,113781.4,114195.3,179.86079739
2025-08-20 18:00:00,114195.4,114264.0,113270.6,113489.2,258.97809835
2025-08-20 19:00:00,113489.2,114318.2,113476.0,114267.3,300.21626541
2025-08-20 20:00:00,114267.3,114364.4,113999.9,114362.3,150.99851748
2025-08-20 21:00:00,114362.2,114457.2,113999.9,114356.1,136.66120759
2025-08-20 22:00:00,114356.1,114607.1,114212.2,114592.8,194.68372076
2025-08-20 23:00:00,114592.8,114593.0,114220.3,114256.9,99.90505513
2025-08-21 00:00:00,114256.9,114471.1,114017.8,114292.4,274.03568328
2025-08-21 01:00:00,114292.4,114723.0,113956.2,114723.0,212.31071208
2025-08-21 02:00:00,114722.9,114803.0,113904.8,114037.3,248.99182146
2025-08-21 03:00:00,114037.3,114523.6,113962.9,113963.0,141.03303411
2025-08-21 04:00:00,113963.0,114027.8,113810.7,113810.7,110.22093767
2025-08-21 05:00:00,113810.8,114003.1,113644.0,113991.8,94.25296929
2025-08-21 06:00:00,113991.9,113991.9,113627.8,113807.9,85.3931437
2025-08-21 07:00:00,113805.7,113924.1,113583.0,113899.1,129.51062364
2025-08-21 08:00:00,113899.0,113985.0,113596.2,113596.2,99.62367628
2025-08-21 09:00:00,113596.0,113606.8,113313.1,113386.3,101.38984485
2025-08-21 10:00:00,113386.3,113469.4,113231.1,113329.0,83.04032602
2025-08-21 11:00:00,113329.1,113527.7,113000.0,113152.0,115.9547942
2025-08-21 12:00:00,113151.3,113409.7,112956.1,113094.4,186.59562265
2025-08-21 13:00:00,113094.4,113700.0,113058.6,113478.0,296.12036921
2025-08-21 14:00:00,113478.1,113970.0,112927.9,113272.1,218.96240638
2025-08-21 15:00:00,113273.1,113378.8,112606.7,112791.1,231.41278022
2025-08-21 16:00:00,112791.1,112961.6,112315.7,112374.5,354.93468755
2025-08-21 17:00:00,112374.5,112590.0,112204.7,112405.1,234.37520199
2025-08-21 18:00:00,112405.1,112671.9,112226.8,112607.9,124.9158169
2025-08-21 19:00:00,112607.8,112719.9,112013.0,112186.4,178.4582251
2025-08-21 20:00:00,112186.5,112869.2,112067.4,112450.1,268.00609566
2025-08-21 21:00:00,112450.1,112730.1,112098.7,112622.1,106.90521131
2025-08-21 22:00:00,112622.0,112710.6,112426.0,112499.9,45.10540564
2025-08-21 23:00:00,112500.0,112500.0,112275.8,112496.5,35.90315689
2025-08-22 00:00:00,112496.5,112830.1,112496.4,112618.7,142.25752046
2025-08-22 01:00:00,112618.7,112917.9,112343.2,112845.0,135.13327674
2025-08-22 02:00:00,112845.0,113504.0,112792.8,113143.6,176.15844265
2025-08-22 03:00:00,113143.6,113433.0,112887.9,112918.7,159.54414398
2025-08-22 04:00:00,112918.7,113248.1,112717.2,112844.9,178.73666782
2025-08-22 05:00:00,112845.0,113268.5,112844.9,113250.7,84.92964953
2025-08-22 06:00:00,113250.7,113382.4,112846.2,112983.9,118.08541953
2025-08-22 07:00:00,112984.0,113247.8,112950.3,113095.0,145.87920914
2025-08-22 08:00:00,113095.0,113318.1,112950.7,112980.2,120.18466951
2025-08-22 09:00:00,112980.3,113107.8,112815.8,113038.8,136.7875554
2025-08-22 10:00:00,113038.9,113048.2,112520.0,112529.6,104.19208755
2025-08-22 11:00:00,112529.7,112614.4,112181.1,112318.2,105.06947405
2025-08-22 12:00:00,112318.3,112715.6,111687.0,112339.8,243.76675251
2025-08-22 13:00:00,112339.8,112650.4,111946.4,112483.6,346.67116034
2025-08-22 14:00:00,112485.0,116103.0,112475.8,115804.7,920.99813439
2025-08-22 15:00:00,115804.1,117287.5,115804.1,116361.9,403.32430341
2025-08-22 16:00:00,116362.0,116777.2,116116.0,116144.0,422.56964323
2025-08-22 17:00:00,116144.0,116996.0,116144.0,116996.0,308.84136008
2025-08-22 18:00:00,116996.0,117399.6,116744.1,116793.3,222.21326084
2025-08-22 19:00:00,116793.2,116898.9,116520.1,116643.3,154.07241302
2025-08-22 20:00:00,116645.9,117103.9,116573.0,117036.6,155.52876266
2025-08-22 21:00:00,117036.7,117157.0,116825.5,117009.3,154.37251651
2025-08-22 22:00:00,117009.3,117033.0,116558.8,116746.1,72.75875984
2025-08-22 23:00:00,116746.1,116921.6,116678.1,116921.6,45.00261403
2025-08-23 00:00:00,116921.6,117014.4,116731.0,116868.4,131.82358794
2025-08-23 01:00:00,116868.4,116868.4,116293.9,116447.0,188.15375061
2025-08-23 02:00:00,116447.0,116520.5,115479.6,115916.0,204.21529342
2025-08-23 03:00:00,115916.0,116025.3,115463.0,115571.0,131.79015859
2025-08-23 04:00:00,115571.0,115989.6,115558.9,115927.9,161.98174047
2025-08-23 05:00:00,115927.9,116030.0,115818.0,115964.4,115.54752743
2025-08-23 06:00:00,115964.4,116015.0,115706.6,115784.0,88.94104667
2025-08-23 07:00:00,115783.9,115909.6,115676.7,115792.0,127.690282
2025-08-23 08:00:00,115794.0,115861.3,115611.5,115748.5,122.1573424
2025-08-23 09:00:00,115748.5,115775.0,115609.1,115751.4,76.0692219
2025-08-23 10:00:00,115751.4,115764.7,115583.0,115583.0,49.95977461
2025-08-23 11:00:00,115583.1,115607.5,115222.3,115285.7,72.66906731
2025-08-23 12:00:00,115285.7,115465.3,115189.2,115218.3,109.44099902
2025-08-23 13:00:00,115218.4,115218.4,114738.3,114863.8,112.98076266
2025-08-23 14:00:00,114863.8,115073.8,114629.6,114629.7,105.05672604
2025-08-23 15:00:00,114629.7,114940.0,114569.6,114820.0,92.79236262
2025-08-23 16:00:00,114820.0,115081.1,114691.3,115008.1,133.43951283
2025-08-23 17:00:00,115008.1,115155.9,114955.1,115081.1,93.35464194
2025-08-23 18:00:00,115081.1,115174.8,115031.0,115137.5,86.44599298
2025-08-23 19:00:00,115137.7,115153.0,115051.2,115123.0,47.93358595
2025-08-23 20:00:00,115123.0,115309.5,115107.1,115307.5,79.45310039
2025-08-23 21:00:00,115307.5,115307.5,115016.1,115034.1,67.46209762
2025-08-23 22:00:00,115034.0,115295.2,115034.0,115295.2,52.20868065
2025-08-23 23:00:00,115295.1,115413.6,115250.0,115413.6,25.58191312
2025-08-24 00:00:00,115413.5,115539.1,115318.1,115370.9,68.37553269
2025-08-24 01:00:00,115370.8,115570.5,115201.8,115473.1,123.80625223
2025-08-24 02:00:00,115473.1,115662.4,115015.6,115015.7,155.45119135
2025-08-24 03:00:00,115015.7,115159.2,114955.0,115032.8,132.59216862
2025-08-24 04:00:00,115032.8,115268.9,115032.8,115157.5,87.5367101
2025-08-24 05:00:00,115157.5,115193.1,114938.8,114997.0,78.39793828
2025-08-24 06:00:00,114997.0,115044.6,114848.4,114863.2,110.4424843
2025-08-24 07:00:00,114863.1,115104.1,114858.0,114887.8,131.95489069
2025-08-24 08:00:00,114887.8,114958.8,114763.0,114825.4,71.11134751
2025-08-24 09:00:00,114825.4,115044.6,114672.1,114844.6,80.80912512
2025-08-24 10:00:00,114844.6,114936.6,114601.5,114776.0,123.02630875
2025-08-24 11:00:00,114776.0,114869.6,114618.3,114728.8,145.7760769
2025-08-24 12:00:00,114728.8,114813.6,114602.4,114669.6,75.6845957
2025-08-24 13:00:00,114669.5,114849.0,114563.5,114563.6,102.07157316
2025-08-24 14:00:00,114563.6,114639.6,114359.7,114528.5,122.73703468
2025-08-24 15:00:00,114528.4,114853.0,114414.0,114414.0,180.31576866
2025-08-24 16:00:00,114414.0,114534.3,114261.7,114290.0,97.96616808
2025-08-24 17:00:00,114290.0,114568.4,114251.1,114422.6,218.92084265
2025-08-24 18:00:00,114422.6,114895.0,114306.1,114629.7,273.76958399
2025-08-24 19:00:00,114629.6,114771.2,110547.1,112594.3,798.34173286
2025-08-24 20:00:00,112594.3,112991.1,111654.8,112769.9,488.57294982
2025-08-24 21:00:00,112770.0,113411.2,112393.0,112987.7,185.17318812
2025-08-24 22:00:00,112987.7,113486.7,112619.0,113457.8,199.49921196
2025-08-24 23:00:00,113457.9,113688.0,113366.4,113463.6,161.23712481
2025-08-25 00:00:00,113463.6,113463.8,112172.9,112645.1,590.81430053
2025-08-25 01:00:00,112645.2,113129.9,112631.1,113076.0,446.99334662
2025-08-25 02:00:00,113076.0,113621.9,113074.9,113416.7,226.9793927
2025-08-25 03:00:00,113415.7,113662.0,112912.0,112922.1,298.77225586
2025-08-25 04:00:00,112922.1,113057.9,112612.0,112766.4,323.81339789
2025-08-25 05:00:00,112766.5,112848.0,112321.2,112321.2,220.62902047
2025-08-25 06:00:00,112321.2,112450.9,111762.0,111930.7,294.12978665
2025-08-25 07:00:00,111930.7,112159.4,111292.2,111516.2,406.69293917
2025-08-25 08:00:00,111516.3,111820.1,110981.0,111417.6,409.74227962
2025-08-25 09:00:00,111417.5,111833.2,111270.0,111803.0,222.22444036
2025-08-25 10:00:00,111802.1,111802.1,110954.6,110999.7,283.1388885
2025-08-25 11:00:00,111000.1,111274.9,110942.0,111211.7,142.11114179
2025-08-25 12:00:00,111211.7,111677.0,111072.0,111592.2,232.12513022
2025-08-25 13:00:00,111592.2,111747.3,110578.9,111484.8,462.83322697
2025-08-25 14:00:00,111485.5,112307.7,111333.5,112260.7,498.29552956
2025-08-25 15:00:00,112260.7,112569.9,111841.0,112191.7,497.1958246
2025-08-25 16:00:00,112191.7,112936.4,112015.8,112507.1,526.67274684
2025-08-25 17:00:00,112507.1,112792.0,112169.2,112429.9,611.54768364
2025-08-25 18:00:00,112430.0,112604.3,112254.8,112403.1,420.0340403
2025-08-25 19:00:00,112403.1,112423.0,110663.2,110696.4,591.52766162
2025-08-25 20:00:00,110696.5,111092.6,109393.2,109568.5,609.99825508
2025-08-25 21:00:00,109568.6,110270.6,109274.0,109887.9,414.85144864
2025-08-25 22:00:00,109888.0,110594.3,109887.9,110156.9,219.10062154
2025-08-25 23:00:00,110156.9,110264.8,109784.1,110112.8,170.90203495
2025-08-26 00:00:00,110112.9,110112.9,108909.9,109097.1,444.15930819
2025-08-26 01:00:00,109101.1,109909.0,108680.0,109899.9,357.94041839
2025-08-26 02:00:00,109899.8,110009.3,109511.6,109707.1,161.91419465
2025-08-26 03:00:00,109707.0,109925.8,109430.7,109875.3,174.63732948
2025-08-26 04:00:00,109877.3,110227.8,109877.3,110100.7,160.40960416
2025-08-26 05:00:00,110100.8,110366.0,110089.0,110200.6,88.55312669
2025-08-26 06:00:00,110200.6,110337.0,109902.9,109980.8,174.57535168
2025-08-26 07:00:00,109983.3,110534.9,109766.4,110299.7,176.69283432
2025-08-26 08:00:00,110299.8,110443.4,110009.8,110102.8,255.54016559
2025-08-26 09:00:00,110102.8,110410.9,110038.3,110151.5,142.38268156
2025-08-26 10:00:00,110151.6,110413.0,110064.0,110217.2,101.92044063
2025-08-26 11:00:00,110217.3,110224.2,109573.0,109872.5,170.07863237
2025-08-26 12:00:00,109872.5,110820.3,109611.3,110222.2,332.07988108
2025-08-26 13:00:00,110213.7,110268.3,109393.6,110079.7,428.99069503
2025-08-26 14:00:00,110080.7,110545.4,109815.4,110359.9,397.05458598
2025-08-26 15:00:00,110359.9,110554.6,109550.8,109667.9,259.51423463
2025-08-26 16:00:00,109668.0,110149.2,109449.9,110149.2,300.04410292
2025-08-26 17:00:00,110149.3,110200.0,109584.1,109967.9,275.51488681
2025-08-26 18:00:00,109967.9,110976.6,109967.9,110695.0,271.52402325
2025-08-26 19:00:00,110695.0,111156.9,110501.5,111116.6,261.24940527
2025-08-26 20:00:00,111115.9,111377.8,110920.7,111320.0,181.23324657
2025-08-26 21:00:00,111319.9,111583.9,111112.6,111578.1,110.7716563
2025-08-26 22:00:00,111578.2,111934.0,111578.2,111930.5,368.53487148
2025-08-26 23:00:00,111930.5,112376.9,111730.8,111764.6,210.06059432
2025-08-27 00:00:00,111764.6,111824.5,111348.6,111368.8,134.30577985
2025-08-27 01:00:00,111368.9,111468.7,111113.7,111295.3,218.29847875
2025-08-27 02:00:00,111295.6,111470.4,111120.9,111146.3,357.90917041
2025-08-27 03:00:00,111145.3,111717.0,110928.7,111424.3,274.00873221
2025-08-27 04:00:00,111424.3,111735.3,111409.2,111586.0,114.9054256
2025-08-27 05:00:00,111583.9,111675.7,111338.3,111371.0,134.80742985
2025-08-27 06:00:00,111370.9,111370.9,111028.0,111031.1,97.18346213
2025-08-27 07:00:00,111031.0,111118.9,110653.5,110722.5,183.32048056
2025-08-27 08:00:00,110722.5,110830.7,110363.9,110758.8,148.11467988
2025-08-27 09:00:00,110755.7,111111.0,110719.9,110811.4,102.85107787
2025-08-27 10:00:00,110811.5,111267.0,110811.4,110986.2,148.41181612
2025-08-27 11:00:00,110986.2,111373.5,110986.1,111325.4,112.4847337
2025-08-27 12:00:00,111325.4,111394.6,111023.6,111339.9,218.13024293
2025-08-27 13:00:00,111340.0,111894.9,111019.8,111481.2,347.69595598
2025-08-27 14:00:00,111488.8,112618.8,111287.2,111815.1,312.84973571
2025-08-27 15:00:00,111815.1,112079.5,111505.5,112013.5,309.15698852
2025-08-27 16:00:00,112013.5,112249.3,111546.0,112122.4,207.69418878
2025-08-27 17:00:00,112121.5,112439.5,111900.5,112346.1,209.34231427
2025-08-27 18:00:00,112346.1,112590.2,111926.9,111933.0,250.37092979
2025-08-27 19:00:00,111933.7,112206.7,111565.7,112082.7,221.04798247
2025-08-27 20:00:00,112082.7,112400.0,110937.9,112399.9,542.92336836
2025-08-27 21:00:00,112399.9,112445.2,111370.9,111526.2,135.8217674
2025-08-27 22:00:00,111527.0,111589.2,111056.0,111399.1,207.98505349
2025-08-27 23:00:00,111399.2,111531.1,111120.7,111259.3,256.72682649
2025-08-28 00:00:00,111259.2,111531.0,110877.9,111336.0,277.74067088
2025-08-28 01:00:00,111336.0,111702.7,111336.0,111645.6,217.1895134
2025-08-28 02:00:00,111645.7,111748.7,111452.9,111496.7,211.37681437
2025-08-28 03:00:00,111496.7,112029.0,111408.7,112001.2,98.86117363
2025-08-28 04:00:00,112001.2,113150.9,111947.0,112969.1,140.19874199
2025-08-28 05:00:00,112969.1,113156.7,112703.8,112859.8,92.80586968
2025-08-28 06:00:00,112858.4,113278.1,112716.6,113220.0,70.30128305
2025-08-28 07:00:00,113215.2,113358.0,113008.5,113133.0,59.96181806
2025-08-28 08:00:00,113126.7,113353.1,113006.5,113123.1,65.66187728
2025-08-28 09:00:00,113128.0,113128.7,112858.4,112858.4,51.64408507
2025-08-28 10:00:00,112858.5,113120.8,112830.7,113120.8,106.46791764
2025-08-28 11:00:00,113120.8,113150.0,112850.7,112903.0,90.15165278
2025-08-28 12:00:00,112903.1,113328.2,112785.7,113230.2,163.52153216
2025-08-28 13:00:00,113230.2,113466.8,112579.9,112821.3,388.67364662
2025-08-28 14:00:00,112822.0,113300.1,112528.8,113154.5,283.16569853
2025-08-28 15:00:00,113154.5,113240.6,112391.7,112623.6,316.98480186
2025-08-28 16:00:00,112623.7,113162.0,112324.0,112324.0,262.54115947
2025-08-28 17:00:00,112323.8,112608.5,112204.5,112369.1,221.63720409
2025-08-28 18:00:00,112369.2,112689.1,112231.2,112375.4,179.08087806
2025-08-28 19:00:00,112375.1,112553.6,111897.5,111897.6,191.4795201
2025-08-28 20:00:00,111897.6,112109.1,111872.9,111903.1,86.3905291
2025-08-28 21:00:00,111903.1,112128.0,111903.1,112050.3,122.35738437
2025-08-28 22:00:00,112050.2,112518.0,112050.2,112376.2,157.02384667
2025-08-28 23:00:00,112376.3,112578.0,112350.0,112572.6,172.7290472
2025-08-29 00:00:00,112572.7,112635.1,112143.6,112204.6,194.49026562
2025-08-29 01:00:00,112205.0,112271.5,111435.1,111485.9,183.42405356
2025-08-29 02:00:00,111486.0,111772.0,111377.9,111437.0,163.73823758
2025-08-29 03:00:00,111437.0,111819.0,111317.0,111710.2,166.08213559
2025-08-29 04:00:00,111710.3,111844.1,111436.2,111502.9,123.4575489
2025-08-29 05:00:00,111503.1,111581.7,111149.0,111315.9,115.65215902
2025-08-29 06:00:00,111315.9,111401.1,110981.9,111269.1,170.83226878
2025-08-29 07:00:00,111269.1,111269.2,109912.4,110026.0,285.98224372
2025-08-29 08:00:00,110026.0,110268.0,109609.9,109627.9,145.66896809
2025-08-29 09:00:00,109627.9,109918.0,109422.0,109773.5,181.76377558
2025-08-29 10:00:00,109773.5,110023.3,109753.0,109999.8,146.56255255
2025-08-29 11:00:00,109999.8,110148.0,109840.7,110082.8,153.67342901
2025-08-29 12:00:00,110082.9,111511.2,110077.9,110728.7,375.9571844
2025-08-29 13:00:00,110728.8,110778.2,108912.6,109103.0,309.01031409
2025-08-29 14:00:00,109103.7,109541.4,108105.3,108201.6,469.03924131
2025-08-29 15:00:00,108202.2,108720.6,108189.7,108399.3,190.42523286
2025-08-29 16:00:00,108389.3,108827.7,108139.9,108716.0,157.07191842
2025-08-29 17:00:00,108708.9,108722.0,108158.2,108471.6,100.68837595
2025-08-29 18:00:00,108471.7,108495.0,108095.6,108145.2,96.39534611
2025-08-29 19:00:00,108140.0,108735.3,107937.1,108217.4,206.57452913
2025-08-29 20:00:00,108217.5,108263.0,107515.1,107775.1,193.53847751
2025-08-29 21:00:00,107775.2,108457.8,107465.7,108444.3,124.36126391
2025-08-29 22:00:00,108444.2,108469.7,108207.9,108369.0,44.47561315
2025-08-29 23:00:00,108369.0,108544.8,108334.0,108366.0,76.88440313
2025-08-30 00:00:00,108366.1,108405.1,108144.2,108300.8,108.72403083
2025-08-30 01:00:00,108300.7,108345.6,107342.4,107442.1,132.19572828
2025-08-30 02:00:00,107442.1,107942.3,107369.6,107782.4,83.5120177
2025-08-30 03:00:00,107782.4,108420.4,107769.4,108420.3,86.90674211
2025-08-30 04:00:00,108420.4,108665.8,108367.3,108427.1,85.22363675
2025-08-30 05:00:00,108427.1,108470.3,108132.0,108355.7,59.72856617
2025-08-30 06:00:00,108355.7,108554.8,108210.8,108314.8,62.64162168
2025-08-30 07:00:00,108314.9,108509.0,108119.9,108509.0,50.12730282
2025-08-30 08:00:00,108508.9,108772.5,108489.3,108565.4,52.32643886
2025-08-30 09:00:00,108565.4,108605.7,108471.4,108521.2,25.58650095
2025-08-30 10:00:00,108521.3,108690.5,108406.0,108428.9,32.84105164
2025-08-30 11:00:00,108428.9,108712.5,108423.4,108684.7,30.42951744
2025-08-30 12:00:00,108681.8,108681.8,108339.8,108613.0,54.39774984
2025-08-30 13:00:00,108613.1,108613.1,108211.7,108531.1,78.89808741
2025-08-30 14:00:00,108531.0,108717.1,108408.7,108658.8,51.26266467
2025-08-30 15:00:00,108658.8,108918.8,108549.9,108876.7,64.95767223
2025-08-30 16:00:00,108869.9,108872.9,108668.9,108817.3,39.46379935
2025-08-30 17:00:00,108817.4,108900.0,108627.9,108780.0,38.21476512
2025-08-30 18:00:00,108780.0,108835.0,108629.2,108731.9,32.0743099
2025-08-30 19:00:00,108731.8,108900.0,108650.8,108826.4,26.38402138
2025-08-30 20:00:00,108826.5,108831.9,108586.9,108644.3,28.50403603
2025-08-30 21:00:00,108644.4,108679.1,108503.7,108596.0,32.77632774
2025-08-30 22:00:00,108596.1,108596.1,108476.9,108532.7,21.44116439
2025-08-30 23:00:00,108532.7,108806.2,108532.6,108806.2,33.85675798
2025-08-31 00:00:00,108806.2,109399.0,108805.0,109382.4,110.07464315
2025-08-31 01:00:00,109386.9,109478.8,109141.5,109431.4,62.85344355
2025-08-31 02:00:00,109431.3,109438.9,109178.2,109220.2,50.45525942
2025-08-31 03:00:00,109220.2,109372.4,109159.0,109217.9,39.27875911
2025-08-31 04:00:00,109218.0,109231.5,108671.0,108808.9,45.68732721
2025-08-31 05:00:00,108809.0,108809.0,108571.9,108750.5,42.1912271
2025-08-31 06:00:00,108750.5,108769.3,108527.9,108719.9,34.19647915
2025-08-31 07:00:00,108719.9,108823.9,108672.5,108703.1,24.03925349
2025-08-31 08:00:00,108703.1,109022.4,108703.0,109008.0,27.35299874
2025-08-31 09:00:00,109008.1,109096.7,108453.2,108506.9,75.76113286
2025-08-31 10:00:00,108506.9,108628.7,108314.1,108556.6,72.53557369
2025-08-31 11:00:00,108560.3,108594.1,108322.6,108386.4,57.89026854
2025-08-31 12:00:00,108386.3,108473.9,108308.0,108317.6,112.97052519
2025-08-31 13:00:00,108317.5,108444.4,108189.2,108410.4,119.48782957
2025-08-31 14:00:00,108410.5,108506.6,108259.9,108454.9,58.15765788
2025-08-31 15:00:00,108455.0,108841.3,108455.0,108806.6,79.60729915
2025-08-31 16:00:00,108806.6,108969.0,108552.5,108922.7,83.68856779
2025-08-31 17:00:00,108922.8,108985.1,108852.8,108985.1,35.03129812
2025-08-31 18:00:00,108985.1,109229.5,108931.0,109144.3,100.91446307
2025-08-31 19:00:00,109144.3,109161.0,108911.7,108919.9,49.57532555
2025-08-31 20:00:00,108920.0,109116.9,108879.9,109116.9,44.08296875
2025-08-31 21:00:00,109117.0,109117.0,108959.9,109033.0,48.28224597
2025-08-31 22:00:00,109038.7,109233.4,108758.3,108888.9,74.60219398
2025-08-31 23:00:00,108889.0,108911.6,108073.4,108244.9,146.53883665
2025-09-01 00:00:00,108244.9,108408.2,107639.7,108222.4,145.30704047
2025-09-01 01:00:00,108222.4,108471.0,107970.0,108150.2,159.44352573
2025-09-01 02:00:00,108150.2,108193.4,107427.7,107616.3,216.33935206
2025-09-01 03:00:00,107620.1,107763.0,107393.5,107659.9,129.49882982
2025-09-01 04:00:00,107659.9,107752.0,107269.6,107404.3,141.47574931
2025-09-01 05:00:00,107405.2,107966.3,107260.0,107861.6,109.50797274
2025-09-01 06:00:00,107861.6,108113.8,107588.5,108059.9,84.78476453
2025-09-01 07:00:00,108060.0,109421.6,107984.6,109421.6,199.75579543
2025-09-01 08:00:00,109421.7,109814.3,109421.6,109579.9,144.58173896
2025-09-01 09:00:00,109580.0,109900.0,109489.4,109508.2,94.71209152
2025-09-01 10:00:00,109508.3,109531.3,108186.3,108568.0,123.22922246
2025-09-01 11:00:00,108568.1,108849.3,108463.9,108770.9,66.40932187
2025-09-01 12:00:00,108771.0,109143.0,108638.7,109106.9,68.59557271
2025-09-01 13:00:00,109107.0,109512.8,108936.4,109030.1,112.44195712
2025-09-01 14:00:00,109024.5,109318.8,108825.1,109148.6,132.47637616
2025-09-01 15:00:00,109148.7,109370.0,108575.0,108779.0,140.59263919
2025-09-01 16:00:00,108779.0,109090.0,108658.0,108769.9,89.11490632
2025-09-01 17:00:00,108769.9,108950.8,108402.0,108929.5,119.684118
2025-09-01 18:00:00,108929.5,109262.0,108921.1,109240.5,81.11197702
2025-09-01 19:00:00,109240.0,109326.3,109171.1,109215.2,56.17147829
2025-09-01 20:00:00,109215.3,109215.3,108282.8,108870.0,136.3343909
2025-09-01 21:00:00,108869.9,108937.1,107442.5,107800.8,151.35283718
2025-09-01 22:00:00,107800.7,108497.5,107590.1,108443.8,135.94693686
2025-09-01 23:00:00,108443.6,109434.9,108428.3,109237.4,116.59354615804196
2025-09-02 00:00:00,109237.4,109337.6,108887.9,109023.4,92.24528364
2025-09-02 01:00:00,109029.8,109602.8,109000.0,109322.2,151.77472791
2025-09-02 02:00:00,109322.1,110256.5,109170.6,110241.5,223.48880399
2025-09-02 03:00:00,110241.5,110607.6,110057.9,110324.0,180.54893049
2025-09-02 04:00:00,110324.0,110412.4,110151.0,110300.0,81.46093468
2025-09-02 05:00:00,110300.0,110322.9,110044.9,110215.3,65.94709677
2025-09-02 06:00:00,110215.3,110606.6,109789.6,110354.3,172.2233726
2025-09-02 07:00:00,110354.4,110378.5,109989.6,110211.0,124.52981663
2025-09-02 08:00:00,110212.0,110683.1,110041.9,110346.5,129.31890711
2025-09-02 09:00:00,110346.6,110670.0,110251.0,110437.0,98.65254443
2025-09-02 10:00:00,110437.1,110464.7,110125.6,110244.4,107.08636793
2025-09-02 11:00:00,110243.6,110245.6,109560.9,109721.1,93.97690275
2025-09-02 12:00:00,109721.1,109827.4,108394.0,108793.4,281.67776323
2025-09-02 13:00:00,108794.6,111263.7,108737.1,111142.0,316.34803938
2025-09-02 14:00:00,111147.0,111766.5,110792.5,111362.5,205.68400026
2025-09-02 15:00:00,111361.7,111525.4,110614.6,110828.9,160.40216303
2025-09-02 16:00:00,110828.9,111118.3,110471.5,110772.0,209.93840419
2025-09-02 17:00:00,110773.0,111042.4,110627.7,110910.4,160.17070953
2025-09-02 18:00:00,110910.3,110927.9,110193.2,110645.3,119.13193417
2025-09-02 19:00:00,110645.1,110838.3,110441.3,110805.6,117.3354477
2025-09-02 20:00:00,110805.6,111410.8,110721.1,111410.8,131.73199573
2025-09-02 21:00:00,111410.7,111528.0,111130.1,111130.1,70.48739559
2025-09-02 22:00:00,111130.0,111250.0,110870.2,111250.0,98.20799411
2025-09-02 23:00:00,111250.0,111261.0,111015.9,111228.1,72.96947275
2025-09-03 00:00:00,111228.1,111760.6,111228.0,111324.1,82.76103144
2025-09-03 01:00:00,111324.2,111395.9,110900.9,111177.0,37.33084227
2025-09-03 02:00:00,111176.9,111473.0,111031.1,111372.1,94.78191233
2025-09-03 03:00:00,111372.2,111391.1,110900.0,111047.4,97.42664331
2025-09-03 04:00:00,111047.3,111141.0,110846.7,111026.4,106.70298553
2025-09-03 05:00:00,111023.0,111056.5,110661.8,110698.1,98.99932717
2025-09-03 06:00:00,110698.2,110870.9,110573.0,110721.6,67.1665533
2025-09-03 07:00:00,110721.7,111103.0,110539.5,111099.7,92.18772043
2025-09-03 08:00:00,111099.7,111274.9,110973.9,111015.1,52.2897675
2025-09-03 09:00:00,111015.2,111324.1,110889.9,111309.9,61.76847924
2025-09-03 10:00:00,111309.9,111473.5,111170.5,111443.4,68.97531657
2025-09-03 11:00:00,111443.4,111709.3,111388.2,111438.2,83.35028191
2025-09-03 12:00:00,111438.3,111859.2,111031.6,111110.7,103.33979048
2025-09-03 13:00:00,111110.8,111918.0,111067.4,111464.0,225.19465564
2025-09-03 14:00:00,111464.1,112526.3,111118.3,112261.2,332.87138715
2025-09-03 15:00:00,112261.3,112376.8,111917.1,112224.2,164.15349772
2025-09-03 16:00:00,112224.1,112332.1,111687.7,111849.6,103.53492457
2025-09-03 17:00:00,111849.6,112575.3,111849.5,112312.5,87.76814105
2025-09-03 18:00:00,112312.6,112516.5,111802.8,111996.9,107.08113892
2025-09-03 19:00:00,111997.0,112240.8,111781.6,112198.3,89.69778546
2025-09-03 20:00:00,112197.4,112247.4,112052.9,112202.1,42.79751794
2025-09-03 21:00:00,112202.2,112243.9,111757.7,111989.6,39.07090846
2025-09-03 22:00:00,111989.6,112140.7,111839.7,111944.1,33.33097405
2025-09-03 23:00:00,111944.2,111976.4,111619.2,111700.0,37.36322294
2025-09-04 00:00:00,111700.1,112180.1,111624.9,112072.7,49.5766097
2025-09-04 01:00:00,112072.7,112072.7,111641.6,111935.4,167.94747341
2025-09-04 02:00:00,111935.4,111979.0,111414.2,111438.1,147.89348684
2025-09-04 03:00:00,111450.3,111714.0,111144.1,111144.1,115.56932386
2025-09-04 04:00:00,111145.1,111320.9,110927.1,110928.4,90.05065855
2025-09-04 05:00:00,110928.5,110928.5,110586.0,110649.2,98.96678852
2025-09-04 06:00:00,110649.2,110717.6,110291.8,110395.7,146.57863496
2025-09-04 07:00:00,110395.6,110633.0,110348.9,110468.8,105.57970698
2025-09-04 08:00:00,110468.8,110843.0,110417.1,110641.7,45.32035114
2025-09-04 09:00:00,110641.7,110847.8,110641.6,110803.0,39.6472327
2025-09-04 10:00:00,110803.0,111137.4,110625.6,110625.6,69.3970825
2025-09-04 11:00:00,110628.8,111045.9,110548.6,110806.8,92.78765597
2025-09-04 12:00:00,110806.8,111116.1,110533.0,110939.3,76.48478931
2025-09-04 13:00:00,110935.8,110964.0,110222.4,110477.1,180.79324398
2025-09-04 14:00:00,110476.1,110523.9,109712.1,109844.2,153.13107464
2025-09-04 15:00:00,109844.2,109862.8,109329.8,109512.6,96.49053176
2025-09-04 16:00:00,109512.6,109686.6,109363.9,109438.5,49.13783579
2025-09-04 17:00:00,109438.6,109913.2,109430.4,109786.4,56.05350014
2025-09-04 18:00:00,109786.5,110187.0,109700.0,109977.7,92.23409419
2025-09-04 19:00:00,109977.8,110113.0,109713.3,109794.2,58.59208634
2025-09-04 20:00:00,109794.3,110408.1,109752.0,110399.0,58.77822062
2025-09-04 21:00:00,110399.5,110538.5,110328.9,110499.2,37.30914419
2025-09-04 22:00:00,110499.2,111578.3,110486.6,111480.0,63.17340036
2025-09-04 23:00:00,111480.0,111755.0,110610.0,110723.4,84.21163092
2025-09-05 00:00:00,110725.2,110927.0,110431.4,110452.9,74.66686996
2025-09-05 01:00:00,110454.3,111130.0,110454.3,111119.3,62.3070911
2025-09-05 02:00:00,111125.2,111480.9,111045.5,111344.0,86.07481379
2025-09-05 03:00:00,111343.9,111343.9,111100.0,111308.1,37.71418306
2025-09-05 04:00:00,111308.1,111466.6,111148.9,111446.8,35.17002139
2025-09-05 05:00:00,111446.7,111703.7,111412.5,111575.2,36.70882565
2025-09-05 06:00:00,111575.2,111899.0,111506.3,111899.0,50.49885719
2025-09-05 07:00:00,111899.0,112984.9,111883.5,112954.5,186.8708617
2025-09-05 08:00:00,112954.6,112989.5,112605.3,112612.7,65.81891469
2025-09-05 09:00:00,112612.8,112612.8,112138.7,112298.2,86.01769128
2025-09-05 10:00:00,112298.2,112572.0,112194.0,112247.1,72.50419974
2025-09-05 11:00:00,112247.2,112437.2,112142.9,112352.7,54.0586137
2025-09-05 12:00:00,112352.7,113382.4,112005.4,113202.0,664.26763973
2025-09-05 13:00:00,113205.1,113299.6,112706.8,113074.0,227.92147885
2025-09-05 14:00:00,113074.9,113074.9,110486.6,110565.8,360.41733169
2025-09-05 15:00:00,110570.0,111017.5,110279.0,110713.0,118.05100133
2025-09-05 16:00:00,110713.0,110926.1,110537.1,110812.6,65.38494308
2025-09-05 17:00:00,110812.6,110812.6,110219.5,110608.4,82.29192527
2025-09-05 18:00:00,110608.4,111280.2,110576.6,111189.7,74.89576434
2025-09-05 19:00:00,111189.8,111610.5,111125.7,111602.5,90.21461896
2025-09-05 20:00:00,111602.5,111644.0,111283.9,111630.0,65.29320952
2025-09-05 21:00:00,111631.0,111693.7,110386.2,110611.9,188.09416673
2025-09-05 22:00:00,110611.9,110918.6,110506.2,110800.9,34.39385759
2025-09-05 23:00:00,110800.8,110859.5,110594.7,110654.1,27.46266772
2025-09-06 00:00:00,110660.1,110830.5,110561.2,110782.6,22.78133106
2025-09-06 01:00:00,110782.7,110917.6,110748.7,110870.6,29.08742073
2025-09-06 02:00:00,110870.7,111209.8,110731.6,111209.8,43.63429484
2025-09-06 03:00:00,111209.8,111302.4,111003.5,111082.3,39.01372431
2025-09-06 04:00:00,111082.2,111082.3,110785.7,110880.5,34.10995068
2025-09-06 05:00:00,110880.5,110880.5,110705.4,110714.7,21.31022553
2025-09-06 06:00:00,110714.7,110808.1,110714.7,110754.3,6.9702908
2025-09-06 07:00:00,110754.4,110827.0,110754.3,110824.3,8.04640376
2025-09-06 08:00:00,110824.3,110961.0,110777.7,110947.6,12.43726262
2025-09-06 09:00:00,110948.6,110948.6,110701.9,110704.7,31.72293962
2025-09-06 10:00:00,110704.8,110806.0,110679.0,110773.5,16.64969065
2025-09-06 11:00:00,110773.5,110869.0,110673.3,110781.2,23.34489001
2025-09-06 12:00:00,110781.3,110891.8,110754.3,110832.7,28.2651184
2025-09-06 13:00:00,110832.8,110941.5,110824.9,110931.8,22.48259298
2025-09-06 14:00:00,110931.9,110996.3,110780.5,110807.8,23.09297416
2025-09-06 15:00:00,110807.8,110838.9,110360.0,110382.7,62.60713294
2025-09-06 16:00:00,110382.7,110396.1,109970.8,110260.1,106.75741782
2025-09-06 17:00:00,110260.1,110272.5,109998.8,110153.6,44.47793104
2025-09-06 18:00:00,110153.6,110280.1,110056.3,110228.7,31.39259191
2025-09-06 19:00:00,110228.7,110254.5,110000.0,110032.2,33.75491169
2025-09-06 20:00:00,110032.2,110162.9,110032.1,110162.9,16.83784597
2025-09-06 21:00:00,110162.9,110207.9,110095.8,110207.9,18.47676132
2025-09-06 22:00:00,110207.9,110236.0,110074.8,110165.8,16.9084155
2025-09-06 23:00:00,110165.8,110271.8,110116.4,110181.2,17.40285164
2025-09-07 00:00:00,110181.2,110364.3,110181.2,110362.2,19.62314598
2025-09-07 01:00:00,110357.5,110576.5,110333.6,110540.1,30.11671715
2025-09-07 02:00:00,110540.2,110690.3,110449.9,110666.0,25.40230291
2025-09-07 03:00:00,110666.1,110733.8,110595.6,110632.6,19.50232906
2025-09-07 04:00:00,110632.6,110632.6,110490.0,110552.8,19.4536334
2025-09-07 05:00:00,110552.8,110698.8,110552.7,110650.6,17.89602134
2025-09-07 06:00:00,110650.6,110662.8,110472.3,110503.9,19.93512266
2025-09-07 07:00:00,110503.9,110910.0,110469.9,110744.9,45.61151979
2025-09-07 08:00:00,110745.0,111360.8,110720.2,111062.1,76.69131429
2025-09-07 09:00:00,111062.1,111246.0,110879.5,111102.7,62.90196903
2025-09-07 10:00:00,111106.9,111225.9,111040.9,111224.0,35.24461925
2025-09-07 11:00:00,111224.0,111286.9,111188.2,111286.8,29.67468115
2025-09-07 12:00:00,111286.9,111286.9,111073.2,111109.7,28.88034916
2025-09-07 13:00:00,111109.7,111229.2,111041.9,111208.4,25.92449692
2025-09-07 14:00:00,111208.4,111412.1,111064.0,111138.8,61.67352572
2025-09-07 15:00:00,111138.9,111365.0,111114.7,111327.8,33.59707815
2025-09-07 16:00:00,111327.8,111365.0,111162.0,111204.9,24.97109367
2025-09-07 17:00:00,111204.9,111234.0,110886.9,110965.0,68.67578014
2025-09-07 18:00:00,110965.1,111062.1,110863.1,111052.6,20.55170235
2025-09-07 19:00:00,111052.6,111293.7,111046.9,111252.9,37.87781917
2025-09-07 20:00:00,111253.0,111360.0,111147.1,111334.8,47.4407512
2025-09-07 21:00:00,111334.9,111334.9,111046.9,111047.0,19.76665974
2025-09-07 22:00:00,111046.9,111355.8,111001.3,111249.9,77.15398384
2025-09-07 23:00:00,111250.0,111591.7,111069.2,111137.9,59.16925547
2025-09-08 00:00:00,111137.7,111274.1,110735.2,110833.3,101.93573826
2025-09-08 01:00:00,110822.1,110985.9,110734.1,110890.5,108.57634516
2025-09-08 02:00:00,110890.6,111364.0,110626.0,111240.0,107.17633631
2025-09-08 03:00:00,111240.1,111341.0,111027.1,111043.4,83.78116642
2025-09-08 04:00:00,111043.5,111208.9,110936.0,110979.7,103.23817913
2025-09-08 05:00:00,110981.3,111055.4,110911.4,111031.1,32.13975926
2025-09-08 06:00:00,111031.1,111191.6,110921.3,111113.1,30.18082477
2025-09-08 07:00:00,111113.2,111603.3,111113.2,111274.8,48.49110725
2025-09-08 08:00:00,111274.8,111899.9,111250.5,111676.3,86.22528444
2025-09-08 09:00:00,111676.4,112087.3,111590.5,112087.3,91.69765675
2025-09-08 10:00:00,112087.5,112186.1,111919.6,112048.8,69.74271888
2025-09-08 11:00:00,112048.9,112119.0,111760.0,112051.1,66.30569145
2025-09-08 12:00:00,112051.1,112148.1,111927.1,112039.8,43.34136916
2025-09-08 13:00:00,112039.9,112351.0,111846.2,111900.7,140.9549917
2025-09-08 14:00:00,111900.7,112762.0,111877.8,112626.5,121.58815103
2025-09-08 15:00:00,112634.0,112909.4,112510.0,112620.0,84.00135388
2025-09-08 16:00:00,112620.1,112667.2,112295.2,112385.7,85.37865931
2025-09-08 17:00:00,112385.8,112531.6,112077.0,112198.1,61.18611123
2025-09-08 18:00:00,112198.2,112505.0,112183.7,112469.6,56.5863276
2025-09-08 19:00:00,112469.6,112469.6,111981.0,112089.0,49.13338374
2025-09-08 20:00:00,112090.0,112138.8,111895.9,111959.7,54.34332796
2025-09-08 21:00:00,111954.1,112331.1,111935.2,112319.8,36.17525811
2025-09-08 22:00:00,112319.8,112500.0,112210.6,112227.7,39.15141516
2025-09-08 23:00:00,112227.7,112294.0,111977.7,112069.4,20.61991358
2025-09-09 00:00:00,112069.4,112098.6,111459.9,111655.2,58.51670262
2025-09-09 01:00:00,111655.1,111738.9,111267.2,111372.9,64.38898698
2025-09-09 02:00:00,111372.9,111438.9,111122.0,111330.3,66.8748519
2025-09-09 03:00:00,111330.4,111739.2,111237.6,111706.9,50.31244387
2025-09-09 04:00:00,111707.0,112090.7,111630.1,112023.9,61.66161967
2025-09-09 05:00:00,112023.9,112232.9,111851.9,112202.3,53.55497512
2025-09-09 06:00:00,112202.3,113143.8,112158.0,113014.1,199.38171617
2025-09-09 07:00:00,113014.2,113274.4,112752.2,112989.9,157.47029432
2025-09-09 08:00:00,112989.9,113162.7,112899.1,112981.6,76.63740394
2025-09-09 09:00:00,112981.5,113067.9,112907.8,112965.0,59.89884821
2025-09-09 10:00:00,112965.0,113034.3,112633.8,112732.6,102.92590623
2025-09-09 11:00:00,112729.5,112795.0,112408.9,112430.0,88.19988851
2025-09-09 12:00:00,112430.4,112824.1,112400.0,112663.7,85.37250197
2025-09-09 13:00:00,112663.6,112933.8,112458.3,112751.4,126.57624824
2025-09-09 14:00:00,112751.9,112939.0,111517.4,111754.0,353.91962707
2025-09-09 15:00:00,111754.0,111841.7,110767.3,110879.6,182.23124962
2025-09-09 16:00:00,110876.6,111148.3,110784.6,110970.1,74.830723
2025-09-09 17:00:00,110970.2,111191.4,110890.5,111034.6,79.73621561
2025-09-09 18:00:00,111034.7,111298.8,110920.1,111134.6,81.34077019
2025-09-09 19:00:00,111134.6,111382.8,111125.4,111305.0,46.34123193
2025-09-09 20:00:00,111305.0,111530.1,111095.1,111511.0,69.85925995
2025-09-09 21:00:00,111516.8,111726.0,111260.4,111289.0,57.66557092
2025-09-09 22:00:00,111289.1,111620.0,111260.5,111552.4,65.57907309
2025-09-09 23:00:00,111552.4,111568.9,111362.2,111531.4,99.19984998
2025-09-10 00:00:00,111539.0,111554.0,110940.0,111006.9,58.14100971
2025-09-10 01:00:00,111007.0,111219.3,110925.9,111020.0,53.08974066
2025-09-10 02:00:00,111012.0,111543.7,111012.0,111401.9,85.20654481
2025-09-10 03:00:00,111402.0,111567.9,111370.1,111535.4,44.84018463
2025-09-10 04:00:00,111535.4,111638.0,111411.9,111524.7,41.21638327
2025-09-10 05:00:00,111524.8,111721.6,111372.0,111570.0,46.82717175
2025-09-10 06:00:00,111570.0,111943.1,111401.7,111774.0,53.78347495
2025-09-10 07:00:00,111774.0,112590.1,111760.5,112532.5,62.85006292
2025-09-10 08:00:00,112532.6,112834.9,112336.2,112379.8,90.28509362
2025-09-10 09:00:00,112379.8,112428.4,112105.2,112271.1,64.36504911
2025-09-10 10:00:00,112271.2,112409.0,112205.2,112264.6,49.51102531
2025-09-10 11:00:00,112264.6,112393.0,112158.0,112292.0,50.49523543
2025-09-10 12:00:00,112292.1,113524.3,112292.1,113413.0,264.28790194
2025-09-10 13:00:00,113412.9,114274.3,113389.1,113930.1,222.81726192
2025-09-10 14:00:00,113930.1,114274.2,113790.0,113895.7,106.49100012
2025-09-10 15:00:00,113895.6,114088.9,113713.0,113827.3,163.76414595
2025-09-10 16:00:00,113827.2,113900.0,113560.0,113749.4,127.12782765
2025-09-10 17:00:00,113749.4,114072.2,113421.2,113733.2,81.22042405
2025-09-10 18:00:00,113732.6,113880.3,113358.5,113591.0,83.19968121
2025-09-10 19:00:00,113590.0,113605.0,113143.5,113564.2,115.55260366
2025-09-10 20:00:00,113570.8,113879.0,113553.3,113558.3,78.39076174
2025-09-10 21:00:00,113560.5,113837.0,113533.1,113837.0,47.05370016
2025-09-10 22:00:00,113837.0,113982.0,113683.1,113877.9,54.95760302
2025-09-10 23:00:00,113878.0,114030.3,113788.8,113954.9,78.33160186
2025-09-11 00:00:00,113955.0,113995.0,113675.7,113885.6,34.80645699
2025-09-11 01:00:00,113885.7,114168.5,113840.9,113910.2,43.88073755
2025-09-11 02:00:00,113910.3,113947.3,113718.9,113824.0,30.64321273
2025-09-11 03:00:00,113823.1,114420.1,113823.0,114401.9,37.71057727
2025-09-11 04:00:00,114400.1,114400.1,114076.0,114154.0,37.28576338
2025-09-11 05:00:00,114155.0,114324.6,113968.0,114266.7,46.36307019
2025-09-11 06:00:00,114266.7,114456.9,114080.2,114320.0,49.00020859
2025-09-11 07:00:00,114320.1,114324.3,113959.1,114089.5,39.85691165
2025-09-11 08:00:00,114089.6,114196.0,113975.0,114041.0,31.3864585
2025-09-11 09:00:00,114040.9,114069.5,113778.4,113889.9,55.15689152
2025-09-11 10:00:00,113890.0,114101.5,113884.7,114060.0,46.5503378
2025-09-11 11:00:00,114059.9,114097.0,113891.6,113994.4,42.90642683
2025-09-11 12:00:00,113994.4,114483.5,113469.0,113969.0,277.26235041
2025-09-11 13:00:00,113970.0,114702.4,113430.1,114620.0,131.13574358
2025-09-11 14:00:00,114630.0,114661.8,113928.2,114459.6,117.50272108
2025-09-11 15:00:00,114459.6,114679.0,114000.0,114182.1,87.85775816
2025-09-11 16:00:00,114182.0,114570.9,114181.9,114490.3,79.2750063
2025-09-11 17:00:00,114490.4,114584.7,114335.5,114578.0,59.5053268
2025-09-11 18:00:00,114578.0,114599.9,114089.8,114312.8,59.93462672
2025-09-11 19:00:00,114312.8,114525.1,114188.9,114420.0,55.79943497
2025-09-11 20:00:00,114420.0,114486.5,114250.8,114395.9,49.02498782
2025-09-11 21:00:00,114395.9,114517.6,114395.8,114479.3,18.72713035
2025-09-11 22:00:00,114479.3,115240.0,114439.1,115083.7,90.90982024
2025-09-11 23:00:00,115082.9,115469.1,115082.9,115469.0,51.94568156
2025-09-12 00:00:00,115469.0,116311.2,115400.4,115823.9,111.12089228
2025-09-12 01:00:00,115827.6,116005.6,115369.7,115377.2,66.71031451
2025-09-12 02:00:00,115377.3,115653.2,115261.3,115389.2,47.45046751
2025-09-12 03:00:00,115389.2,115416.4,115050.0,115194.0,61.66676333
2025-09-12 04:00:00,115194.0,115496.0,115077.0,115344.1,131.48547491
2025-09-12 05:00:00,115344.2,115646.4,115309.9,115595.9,64.36124482
2025-09-12 06:00:00,115595.9,115595.9,115254.7,115303.6,41.34085253
2025-09-12 07:00:00,115303.7,115388.8,115082.0,115082.0,35.79925065
2025-09-12 08:00:00,115082.1,115257.5,114951.6,115037.1,82.97064284
2025-09-12 09:00:00,115037.1,115119.6,114873.0,115041.7,65.82057404
2025-09-12 10:00:00,115041.8,115078.5,114927.9,114976.6,54.58100297
2025-09-12 11:00:00,114974.3,115138.9,114892.2,114906.2,43.02072354
2025-09-12 12:00:00,114906.3,115168.0,114691.3,115077.9,68.61733567
2025-09-12 13:00:00,115078.0,115233.2,114822.9,115160.0,67.06858737
2025-09-12 14:00:00,115160.0,115486.3,114866.2,115248.0,87.8143175
2025-09-12 15:00:00,115247.9,115282.2,114937.9,115110.0,102.27374419
2025-09-12 16:00:00,115110.0,115500.0,115030.9,115480.8,102.85842545
2025-09-12 17:00:00,115480.8,115923.2,115397.9,115807.4,96.3403492
2025-09-12 18:00:00,115807.3,116483.7,115772.5,116472.9,94.94462938
2025-09-12 19:00:00,116473.0,116659.2,116243.0,116645.1,91.28903907
2025-09-12 20:00:00,116631.9,116632.0,115971.9,116150.0,121.81769721
2025-09-12 21:00:00,116150.0,116153.3,115772.0,115870.1,34.82526632
2025-09-12 22:00:00,115870.1,116360.9,115870.1,116026.1,68.71018726
2025-09-12 23:00:00,116026.2,116160.0,115941.8,116026.0,40.82992832
2025-09-13 00:00:00,116026.0,116288.3,115965.9,116210.6,45.1880875
2025-09-13 01:00:00,116210.6,116265.8,115599.8,115764.1,57.01241511
2025-09-13 02:00:00,115764.2,115991.4,115694.3,115888.9,31.27528737
2025-09-13 03:00:00,115889.0,116016.5,115865.2,115969.9,39.07280147
2025-09-13 04:00:00,115970.0,115970.0,115688.9,115705.1,22.37378508
2025-09-13 05:00:00,115705.1,115837.0,115663.5,115702.5,21.54043534
2025-09-13 06:00:00,115702.5,115799.0,115667.4,115750.0,20.36315192
2025-09-13 07:00:00,115750.0,115854.9,115709.9,115786.0,14.83415626
2025-09-13 08:00:00,115786.0,116048.9,115780.1,115980.7,20.79684901
2025-09-13 09:00:00,115980.8,116037.2,115878.0,116037.1,23.58611048
2025-09-13 10:00:00,116037.1,116165.1,115918.4,115932.7,28.69323089
2025-09-13 11:00:00,115932.7,116005.9,115879.9,115976.5,14.74603841
2025-09-13 12:00:00,115976.5,116047.5,115872.8,116005.7,24.88867335
2025-09-13 13:00:00,116005.7,116005.7,115618.8,115764.9,41.74352637
2025-09-13 14:00:00,115764.9,115950.2,115601.7,115804.7,59.82112455
2025-09-13 15:00:00,115801.8,115920.0,115616.0,115765.9,73.55666142
2025-09-13 16:00:00,115766.0,115808.0,115104.6,115330.3,100.37809691
2025-09-13 17:00:00,115330.4,115577.0,115180.1,115570.6,76.27297035
2025-09-13 18:00:00,115570.5,115653.3,115427.5,115632.2,33.20567035
2025-09-13 19:00:00,115632.3,115798.1,115565.0,115781.7,36.38747016
2025-09-13 20:00:00,115789.9,115983.5,115789.8,115894.8,27.70107849
2025-09-13 21:00:00,115894.7,115965.8,115843.9,115887.8,13.46381053
2025-09-13 22:00:00,115887.9,115923.0,115812.1,115869.4,15.3342032
2025-09-13 23:00:00,115869.4,115983.9,115861.9,115909.9,13.23660743
2025-09-14 00:00:00,115909.9,115999.4,115809.2,115928.2,25.01090976
2025-09-14 01:00:00,115928.3,115985.0,115741.9,115956.6,29.02438014
2025-09-14 02:00:00,115956.6,116100.0,115751.0,115854.3,60.57585237
2025-09-14 03:00:00,115854.3,115869.2,115650.9,115676.7,40.22789779
2025-09-14 04:00:00,115676.7,115768.1,115468.5,115755.7,53.08032624
2025-09-14 05:00:00,115755.8,115918.7,115743.3,115865.8,15.1980734
2025-09-14 06:00:00,115865.9,115936.0,115692.8,115729.8,40.20392458
2025-09-14 07:00:00,115729.9,115828.9,115729.7,115806.7,19.94630778
2025-09-14 08:00:00,115806.7,115981.0,115761.5,115922.4,21.79379481
2025-09-14 09:00:00,115926.7,116165.3,115908.0,116043.9,23.85287799
2025-09-14 10:00:00,116044.0,116128.5,115952.3,116023.4,18.87514934
2025-09-14 11:00:00,116023.4,116097.2,115749.1,115791.8,35.38750732
2025-09-14 12:00:00,115791.8,115875.0,115669.3,115773.7,31.03073084
2025-09-14 13:00:00,115773.7,115776.4,115210.8,115348.0,65.36759901
2025-09-14 14:00:00,115348.0,115691.2,115164.5,115400.0,67.9907098
2025-09-14 15:00:00,115400.0,115419.2,115201.9,115225.7,36.67804323
2025-09-14 16:00:00,115224.1,115540.1,115193.8,115469.7,24.81183157
2025-09-14 17:00:00,115469.7,115655.5,115418.2,115557.6,23.78012824
2025-09-14 18:00:00,115557.7,115557.7,115365.5,115378.5,21.21911362
2025-09-14 19:00:00,115378.5,115633.4,115329.9,115620.0,16.10202749
2025-09-14 20:00:00,115630.0,115849.9,115629.9,115803.2,17.80284139
2025-09-14 21:00:00,115803.1,116086.3,115605.3,116060.5,39.51045744
2025-09-14 22:00:00,116060.6,116077.5,115811.3,116012.0,32.92603621
2025-09-14 23:00:00,116012.1,116012.1,115140.6,115279.6,56.95759066
2025-09-15 00:00:00,115279.3,115279.3,114972.3,115070.0,58.72841579
2025-09-15 01:00:00,115070.0,115283.6,114827.4,115227.8,54.74063727
2025-09-15 02:00:00,115227.9,115437.2,115220.1,115357.8,66.63541926
2025-09-15 03:00:00,115357.9,115574.0,115355.5,115447.1,55.22721365
2025-09-15 04:00:00,115447.1,116150.0,115407.1,116053.1,96.82237903
2025-09-15 05:00:00,116053.2,116585.9,116019.9,116525.8,50.97278185
2025-09-15 06:00:00,116524.5,116750.9,116048.6,116123.3,61.03810865
2025-09-15 07:00:00,116123.2,116399.3,115637.0,115803.4,91.71985423
2025-09-15 08:00:00,115803.5,115806.7,114719.1,114745.1,102.69431191
2025-09-15 09:00:00,114745.1,115182.4,114634.9,114884.3,61.12546707
2025-09-15 10:00:00,114884.4,114947.5,114724.2,114764.6,48.45929044
2025-09-15 11:00:00,114764.6,115192.3,114746.6,115066.7,56.10796787
2025-09-15 12:00:00,115063.6,115063.6,114672.4,114723.8,45.43499676
2025-09-15 13:00:00,114723.9,115086.6,114392.0,114677.0,115.50306866
2025-09-15 14:00:00,114675.7,115026.9,114453.3,114679.9,55.66299217
2025-09-15 15:00:00,114679.4,114905.0,114404.4,114868.0,63.60905882
2025-09-15 16:00:00,114845.2,114921.0,114600.7,114662.1,41.87316506
2025-09-15 17:00:00,114662.0,115119.8,114600.7,115119.8,47.86272093
2025-09-15 18:00:00,115119.8,115349.1,114904.1,115325.6,55.08804813
2025-09-15 19:00:00,115309.7,115563.2,114976.4,115295.4,99.39790276
2025-09-15 20:00:00,115303.0,115500.0,115201.8,115379.1,33.80585516
2025-09-15 21:00:00,115379.3,115526.2,115283.4,115524.4,28.77730864
2025-09-15 22:00:00,115524.4,115595.8,115225.2,115307.0,31.15102989
2025-09-15 23:00:00,115294.6,115476.1,115240.4,115356.3,12.88539399
2025-09-16 00:00:00,115356.4,115356.4,114950.5,115088.3,18.69785517
2025-09-16 01:00:00,115088.3,115519.9,115012.0,115028.4,37.34429045
2025-09-16 02:00:00,115028.4,115227.1,115028.4,115034.4,19.14757304
2025-09-16 03:00:00,115034.5,115425.8,115034.4,115307.3,25.86649394
2025-09-16 04:00:00,115307.3,115551.5,114945.1,115502.2,42.31664691
2025-09-16 05:00:00,115502.2,115945.3,115454.2,115928.9,60.52907962
2025-09-16 06:00:00,115928.9,115996.3,115592.3,115773.0,46.27952033
2025-09-16 07:00:00,115772.1,115881.1,115715.2,115827.4,33.23823527
2025-09-16 08:00:00,115829.0,115979.9,115528.0,115656.8,64.22063825
2025-09-16 09:00:00,115665.5,115720.1,115450.0,115471.7,20.05998335
2025-09-16 10:00:00,115471.8,115589.1,115374.0,115374.0,34.35484911
2025-09-16 11:00:00,115373.3,115423.8,115207.0,115288.0,37.83390184
2025-09-16 12:00:00,115288.0,115459.8,115287.9,115436.7,34.60090017
2025-09-16 13:00:00,115438.0,115553.0,114717.5,115199.2,98.5534805
2025-09-16 14:00:00,115199.3,115300.0,114814.8,115295.7,62.63510639
2025-09-16 15:00:00,115295.8,115899.6,115023.1,115899.6,51.09911606
2025-09-16 16:00:00,115899.7,116056.0,115608.2,116056.0,59.93141175
2025-09-16 17:00:00,116056.0,116857.1,116055.9,116462.4,116.93475053
2025-09-16 18:00:00,116462.5,116767.2,116226.1,116410.3,73.90134432
2025-09-16 19:00:00,116410.3,116820.0,116396.1,116794.5,60.01609955
2025-09-16 20:00:00,116796.8,116893.1,116723.1,116840.1,34.94646657
2025-09-16 21:00:00,116840.1,116928.0,116590.0,116801.2,43.92547795
2025-09-16 22:00:00,116801.3,116943.0,116695.0,116845.5,36.6887457
2025-09-16 23:00:00,116845.5,116907.5,116630.0,116789.0,32.02697227
2025-09-17 00:00:00,116789.1,116828.0,116560.5,116560.6,25.27431894
2025-09-17 01:00:00,116560.6,116764.0,116518.0,116658.0,28.09409807
2025-09-17 02:00:00,116658.0,117069.8,116557.8,116689.9,49.51858722
2025-09-17 03:00:00,116689.9,116750.9,116374.4,116374.4,51.16595113
2025-09-17 04:00:00,116374.5,116477.3,116166.3,116316.6,52.43446068
2025-09-17 05:00:00,116316.6,117204.1,116316.5,117107.6,89.5140823
2025-09-17 06:00:00,117107.6,117279.1,116983.0,117237.7,61.11705943
2025-09-17 07:00:00,117231.6,117274.3,117127.2,117161.7,39.70954724
2025-09-17 08:00:00,117161.7,117185.7,116696.1,116865.6,90.51291888
2025-09-17 09:00:00,116865.6,116865.6,116564.5,116564.6,33.89668738
2025-09-17 10:00:00,116564.6,116604.4,116268.2,116358.3,32.79555966
2025-09-17 11:00:00,116358.4,116364.2,116259.1,116261.2,31.0949015
2025-09-17 12:00:00,116261.2,116519.0,116106.2,116205.5,54.64278799
2025-09-17 13:00:00,116205.5,116328.6,115904.8,116109.9,75.40416637
2025-09-17 14:00:00,116110.0,116238.9,115449.5,115609.2,90.04214863
2025-09-17 15:00:00,115609.1,115883.6,115535.6,115878.6,36.7868534
2025-09-17 16:00:00,115878.6,115878.6,115388.5,115640.9,50.79173546
2025-09-17 17:00:00,115640.9,116287.7,115523.5,115532.0,93.6934446
2025-09-17 18:00:00,115526.5,116315.3,114735.0,115227.9,398.24167895
2025-09-17 19:00:00,115227.8,115980.9,115077.7,115644.9,120.6106398
2025-09-17 20:00:00,115645.0,116140.0,115500.8,115620.0,48.69954336
2025-09-17 21:00:00,115620.1,116116.8,115317.9,116037.3,43.40303718
2025-09-17 22:00:00,116037.4,116807.4,116037.4,116554.6,82.29682331
2025-09-17 23:00:00,116554.5,116978.2,116342.8,116444.3,71.72766926
2025-09-18 00:00:00,116444.3,116469.0,116092.9,116358.2,35.24624496
2025-09-18 01:00:00,116358.1,116860.0,116340.7,116645.8,64.94198123
2025-09-18 02:00:00,116645.8,116953.0,116433.6,116937.1,48.38910437
2025-09-18 03:00:00,116937.1,117886.1,116906.1,117572.5,131.76122943
2025-09-18 04:00:00,117581.7,117749.1,117246.1,117604.3,55.88743805
2025-09-18 05:00:00,117604.4,117604.4,117187.9,117264.1,46.17088384
2025-09-18 06:00:00,117264.7,117334.7,116896.0,117103.2,58.71770341
2025-09-18 07:00:00,117103.3,117212.6,117051.9,117087.9,45.55153201
2025-09-18 08:00:00,117088.0,117400.0,117013.5,117223.7,52.87784841
2025-09-18 09:00:00,117223.8,117349.2,117108.0,117296.2,39.52392288
2025-09-18 10:00:00,117296.3,117301.6,117080.4,117179.8,26.91458053
2025-09-18 11:00:00,117179.9,117290.8,117012.5,117053.1,47.27595432
2025-09-18 12:00:00,117053.2,117278.8,116977.4,117127.7,61.90615895
2025-09-18 13:00:00,117127.6,117649.9,117007.6,117443.8,105.0950464
2025-09-18 14:00:00,117434.0,117837.1,117401.3,117644.9,79.72887313
2025-09-18 15:00:00,117645.0,117700.0,117329.2,117587.0,79.40199725
2025-09-18 16:00:00,117587.1,117790.0,117504.1,117574.2,60.8670211
2025-09-18 17:00:00,117574.1,117763.3,117422.9,117579.6,40.92165603
2025-09-18 18:00:00,117579.6,117900.8,117512.0,117827.2,49.99775191
2025-09-18 19:00:00,117827.3,117827.3,117198.0,117464.5,56.31541529
2025-09-18 20:00:00,117464.5,117652.1,117339.9,117528.0,44.80649192
2025-09-18 21:00:00,117527.1,117527.1,117300.0,117300.1,25.30868084
2025-09-18 22:00:00,117300.0,117326.3,117050.1,117065.7,25.20436772
2025-09-18 23:00:00,117065.7,117165.9,116635.3,117075.1,58.71992124
2025-09-19 00:00:00,117075.1,117426.5,117026.8,117420.6,33.19675035
2025-09-19 01:00:00,117420.6,117458.6,117125.0,117249.0,41.99287612
2025-09-19 02:00:00,117249.0,117285.3,117055.9,117112.6,42.27447475
2025-09-19 03:00:00,117112.7,117290.2,116877.4,116978.4,39.64550601
2025-09-19 04:00:00,116978.5,117090.0,116707.9,116989.8,44.05244814
2025-09-19 05:00:00,116989.9,117010.1,116796.3,116902.2,33.86100014
2025-09-19 06:00:00,116902.3,116902.3,116635.3,116689.5,50.516842
2025-09-19 07:00:00,116689.5,116992.8,116683.5,116914.1,34.61128441
2025-09-19 08:00:00,116914.1,117089.6,116890.3,116908.7,21.10139166
2025-09-19 09:00:00,116908.8,116976.1,116488.7,116488.7,59.42060481
2025-09-19 10:00:00,116488.8,116540.9,116431.5,116534.3,35.30235651
2025-09-19 11:00:00,116534.4,116542.8,116306.4,116390.6,33.60217128
2025-09-19 12:00:00,116390.6,116523.8,116134.2,116152.0,49.39467768
2025-09-19 13:00:00,116152.1,116462.5,116074.9,116278.4,56.82107788
2025-09-19 14:00:00,116278.5,116480.0,115800.6,115900.0,79.16893272
2025-09-19 15:00:00,115899.9,115945.0,115467.7,115886.4,97.4420205
2025-09-19 16:00:00,115886.5,116137.4,115803.1,116086.5,45.73061947
2025-09-19 17:00:00,116086.6,116091.6,115547.6,115547.7,34.74859756
2025-09-19 18:00:00,115547.6,115628.9,115387.2,115406.8,46.65025146
2025-09-19 19:00:00,115406.8,115478.7,115112.9,115121.6,30.37828372
2025-09-19 20:00:00,115121.6,115431.4,115100.0,115341.6,28.46607633
2025-09-19 21:00:00,115344.3,115530.3,115311.6,115460.9,18.80106974
2025-09-19 22:00:00,115460.9,115648.0,115460.9,115615.1,14.22575039
2025-09-19 23:00:00,115615.1,115642.0,115452.1,115632.3,18.64017854
2025-09-20 00:00:00,115632.3,115722.9,115548.9,115722.8,13.99142938
2025-09-20 01:00:00,115722.9,115722.9,115611.5,115618.2,13.12719504
2025-09-20 02:00:00,115618.3,115618.3,115443.3,115603.4,13.62370975
2025-09-20 03:00:00,115603.4,115603.4,115411.3,115439.3,13.08212019
2025-09-20 04:00:00,115439.3,115581.7,115411.0,115564.0,11.16384939
2025-09-20 05:00:00,115564.0,115713.8,115519.8,115713.8,12.17884776
2025-09-20 06:00:00,115713.8,115718.9,115633.8,115706.8,7.87300503
2025-09-20 07:00:00,115706.9,115980.9,115691.9,115973.9,22.05949664
2025-09-20 08:00:00,115974.0,115974.0,115707.9,115707.9,16.80031763
2025-09-20 09:00:00,115708.0,115785.0,115676.0,115676.5,19.10202172
2025-09-20 10:00:00,115676.5,115790.9,115676.5,115752.3,13.56243075
2025-09-20 11:00:00,115752.3,115900.0,115752.3,115899.7,22.40993621
2025-09-20 12:00:00,115899.7,115946.1,115806.2,115865.5,18.06499066
2025-09-20 13:00:00,115865.4,115945.8,115858.8,115910.1,17.7674229
2025-09-20 14:00:00,115910.1,116032.7,115892.6,115977.3,12.96275661
2025-09-20 15:00:00,115977.3,116118.4,115950.1,115984.3,26.13427059
2025-09-20 16:00:00,115984.3,116055.9,115885.9,116030.8,20.53305461
2025-09-20 17:00:00,116030.8,116078.0,115823.4,115826.0,22.79662636
2025-09-20 18:00:00,115826.0,115826.0,115705.6,115723.2,19.57276339
2025-09-20 19:00:00,115723.2,115800.0,115703.0,115703.1,8.89186914
2025-09-20 20:00:00,115703.1,115789.0,115700.0,115734.0,6.95832631
2025-09-20 21:00:00,115734.0,115940.0,115733.9,115785.6,25.63573036
2025-09-20 22:00:00,115785.6,115796.6,115750.5,115775.8,8.2571951
2025-09-20 23:00:00,115775.9,115775.9,115624.0,115678.2,10.62593339
2025-09-21 00:00:00,115678.3,115731.8,115561.2,115660.0,22.293296373713297
2025-09-21 01:00:00,115660.0,115660.0,115507.0,115507.1,5.71192294
2025-09-21 02:00:00,115507.2,115700.0,115453.0,115700.0,21.84579084
2025-09-21 03:00:00,115699.9,115715.3,115620.4,115666.7,11.73174924
2025-09-21 04:00:00,115666.8,115666.8,115500.2,115500.2,4.59384601
2025-09-21 05:00:00,115500.3,115663.0,115491.7,115662.9,11.68508362
2025-09-21 06:00:00,115663.0,115786.1,115663.0,115690.7,9.65602112
2025-09-21 07:00:00,115690.8,115820.5,115627.7,115820.5,29.17990843
2025-09-21 08:00:00,115820.5,115820.6,115564.8,115629.6,25.62539445
2025-09-21 09:00:00,115629.7,115708.2,115338.0,115690.6,26.29927117
2025-09-21 10:00:00,115690.6,115705.5,115502.3,115524.5,13.75732846
2025-09-21 11:00:00,115524.5,115694.0,115517.6,115607.1,12.53117108
2025-09-21 12:00:00,115607.2,115747.0,115607.1,115687.0,15.6226679
2025-09-21 13:00:00,115687.1,115747.2,115645.9,115668.3,14.45863264
2025-09-21 14:00:00,115668.4,115690.4,115502.1,115513.0,20.92595412
2025-09-21 15:00:00,115513.0,115599.2,115475.8,115536.3,16.11137948
2025-09-21 16:00:00,115536.4,115549.2,115212.4,115319.2,27.19814847
2025-09-21 17:00:00,115319.3,115629.0,115263.0,115629.0,28.64964197
2025-09-21 18:00:00,115629.0,115667.6,115520.0,115536.7,14.7505552
2025-09-21 19:00:00,115536.8,115536.8,115324.1,115489.6,17.19749142
2025-09-21 20:00:00,115489.7,115505.4,115319.0,115319.0,23.68966541
2025-09-21 21:00:00,115319.0,115438.4,115260.0,115417.6,23.36958978
2025-09-21 22:00:00,115417.7,115545.5,115200.0,115545.5,28.02588352
2025-09-21 23:00:00,115545.5,115545.5,115209.2,115235.0,21.92600489
2025-09-22 00:00:00,115245.3,115379.3,114299.1,114429.5,123.04890155
2025-09-22 01:00:00,114409.5,114750.0,114257.7,114282.0,88.91132667
2025-09-22 02:00:00,114282.0,114618.2,114148.9,114198.2,89.57600512
2025-09-22 03:00:00,114195.5,114652.0,114195.4,114650.2,68.30834048
2025-09-22 04:00:00,114650.3,114650.3,114404.0,114430.0,50.29566456
2025-09-22 05:00:00,114430.0,114543.2,113633.4,113691.3,133.06836954
2025-09-22 06:00:00,113691.4,113691.4,111655.9,112810.3,484.91059362
2025-09-22 07:00:00,112810.3,113008.2,112490.7,112519.9,159.01580881
2025-09-22 08:00:00,112519.9,112785.0,112454.0,112635.4,150.19323911
2025-09-22 09:00:00,112635.4,112663.1,112180.0,112335.2,166.39907765
2025-09-22 10:00:00,112335.9,112849.5,112263.8,112798.8,112.66391155
2025-09-22 11:00:00,112798.9,112975.7,112684.0,112878.1,73.69099248
2025-09-22 12:00:00,112878.1,112878.2,112526.0,112750.1,77.10594576
2025-09-22 13:00:00,112750.0,113140.9,112390.1,113139.0,144.05608349
2025-09-22 14:00:00,113134.0,113421.1,112763.7,112938.5,156.86958049
2025-09-22 15:00:00,112938.5,113021.5,112581.7,112824.6,133.84619732
2025-09-22 16:00:00,112824.7,112887.7,112594.0,112594.1,126.67038996
2025-09-22 17:00:00,112594.1,112620.1,112253.0,112394.5,119.81440683
2025-09-22 18:00:00,112394.4,112816.0,112354.1,112442.7,64.79629213
2025-09-22 19:00:00,112442.7,112592.9,111947.0,112120.0,110.3386411
2025-09-22 20:00:00,112119.9,112976.9,111976.9,112777.2,121.48074673
2025-09-22 21:00:00,112781.1,112968.1,112603.1,112968.0,59.28162934
2025-09-22 22:00:00,112968.0,112968.0,112595.0,112650.0,81.9038225
2025-09-22 23:00:00,112645.0,112739.0,112592.1,112659.0,39.67925009
2025-09-23 00:00:00,112659.1,112833.0,112385.1,112397.2,75.81839706
2025-09-23 01:00:00,112397.2,112506.0,112150.0,112156.6,68.97576932
2025-09-23 02:00:00,112156.6,112485.6,111673.7,111818.0,120.22110431
2025-09-23 03:00:00,111818.0,112440.8,111479.8,112331.0,269.51200084
2025-09-23 04:00:00,112331.0,112458.0,111876.2,112437.8,284.72257346
2025-09-23 05:00:00,112437.8,112884.5,112428.0,112671.1,185.9738587
2025-09-23 06:00:00,112671.0,113110.7,112618.9,112975.1,122.78530203
2025-09-23 07:00:00,112975.1,113112.0,112898.3,113095.3,149.5061714
2025-09-23 08:00:00,113095.2,113168.3,112936.3,113125.9,91.22472677
2025-09-23 09:00:00,113125.9,113284.3,112877.5,112937.8,80.48080582
2025-09-23 10:00:00,112937.9,113006.6,112829.0,112978.9,115.06449704
2025-09-23 11:00:00,112979.0,113073.1,112690.1,112971.5,131.44235899
2025-09-23 12:00:00,112971.4,113047.5,112815.7,112944.4,121.07475915
2025-09-23 13:00:00,112941.7,113010.0,112723.4,112952.3,137.49018364
2025-09-23 14:00:00,112952.3,113290.3,112573.0,112642.0,218.84850678
2025-09-23 15:00:00,112642.1,113059.9,112494.0,112878.5,185.97672055
2025-09-23 16:00:00,112878.5,112957.9,112486.3,112829.3,193.49471848
2025-09-23 17:00:00,112822.5,112822.5,111877.7,111943.2,217.91092575
2025-09-23 18:00:00,111954.8,112195.3,111689.4,111782.9,183.32826368
2025-09-23 19:00:00,111781.1,111973.5,111540.7,111640.6,131.30921972
2025-09-23 20:00:00,111640.6,111982.0,111463.5,111982.0,182.94246329
2025-09-23 21:00:00,111982.0,112193.9,111896.0,112153.3,58.24441753
2025-09-23 22:00:00,112153.4,112213.2,112004.0,112158.5,54.28051989
2025-09-23 23:00:00,112158.5,112221.9,111882.5,111998.8,67.27958981
2025-09-24 00:00:00,111998.9,112379.3,111823.2,112230.0,63.23469246
2025-09-24 01:00:00,112230.1,112498.5,112144.4,112442.8,40.07701148
2025-09-24 02:00:00,112442.9,112491.4,111896.4,112112.1,159.86010768
2025-09-24 03:00:00,112112.1,112203.2,111688.0,111688.0,152.32768747
2025-09-24 04:00:00,111688.1,112364.3,111034.6,112166.1,340.43310045
2025-09-24 05:00:00,112166.2,112660.0,112139.4,112639.5,109.52575832
2025-09-24 06:00:00,112639.5,112772.4,112535.8,112594.6,100.24160349
2025-09-24 07:00:00,112597.4,112740.3,112461.9,112582.9,76.77609768
2025-09-24 08:00:00,112583.0,112629.5,112411.7,112625.0,96.80982476
2025-09-24 09:00:00,112625.1,112821.2,112505.3,112727.9,68.73729001
2025-09-24 10:00:00,112728.0,112950.0,112671.2,112943.0,49.47508226
2025-09-24 11:00:00,112943.1,113141.9,112875.9,113024.1,94.73990188
2025-09-24 12:00:00,113024.2,113094.0,112940.0,113067.0,48.2681257
2025-09-24 13:00:00,113067.0,113213.5,112799.7,112811.2,96.71159231
2025-09-24 14:00:00,112817.2,113888.1,112817.2,113709.0,186.55929108
2025-09-24 15:00:00,113709.0,113875.1,113264.0,113341.0,149.86081988
2025-09-24 16:00:00,113341.0,113743.9,113164.0,113730.6,121.33677756
2025-09-24 17:00:00,113730.7,113939.5,113616.0,113761.1,95.76122853
2025-09-24 18:00:00,113761.1,113822.0,113520.0,113634.6,95.9560304
2025-09-24 19:00:00,113634.7,113679.1,113292.1,113418.9,74.44336248
2025-09-24 20:00:00,113418.9,113609.3,113403.1,113504.3,64.00901528
2025-09-24 21:00:00,113504.3,113584.0,113290.8,113338.4,51.29566515
2025-09-24 22:00:00,113338.5,113638.5,113255.0,113330.0,77.85497084
2025-09-24 23:00:00,113330.0,113427.5,113210.9,113302.7,71.88609068
2025-09-25 00:00:00,113304.0,113509.4,112972.2,113066.3,84.75239718
2025-09-25 01:00:00,113063.0,113369.9,112456.3,112659.0,266.78087099
2025-09-25 02:00:00,112660.0,113175.9,112517.0,112900.7,263.19123061
2025-09-25 03:00:00,112900.7,112900.7,112234.0,112558.0,239.30437316
2025-09-25 04:00:00,112557.0,112612.4,111589.0,111744.5,344.6351745
2025-09-25 05:00:00,111744.5,112036.0,111604.0,111752.3,194.07074389
2025-09-25 06:00:00,111749.0,111840.0,111506.0,111524.8,103.06885549
2025-09-25 07:00:00,111529.9,111880.0,111455.8,111763.1,98.90657471
2025-09-25 08:00:00,111763.0,112030.1,111700.0,111742.8,115.1021306
2025-09-25 09:00:00,111736.3,112239.9,111580.0,111580.0,126.41825208
2025-09-25 10:00:00,111580.1,111854.9,111530.0,111654.4,77.33603523
2025-09-25 11:00:00,111654.5,111722.0,111283.2,111339.9,98.52102559
2025-09-25 12:00:00,111339.9,111656.9,111020.6,111111.0,199.0157577
2025-09-25 13:00:00,111111.1,111714.3,110619.2,110993.6,301.46144937
2025-09-25 14:00:00,110994.7,111723.9,110990.0,111541.6,227.57015628
2025-09-25 15:00:00,111541.3,111580.1,110860.2,111580.0,209.78317955
2025-09-25 16:00:00,111580.0,111671.7,110912.9,110960.0,160.9530524838313
2025-09-25 17:00:00,110957.6,110964.1,108651.5,108834.4,316.82357499
2025-09-25 18:00:00,108834.3,109800.0,108621.9,109761.2,229.61941068
2025-09-25 19:00:00,109761.0,109972.7,109302.4,109351.3,108.03963762
2025-09-25 20:00:00,109359.2,109479.9,109057.7,109160.0,90.26194625
2025-09-25 21:00:00,109160.4,109655.7,109078.0,109414.0,123.95480249
2025-09-25 22:00:00,109413.9,109583.0,109261.7,109420.1,85.22274577
2025-09-25 23:00:00,109422.2,109685.0,108765.8,109006.8,159.50930845
2025-09-26 00:00:00,108994.4,109606.9,108811.8,109475.9,285.97661095
2025-09-26 01:00:00,109472.9,109756.0,109313.2,109686.3,213.87522187
2025-09-26 02:00:00,109686.4,109792.1,109487.2,109612.7,197.32270476
2025-09-26 03:00:00,109612.7,109630.0,109288.1,109576.0,134.08976191
2025-09-26 04:00:00,109576.0,109622.5,109244.9,109330.4,96.29341525
2025-09-26 05:00:00,109332.0,109577.0,109090.0,109251.6,136.55958968
2025-09-26 06:00:00,109251.6,109613.5,109015.9,109355.2,190.78653519
2025-09-26 07:00:00,109355.1,109585.9,108913.7,109316.1,137.31428252
2025-09-26 08:00:00,109319.2,109605.6,109319.2,109563.5,138.98281832
2025-09-26 09:00:00,109563.5,109687.2,109397.9,109559.9,166.84120659
2025-09-26 10:00:00,109560.0,109560.0,108709.4,108891.9,138.65685557
2025-09-26 11:00:00,108891.9,109199.2,108626.4,109129.4,172.05237477
2025-09-26 12:00:00,109129.4,109573.0,108822.9,109373.9,282.3700814
2025-09-26 13:00:00,109373.9,109773.3,109003.1,109667.6,389.15088815
2025-09-26 14:00:00,109666.4,109761.9,108777.1,108833.0,464.93684454
2025-09-26 15:00:00,108834.0,109356.0,108810.0,109022.4,266.09049171
2025-09-26 16:00:00,109022.4,109617.3,109022.3,109468.9,163.10686412
2025-09-26 17:00:00,109468.8,109999.4,109393.0,109901.7,175.81507496
2025-09-26 18:00:00,109901.7,110294.9,109713.0,109739.0,180.66944775
2025-09-26 19:00:00,109739.0,109739.0,109034.2,109177.8,139.19167116
2025-09-26 20:00:00,109177.9,109339.9,109094.1,109288.5,71.78512458
2025-09-26 21:00:00,109288.5,109528.3,109189.8,109465.6,77.08511727
2025-09-26 22:00:00,109465.7,109601.3,109353.9,109554.9,60.02125985
2025-09-26 23:00:00,109554.9,109680.1,109432.8,109649.5,38.71928691
2025-09-27 00:00:00,109649.6,109655.4,109473.5,109643.9,51.74360098
2025-09-27 01:00:00,109643.9,109656.8,109338.0,109430.1,54.39166238
2025-09-27 02:00:00,109430.0,109479.1,109327.9,109401.8,33.92059857
2025-09-27 03:00:00,109401.7,109718.1,109385.0,109566.1,66.3442659
2025-09-27 04:00:00,109566.2,109734.3,109525.2,109647.5,50.9930738
2025-09-27 05:00:00,109647.6,109681.1,109597.3,109635.7,14.23938722
2025-09-27 06:00:00,109635.7,109635.7,109485.6,109534.5,20.44435692
2025-09-27 07:00:00,109534.5,109565.4,109336.8,109406.8,30.18366631
2025-09-27 08:00:00,109406.9,109406.9,109256.2,109256.3,28.02066492
2025-09-27 09:00:00,109256.3,109347.0,109072.1,109302.7,44.29580105
2025-09-27 10:00:00,109302.7,109482.8,109266.1,109434.5,38.77297716
2025-09-27 11:00:00,109434.4,109437.2,109286.4,109307.5,15.47025733
2025-09-27 12:00:00,109307.6,109477.0,109240.3,109406.2,57.54419307
2025-09-27 13:00:00,109406.1,109406.2,109305.0,109314.7,28.09513184
2025-09-27 14:00:00,109314.7,109386.8,109258.0,109287.2,26.19708217
2025-09-27 15:00:00,109287.1,109419.9,109194.9,109393.2,42.18692714
2025-09-27 16:00:00,109393.3,109417.3,109315.1,109385.6,47.41384326
2025-09-27 17:00:00,109385.6,109409.7,109244.9,109395.5,67.42920378
2025-09-27 18:00:00,109386.1,109432.5,109351.0,109432.4,23.72610681
2025-09-27 19:00:00,109432.5,109439.0,109384.0,109415.1,9.01270276
2025-09-27 20:00:00,109415.1,109430.0,109365.0,109388.0,23.36051915
2025-09-27 21:00:00,109388.1,109482.9,109388.0,109472.8,13.60131734
2025-09-27 22:00:00,109472.9,109699.5,109472.9,109596.0,36.63324773
2025-09-27 23:00:00,109595.9,109670.0,109462.0,109632.0,26.43357874
2025-09-28 00:00:00,109632.1,109784.7,109550.0,109607.8,56.22086868
2025-09-28 01:00:00,109607.9,109653.4,109339.0,109346.0,60.36076537
2025-09-28 02:00:00,109346.0,109533.0,109345.9,109449.0,50.46385709
2025-09-28 03:00:00,109449.1,109523.9,109413.3,109438.7,24.1786897
2025-09-28 04:00:00,109438.7,109479.3,109368.7,109373.5,13.03389958
2025-09-28 05:00:00,109373.6,109397.3,109356.3,109356.4,8.707108
2025-09-28 06:00:00,109356.4,109448.0,109266.1,109410.0,21.25107715
2025-09-28 07:00:00,109410.1,109533.9,109352.1,109513.3,21.49212449
2025-09-28 08:00:00,109513.4,109579.5,109425.9,109509.9,39.75139581
2025-09-28 09:00:00,109510.0,109552.0,109325.3,109519.1,50.79129733
2025-09-28 10:00:00,109519.2,109519.2,109370.7,109370.7,31.2158718
2025-09-28 11:00:00,109370.8,109446.9,109250.7,109386.0,49.67769684
2025-09-28 12:00:00,109386.1,109436.3,109201.0,109329.4,82.92200154
2025-09-28 13:00:00,109329.4,109668.1,109329.4,109639.7,83.1873494
2025-09-28 14:00:00,109639.8,109877.5,109514.0,109850.5,79.91364723
2025-09-28 15:00:00,109850.5,110024.4,109712.1,110019.3,71.15743928
2025-09-28 16:00:00,110019.3,110387.5,110008.4,110218.9,90.58169031
2025-09-28 17:00:00,110218.9,110373.1,110130.1,110217.6,83.58867628
2025-09-28 18:00:00,110210.9,110277.0,110065.6,110277.0,39.67845618
2025-09-28 19:00:00,110278.0,110375.0,110120.0,110331.2,53.97076142
2025-09-28 20:00:00,110331.2,110941.3,110295.5,110806.0,101.00067996
2025-09-28 21:00:00,110806.1,110886.5,110644.1,110830.5,50.04151392
2025-09-28 22:00:00,110831.0,112005.9,110831.0,111921.6,169.24624779
2025-09-28 23:00:00,111921.6,112363.4,111921.6,112164.7,235.30835133
2025-09-29 00:00:00,112164.7,112308.7,111984.8,112259.3,201.40322429
2025-09-29 01:00:00,112259.3,112301.0,111725.1,111840.0,221.67768654
2025-09-29 02:00:00,111840.0,112021.0,111635.2,111746.6,222.04872103
2025-09-29 03:00:00,111746.6,111855.4,111588.1,111855.4,126.81891549
2025-09-29 04:00:00,111855.9,111893.0,111750.2,111812.2,116.91830489
2025-09-29 05:00:00,111812.3,111812.3,111576.1,111741.2,138.60338722
2025-09-29 06:00:00,111741.2,111849.9,111628.7,111649.8,135.60204913
2025-09-29 07:00:00,111649.8,111864.0,111567.9,111862.6,151.82170534
2025-09-29 08:00:00,111862.5,112421.2,111862.5,112103.0,176.47453514
2025-09-29 09:00:00,112103.0,112200.0,111989.2,112100.3,101.95328945
2025-09-29 10:00:00,112100.3,112224.3,112024.3,112090.9,77.44383469
2025-09-29 11:00:00,112091.0,112107.2,111924.4,112099.2,90.94803059
2025-09-29 12:00:00,112099.3,112503.3,111939.8,112019.9,110.7132274
2025-09-29 13:00:00,112020.0,113472.8,111913.1,113217.2,249.8840164
2025-09-29 14:00:00,113217.3,114220.5,113217.3,114025.5,220.10559585
2025-09-29 15:00:00,114025.5,114105.9,113672.1,113806.9,171.51172988
2025-09-29 16:00:00,113807.0,114053.1,113602.5,113624.1,183.39163265
2025-09-29 17:00:00,113624.2,114156.7,113448.0,114047.5,164.73982087
2025-09-29 18:00:00,114053.3,114137.8,113866.9,114006.0,109.07645014
2025-09-29 19:00:00,114006.0,114379.5,113845.9,114265.0,133.22698137
2025-09-29 20:00:00,114264.5,114400.0,114125.9,114262.1,106.69933578
2025-09-29 21:00:00,114258.3,114322.0,114096.1,114187.1,46.96413427
2025-09-29 22:00:00,114187.2,114212.1,114020.7,114196.0,54.04146858
2025-09-29 23:00:00,114196.1,114386.9,114196.0,114312.8,76.6955679
2025-09-30 00:00:00,114312.8,114772.8,114041.0,114513.0,148.18113072
2025-09-30 01:00:00,114513.1,114781.5,114272.4,114500.9,193.32570635
2025-09-30 02:00:00,114501.0,114584.4,114369.1,114449.0,123.98203728
2025-09-30 03:00:00,114448.9,114505.0,114303.8,114369.6,94.91702574
2025-09-30 04:00:00,114369.6,114369.6,114096.8,114096.8,83.53378232
2025-09-30 05:00:00,114096.8,114203.0,113841.0,113896.5,116.94139539
2025-09-30 06:00:00,113896.6,114082.6,113844.4,113878.6,96.95051163
2025-09-30 07:00:00,113878.7,113991.4,113586.3,113701.0,104.60026459
2025-09-30 08:00:00,113701.0,113736.0,113351.0,113457.9,147.08669337
2025-09-30 09:00:00,113458.0,113458.0,112750.0,112769.2,139.30181353
2025-09-30 10:00:00,112769.2,113080.0,112668.8,112915.3,189.04865955
2025-09-30 11:00:00,112916.8,113124.0,112813.9,113055.7,126.30600603
2025-09-30 12:00:00,113055.7,113242.4,112990.7,112993.7,120.74821136
2025-09-30 13:00:00,112993.8,113663.2,112855.8,113389.9,206.76428619
2025-09-30 14:00:00,113393.9,113620.3,112901.3,113590.4,271.30436619
2025-09-30 15:00:00,113590.5,113590.5,112920.2,113097.9,231.26801474
2025-09-30 16:00:00,113098.0,113277.9,112800.3,112845.2,134.74291871
2025-09-30 17:00:00,112842.7,113500.0,112814.9,113243.0,166.61315206
2025-09-30 18:00:00,113243.1,113700.1,113183.6,113700.0,117.57812228
2025-09-30 19:00:00,113700.1,114569.5,113700.0,114348.0,191.82461281
2025-09-30 20:00:00,114354.8,114716.7,114122.0,114622.0,153.57995947
2025-09-30 21:00:00,114621.9,114752.2,114140.5,114170.3,228.77469383
2025-09-30 22:00:00,114164.6,114355.7,113888.9,113937.5,95.85669431
2025-09-30 23:00:00,113937.6,114052.4,113766.3,114052.4,91.02166344
2025-10-01 00:00:00,114052.4,114293.0,113967.0,114243.0,124.477608
2025-10-01 01:00:00,114243.1,114543.0,114147.1,114540.0,185.58142079
2025-10-01 02:00:00,114540.0,114543.5,114282.0,114282.0,136.45097616
2025-10-01 03:00:00,114281.0,114521.8,114099.9,114179.6,171.17604091
2025-10-01 04:00:00,114179.7,114695.8,114151.1,114280.1,185.94676262
2025-10-01 05:00:00,114280.1,114734.0,114268.7,114560.4,157.95085259
2025-10-01 06:00:00,114560.4,114609.9,114238.1,114275.1,186.54388936
2025-10-01 07:00:00,114275.0,114581.2,114260.1,114550.3,147.11512234
2025-10-01 08:00:00,114550.3,116588.9,114490.6,116104.8,364.00552459
2025-10-01 09:00:00,116104.8,116518.0,115952.5,116402.1,167.55278626
2025-10-01 10:00:00,116402.2,116550.3,116205.1,116263.7,111.03608799
2025-10-01 11:00:00,116263.8,116775.7,116263.7,116775.7,138.1091874
2025-10-01 12:00:00,116775.7,116866.0,116358.2,116391.5,187.9077174
2025-10-01 13:00:00,116391.5,116820.3,116391.4,116784.1,156.11993698
2025-10-01 14:00:00,116793.8,117428.5,116709.2,117296.0,277.06772122
2025-10-01 15:00:00,117296.0,117648.2,117091.3,117413.2,214.55353527
2025-10-01 16:00:00,117413.2,118186.0,117324.0,117539.9,215.09473666
2025-10-01 17:00:00,117539.1,117665.9,116726.3,116771.0,287.26418133
2025-10-01 18:00:00,116771.1,117327.0,116771.0,117228.9,162.51797468
2025-10-01 19:00:00,117228.9,117608.6,117217.0,117422.9,144.87376525
2025-10-01 20:00:00,117423.0,117533.3,117163.1,117518.6,120.1373475
2025-10-01 21:00:00,117518.7,117577.3,117346.9,117553.7,87.60504911
2025-10-01 22:00:00,117554.0,118065.0,117554.0,117740.0,127.07643806
2025-10-01 23:00:00,117739.9,118628.2,117685.9,118579.9,180.11855294
2025-10-02 00:00:00,118579.9,119426.3,118419.7,118424.8,355.64763434
2025-10-02 01:00:00,118424.8,118883.9,118380.9,118621.4,204.36592792
2025-10-02 02:00:00,118621.5,118770.6,118482.1,118753.7,210.29738126
2025-10-02 03:00:00,118753.6,119052.3,118687.1,118728.5,155.25237417
2025-10-02 04:00:00,118728.6,118915.0,118430.0,118662.9,177.17400882
2025-10-02 05:00:00,118663.0,118674.0,118274.0,118368.9,156.61073979
2025-10-02 06:00:00,118368.9,118671.4,118297.5,118657.9,113.69189694
2025-10-02 07:00:00,118658.0,118667.0,118430.3,118492.2,106.72413322
2025-10-02 08:00:00,118492.2,118666.9,118352.1,118654.3,88.61096071
2025-10-02 09:00:00,118654.3,118845.7,118564.7,118845.7,81.87430785
2025-10-02 10:00:00,118845.7,118909.0,118562.0,118593.7,151.73034945
2025-10-02 11:00:00,118593.8,118874.2,118528.0,118753.8,83.6262681
2025-10-02 12:00:00,118753.8,119398.9,118735.6,119398.9,118.21921088
2025-10-02 13:00:00,119398.9,119759.0,118922.3,119617.8,269.07871015
2025-10-02 14:00:00,119617.7,119786.1,118664.4,118819.7,215.1963134
2025-10-02 15:00:00,118819.8,119900.0,118520.8,119899.9,242.37789871
2025-10-02 16:00:00,119900.0,120291.6,119609.4,119724.9,308.50872669
2025-10-02 17:00:00,119725.0,119949.9,119363.0,119922.9,252.66024107
2025-10-02 18:00:00,119922.1,120656.9,119917.5,120513.7,275.99131692
2025-10-02 19:00:00,120513.7,121004.7,120452.7,120835.3,319.47255012
2025-10-02 20:00:00,120835.2,120901.8,120310.9,120654.1,243.43310641
2025-10-02 21:00:00,120654.0,120748.3,120143.1,120153.7,155.78401283
2025-10-02 22:00:00,120153.7,120414.0,120073.8,120252.4,134.92552783
2025-10-02 23:00:00,120252.4,120660.0,120252.3,120528.6,148.3964407
2025-10-03 00:00:00,120528.6,120550.1,120088.9,120128.4,90.34941098
2025-10-03 01:00:00,120128.4,120293.7,119827.1,119884.5,177.97048906
2025-10-03 02:00:00,119884.5,120262.4,119873.5,120169.1,208.11944876
2025-10-03 03:00:00,120169.1,120465.9,120168.5,120234.0,341.31098808
2025-10-03 04:00:00,120234.0,120312.0,120011.0,120044.2,202.23783858
2025-10-03 05:00:00,120044.3,120062.0,119760.4,119917.7,136.67753559
2025-10-03 06:00:00,119917.7,120072.0,119771.0,119910.3,75.27172112
2025-10-03 07:00:00,119910.4,120000.0,119607.7,119647.7,91.34214005
2025-10-03 08:00:00,119647.8,120067.8,119244.5,120038.4,209.85902113
2025-10-03 09:00:00,120038.5,120350.6,120016.1,120299.9,111.07455845
2025-10-03 10:00:00,120300.0,120499.2,120266.5,120425.9,138.65762879
2025-10-03 11:00:00,120426.0,120452.7,120136.4,120330.0,149.27244051
2025-10-03 12:00:00,120330.0,120389.0,120105.5,120358.2,142.97023451
2025-10-03 13:00:00,120358.3,120682.4,120113.0,120376.0,245.11842667
2025-10-03 14:00:00,120375.9,120972.0,119888.4,120902.4,350.32488348
2025-10-03 15:00:00,120902.3,122355.6,120653.4,122257.9,450.94158093
2025-10-03 16:00:00,122258.0,123870.3,122258.0,122535.5,482.30868413
2025-10-03 17:00:00,122539.0,123092.6,121598.9,122082.1,583.43935145
2025-10-03 18:00:00,122074.9,122717.5,121485.1,122539.2,471.84950943
2025-10-03 19:00:00,122539.2,122953.8,122364.5,122658.0,327.10259566
2025-10-03 20:00:00,122658.1,122719.1,122039.2,122453.2,430.55313543
2025-10-03 21:00:00,122453.2,122453.2,122012.5,122314.7,124.8974184
2025-10-03 22:00:00,122310.1,122653.3,122310.1,122476.6,136.33053983
2025-10-03 23:00:00,122476.6,122476.6,122180.7,122222.1,38.91883527
2025-10-04 00:00:00,122236.3,122292.9,121992.2,122099.1,76.27754393
2025-10-04 01:00:00,122101.0,122103.4,121699.8,121854.1,146.56441741
2025-10-04 02:00:00,121856.8,122026.2,121686.4,121841.6,132.16303376
2025-10-04 03:00:00,121841.7,122309.0,121834.2,122227.8,204.80349811
2025-10-04 04:00:00,122227.8,122508.2,122218.0,122495.0,114.6405226
2025-10-04 05:00:00,122495.0,122793.2,122405.9,122510.3,137.01877175
2025-10-04 06:00:00,122510.3,122595.4,122388.9,122442.5,152.29002708
2025-10-04 07:00:00,122442.5,122443.1,122267.5,122325.4,151.28360488
2025-10-04 08:00:00,122325.5,122529.5,122201.4,122270.5,245.54724656
2025-10-04 09:00:00,122270.6,122448.2,122194.6,122209.5,134.07029929
2025-10-04 10:00:00,122209.6,122327.9,122116.3,122120.2,47.80090883
2025-10-04 11:00:00,122120.3,122203.5,121958.4,121981.4,76.47098231
2025-10-04 12:00:00,121981.5,122095.6,121950.7,122011.4,49.12146885
2025-10-04 13:00:00,122011.5,122501.9,122011.4,122371.4,170.04587586
2025-10-04 14:00:00,122371.5,122440.6,122005.0,122005.1,95.64681968
2025-10-04 15:00:00,122002.3,122135.0,121717.8,121791.5,88.6547075
2025-10-04 16:00:00,121791.5,121966.5,121611.8,121717.3,92.55245623
2025-10-04 17:00:00,121717.3,121908.4,121670.0,121735.0,41.46078191
2025-10-04 18:00:00,121739.3,121828.9,121515.4,121567.3,40.41371823
2025-10-04 19:00:00,121567.2,121943.3,121567.2,121943.0,47.9914507
2025-10-04 20:00:00,121944.0,122063.0,121891.0,121891.0,94.93596005
2025-10-04 21:00:00,121890.9,122330.9,121871.4,122181.9,171.35778399
2025-10-04 22:00:00,122181.9,122347.4,122149.7,122288.8,94.22393427
2025-10-04 23:00:00,122288.8,122405.9,122210.9,122381.3,95.21272864
2025-10-05 00:00:00,122381.3,122406.4,122162.8,122164.7,68.27074995
2025-10-05 01:00:00,122164.7,122399.4,122150.4,122370.9,126.88754545
2025-10-05 02:00:00,122371.0,124348.9,122343.9,124026.1,283.84843602
2025-10-05 03:00:00,124032.4,124145.5,123338.6,123769.9,228.25964304
2025-10-05 04:00:00,123769.6,125734.0,123730.6,125160.5,456.73530285
2025-10-05 05:00:00,125160.7,125405.3,124869.0,125109.8,449.36166788
2025-10-05 06:00:00,125109.9,125200.7,124801.9,124993.3,271.24872481
2025-10-05 07:00:00,124997.3,125155.6,124621.8,124701.4,314.33959151
2025-10-05 08:00:00,124701.5,124822.0,124547.0,124586.8,126.06005808
2025-10-05 09:00:00,124586.8,124649.1,122795.4,123017.5,395.26488148
2025-10-05 10:00:00,123017.5,123121.8,122523.5,123038.6,374.26782152
2025-10-05 11:00:00,123038.6,123536.4,122865.1,123477.4,332.28974967
2025-10-05 12:00:00,123477.4,123477.4,122958.3,123096.9,362.81964382
2025-10-05 13:00:00,123096.9,123350.0,123087.3,123156.0,140.66384534
2025-10-05 14:00:00,123156.1,123329.0,122779.2,123036.7,213.793208
2025-10-05 15:00:00,123036.8,123036.8,122690.4,122816.9,163.09500976
2025-10-05 16:00:00,122817.0,123332.9,122314.4,123270.0,176.14273132
2025-10-05 17:00:00,123270.1,123455.5,122903.9,123057.5,178.57719913
2025-10-05 18:00:00,123057.4,123196.2,122872.5,123002.1,116.64745466216581
2025-10-05 19:00:00,123002.2,123024.5,122500.0,122593.5,87.3677628
2025-10-05 20:00:00,122593.5,123050.0,122479.6,122707.4,65.93844774
2025-10-05 21:00:00,122704.2,122792.7,122497.6,122730.7,46.08897
2025-10-05 22:00:00,122730.7,123263.6,122730.7,123237.9,152.58731079
2025-10-05 23:00:00,123237.9,123542.0,123221.9,123482.4,130.2755175
2025-10-06 00:00:00,123484.5,124359.7,123103.0,123365.9,428.74522016
2025-10-06 01:00:00,123366.0,124235.7,123203.3,124036.6,326.1225806
2025-10-06 02:00:00,124033.5,124229.0,123479.1,124124.3,410.17396703
2025-10-06 03:00:00,124124.3,124124.3,123751.4,123843.3,220.5343313
2025-10-06 04:00:00,123843.3,123984.2,123578.5,123578.5,203.85281949
2025-10-06 05:00:00,123578.6,123746.6,123303.5,123592.3,196.54820359
2025-10-06 06:00:00,123592.3,124162.2,123592.3,123954.7,194.28335882
2025-10-06 07:00:00,123954.7,124020.8,123289.5,123396.5,242.99769167
2025-10-06 08:00:00,123396.6,123872.1,123396.5,123846.9,157.88913634
2025-10-06 09:00:00,123846.9,124054.9,123787.2,123953.8,202.44325583
2025-10-06 10:00:00,123953.9,124135.8,123907.8,123975.9,102.17548556
2025-10-06 11:00:00,123975.4,124566.9,123734.4,124224.6,177.30942369
2025-10-06 12:00:00,124224.7,124752.3,124184.3,124568.1,260.50668901
2025-10-06 13:00:00,124568.2,125080.0,124406.0,125040.6,283.73713621
2025-10-06 14:00:00,125040.6,125322.7,124359.8,124516.6,340.78278497
2025-10-06 15:00:00,124516.6,125410.5,124516.6,124910.0,549.05996186
2025-10-06 16:00:00,124910.0,125496.9,124769.5,125462.1,294.03382505
2025-10-06 17:00:00,125456.9,125817.9,125119.1,125285.6,173.85675283
2025-10-06 18:00:00,125285.6,126185.4,125041.2,125999.6,163.4835795
2025-10-06 19:00:00,125999.6,126110.8,125244.4,125410.8,137.02097526
2025-10-06 20:00:00,125410.7,125531.8,125036.1,125218.7,73.35682562
2025-10-06 21:00:00,125218.7,125273.0,124514.7,125099.2,118.94838142
2025-10-06 22:00:00,125099.1,125287.0,124786.0,125022.0,133.65769875
2025-10-06 23:00:00,125022.0,125084.1,124636.8,124649.8,147.48537413
2025-10-07 00:00:00,124658.7,124920.1,124611.6,124901.8,90.00549713
2025-10-07 01:00:00,124901.8,125081.0,124452.0,124700.1,97.01140311
2025-10-07 02:00:00,124700.8,124700.8,124159.3,124267.7,207.61914747
2025-10-07 03:00:00,124267.5,124557.5,124112.0,124318.8,220.00923151
2025-10-07 04:00:00,124318.8,124644.6,124114.4,124498.5,126.3534301
2025-10-07 05:00:00,124498.6,124632.0,124248.9,124393.9,177.84578834
2025-10-07 06:00:00,124393.9,124449.1,123795.3,123892.4,217.54093178
2025-10-07 07:00:00,123892.5,124030.5,123562.6,123669.3,172.27127968
2025-10-07 08:00:00,123669.3,123978.6,123318.4,123846.0,280.56589599
2025-10-07 09:00:00,123851.7,124236.8,123851.6,124119.1,141.62664604
2025-10-07 10:00:00,124118.3,124409.3,124022.0,124272.6,161.02245592
2025-10-07 11:00:00,124272.6,124505.1,124190.1,124443.0,172.09279791
2025-10-07 12:00:00,124443.0,125125.0,124343.1,124905.1,196.94429574
2025-10-07 13:00:00,124920.9,125051.3,123363.0,123897.1,467.78043679
2025-10-07 14:00:00,123897.1,123980.7,122571.9,122732.2,566.5073577
2025-10-07 15:00:00,122732.2,122853.2,121181.2,121857.8,566.41752957
2025-10-07 16:00:00,121850.0,122077.9,120825.9,121686.3,333.83759018
2025-10-07 17:00:00,121686.4,121831.3,121099.3,121140.1,218.11078821
2025-10-07 18:00:00,121140.0,121305.8,120591.8,120895.0,224.99807962
2025-10-07 19:00:00,120894.9,122002.4,120864.5,121630.0,210.6770579
2025-10-07 20:00:00,121635.3,122190.7,121635.3,121943.4,118.06725381
2025-10-07 21:00:00,121950.0,122292.7,121780.0,122008.7,146.79056157
2025-10-07 22:00:00,122008.7,122177.8,121800.0,122008.6,97.8078766
2025-10-07 23:00:00,122008.7,122017.5,121270.1,121343.4,127.11932778
2025-10-08 00:00:00,121343.4,122080.1,121275.1,121909.4,223.93075342
2025-10-08 01:00:00,121909.5,122042.9,121613.0,121950.1,372.77115843
2025-10-08 02:00:00,121950.1,122228.7,121839.5,122049.2,384.26938449
2025-10-08 03:00:00,122049.3,122049.3,121225.8,121370.9,521.69768602
2025-10-08 04:00:00,121371.0,121903.0,121080.0,121903.0,245.09493
2025-10-08 05:00:00,121902.9,121903.0,121180.0,121369.8,232.31082438
2025-10-08 06:00:00,121369.8,121836.3,121072.3,121782.9,301.12407126
2025-10-08 07:00:00,121782.9,121866.6,121325.8,121583.5,379.95924687
2025-10-08 08:00:00,121583.9,122848.0,121525.2,122374.8,317.64103187
2025-10-08 09:00:00,122374.8,122640.0,122374.7,122510.1,185.79357606
2025-10-08 10:00:00,122510.2,123088.1,122497.3,122940.8,204.47193019
2025-10-08 11:00:00,122940.8,123190.7,122748.7,122884.3,297.42448852
2025-10-08 12:00:00,122884.3,123045.0,122540.8,122614.8,227.95933971
2025-10-08 13:00:00,122615.3,122768.1,121665.6,122610.0,446.40798973
2025-10-08 14:00:00,122602.9,123338.2,122112.8,122320.0,569.85941465
2025-10-08 15:00:00,122320.1,122620.6,121964.3,122185.3,426.13569389
2025-10-08 16:00:00,122185.3,123112.5,122126.8,123040.1,431.90393526
2025-10-08 17:00:00,123040.1,124206.2,122961.2,124024.3,271.93288997
2025-10-08 18:00:00,124032.5,124188.0,123415.5,123452.4,258.26692116
2025-10-08 19:00:00,123452.5,123745.0,123159.8,123452.8,191.88504405
2025-10-08 20:00:00,123450.0,123716.8,122825.5,122853.4,126.37261449
2025-10-08 21:00:00,122853.3,123318.3,122800.1,123276.5,74.30870928
2025-10-08 22:00:00,123276.6,123410.0,123203.8,123203.8,36.85546775
2025-10-08 23:00:00,123200.8,123515.3,123050.2,123304.8,77.62330513
2025-10-09 00:00:00,123304.8,123339.6,122846.0,122846.0,126.29091457
2025-10-09 01:00:00,122845.4,122845.4,122339.3,122554.9,247.70901569
2025-10-09 02:00:00,122554.9,122554.9,121476.7,121624.2,321.95311177
2025-10-09 03:00:00,121624.1,122105.7,121610.1,122037.9,208.26875071
2025-10-09 04:00:00,122038.0,122260.4,121904.8,122146.3,222.05023864
2025-10-09 05:00:00,122146.4,122183.9,121804.2,122119.9,210.25768738
2025-10-09 06:00:00,122120.0,122175.8,121892.2,121958.3,224.87056864
2025-10-09 07:00:00,121958.3,122060.2,121721.9,121896.3,155.84534179
2025-10-09 08:00:00,121896.4,121952.2,121147.6,121264.6,277.44520862
2025-10-09 09:00:00,121264.7,121828.6,121264.6,121814.5,356.74340333
2025-10-09 10:00:00,121814.6,122338.6,121659.1,122157.4,185.43355618
2025-10-09 11:00:00,122157.5,122817.9,122157.4,122748.4,234.88071401
2025-10-09 12:00:00,122748.3,123749.9,122723.4,123559.2,295.32222813
2025-10-09 13:00:00,123559.3,123628.3,122286.9,122386.6,441.2130031
2025-10-09 14:00:00,122387.3,122585.5,120781.0,121320.2,822.81170731
2025-10-09 15:00:00,121320.3,121728.3,120691.8,121158.4,483.27556764
2025-10-09 16:00:00,121158.4,121478.0,119718.7,119833.9,347.31613614
2025-10-09 17:00:00,119827.9,121025.3,119661.4,120974.4,256.52529127
2025-10-09 18:00:00,120974.0,121098.1,120387.0,120671.0,146.58369202
2025-10-09 19:00:00,120666.6,121098.4,120666.0,120951.9,86.61481089
2025-10-09 20:00:00,120952.2,121199.8,120849.1,121106.6,88.10890393
2025-10-09 21:00:00,121106.7,121500.0,121065.8,121459.9,72.71921773
2025-10-09 22:00:00,121459.9,121758.7,121411.4,121694.9,88.27866437
2025-10-09 23:00:00,121694.9,121748.9,121348.8,121651.2,71.69655373
2025-10-10 00:00:00,121651.2,121854.8,121602.7,121754.3,183.01809168
2025-10-10 01:00:00,121754.3,121873.6,121500.7,121638.1,136.23713194
2025-10-10 02:00:00,121638.2,121644.9,120911.4,121062.3,228.0859133
2025-10-10 03:00:00,121062.3,121565.4,120923.4,121042.1,371.77254643
2025-10-10 04:00:00,121042.1,121394.2,121037.2,121243.3,233.26373564
2025-10-10 05:00:00,121243.4,121599.9,121000.0,121591.7,166.30544913
2025-10-10 06:00:00,121591.7,121762.2,121256.4,121382.1,321.07924671
2025-10-10 07:00:00,121382.1,121382.1,120883.0,120928.3,320.65601847
2025-10-10 08:00:00,120928.8,121652.0,120928.7,121633.1,217.84005436
2025-10-10 09:00:00,121632.4,121777.2,121273.3,121305.0,194.14136618
2025-10-10 10:00:00,121305.1,121524.9,121231.3,121490.3,130.13462413
2025-10-10 11:00:00,121490.4,121647.1,121419.4,121558.0,174.06108774
2025-10-10 12:00:00,121558.0,121678.2,121429.0,121591.9,190.14720391
2025-10-10 13:00:00,121592.0,122515.7,121383.5,121687.4,405.70934247
2025-10-10 14:00:00,121687.0,122048.6,120478.7,120489.2,632.81929664
2025-10-10 15:00:00,120489.1,120613.4,118501.0,119019.9,931.67084418
2025-10-10 16:00:00,119020.8,119471.0,118215.1,118215.1,590.11723511
2025-10-10 17:00:00,118215.1,118418.4,117583.6,117627.6,584.04009312
2025-10-10 18:00:00,117627.6,117844.4,117230.0,117230.8,457.32512005
2025-10-10 19:00:00,117230.7,117333.0,115947.5,116667.7,791.98813096
2025-10-10 20:00:00,116667.8,117195.7,112980.2,114276.4,959.62584138
2025-10-10 21:00:00,114287.3,115099.9,102500.0,113500.1,2794.61419393
2025-10-10 22:00:00,113500.1,114000.0,112089.7,113625.2,1048.20138169
2025-10-10 23:00:00,113603.3,114840.8,112747.0,112778.9,716.19536134
2025-10-11 00:00:00,112759.4,113160.4,111621.0,112527.8,560.19403512
2025-10-11 01:00:00,112526.9,112532.1,111033.2,111098.3,430.28919399
2025-10-11 02:00:00,111098.1,113268.6,111084.3,113196.5,580.58815936
2025-10-11 03:00:00,113196.6,113315.7,111795.1,112301.6,529.30266437
2025-10-11 04:00:00,112300.1,112950.0,111705.7,112930.0,392.71411687
2025-10-11 05:00:00,112936.5,112936.5,112011.0,112389.4,324.21233883
2025-10-11 06:00:00,112391.5,112765.4,112014.7,112073.3,311.54092854
2025-10-11 07:00:00,112073.4,112103.8,110055.0,110393.9,664.55108958
2025-10-11 08:00:00,110394.0,111538.8,110166.0,111350.0,625.19031707
2025-10-11 09:00:00,111350.1,111903.7,111293.0,111660.1,483.51582839
2025-10-11 10:00:00,111660.1,112275.1,111650.1,112130.0,407.96042278
2025-10-11 11:00:00,112130.0,112369.6,111712.0,112299.9,265.47240698
2025-10-11 12:00:00,112299.8,112484.4,112070.1,112390.1,232.32748248
2025-10-11 13:00:00,112390.1,112520.1,111901.6,112283.4,298.98708097
2025-10-11 14:00:00,112283.4,112358.7,111891.3,111994.5,215.00488658
2025-10-11 15:00:00,111994.5,112397.4,111808.0,111812.5,195.79009844
2025-10-11 16:00:00,111809.2,112094.9,111458.7,111855.4,169.35868661
2025-10-11 17:00:00,111855.5,112194.2,111719.1,112011.8,161.86626557
2025-10-11 18:00:00,112011.8,112037.3,111849.1,111955.0,89.60190941
2025-10-11 19:00:00,111954.9,112030.3,110874.1,111182.0,364.75531028
2025-10-11 20:00:00,111182.0,111369.9,109688.2,110265.4,543.38138025
2025-10-11 21:00:00,110260.1,110996.9,109569.3,110898.1,421.82781077
2025-10-11 22:00:00,110898.1,111294.1,110650.1,111050.0,247.72958011
2025-10-11 23:00:00,111050.0,111110.0,110649.6,110649.7,272.90963634
2025-10-12 00:00:00,110649.7,110679.1,109578.3,109646.9,322.80295933
2025-10-12 01:00:00,109647.0,110331.6,109643.2,109978.5,569.16220721
2025-10-12 02:00:00,109978.5,110707.6,109607.0,110127.5,492.38934203
2025-10-12 03:00:00,110120.1,111359.3,110004.3,110677.9,513.22198015
2025-10-12 04:00:00,110678.0,111944.3,110620.0,111520.1,394.07054714
2025-10-12 05:00:00,111525.5,111810.2,111198.7,111700.6,191.44969303
2025-10-12 06:00:00,111700.6,112123.8,111616.3,111686.0,167.333979
2025-10-12 07:00:00,111686.0,111944.2,111500.0,111520.0,122.13295572
2025-10-12 08:00:00,111520.0,111800.0,111299.7,111304.0,175.80578813
2025-10-12 09:00:00,111304.0,111910.2,111145.4,111834.9,196.34682809
2025-10-12 10:00:00,111834.9,112029.1,111447.0,111657.7,176.27969282
2025-10-12 11:00:00,111657.8,112125.9,111480.0,111847.7,195.74214218
2025-10-12 12:00:00,111847.7,112232.4,111555.1,111794.2,181.04492065
2025-10-12 13:00:00,111794.2,111933.7,111274.9,111303.0,192.71990155
2025-10-12 14:00:00,111303.0,112989.6,111183.0,112330.0,501.44408485
2025-10-12 15:00:00,112332.3,113754.8,112080.1,113214.4,739.68068097
2025-10-12 16:00:00,113204.8,114702.5,113204.7,114068.4,579.53135999
2025-10-12 17:00:00,114079.8,114472.2,113530.0,113808.5,479.87415282
2025-10-12 18:00:00,113808.5,114245.5,113564.0,113881.9,187.95096003
2025-10-12 19:00:00,113881.8,114385.0,113826.5,114345.6,152.44072712
2025-10-12 20:00:00,114345.7,115441.1,114345.6,114927.9,324.57334007
2025-10-12 21:00:00,114928.0,115609.6,114261.3,114871.9,301.37285592
2025-10-12 22:00:00,114873.9,115751.6,114873.9,115223.6,480.08404456
2025-10-12 23:00:00,115223.7,115354.7,114743.7,114956.2,226.73113445
2025-10-13 00:00:00,114956.3,115898.1,114786.7,115281.3,606.04321023
2025-10-13 01:00:00,115280.0,115750.4,115094.4,115707.9,380.86448632
2025-10-13 02:00:00,115710.0,115968.8,115012.6,115310.0,291.07953896
2025-10-13 03:00:00,115319.7,115613.0,114630.1,114829.1,336.10876132
2025-10-13 04:00:00,114829.2,115000.0,114420.0,114711.6,283.99363425
2025-10-13 05:00:00,114710.1,114844.8,114513.0,114607.5,156.71132482
2025-10-13 06:00:00,114607.5,115373.9,114422.0,115224.4,179.42496273
2025-10-13 07:00:00,115224.5,115553.7,115038.9,115399.8,156.31307755
2025-10-13 08:00:00,115399.8,115434.1,115140.2,115276.0,121.61687834
2025-10-13 09:00:00,115276.1,115276.1,114769.3,115113.5,135.35020517
2025-10-13 10:00:00,115124.6,115162.1,114747.6,114822.7,160.05419505
2025-10-13 11:00:00,114822.6,114822.6,113616.8,114184.1,267.21102035
2025-10-13 12:00:00,114184.1,114743.1,113931.0,114410.4,275.28736236
2025-10-13 13:00:00,114404.9,115533.1,114220.1,115350.0,637.45835884
2025-10-13 14:00:00,115343.8,115468.5,113808.3,114040.0,692.31924586
2025-10-13 15:00:00,114037.4,114719.8,113986.2,114317.0,427.7643524
2025-10-13 16:00:00,114317.0,115164.8,114271.6,114664.6,384.38578155
2025-10-13 17:00:00,114664.7,115043.0,114217.8,115043.0,335.85036446
2025-10-13 18:00:00,115030.0,115362.3,114715.0,115165.0,365.56719442
2025-10-13 19:00:00,115164.8,115878.1,115064.5,115800.0,266.96835686
2025-10-13 20:00:00,115795.5,115867.5,115403.7,115714.2,143.8217195
2025-10-13 21:00:00,115713.4,115809.3,115555.5,115697.3,80.90132132
2025-10-13 22:00:00,115700.0,115827.8,115446.5,115502.3,81.60279332
2025-10-13 23:00:00,115502.3,115502.3,115011.5,115166.4,122.47699196
2025-10-14 00:00:00,115166.4,115409.9,114875.9,114959.1,143.26927461
2025-10-14 01:00:00,114959.0,114986.9,114139.2,114266.1,212.17194257
2025-10-14 02:00:00,114266.1,114292.0,113648.1,113648.2,161.03552931
2025-10-14 03:00:00,113648.1,113698.7,113272.3,113484.9,279.82962334
2025-10-14 04:00:00,113487.4,113594.5,112789.3,113059.9,474.78626081
2025-10-14 05:00:00,113060.0,113681.7,112400.0,112493.2,532.179229
2025-10-14 06:00:00,112493.1,112696.4,111371.7,111988.4,438.65932378
2025-10-14 07:00:00,111988.5,112189.4,111483.2,111737.8,445.46314401
2025-10-14 08:00:00,111737.7,112136.6,111522.7,111811.2,261.47600712
2025-10-14 09:00:00,111811.2,111999.2,111063.7,111300.7,297.29731624
2025-10-14 10:00:00,111300.7,111335.5,110024.1,110627.2,447.20548717
2025-10-14 11:00:00,110627.2,111624.4,110620.0,111321.4,400.13846232
2025-10-14 12:00:00,111320.7,111361.3,110738.3,110794.1,304.02381766
2025-10-14 13:00:00,110799.6,111312.8,109868.0,111020.3,746.85414863
2025-10-14 14:00:00,111014.2,112199.3,110911.3,111420.0,784.39472305
2025-10-14 15:00:00,111426.8,112900.1,111076.1,112898.4,573.56005949
2025-10-14 16:00:00,112900.0,113191.5,112193.6,112333.3,690.39779977
2025-10-14 17:00:00,112333.3,112927.1,111705.7,112765.3,538.02772901
2025-10-14 18:00:00,112765.4,113450.9,112668.5,112859.3,365.10666991
2025-10-14 19:00:00,112859.4,113528.2,112026.2,112608.5,555.79747368
2025-10-14 20:00:00,112609.8,113000.0,112231.9,112992.2,202.14507676
2025-10-14 21:00:00,112992.2,113183.3,112701.9,113127.8,102.0665615
2025-10-14 22:00:00,113130.0,113560.1,112804.8,113205.6,140.29325439
2025-10-14 23:00:00,113205.6,113504.8,113010.0,113030.0,128.92986146
2025-10-15 00:00:00,113033.3,113109.9,112609.5,112997.9,275.05027139
2025-10-15 01:00:00,112997.9,113004.1,112335.5,112725.6,307.41419335
2025-10-15 02:00:00,112725.7,113601.2,112673.9,112814.0,375.55501829
2025-10-15 03:00:00,112813.6,112858.5,111825.9,112016.2,371.52181157
2025-10-15 04:00:00,112016.3,112456.0,111753.2,112342.1,193.66965293
2025-10-15 05:00:00,112342.1,112654.2,112188.6,112425.3,215.85118969
2025-10-15 06:00:00,112425.3,112563.1,111896.7,112449.8,177.31513983
2025-10-15 07:00:00,112449.8,112679.4,112236.4,112579.9,178.49271255
2025-10-15 08:00:00,112579.9,113519.0,112550.0,112946.0,271.44464492
2025-10-15 09:00:00,112944.7,113126.6,112388.0,112574.9,196.83055357
2025-10-15 10:00:00,112574.8,112645.7,112098.0,112254.9,215.47451389
2025-10-15 11:00:00,112254.9,112596.4,111694.0,111901.8,185.78384004
2025-10-15 12:00:00,111901.8,112084.7,111399.7,111710.0,207.32596577
2025-10-15 13:00:00,111710.0,112011.9,110739.9,111392.4,589.55055735
2025-10-15 14:00:00,111392.4,112231.8,110808.6,111071.0,595.51337124
2025-10-15 15:00:00,111071.0,111595.8,110387.8,110798.1,567.66514287
2025-10-15 16:00:00,110798.1,111130.8,110603.6,110745.9,334.36884603
2025-10-15 17:00:00,110745.9,111197.1,110170.9,111186.8,352.34519346
2025-10-15 18:00:00,111186.8,111499.2,110830.0,111445.7,176.31536519
2025-10-15 19:00:00,111445.7,111557.0,111098.1,111270.0,195.05211058
2025-10-15 20:00:00,111270.0,111556.3,110526.0,111102.6,249.22269686
2025-10-15 21:00:00,111102.7,111420.2,110501.8,110840.0,352.23655081
2025-10-15 22:00:00,110850.0,111382.9,110667.0,110667.0,292.01586433
2025-10-15 23:00:00,110667.1,111002.0,110590.0,110750.1,206.17960169
2025-10-16 00:00:00,110754.7,110849.9,110362.4,110430.5,414.48199687
2025-10-16 01:00:00,110428.1,111318.7,110425.0,111290.0,317.36018466
2025-10-16 02:00:00,111298.6,111569.6,111020.1,111510.4,243.07477076
2025-10-16 03:00:00,111510.4,111843.9,111272.5,111320.6,289.72227086
2025-10-16 04:00:00,111325.8,111659.9,110811.8,110974.1,232.31464049
2025-10-16 05:00:00,110974.1,111463.3,110750.4,110941.8,217.61758927
2025-10-16 06:00:00,110941.8,111707.2,110926.8,111667.5,301.736788
2025-10-16 07:00:00,111671.3,111758.2,110564.4,110589.6,209.45429402
2025-10-16 08:00:00,110587.0,110892.0,110413.6,110817.4,153.30390505
2025-10-16 09:00:00,110817.5,111644.1,109638.4,111149.3,495.9281874
2025-10-16 10:00:00,111149.4,111710.9,111027.9,111474.5,336.44140211
2025-10-16 11:00:00,111470.3,111560.2,111009.0,111404.6,204.04946222
2025-10-16 12:00:00,111404.7,111993.2,111334.1,111522.1,262.81379692
2025-10-16 13:00:00,111520.0,111548.1,110684.0,110858.0,419.1867827
2025-10-16 14:00:00,110870.0,111415.2,109734.6,110520.0,717.61510152
2025-10-16 15:00:00,110519.9,110720.7,108356.3,108555.2,893.29327778
2025-10-16 16:00:00,108555.1,109265.9,107580.5,109230.0,720.9358732359867
2025-10-16 17:00:00,109240.0,109241.4,108231.6,108267.2,549.18218901
2025-10-16 18:00:00,108270.6,108654.7,107686.3,108654.7,452.27790552
2025-10-16 19:00:00,108654.7,108749.5,107682.0,108190.0,527.4865748
2025-10-16 20:00:00,108190.0,108420.3,107430.7,107832.8,303.17100911
2025-10-16 21:00:00,107838.1,108463.4,107589.9,108443.1,180.95335307
2025-10-16 22:00:00,108443.1,108500.0,107783.8,107793.6,216.0357578
2025-10-16 23:00:00,107793.6,108432.9,107739.6,108200.9,174.74840329
2025-10-17 00:00:00,108196.3,108819.6,107934.8,108797.9,148.92615142
2025-10-17 01:00:00,108799.8,109100.0,108518.1,108831.6,211.90866814
2025-10-17 02:00:00,108835.7,109068.2,108400.1,108970.1,256.73194702
2025-10-17 03:00:00,108970.1,109223.3,108906.2,109164.2,191.72614982
2025-10-17 04:00:00,109170.0,109233.0,108790.1,108798.0,136.77648996
2025-10-17 05:00:00,108792.8,108924.1,108310.5,108382.9,152.9202427
2025-10-17 06:00:00,108383.1,108510.0,106639.1,106743.7,419.34089311
2025-10-17 07:00:00,106743.7,106901.9,105532.8,105618.8,507.90948347
2025-10-17 08:00:00,105618.8,105720.8,104500.0,104889.1,632.23396726
2025-10-17 09:00:00,104889.0,105623.5,104519.3,104538.6,363.59495544
2025-10-17 10:00:00,104535.4,104917.5,103500.0,104752.0,523.55631713
2025-10-17 11:00:00,104760.0,106597.5,104680.0,105696.7,759.3916637
2025-10-17 12:00:00,105694.8,106069.3,105238.0,105352.5,262.55934334
2025-10-17 13:00:00,105352.5,106163.2,104875.2,105829.9,534.31219495
2025-10-17 14:00:00,105829.8,105989.0,104540.1,105159.9,920.56062841
2025-10-17 15:00:00,105160.0,106839.5,105100.0,106803.4,660.34320402
2025-10-17 16:00:00,106800.1,107551.8,106242.9,106376.4,592.34035564
2025-10-17 17:00:00,106376.5,106723.5,106049.2,106460.0,452.41639239
2025-10-17 18:00:00,106454.4,107084.6,106454.4,106648.3,265.42355272
2025-10-17 19:00:00,106652.8,106880.0,106239.1,106450.9,271.86128623
2025-10-17 20:00:00,106455.6,107174.5,106333.7,107007.7,184.61610405
2025-10-17 21:00:00,107020.0,107440.1,107010.1,107301.8,140.07956878
2025-10-17 22:00:00,107301.8,107415.8,106826.9,106997.9,107.04946245
2025-10-17 23:00:00,106998.0,106998.0,106384.6,106445.1,96.76582527
2025-10-18 00:00:00,106445.2,106841.6,106326.1,106840.0,141.72583063
2025-10-18 01:00:00,106843.1,107293.3,106825.9,107154.3,226.81910716
2025-10-18 02:00:00,107154.4,107293.7,106500.0,106588.4,196.05944729
2025-10-18 03:00:00,106588.3,107120.1,106576.2,107075.4,165.99056409
2025-10-18 04:00:00,107075.4,107075.4,106454.0,106480.0,156.77707568
2025-10-18 05:00:00,106480.0,106842.7,106480.0,106820.0,113.74321248
2025-10-18 06:00:00,106813.6,106951.9,106719.9,106852.5,100.19984812
2025-10-18 07:00:00,106852.5,107491.4,106641.5,106700.0,293.76769909
2025-10-18 08:00:00,106693.4,106970.5,106630.0,106719.2,169.47422348
2025-10-18 09:00:00,106719.3,106937.7,106633.9,106883.6,100.60409378
2025-10-18 10:00:00,106883.7,107139.3,106791.1,106919.5,109.08253378
2025-10-18 11:00:00,106919.5,107220.0,106763.6,107210.1,101.07636115
2025-10-18 12:00:00,107210.2,107297.7,106959.8,107062.9,92.3160554
2025-10-18 13:00:00,107062.9,107097.4,106814.8,106881.7,93.80778006
2025-10-18 14:00:00,106881.7,107120.0,106734.8,107020.1,88.85655641
2025-10-18 15:00:00,107020.1,107144.9,106816.0,106939.2,97.14352646
2025-10-18 16:00:00,106939.2,107045.1,106476.5,106664.0,131.58524648
2025-10-18 17:00:00,106664.0,106949.8,106573.2,106879.9,77.35795524
2025-10-18 18:00:00,106880.0,106917.3,106722.7,106839.0,61.37578801
2025-10-18 19:00:00,106839.0,107087.7,106762.7,107076.1,64.25496008
2025-10-18 20:00:00,107076.1,107334.6,106991.8,107013.1,86.53584796
2025-10-18 21:00:00,107013.0,107227.8,106848.1,107177.0,68.25941011
2025-10-18 22:00:00,107177.0,107285.7,107073.6,107121.0,58.21700385
2025-10-18 23:00:00,107121.0,107200.0,107010.0,107185.7,46.81128895
2025-10-19 00:00:00,107185.6,107265.8,106757.3,106896.7,130.25758413
2025-10-19 01:00:00,106896.7,106985.3,106750.1,106960.0,69.17512686
2025-10-19 02:00:00,106968.2,106996.1,106815.1,106850.8,60.38304025
2025-10-19 03:00:00,106850.8,107359.1,106807.6,107267.9,134.78471034
2025-10-19 04:00:00,107267.9,107286.6,106982.9,107029.0,87.58123866
2025-10-19 05:00:00,107040.0,107182.7,106812.1,106884.7,55.89780776
2025-10-19 06:00:00,106888.1,106910.1,106563.3,106775.4,60.75953888
2025-10-19 07:00:00,106775.5,106912.3,106702.9,106777.6,52.4764066
2025-10-19 08:00:00,106777.7,107203.4,106267.9,106455.7,317.05817063
2025-10-19 09:00:00,106451.6,108200.9,106119.5,107398.3,427.31290523
2025-10-19 10:00:00,107398.3,107882.2,107003.7,107882.2,386.97665295
2025-10-19 11:00:00,107882.1,108245.5,107643.6,107781.4,284.89561999
2025-10-19 12:00:00,107790.9,107857.6,107446.5,107654.6,189.74054039
2025-10-19 13:00:00,107660.0,108220.0,107369.4,108070.0,169.43635188
2025-10-19 14:00:00,108073.9,108500.0,107887.3,108405.6,216.76913451
2025-10-19 15:00:00,108405.6,108611.9,108333.3,108486.8,137.52984954
2025-10-19 16:00:00,108486.8,108952.8,108244.0,108623.2,118.98691026
2025-10-19 17:00:00,108623.4,109436.8,108623.3,109116.9,177.45394241
2025-10-19 18:00:00,109113.5,109445.9,109035.4,109381.3,104.95060936
2025-10-19 19:00:00,109381.4,109381.4,108803.5,108911.8,95.40254529
2025-10-19 20:00:00,108911.8,108986.0,108816.4,108843.1,73.9329596
2025-10-19 21:00:00,108843.1,108868.7,108614.5,108740.1,49.93132181
2025-10-19 22:00:00,108740.3,109366.7,108740.3,109153.3,121.95817534
2025-10-19 23:00:00,109150.0,109150.0,108475.1,108648.0,77.86827571824563
2025-10-20 00:00:00,108648.0,108648.0,107432.0,108058.3,339.63162095
2025-10-20 01:00:00,108058.4,108280.4,107900.1,108059.4,332.77967799
2025-10-20 02:00:00,108059.3,108961.9,107857.8,108768.3,314.02118109
2025-10-20 03:00:00,108768.3,110420.0,108564.8,110153.8,310.92278231
2025-10-20 04:00:00,110144.1,110524.2,109951.9,110431.2,294.55478111
2025-10-20 05:00:00,110430.1,111104.8,110293.5,111020.0,221.1690673
2025-10-20 06:00:00,111028.6,111361.8,110995.9,111289.9,217.12593928
2025-10-20 07:00:00,111290.0,111400.0,111051.0,111186.4,123.17531004
2025-10-20 08:00:00,111172.1,111641.2,110950.0,111096.1,183.25244796
2025-10-20 09:00:00,111096.1,111196.9,110701.1,110969.9,148.65157738
2025-10-20 10:00:00,110970.0,111098.1,110661.3,110740.1,171.69618095
2025-10-20 11:00:00,110740.0,111020.3,110618.5,111009.8,144.6312678
2025-10-20 12:00:00,111009.9,111204.6,110778.9,110838.2,128.14594044
2025-10-20 13:00:00,110838.3,111213.6,110600.0,111160.0,181.84993331
2025-10-20 14:00:00,111161.5,111389.9,110733.1,111210.9,199.68427808
2025-10-20 15:00:00,111211.0,111695.3,111000.0,111133.2,209.6578098
2025-10-20 16:00:00,111137.7,111306.2,110112.1,110671.3,406.44707913
2025-10-20 17:00:00,110678.3,111071.5,109867.1,110279.8,244.0032864
2025-10-20 18:00:00,110279.8,110966.4,110219.9,110943.4,160.5930752
2025-10-20 19:00:00,110943.4,111073.9,110529.1,110821.7,141.37515799
2025-10-20 20:00:00,110808.6,111259.0,110664.9,111066.6,120.96370247
2025-10-20 21:00:00,111086.8,111242.9,110467.8,110563.0,83.30371107
2025-10-20 22:00:00,110563.0,110867.5,110418.1,110793.1,51.11157827
2025-10-20 23:00:00,110793.2,110819.5,110521.3,110535.9,71.58072167
2025-10-21 00:00:00,110535.9,110535.9,110169.1,110476.4,91.93024107
2025-10-21 01:00:00,110459.1,110485.9,109570.3,109870.6,112.99390572
2025-10-21 02:00:00,109864.1,109914.7,109311.8,109515.8,175.99763611
2025-10-21 03:00:00,109515.9,109626.6,109078.9,109078.9,147.2515236
2025-10-21 04:00:00,109078.2,109078.2,107651.3,107794.8,398.50571703
2025-10-21 05:00:00,107794.9,107987.0,107465.9,107537.2,247.08204648
2025-10-21 06:00:00,107537.2,108200.0,107505.3,107913.9,165.16270031
2025-10-21 07:00:00,107911.8,108198.3,107650.8,108086.4,123.58273369
2025-10-21 08:00:00,108086.4,108098.8,107500.0,107696.0,110.43568781
2025-10-21 09:00:00,107696.2,107862.3,107543.8,107749.4,103.54232056
2025-10-21 10:00:00,107749.4,108831.4,107571.4,108499.7,186.56631485
2025-10-21 11:00:00,108499.6,108631.5,108169.3,108578.9,112.00831292
2025-10-21 12:00:00,108579.0,109470.7,108467.9,108781.9,190.12597243
2025-10-21 13:00:00,108782.0,108903.3,107920.7,108422.6,332.2406607
2025-10-21 14:00:00,108436.2,112305.9,108416.4,112176.1,620.54211104
2025-10-21 15:00:00,112176.1,113552.9,111726.0,113427.6,490.90911983
2025-10-21 16:00:00,113423.2,113975.0,112465.2,112548.4,355.995091
2025-10-21 17:00:00,112566.9,112993.7,111808.7,112012.3,483.00100443
2025-10-21 18:00:00,112009.0,112297.3,111345.0,111990.5,241.95025495
2025-10-21 19:00:00,111987.9,112200.0,111567.4,111770.4,177.26653843
2025-10-21 20:00:00,111781.7,111804.0,110566.3,110787.7,260.35117623
2025-10-21 21:00:00,110790.7,111113.8,110118.3,110821.8,224.74819376
2025-10-21 22:00:00,110821.8,110821.8,108296.7,109076.6,384.38791247
2025-10-21 23:00:00,109076.7,109441.3,108071.8,108323.6,307.22716528
2025-10-22 00:00:00,108312.5,108648.0,107856.7,107996.0,240.29351767
2025-10-22 01:00:00,107996.1,108473.0,107996.1,108370.2,197.55101621
2025-10-22 02:00:00,108370.3,108673.5,108230.4,108230.4,132.16963814
2025-10-22 03:00:00,108219.6,108229.1,107881.4,108209.5,118.9513663
2025-10-22 04:00:00,108215.8,108634.4,108174.6,108624.0,90.25514658
2025-10-22 05:00:00,108624.0,108642.5,107889.5,108170.8,129.6905065
2025-10-22 06:00:00,108170.9,108344.6,107952.5,107989.9,90.16982691
2025-10-22 07:00:00,107985.7,108323.5,107619.3,108319.5,158.77289632
2025-10-22 08:00:00,108319.6,108348.0,108079.9,108214.8,104.12008044
2025-10-22 09:00:00,108214.9,108264.1,107759.7,107959.7,116.60504727
2025-10-22 10:00:00,107959.8,108107.3,107644.3,107658.0,130.07814343
2025-10-22 11:00:00,107658.0,108208.6,106709.8,107556.2,430.80583506
2025-10-22 12:00:00,107556.2,108391.7,107449.7,108039.5,203.90088913
2025-10-22 13:00:00,108039.5,109022.9,107630.4,108787.9,381.49917533
2025-10-22 14:00:00,108783.2,109033.0,107508.3,108952.3,671.14012922
2025-10-22 15:00:00,108952.8,109158.5,107743.4,108411.8,448.93412027
2025-10-22 16:00:00,108411.8,108800.0,107854.3,108223.8,493.70126372
2025-10-22 17:00:00,108223.9,108336.4,107568.2,107786.1,299.51489104
2025-10-22 18:00:00,107781.7,108196.9,107467.3,108005.3,265.28948431
2025-10-22 19:00:00,108005.3,108408.4,107684.0,107884.6,218.97398303
2025-10-22 20:00:00,107868.4,108061.1,107494.3,107680.8,194.06694688
2025-10-22 21:00:00,107680.9,107737.6,106667.3,107198.6,316.28774706
2025-10-22 22:00:00,107191.9,107696.8,106915.3,107192.5,254.23369286
2025-10-22 23:00:00,107186.6,107932.7,107166.3,107586.5,199.66810843
2025-10-23 00:00:00,107579.2,107977.3,107503.6,107851.7,148.49062648
2025-10-23 01:00:00,107857.7,108524.9,107819.3,108155.4,215.51864107
2025-10-23 02:00:00,108155.4,108430.4,108074.2,108430.4,74.94107522
2025-10-23 03:00:00,108430.4,108723.1,108337.0,108374.5,70.47697448
2025-10-23 04:00:00,108380.5,108932.5,108361.4,108653.5,67.77921172
2025-10-23 05:00:00,108653.5,108996.4,108637.5,108961.1,55.69825107
2025-10-23 06:00:00,108961.2,110310.6,108857.3,110259.8,222.05719719
2025-10-23 07:00:00,110259.9,110275.9,109222.2,109264.3,146.85790672
2025-10-23 08:00:00,109264.2,109899.9,109257.1,109498.0,150.75845992
2025-10-23 09:00:00,109498.0,109534.9,109137.7,109426.8,94.57389935
2025-10-23 10:00:00,109427.1,109699.5,109385.2,109440.0,90.15383142
2025-10-23 11:00:00,109440.0,109659.0,109116.0,109254.1,114.74620641
2025-10-23 12:00:00,109254.0,109254.1,108696.6,109165.0,189.22915332
2025-10-23 13:00:00,109165.1,109627.5,108807.4,109502.2,197.99425989
2025-10-23 14:00:00,109503.3,109843.2,108711.5,109598.5,365.70361791
2025-10-23 15:00:00,109598.5,110121.7,109489.1,109909.1,279.84637568
2025-10-23 16:00:00,109913.8,110574.7,109660.8,110272.9,169.60554414
2025-10-23 17:00:00,110265.9,111303.8,109635.4,111244.5,283.71305185
2025-10-23 18:00:00,111244.5,111304.0,110273.6,110593.3,149.504353
2025-10-23 19:00:00,110593.4,110638.1,110110.0,110202.8,90.24930517
2025-10-23 20:00:00,110202.8,110202.8,109349.9,109535.0,126.42050935
2025-10-23 21:00:00,109535.1,109738.2,109370.2,109539.5,85.31835931
2025-10-23 22:00:00,109539.6,110158.2,109523.4,109947.0,75.14943813
2025-10-23 23:00:00,109947.0,110100.0,109838.8,110068.6,41.29607266
2025-10-24 00:00:00,110068.7,110704.3,109998.3,110504.6,114.14728422
2025-10-24 01:00:00,110504.7,110676.0,110150.0,110589.3,89.14339149
2025-10-24 02:00:00,110589.3,110826.2,110352.5,110586.3,98.57444485
2025-10-24 03:00:00,110575.2,110643.7,110292.9,110456.4,69.35245129
2025-10-24 04:00:00,110456.4,111481.8,110351.8,111191.9,179.09732322
2025-10-24 05:00:00,111178.5,111311.5,110944.5,111260.2,109.83286702
2025-10-24 06:00:00,111260.3,111499.1,111119.9,111466.6,88.0048231
2025-10-24 07:00:00,111466.6,111529.7,110771.8,111061.0,131.23347896
2025-10-24 08:00:00,111061.0,111222.1,110695.3,111101.0,121.89127605
2025-10-24 09:00:00,111097.7,111477.1,111004.5,111331.7,106.3469852
2025-10-24 10:00:00,111331.7,111331.7,111076.0,111114.0,91.95112734
2025-10-24 11:00:00,111114.0,111280.4,110606.0,111066.3,141.5238869
2025-10-24 12:00:00,111068.9,112132.3,110878.1,111297.6,391.21740565
2025-10-24 13:00:00,111297.7,111442.6,110362.0,110937.2,298.82305671
2025-10-24 14:00:00,110937.3,110937.3,109703.5,110213.8,378.19517014004686
2025-10-24 15:00:00,110213.8,110612.1,109895.5,110046.9,164.91018528
2025-10-24 16:00:00,110047.0,110386.4,109802.2,110255.5,110.82314671
2025-10-24 17:00:00,110257.7,110571.0,110184.3,110232.0,103.91103213
2025-10-24 18:00:00,110230.0,110634.6,110168.5,110619.0,88.91761427
2025-10-24 19:00:00,110619.1,110941.8,110528.9,110617.1,95.80844529
2025-10-24 20:00:00,110617.2,111014.2,110472.5,110890.6,62.10388705
2025-10-24 21:00:00,110890.6,111102.3,110647.3,111091.8,100.51365776
2025-10-24 22:00:00,111089.7,111137.9,110927.2,111019.8,36.86167274
2025-10-24 23:00:00,111019.8,111120.9,110884.5,111000.4,28.93872368
2025-10-25 00:00:00,111000.4,111043.3,110673.5,110766.8,43.24460196
2025-10-25 01:00:00,110766.8,111223.0,110755.9,111068.4,44.3476719
2025-10-25 02:00:00,111068.4,111128.2,110956.6,111025.8,28.36944383
2025-10-25 03:00:00,111025.9,111134.6,111003.5,111028.8,27.32628939
2025-10-25 04:00:00,111028.9,111440.5,111024.9,111228.6,45.93993002
2025-10-25 05:00:00,111228.6,111428.0,111097.4,111386.1,37.24750826
2025-10-25 06:00:00,111386.2,111492.1,111261.7,111366.5,45.02872931
2025-10-25 07:00:00,111366.5,111810.0,111366.4,111494.8,83.64019162
2025-10-25 08:00:00,111494.8,111790.1,111494.8,111771.1,59.64888804
2025-10-25 09:00:00,111771.1,111844.2,111500.1,111528.6,69.88289844
2025-10-25 10:00:00,111528.6,111718.3,111384.5,111563.8,77.14173892
2025-10-25 11:00:00,111563.8,111664.1,111483.8,111563.1,39.38035621
2025-10-25 12:00:00,111563.1,111929.7,111523.5,111904.7,81.60266605
2025-10-25 13:00:00,111904.7,111917.2,111513.8,111680.8,55.85559595
2025-10-25 14:00:00,111680.8,111765.3,111526.5,111596.6,33.58590628
2025-10-25 15:00:00,111596.7,111596.7,111324.7,111387.0,53.37437769
2025-10-25 16:00:00,111387.0,111479.0,111165.1,111367.1,51.59425805
2025-10-25 17:00:00,111367.1,111451.3,111299.9,111374.7,27.38302284
2025-10-25 18:00:00,111374.7,111731.1,111322.7,111711.5,43.69107535
2025-10-25 19:00:00,111711.5,111720.1,111584.0,111628.7,45.48368378
2025-10-25 20:00:00,111628.8,111656.4,111377.1,111419.4,59.49195875
2025-10-25 21:00:00,111419.5,111475.8,111338.3,111475.6,34.39968968
2025-10-25 22:00:00,111475.7,111683.0,111410.1,111626.8,31.542382220228145
2025-10-25 23:00:00,111626.8,111674.9,111535.4,111652.7,28.62260248
2025-10-26 00:00:00,111652.8,111899.2,111544.0,111717.5,60.58339264
2025-10-26 01:00:00,111717.6,111835.9,111520.9,111647.7,36.77937085
2025-10-26 02:00:00,111647.7,111686.7,111417.2,111448.9,37.79609577
2025-10-26 03:00:00,111449.0,111499.4,111269.2,111269.2,43.46706222
2025-10-26 04:00:00,111269.3,111480.1,111269.1,111442.9,20.46078853
2025-10-26 05:00:00,111443.0,111656.4,111374.7,111617.4,39.32173054
2025-10-26 06:00:00,111617.4,111685.9,111551.0,111637.2,25.90565185
2025-10-26 07:00:00,111637.3,111725.9,111625.8,111725.8,29.37562619
2025-10-26 08:00:00,111725.8,111852.9,111725.8,111780.0,30.52716262
2025-10-26 09:00:00,111780.1,112773.5,111717.0,112523.0,182.58514196
2025-10-26 10:00:00,112523.0,112570.6,112188.2,112477.1,55.91417251
2025-10-26 11:00:00,112477.1,113463.4,112430.5,113275.3,170.63024055
2025-10-26 12:00:00,113279.5,113826.2,113279.4,113575.0,154.2324266
2025-10-26 13:00:00,113575.2,114028.2,113283.7,113700.0,163.18097195
2025-10-26 14:00:00,113700.0,113885.1,113538.0,113575.6,110.17989019
2025-10-26 15:00:00,113575.7,113725.5,113430.1,113692.2,60.73517582
2025-10-26 16:00:00,113692.2,113752.4,113286.1,113517.4,74.21551579
2025-10-26 17:00:00,113518.3,113745.7,113440.3,113442.0,47.31731372
2025-10-26 18:00:00,113442.1,113783.2,113442.0,113576.4,50.09323206
2025-10-26 19:00:00,113576.4,113719.4,113504.5,113587.9,35.47188757
2025-10-26 20:00:00,113587.9,113587.9,113310.8,113318.4,39.55202477
2025-10-26 21:00:00,113318.4,113587.4,112900.8,113488.7,80.98861487
2025-10-26 22:00:00,113496.4,115523.3,113496.4,114681.5,284.07342263
2025-10-26 23:00:00,114681.5,114965.4,114386.6,114551.4,124.68105153
2025-10-27 00:00:00,114551.5,115158.8,114363.1,114755.3,129.11169529
2025-10-27 01:00:00,114755.4,115388.2,114714.3,115284.2,82.0758295
2025-10-27 02:00:00,115284.2,115442.1,114827.7,114888.0,86.52754062
2025-10-27 03:00:00,114883.4,115250.0,114837.6,114963.9,68.75616757
2025-10-27 04:00:00,114963.9,115283.4,114945.8,115251.5,49.58263115
2025-10-27 05:00:00,115251.6,115643.6,115251.5,115557.3,89.90480765
2025-10-27 06:00:00,115557.3,116118.9,115355.8,116049.7,121.92607864
2025-10-27 07:00:00,116049.7,116395.7,115500.3,115551.0,164.15236796
2025-10-27 08:00:00,115551.0,115600.0,114906.3,115012.2,105.5901425
2025-10-27 09:00:00,115012.2,115361.7,114815.5,115244.2,119.23892132
2025-10-27 10:00:00,115237.0,115545.5,115106.9,115446.8,77.67252614
2025-10-27 11:00:00,115446.9,115527.1,115131.6,115362.2,83.89770438
2025-10-27 12:00:00,115362.2,115436.9,115009.8,115069.1,68.99143426
2025-10-27 13:00:00,115069.1,115411.4,114600.0,115258.3,154.40683849
2025-10-27 14:00:00,115266.1,115359.8,114503.9,114805.8,167.70199061
2025-10-27 15:00:00,114805.7,115217.5,114778.0,114960.4,113.06786365
2025-10-27 16:00:00,114962.2,115629.6,114872.8,115489.5,120.2071333
2025-10-27 17:00:00,115489.4,115713.0,115309.4,115702.0,83.85329153
2025-10-27 18:00:00,115699.1,115789.0,115324.9,115341.5,67.18903143
2025-10-27 19:00:00,115341.5,115341.5,114797.6,114943.9,120.40238894
2025-10-27 20:00:00,114943.9,114943.9,114348.8,114456.1,86.97255565
2025-10-27 21:00:00,114443.4,114627.1,114143.7,114302.7,80.02397785
2025-10-27 22:00:00,114302.7,114584.8,114064.6,114112.4,67.96195995
2025-10-27 23:00:00,114112.5,114221.0,113850.9,114107.7,82.67805021
2025-10-28 00:00:00,114107.7,114367.8,113791.1,113961.8,80.48560274
2025-10-28 01:00:00,113963.7,114523.5,113963.7,114414.7,92.26284581
2025-10-28 02:00:00,114423.4,114467.3,113590.3,113937.7,90.73772965
2025-10-28 03:00:00,113937.7,114108.6,113722.0,113911.6,102.73084914
2025-10-28 04:00:00,113911.6,114068.1,113762.4,113967.1,74.91455936
2025-10-28 05:00:00,113967.1,113981.8,113492.0,113596.1,112.20427157
2025-10-28 06:00:00,113596.2,114185.3,113596.2,114117.0,87.38273162
2025-10-28 07:00:00,114117.1,114360.1,114098.3,114193.3,66.47668956
2025-10-28 08:00:00,114193.4,114478.1,114116.7,114431.0,55.88131316
2025-10-28 09:00:00,114431.0,114633.6,114205.2,114528.6,62.91764067
2025-10-28 10:00:00,114528.6,114603.5,114439.3,114599.5,39.76599528
2025-10-28 11:00:00,114599.6,114663.6,114302.9,114358.8,59.99201813
2025-10-28 12:00:00,114358.8,114519.4,114150.9,114450.3,57.28229888
2025-10-28 13:00:00,114450.3,115520.0,114450.3,115519.9,206.34375998
2025-10-28 14:00:00,115520.9,116104.5,114240.0,115068.2,345.15693955
2025-10-28 15:00:00,115068.3,115405.5,114516.0,114642.4,201.49750925
2025-10-28 16:00:00,114642.4,115490.3,114536.0,115348.5,235.38124656
2025-10-28 17:00:00,115348.5,115589.7,115230.1,115289.2,84.52438489
2025-10-28 18:00:00,115289.3,115355.6,114650.1,115020.2,100.52821212
2025-10-28 19:00:00,115021.8,115066.5,113524.1,113691.8,233.83422656
2025-10-28 20:00:00,113688.8,113699.9,112328.9,112815.2,376.55928539
2025-10-28 21:00:00,112810.8,113219.0,112209.8,112989.3,205.18966838
2025-10-28 22:00:00,112992.4,113288.5,112840.4,113225.7,104.31358138
2025-10-28 23:00:00,113225.7,113225.7,112779.6,112900.6,68.19302622
2025-10-29 00:00:00,112900.6,112900.6,112447.0,112447.0,98.94684473
2025-10-29 01:00:00,112446.9,112965.7,112111.0,112501.9,159.05847348
2025-10-29 02:00:00,112500.0,112791.8,112414.4,112666.1,93.66755783
2025-10-29 03:00:00,112666.1,112666.1,112344.9,112534.8,56.06117854
2025-10-29 04:00:00,112529.4,112883.0,112507.9,112821.5,58.47118433
2025-10-29 05:00:00,112821.6,113356.7,112815.9,113042.0,126.97051768
2025-10-29 06:00:00,113042.0,113343.8,112971.9,113279.4,115.68826481
2025-10-29 07:00:00,113279.4,113571.2,113243.7,113567.5,70.51247983
2025-10-29 08:00:00,113567.9,113622.4,112956.0,113077.8,77.54086619
2025-10-29 09:00:00,113071.7,113104.2,112774.7,112977.3,92.82686811442242
2025-10-29 10:00:00,112977.3,113185.1,112736.4,112869.9,82.77739869
2025-10-29 11:00:00,112870.0,113240.5,112747.4,113129.3,62.46576519
2025-10-29 12:00:00,113129.3,113321.7,113056.7,113139.7,61.91326134
2025-10-29 13:00:00,113139.7,113625.5,112705.0,112873.1,144.29059028
2025-10-29 14:00:00,112873.1,112907.3,112250.7,112487.8,129.37298655
2025-10-29 15:00:00,112488.1,112563.5,111407.2,111511.5,234.48426882
2025-10-29 16:00:00,111511.5,111522.3,110968.4,111110.6,193.44838105
2025-10-29 17:00:00,111110.6,111920.2,111003.5,111851.8,128.48912364
2025-10-29 18:00:00,111864.5,112007.4,109228.4,110814.0,892.47479606
2025-10-29 19:00:00,110811.4,111433.8,110159.9,110640.1,346.53387719
2025-10-29 20:00:00,110640.1,111540.0,110409.0,111433.5,201.35192321
2025-10-29 21:00:00,111433.5,111800.1,111384.4,111616.5,69.58265017
2025-10-29 22:00:00,111616.4,111618.6,110963.4,111024.3,90.80420516
2025-10-29 23:00:00,111028.2,111077.9,109738.7,110031.0,160.37123656
2025-10-30 00:00:00,110031.1,110583.6,109738.5,110564.0,145.57948415
2025-10-30 01:00:00,110564.1,110724.2,110263.2,110443.3,143.3610553
2025-10-30 02:00:00,110443.4,111004.9,110335.9,110975.2,115.33872009
2025-10-30 03:00:00,110975.3,110985.9,110546.8,110765.4,107.28605451
2025-10-30 04:00:00,110762.9,110762.9,107889.8,108576.0,522.3752163
2025-10-30 05:00:00,108576.0,110431.4,108420.9,110259.7,271.42504326
2025-10-30 06:00:00,110256.1,110980.2,109990.7,110775.0,185.04300668
2025-10-30 07:00:00,110775.1,111613.2,110653.9,111369.7,124.85779476
2025-10-30 08:00:00,111369.7,111439.7,110693.2,110724.0,118.74435239
2025-10-30 09:00:00,110716.8,110814.1,110134.6,110176.3,106.78956957
2025-10-30 10:00:00,110184.2,110245.1,109848.1,110108.6,111.76181508
2025-10-30 11:00:00,110108.7,110144.4,109700.1,109721.0,98.00819297
2025-10-30 12:00:00,109720.5,109778.0,108285.7,108392.1,269.31998536
2025-10-30 13:00:00,108392.2,108728.6,107350.4,107613.5,342.07802762
2025-10-30 14:00:00,107627.3,108359.8,107618.7,108289.5,258.63029247
2025-10-30 15:00:00,108285.5,108342.5,107333.3,107704.9,271.83779841
2025-10-30 16:00:00,107705.0,108215.0,107562.1,108141.7,152.61842346
2025-10-30 17:00:00,108141.7,108145.4,106814.2,107476.8,294.21390141
2025-10-30 18:00:00,107485.4,107553.7,106800.3,106840.9,222.36136457
2025-10-30 19:00:00,106840.9,107153.4,106314.3,106549.9,296.55525825
2025-10-30 20:00:00,106546.9,107642.3,106326.8,107518.6,228.99015575
2025-10-30 21:00:00,107518.5,107946.5,107401.8,107901.1,77.48568369
2025-10-30 22:00:00,107907.8,107929.6,107475.3,107912.9,74.32596775
2025-10-30 23:00:00,107912.9,108337.5,107597.4,108314.4,134.15171542
2025-10-31 00:00:00,108314.5,109636.9,108284.0,109316.5,170.85111492
2025-10-31 01:00:00,109320.1,110027.8,109180.8,109619.0,174.64608894
2025-10-31 02:00:00,109619.1,109678.2,108570.1,108850.1,182.4293689
2025-10-31 03:00:00,108855.5,109320.3,108630.2,109227.9,179.18099463
2025-10-31 04:00:00,109227.9,110200.0,109114.9,110084.0,212.10325803
2025-10-31 05:00:00,110084.0,110084.0,109661.0,109883.9,114.79142895
2025-10-31 06:00:00,109883.9,109962.9,109523.0,109646.2,69.36427751
2025-10-31 07:00:00,109646.2,109804.4,109269.6,109439.4,99.30290633
2025-10-31 08:00:00,109439.4,110099.3,109213.0,110077.6,120.09382083
2025-10-31 09:00:00,110067.5,110443.3,109816.9,109847.7,108.18047391
2025-10-31 10:00:00,109849.9,110113.0,109708.9,109811.9,75.47251226
2025-10-31 11:00:00,109818.4,110524.6,109462.3,110424.2,113.2102993
2025-10-31 12:00:00,110424.1,110680.3,109620.9,109648.4,145.74132745
2025-10-31 13:00:00,109652.4,110233.2,109376.6,110148.7,189.04001887
2025-10-31 14:00:00,110150.4,111044.4,109593.5,110774.3,384.73532286
2025-10-31 15:00:00,110774.3,111159.1,110122.0,110213.0,300.14784409
2025-10-31 16:00:00,110204.4,110299.9,108675.4,108826.7,280.82226917
2025-10-31 17:00:00,108839.2,109418.3,108631.0,109300.0,305.75487522
2025-10-31 18:00:00,109300.0,109789.6,108961.6,109452.2,183.20426326
2025-10-31 19:00:00,109451.0,110232.8,109116.1,109811.1,154.17141502
2025-10-31 20:00:00,109819.0,109829.5,109423.1,109468.0,83.10574256
2025-10-31 21:00:00,109478.9,109749.8,109307.4,109560.1,73.28284548
2025-10-31 22:00:00,109560.1,109798.7,109474.7,109581.2,47.55266495
2025-10-31 23:00:00,109581.1,109677.9,109513.4,109599.9,33.90330685
2025-11-01 00:00:00,109599.9,109758.4,109386.6,109729.4,50.63602917
2025-11-01 01:00:00,109729.4,110117.6,109704.1,109733.2,45.50017897
2025-11-01 02:00:00,109732.4,109864.9,109478.9,109783.6,45.89005596
2025-11-01 03:00:00,109783.6,110312.1,109783.5,110219.5,68.8164671
2025-11-01 04:00:00,110227.0,110558.8,110117.1,110290.5,52.55913707
2025-11-01 05:00:00,110290.6,110382.0,110046.4,110135.8,37.57121612
2025-11-01 06:00:00,110135.8,110173.3,109944.2,110005.7,34.03034148
2025-11-01 07:00:00,110005.7,110253.8,109989.6,110067.1,38.82244037
2025-11-01 08:00:00,110067.1,110267.4,110067.1,110247.7,41.57816121
2025-11-01 09:00:00,110247.8,110250.7,109967.4,109990.9,49.49342976
2025-11-01 10:00:00,109990.9,110165.2,109851.5,110146.3,46.90494337
2025-11-01 11:00:00,110146.4,110225.9,109992.9,110126.0,33.95021517
2025-11-01 12:00:00,110126.0,110192.6,109998.8,110016.9,37.94180432
2025-11-01 13:00:00,110016.9,110052.9,109705.5,109940.9,45.90742624
2025-11-01 14:00:00,109940.9,109980.8,109727.4,109930.3,34.3629789
2025-11-01 15:00:00,109930.3,110350.0,109909.1,110315.8,55.03504279
2025-11-01 16:00:00,110315.8,110517.9,110203.8,110467.5,51.67030036
2025-11-01 17:00:00,110467.6,110494.8,110178.5,110212.0,45.05523634
2025-11-01 18:00:00,110212.0,110360.5,110193.3,110341.9,28.57015446
2025-11-01 19:00:00,110342.0,110342.0,110222.4,110303.3,17.63261371
2025-11-01 20:00:00,110303.4,110516.8,110300.3,110407.6,26.58868533
2025-11-01 21:00:00,110407.6,110423.7,109862.2,109862.3,36.31171212
2025-11-01 22:00:00,109862.3,110093.9,109862.2,110093.9,36.38149212
2025-11-01 23:00:00,110093.9,110150.0,109969.9,110096.9,25.83524476
2025-11-02 00:00:00,110097.0,110133.8,109898.1,109975.1,39.46900421
2025-11-02 01:00:00,109975.1,110101.2,109919.5,109981.3,29.92067234
2025-11-02 02:00:00,109981.2,110264.4,109889.2,110026.6,31.2941538
2025-11-02 03:00:00,110017.9,110083.5,109953.4,110052.2,29.42018948
2025-11-02 04:00:00,110052.2,110838.9,110029.5,110663.7,70.19316044
2025-11-02 05:00:00,110663.7,110698.0,110285.0,110497.0,73.64920865967042
2025-11-02 06:00:00,110497.1,110717.9,110289.9,110650.6,53.35329263
2025-11-02 07:00:00,110650.6,111022.0,110425.7,110885.0,57.27791037
2025-11-02 08:00:00,110885.0,111003.4,110713.5,110841.6,59.96063899
2025-11-02 09:00:00,110841.7,111032.6,110518.9,110698.9,71.9033531
2025-11-02 10:00:00,110698.8,110850.0,110357.7,110482.6,75.46696424
2025-11-02 11:00:00,110482.7,111221.1,110474.1,111187.6,63.65535387
2025-11-02 12:00:00,111187.7,111235.0,110676.0,110725.5,84.27738096
2025-11-02 13:00:00,110725.5,110764.5,110175.6,110568.1,92.44357565
2025-11-02 14:00:00,110568.1,110670.2,110200.8,110422.7,137.04077169
2025-11-02 15:00:00,110422.8,110571.3,110098.3,110119.0,93.8794927
2025-11-02 16:00:00,110119.0,110143.0,109727.5,110110.4,127.47009185
2025-11-02 17:00:00,110110.3,110267.2,110019.1,110185.9,57.96450269
2025-11-02 18:00:00,110186.0,110331.1,110173.3,110327.2,44.77209414
2025-11-02 19:00:00,110327.3,110327.3,109961.9,110169.2,48.67236505
2025-11-02 20:00:00,110169.3,110214.4,109884.8,110081.8,38.51717324
2025-11-02 21:00:00,110081.8,110128.0,109966.6,109995.4,28.47781369
2025-11-02 22:00:00,109995.4,110013.6,109484.0,109903.6,56.44553176
2025-11-02 23:00:00,109903.6,110743.6,109903.6,110548.2,161.49777098
2025-11-03 00:00:00,110548.2,110749.1,109759.2,109759.2,136.32574004
2025-11-03 01:00:00,109759.1,109891.7,109377.5,109674.7,185.09292845
2025-11-03 02:00:00,109664.4,109755.3,108668.3,109022.3,256.78658812
2025-11-03 03:00:00,109033.1,109151.3,107896.7,107927.2,340.40711458
2025-11-03 04:00:00,107927.2,107992.0,107488.3,107888.2,246.93646694
2025-11-03 05:00:00,107896.1,108058.4,107400.0,107607.8,166.30016703
2025-11-03 06:00:00,107607.7,107701.7,107012.2,107493.6,167.80898644
2025-11-03 07:00:00,107492.8,107826.4,107272.8,107469.7,156.56990864
2025-11-03 08:00:00,107469.8,107705.1,106976.0,107586.7,160.80755276
2025-11-03 09:00:00,107586.7,107905.1,107085.6,107206.9,125.41544945
2025-11-03 10:00:00,107206.9,107613.5,106738.5,106971.7,136.48671034
2025-11-03 11:00:00,106971.8,107920.5,106971.7,107780.9,168.53595772
2025-11-03 12:00:00,107781.0,108383.6,107716.3,107773.2,196.53031121
2025-11-03 13:00:00,107773.1,108060.9,107581.2,107904.4,122.74596965
2025-11-03 14:00:00,107904.4,108324.1,107369.8,108030.0,216.47120159
2025-11-03 15:00:00,108060.0,108145.9,105500.0,105745.5,692.19399261
2025-11-03 16:00:00,105745.5,106794.2,105306.1,106677.7,447.01497737
2025-11-03 17:00:00,106679.4,107919.7,106525.4,107477.8,300.43151084
2025-11-03 18:00:00,107477.7,107596.1,106813.6,106957.5,221.39486967
2025-11-03 19:00:00,106957.6,107385.6,106459.9,107086.7,245.72461914
2025-11-03 20:00:00,107090.7,107168.5,106315.6,106645.5,282.79910228
2025-11-03 21:00:00,106656.8,107082.2,106086.4,106888.1,277.57162806
2025-11-03 22:00:00,106888.1,106888.1,105823.8,106478.8,193.28002513
2025-11-03 23:00:00,106478.8,106744.6,106032.2,106580.8,129.10772121
2025-11-04 00:00:00,106580.8,106800.4,105852.9,106464.4,239.05823862
2025-11-04 01:00:00,106464.4,107285.5,106277.4,107040.2,242.89971046
2025-11-04 02:00:00,107040.2,107223.1,106477.9,106486.9,183.9649083
2025-11-04 03:00:00,106479.7,107228.8,106221.1,107154.5,221.89497503
2025-11-04 04:00:00,107154.6,107288.5,106714.0,106750.1,164.29346338
2025-11-04 05:00:00,106750.1,106750.1,104209.2,104227.1,570.76518713
2025-11-04 06:00:00,104227.0,105219.8,104200.7,104766.2,326.84420908
2025-11-04 07:00:00,104766.3,104959.0,104332.3,104499.5,303.60496124
2025-11-04 08:00:00,104497.0,104628.6,103765.4,104051.8,282.82027493
2025-11-04 09:00:00,104051.7,104135.3,103638.6,103852.1,247.24605448
2025-11-04 10:00:00,103852.1,104137.0,103604.9,103816.4,240.12902865
2025-11-04 11:00:00,103816.5,104693.7,103775.0,104588.8,211.16479964
2025-11-04 12:00:00,104588.9,104636.8,103848.1,103952.5,266.84159911
2025-11-04 13:00:00,103952.5,104237.7,103577.3,103910.4,217.19907261
2025-11-04 14:00:00,103910.4,104684.1,102934.4,104518.9,453.32619926
2025-11-04 15:00:00,104516.5,104838.5,103186.7,103197.0,440.24995724
2025-11-04 16:00:00,103197.0,103500.7,102168.4,102261.1,555.94911095
2025-11-04 17:00:00,102261.1,102261.1,100800.4,101112.2,669.29077732
2025-11-04 18:00:00,101112.2,101492.0,100001.6,101364.1,702.88070243
2025-11-04 19:00:00,101363.9,101722.6,100414.0,100542.7,550.5164498
2025-11-04 20:00:00,100542.7,101119.3,99565.9,100759.2,814.75283591
2025-11-04 21:00:00,100759.2,100831.4,98935.0,100313.6,832.91350342
2025-11-04 22:00:00,100313.7,101890.2,100074.9,101301.4,525.50912794
2025-11-04 23:00:00,101301.3,101730.0,100906.0,101488.5,309.22713646
2025-11-05 00:00:00,101493.7,101741.0,100359.4,100562.8,403.37187078
2025-11-05 01:00:00,100564.4,101003.8,98965.5,100752.2,747.15597776
2025-11-05 02:00:00,100765.0,101923.4,100763.2,101685.3,451.28387285
2025-11-05 03:00:00,101685.4,102272.2,101466.7,102149.0,460.17984741
2025-11-05 04:00:00,102149.0,102250.0,101535.2,101983.7,206.98175958
2025-11-05 05:00:00,101983.7,102358.3,101603.8,101826.2,226.55715189
2025-11-05 06:00:00,101826.3,102133.9,101500.1,102113.0,216.69236717
2025-11-05 07:00:00,102113.1,102147.2,101609.0,101995.0,162.15263177
2025-11-05 08:00:00,101995.1,101995.1,101180.3,101696.8,339.67714179
2025-11-05 09:00:00,101696.7,102199.0,101609.6,101989.8,221.96183045
2025-11-05 10:00:00,101989.9,101989.9,101298.0,101398.6,242.57473213
2025-11-05 11:00:00,101398.7,102096.5,101383.1,102075.8,191.16953172
2025-11-05 12:00:00,102066.8,102777.0,101919.6,102669.9,257.13011081
2025-11-05 13:00:00,102665.4,103250.0,102290.8,102982.9,248.29230139
2025-11-05 14:00:00,102982.9,103457.3,102176.9,103205.2,469.46773033
2025-11-05 15:00:00,103204.5,103800.0,102833.4,103724.4,540.91421474
2025-11-05 16:00:00,103729.3,104038.7,103057.7,103921.9,348.78544951
2025-11-05 17:00:00,103922.0,104000.0,103387.3,103904.0,212.7274545
2025-11-05 18:00:00,103903.9,104443.9,103761.3,104355.6,184.77113131
2025-11-05 19:00:00,104355.7,104523.2,103985.3,104005.4,134.13739709
2025-11-05 20:00:00,104005.4,104557.0,103644.7,103839.3,172.76127193
2025-11-05 21:00:00,103843.5,103843.5,103498.2,103671.1,150.14695528
2025-11-05 22:00:00,103671.1,103790.0,103303.2,103714.1,133.68900117
2025-11-05 23:00:00,103712.9,104104.5,103668.9,103895.8,133.09939466
2025-11-06 00:00:00,103889.7,103893.0,103324.0,103677.7,174.74363782
2025-11-06 01:00:00,103677.8,103677.8,102730.7,103365.4,183.43165622
2025-11-06 02:00:00,103365.4,103575.0,102856.2,103330.2,196.98904421
2025-11-06 03:00:00,103322.3,103933.9,103322.3,103638.7,188.21230009
2025-11-06 04:00:00,103638.7,104203.0,103580.4,104029.8,145.46850183
2025-11-06 05:00:00,104029.8,104029.8,103091.1,103145.0,265.96276254
2025-11-06 06:00:00,103145.1,103597.5,103000.1,103316.4,194.92759401
2025-11-06 07:00:00,103316.3,103567.8,102915.8,103189.1,193.10397283
2025-11-06 08:00:00,103187.8,103438.3,102972.7,103193.4,175.74533402
2025-11-06 09:00:00,103193.4,103256.5,102824.3,102824.3,146.97125987
2025-11-06 10:00:00,102824.3,103280.6,102654.3,103124.6,151.62596095
2025-11-06 11:00:00,103124.7,103299.9,102756.1,103221.9,170.02554624
2025-11-06 12:00:00,103222.0,103325.0,102386.9,102564.6,242.70028153
2025-11-06 13:00:00,102564.7,103624.7,102564.7,103313.7,225.87852213
2025-11-06 14:00:00,103321.3,103582.3,102046.5,102131.5,499.21241255
2025-11-06 15:00:00,102131.5,102914.1,101633.0,102015.5,660.4248364
2025-11-06 16:00:00,102015.6,102386.3,100300.0,100856.9,576.52822367
2025-11-06 17:00:00,100868.8,101934.0,100763.4,101799.8,494.30935898
2025-11-06 18:00:00,101799.7,102332.0,100914.8,101719.4,321.87519387
2025-11-06 19:00:00,101719.4,102000.8,101206.4,101389.8,331.13266517
2025-11-06 20:00:00,101389.8,101646.4,100648.1,100897.5,346.80063943
2025-11-06 21:00:00,100919.4,101218.3,100545.3,101119.1,239.72629964
2025-11-06 22:00:00,101116.2,101485.2,100999.6,101408.7,161.67916934
2025-11-06 23:00:00,101408.7,101527.4,101121.4,101348.6,154.93929101
2025-11-07 00:00:00,101348.6,101639.4,100750.1,101475.2,285.38497627
2025-11-07 01:00:00,101479.2,101879.2,100908.0,101550.3,494.28311311
2025-11-07 02:00:00,101541.6,101931.9,101248.7,101899.4,312.10687891
2025-11-07 03:00:00,101899.4,102402.3,101856.2,101900.5,289.01667674
2025-11-07 04:00:00,101901.0,102071.4,101590.5,102012.7,177.67518228
2025-11-07 05:00:00,102021.1,102520.6,102021.1,102450.0,197.64390689
2025-11-07 06:00:00,102450.0,102497.5,101826.2,101826.3,93.71196885
2025-11-07 07:00:00,101826.3,102015.0,101640.0,102014.9,145.30502549
2025-11-07 08:00:00,102015.0,102050.0,101438.3,101494.5,100.12788451
2025-11-07 09:00:00,101494.5,101504.8,100787.4,101001.2,222.31684844
2025-11-07 10:00:00,101001.3,101251.1,100560.7,100770.8,204.17724444
2025-11-07 11:00:00,100770.9,100791.8,99807.5,100410.4,359.48593617
2025-11-07 12:00:00,100410.4,100625.1,99264.6,99640.3,371.22779884
2025-11-07 13:00:00,99640.3,100579.0,99444.7,100347.1,362.89236191
2025-11-07 14:00:00,100346.3,100988.7,99525.3,100785.8,727.65537072
2025-11-07 15:00:00,100794.5,101248.3,100362.3,100797.2,512.24752618
2025-11-07 16:00:00,100797.3,101638.1,100518.4,101168.2,398.26501792
2025-11-07 17:00:00,101158.8,102712.8,100937.5,102393.7,406.979801736316
2025-11-07 18:00:00,102393.7,102850.0,102289.6,102601.8,328.28111053
2025-11-07 19:00:00,102601.7,103395.4,102486.3,103395.4,206.37647008
2025-11-07 20:00:00,103396.3,103903.1,102956.4,103789.0,204.09919023
2025-11-07 21:00:00,103778.6,103879.0,103342.5,103879.0,116.41546123
2025-11-07 22:00:00,103879.1,104082.1,103596.6,103634.3,143.50685301
2025-11-07 23:00:00,103634.4,103760.3,103326.9,103342.3,124.31216727
2025-11-08 00:00:00,103342.3,103412.1,102484.1,102715.2,181.1938844
2025-11-08 01:00:00,102715.2,103255.2,102663.8,103006.3,192.45743668
2025-11-08 02:00:00,103006.3,103332.0,102765.1,102841.6,198.70264644
2025-11-08 03:00:00,102844.7,103300.5,102586.7,102586.7,118.95749399
2025-11-08 04:00:00,102588.4,102836.2,102409.6,102565.7,133.23202779
2025-11-08 05:00:00,102565.7,102741.3,102276.7,102310.0,144.67145848
2025-11-08 06:00:00,102316.5,102529.2,102103.5,102221.9,139.20164344
2025-11-08 07:00:00,102222.0,102407.6,101912.2,102357.4,84.94309462
2025-11-08 08:00:00,102357.5,102688.8,102149.9,102447.2,105.46723205
2025-11-08 09:00:00,102447.1,102611.3,102226.1,102404.7,72.73461503
2025-11-08 10:00:00,102402.0,102577.6,102304.3,102477.5,64.88190197
2025-11-08 11:00:00,102477.6,102638.3,101703.9,101864.7,120.92682475
2025-11-08 12:00:00,101851.6,102107.3,101727.4,102063.0,98.93412013
2025-11-08 13:00:00,102063.0,102202.2,101725.1,101809.3,105.08269532
2025-11-08 14:00:00,101809.4,102092.8,101464.8,101828.3,140.33444225
2025-11-08 15:00:00,101828.3,101966.1,101497.0,101719.2,62.39655173
2025-11-08 16:00:00,101719.3,101967.9,101525.8,101857.5,88.74935872
2025-11-08 17:00:00,101857.5,102004.8,101572.4,101996.8,107.77174783
2025-11-08 18:00:00,101996.8,102221.0,101833.4,102136.2,121.51063434
2025-11-08 19:00:00,102136.3,102187.7,101512.1,101989.7,119.90858095
2025-11-08 20:00:00,101989.8,102166.6,101959.6,102067.5,67.54844865
2025-11-08 21:00:00,102067.5,102367.8,102028.2,102272.8,54.00401336
2025-11-08 22:00:00,102272.9,102430.4,102172.7,102385.8,54.50489005
2025-11-08 23:00:00,102383.6,102496.6,102285.4,102319.5,33.82269236
2025-11-09 00:00:00,102319.4,102345.2,101635.4,101799.4,84.63435388
2025-11-09 01:00:00,101799.5,102115.7,101692.3,102038.9,74.18404178
2025-11-09 02:00:00,102042.2,102042.2,101584.2,101641.4,51.808666
2025-11-09 03:00:00,101641.3,101821.0,101400.0,101670.3,96.60103603
2025-11-09 04:00:00,101670.3,102131.7,101650.1,101726.5,74.68736376
2025-11-09 05:00:00,101726.5,102027.6,101684.8,101934.9,45.23780033
2025-11-09 06:00:00,101934.9,101984.1,101712.4,101752.5,36.00106287
2025-11-09 07:00:00,101752.5,101976.6,101682.2,101943.6,37.03897011
2025-11-09 08:00:00,101943.6,102054.9,101814.4,101984.3,51.22117606
2025-11-09 09:00:00,101984.4,102132.0,101625.6,101658.1,64.7611309
2025-11-09 10:00:00,101658.1,101923.5,101506.1,101869.5,83.37728101
2025-11-09 11:00:00,101869.6,102311.6,101869.6,102239.0,69.44281899
2025-11-09 12:00:00,102239.0,102430.1,102051.3,102084.9,77.74042736
2025-11-09 13:00:00,102084.9,102995.4,102081.2,102930.0,112.03025907
2025-11-09 14:00:00,102930.1,104051.9,102770.7,103035.3,200.1245601
2025-11-09 15:00:00,103035.4,104198.4,102971.5,103763.2,158.77715246
2025-11-09 16:00:00,103763.3,103981.4,103333.1,103862.0,104.08887277
2025-11-09 17:00:00,103862.1,103969.8,103327.1,103642.7,89.17675841
2025-11-09 18:00:00,103642.8,104593.2,103521.3,104523.8,91.02470391
2025-11-09 19:00:00,104523.8,104802.3,104162.3,104801.6,108.37692209
2025-11-09 20:00:00,104801.6,105061.1,104417.0,104625.9,79.39597681
2025-11-09 21:00:00,104626.0,104850.5,104314.4,104526.7,66.31603271
2025-11-09 22:00:00,104526.7,104819.2,104095.0,104717.1,104.32658158
2025-11-09 23:00:00,104736.0,105487.1,104540.0,104730.7,150.7150691
2025-11-10 00:00:00,104719.0,106520.0,104264.9,106304.9,206.00670729
2025-11-10 01:00:00,106304.8,106665.5,105726.8,105726.8,216.872268
2025-11-10 02:00:00,105726.6,106054.0,105600.7,106001.9,54.18252069
2025-11-10 03:00:00,106001.9,106292.0,105840.3,106027.0,88.45494506
2025-11-10 04:00:00,106027.1,106301.0,105853.8,106163.7,52.58711424
2025-11-10 05:00:00,106163.8,106473.8,106000.0,106094.4,91.41522696
2025-11-10 06:00:00,106094.5,106307.2,105964.2,106224.2,178.94888373
2025-11-10 07:00:00,106224.2,106537.1,106152.6,106462.3,87.32741009
2025-11-10 08:00:00,106462.3,106551.7,105860.9,105970.9,360.47940856
2025-11-10 09:00:00,105970.8,106592.9,105838.0,106436.3,244.68104697
2025-11-10 10:00:00,106436.4,106452.4,105967.0,106008.1,281.29338267
2025-11-10 11:00:00,106008.0,106320.7,105959.9,106190.5,148.39008522
2025-11-10 12:00:00,106190.5,106211.7,105870.5,105954.5,356.8944472
2025-11-10 13:00:00,105954.5,106585.7,105934.4,106552.8,499.08686131
2025-11-10 14:00:00,106552.7,106552.7,104689.2,104890.9,774.81739378
2025-11-10 15:00:00,104890.9,105621.7,104678.9,105069.5,704.29395175
2025-11-10 16:00:00,105072.5,105350.9,104783.0,105250.4,322.59540061
2025-11-10 17:00:00,105245.3,105993.6,105199.3,105965.3,77.21510728
2025-11-10 18:00:00,105965.4,106097.2,105480.7,105480.7,69.99761473
2025-11-10 19:00:00,105480.8,106050.0,105414.0,105818.2,83.56512242
2025-11-10 20:00:00,105819.1,106296.5,105806.3,106017.7,100.65759462
2025-11-10 21:00:00,106016.8,106019.5,105280.3,105630.5,64.67178965
2025-11-10 22:00:00,105640.2,106136.2,105369.3,106055.7,38.8020326
2025-11-10 23:00:00,106056.0,106275.1,105891.8,106004.5,86.928864
2025-11-11 00:00:00,106004.5,106132.9,105511.9,106132.9,80.97851428
2025-11-11 01:00:00,106132.9,107499.5,106037.8,106096.3,434.01347415
2025-11-11 02:00:00,106097.0,107126.5,105609.3,106665.3,532.88383184
2025-11-11 03:00:00,106665.0,107098.7,106375.3,106473.8,504.32531253
2025-11-11 04:00:00,106473.9,106554.7,105723.8,105754.3,564.28905614
2025-11-11 05:00:00,105754.3,105754.3,105176.1,105250.6,777.58076813
2025-11-11 06:00:00,105250.6,105343.5,104897.5,105275.6,645.1601339
2025-11-11 07:00:00,105275.6,105327.2,104758.3,104785.1,823.84730831
2025-11-11 08:00:00,104785.1,105270.2,104772.6,105158.3,573.81687388
2025-11-11 09:00:00,105158.3,105488.0,104920.4,104975.4,413.5853255
2025-11-11 10:00:00,104975.4,105240.3,104928.5,105170.2,160.75525235
2025-11-11 11:00:00,105170.3,105496.4,105163.9,105306.0,330.35453516
2025-11-11 12:00:00,105306.0,105497.5,104400.0,104534.2,587.79425481
2025-11-11 13:00:00,104534.3,104705.4,104237.5,104385.3,739.93739268
2025-11-11 14:00:00,104385.3,104666.6,103858.4,104562.9,712.78796564
2025-11-11 15:00:00,104562.9,104562.9,103193.3,103459.6,742.0120834
2025-11-11 16:00:00,103459.7,103738.8,103216.7,103400.5,906.74254899
2025-11-11 17:00:00,103400.5,103635.4,102850.0,103334.2,638.63758505
2025-11-11 18:00:00,103334.2,103551.4,103076.2,103402.8,735.32746029
2025-11-11 19:00:00,103392.7,103454.5,102800.0,103133.8,481.26957593
2025-11-11 20:00:00,103133.7,103237.4,102667.4,102810.1,280.52410148
2025-11-11 21:00:00,102813.4,103094.0,102483.2,102649.7,219.73615226
2025-11-11 22:00:00,102637.9,103153.9,102508.8,103013.6,125.27236392
2025-11-11 23:00:00,103008.6,103214.8,102799.0,103068.9,219.19316916
2025-11-12 00:00:00,103058.8,103390.8,102822.1,102887.4,471.07950414
2025-11-12 01:00:00,102887.5,103375.9,102697.8,103264.6,642.25342606
2025-11-12 02:00:00,103264.6,103411.5,102954.5,103153.7,584.68335604
2025-11-12 03:00:00,103153.7,103443.5,103106.9,103315.2,404.8970159
2025-11-12 04:00:00,103315.2,103457.2,103020.0,103242.7,401.90491276
2025-11-12 05:00:00,103242.8,103465.1,103242.8,103390.7,396.58706956
2025-11-12 06:00:00,103390.7,103648.9,103362.8,103378.7,489.63742537
2025-11-12 07:00:00,103368.9,103541.0,103075.8,103124.1,375.54519126
2025-11-12 08:00:00,103124.1,104229.1,103124.1,104151.8,667.70079023
2025-11-12 09:00:00,104151.8,105074.8,104144.4,104520.8,748.12646151
2025-11-12 10:00:00,104520.9,105028.4,104512.8,104894.9,620.41463654
2025-11-12 11:00:00,104895.0,105204.4,104759.0,105029.6,758.36101538
2025-11-12 12:00:00,105029.7,105325.9,104822.1,104998.6,540.64104857
2025-11-12 13:00:00,104998.7,105179.9,104641.0,105046.0,652.49067427
2025-11-12 14:00:00,105042.8,105042.8,103618.1,103989.9,911.65575444
2025-11-12 15:00:00,103997.6,104295.4,101970.5,102179.4,1318.29402645
2025-11-12 16:00:00,102174.4,102288.5,101338.0,101440.2,903.47036871
2025-11-12 17:00:00,101440.3,102146.9,101415.2,101756.9,366.46090657
2025-11-12 18:00:00,101756.8,101935.1,101424.4,101552.0,261.3520886
2025-11-12 19:00:00,101552.0,101569.1,100811.1,101296.3,333.61532891
2025-11-12 20:00:00,101296.2,101833.7,101143.6,101536.4,216.11653194
2025-11-12 21:00:00,101538.4,101921.2,101516.7,101921.2,79.35632466
2025-11-12 22:00:00,101921.5,101997.1,101450.0,101979.8,85.63694967
2025-11-12 23:00:00,101979.9,102000.2,101471.5,101651.0,102.6943158
2025-11-13 00:00:00,101659.7,102041.6,101470.3,101860.2,217.45674666
2025-11-13 01:00:00,101860.2,102618.1,101841.0,102005.1,869.92590002
2025-11-13 02:00:00,102005.1,102331.2,101981.5,102061.0,687.66788798
2025-11-13 03:00:00,102061.0,102544.9,100933.8,102129.2,1041.17091577
2025-11-13 04:00:00,102129.2,102401.0,101661.0,102116.3,831.593378
2025-11-13 05:00:00,102116.3,103388.7,101772.1,103126.6,485.34066043
2025-11-13 06:00:00,103126.6,103666.4,102920.7,103578.4,401.89383906
2025-11-13 07:00:00,103578.8,104054.3,103318.8,103475.1,162.19224685
2025-11-13 08:00:00,103475.1,103791.0,103289.9,103675.2,460.78035618
2025-11-13 09:00:00,103675.3,103727.3,102553.9,102820.0,394.57572784
2025-11-13 10:00:00,102822.3,103273.5,102782.5,102997.6,586.1838014
2025-11-13 11:00:00,102997.6,103140.2,102717.3,102944.7,387.41976661
2025-11-13 12:00:00,102944.7,103268.6,102729.6,103144.2,594.13898513
2025-11-13 13:00:00,103144.2,103152.3,102156.5,102313.4,857.26587578
2025-11-13 14:00:00,102313.4,103463.0,101750.0,102876.0,1179.65250927
2025-11-13 15:00:00,102876.0,103029.3,101197.9,101389.6,1321.70094921
2025-11-13 16:00:00,101389.6,101532.9,100533.1,100637.1,1103.86857165
2025-11-13 17:00:00,100637.2,100805.7,99622.2,99655.3,816.60012709
2025-11-13 18:00:00,99655.2,99913.1,98143.1,98588.7,865.35007788
2025-11-13 19:00:00,98588.7,99289.7,98293.9,98683.8,647.69692871
2025-11-13 20:00:00,98670.7,98998.5,98000.9,98158.3,450.43923638
2025-11-13 21:00:00,98161.4,98905.0,98014.9,98817.8,221.67507344
2025-11-13 22:00:00,98817.8,99944.2,98700.1,99855.1,267.21574108
2025-11-13 23:00:00,99855.1,100500.0,99573.0,99696.1,256.70778605
2025-11-14 00:00:00,99696.2,99775.2,98735.9,98974.8,553.94469122
2025-11-14 01:00:00,98974.7,99651.8,98718.8,99262.3,694.68900758
2025-11-14 02:00:00,99256.3,99869.6,99248.7,99628.3,521.17518138
2025-11-14 03:00:00,99628.3,99643.2,98805.4,99139.4,383.79690774
2025-11-14 04:00:00,99139.4,99179.3,96700.0,97809.3,650.35343699
2025-11-14 05:00:00,97823.4,98033.3,97029.2,97524.9,449.08822874
2025-11-14 06:00:00,97524.9,97637.5,95939.4,97567.7,468.80328119
2025-11-14 07:00:00,97567.6,97733.8,96779.8,97152.5,476.03156594
2025-11-14 08:00:00,97152.5,97459.7,96775.8,97367.6,371.84170954
2025-11-14 09:00:00,97367.5,97534.6,96680.3,96843.0,416.85913375
2025-11-14 10:00:00,96843.1,97281.1,96666.8,96752.2,319.28009709
2025-11-14 11:00:00,96735.6,96937.0,95700.2,96172.9,367.20609117
2025-11-14 12:00:00,96169.2,96169.2,94500.0,95351.4,778.30758868
2025-11-14 13:00:00,95351.5,95690.3,94575.8,95238.0,918.73756786
2025-11-14 14:00:00,95237.8,96796.9,94972.3,96537.2,811.1769603
2025-11-14 15:00:00,96537.6,97312.9,95850.0,96795.5,655.10464263
2025-11-14 16:00:00,96795.5,97405.0,96269.7,97010.8,641.83358752
2025-11-14 17:00:00,97010.9,97120.0,95600.7,95851.5,331.82857642
2025-11-14 18:00:00,95840.7,96323.2,94848.2,95074.6,453.17865447
2025-11-14 19:00:00,95059.1,95921.3,94805.2,95777.1,340.31276493
2025-11-14 20:00:00,95777.8,95931.4,94210.4,94384.0,368.77665026
2025-11-14 21:00:00,94383.1,95135.3,94241.8,95058.5,375.1856556
2025-11-14 22:00:00,95058.5,95481.8,94692.7,95181.1,474.6102371
2025-11-14 23:00:00,95181.1,95181.1,94018.6,94594.6,528.03298726
2025-11-15 00:00:00,94594.6,95410.1,94581.5,95138.1,629.87047576
2025-11-15 01:00:00,95138.2,95786.7,94758.8,95653.6,523.77079379
2025-11-15 02:00:00,95653.6,96478.0,95413.7,96477.9,455.52951579
2025-11-15 03:00:00,96477.9,96812.0,96135.0,96409.7,359.56459565
2025-11-15 04:00:00,96409.7,96509.5,95940.0,96112.7,301.00857178
2025-11-15 05:00:00,96112.7,96430.0,95985.7,96339.4,286.01328414
2025-11-15 06:00:00,96340.1,96572.1,95917.1,96125.7,320.39274364
2025-11-15 07:00:00,96125.7,96356.9,95973.0,96326.3,429.74246052
2025-11-15 08:00:00,96326.4,96339.3,95638.2,95911.1,499.52020692
2025-11-15 09:00:00,95908.2,96130.1,95668.3,95812.2,430.52381894
2025-11-15 10:00:00,95811.3,96051.0,95691.1,95948.0,349.11314706
2025-11-15 11:00:00,95948.1,95969.8,95635.7,95688.6,301.9147404
2025-11-15 12:00:00,95692.2,95868.6,95578.0,95806.4,316.14181312
2025-11-15 13:00:00,95806.5,96371.4,95734.6,96367.8,227.17076284
2025-11-15 14:00:00,96369.5,96477.0,96020.5,96252.9,190.97042616
2025-11-15 15:00:00,96252.8,96426.8,96113.3,96262.4,212.86131346
2025-11-15 16:00:00,96262.5,96323.9,95724.7,96155.1,238.23809256
2025-11-15 17:00:00,96155.2,96383.4,95853.2,96224.4,285.12974309
2025-11-15 18:00:00,96224.4,96348.0,95935.7,96053.5,139.61402228
2025-11-15 19:00:00,96053.5,96146.2,95924.9,96008.7,79.15957713
2025-11-15 20:00:00,96008.7,96019.3,95126.6,95296.5,216.67897037
2025-11-15 21:00:00,95280.8,95666.1,95132.2,95272.4,263.7984714
2025-11-15 22:00:00,95272.5,95651.0,95226.1,95612.4,229.34857319
2025-11-15 23:00:00,95617.2,95682.9,95489.9,95593.2,143.7450365
2025-11-16 00:00:00,95593.2,95699.9,95206.8,95372.1,242.12775698
2025-11-16 01:00:00,95372.0,95495.7,94854.8,95284.4,366.74293713
2025-11-16 02:00:00,95284.1,95957.0,95098.1,95957.0,297.34578817
2025-11-16 03:00:00,95957.2,95967.3,95635.3,95823.9,168.35734067
2025-11-16 04:00:00,95823.8,95918.9,95656.5,95810.4,188.2643457
2025-11-16 05:00:00,95818.8,96178.9,95802.1,95881.2,186.64625589
2025-11-16 06:00:00,95881.2,96032.3,95750.9,95793.5,121.33117181
2025-11-16 07:00:00,95800.1,96089.5,95732.4,96089.5,111.93510005
2025-11-16 08:00:00,96089.6,96217.2,95863.8,96107.8,209.79597392
2025-11-16 09:00:00,96107.9,96627.8,95931.3,96627.5,256.20558308
2025-11-16 10:00:00,96624.9,96624.9,96376.3,96443.4,143.98608927
2025-11-16 11:00:00,96443.5,96451.4,95512.8,95633.5,242.44846468
2025-11-16 12:00:00,95633.5,95901.0,95460.2,95746.3,279.49893746
2025-11-16 13:00:00,95746.4,95835.4,95122.0,95409.3,281.58719049
2025-11-16 14:00:00,95409.4,95663.0,95313.8,95536.2,216.5049967
2025-11-16 15:00:00,95536.2,95543.6,94300.0,94572.8,312.6446426
2025-11-16 16:00:00,94572.9,94932.8,94021.9,94231.5,620.28162955
2025-11-16 17:00:00,94225.5,94524.4,93767.4,94357.7,535.93830519
2025-11-16 18:00:00,94364.5,95572.8,93750.0,94047.2,685.77274891
2025-11-16 19:00:00,94047.3,94591.9,93941.7,94020.9,384.45337962
2025-11-16 20:00:00,94022.9,94736.2,93957.9,94084.5,267.79195591
2025-11-16 21:00:00,94084.5,94201.2,93356.2,93496.3,305.03658793
2025-11-16 22:00:00,93496.3,94496.7,93010.0,94181.5,326.64282521
2025-11-16 23:00:00,94192.1,94541.2,92971.6,94256.6,461.79194715
2025-11-17 00:00:00,94256.6,95367.2,93773.6,95288.1,568.99130644
2025-11-17 01:00:00,95289.4,95484.8,94721.2,94767.1,298.2472119
2025-11-17 02:00:00,94767.1,95397.8,94713.8,94968.1,248.26729503
2025-11-17 03:00:00,94973.1,95544.0,94968.2,95494.0,422.84539797
2025-11-17 04:00:00,95496.8,95564.2,94889.8,95097.0,402.18495367
2025-11-17 05:00:00,95097.0,95266.4,94901.7,95121.1,247.71722853
2025-11-17 06:00:00,95121.8,95333.4,94902.0,95282.9,245.90159496
2025-11-17 07:00:00,95283.0,95875.0,95220.0,95648.6,387.17312872
2025-11-17 08:00:00,95648.7,96019.6,95535.4,95622.8,267.26162081
2025-11-17 09:00:00,95622.8,95864.1,95318.7,95663.0,255.23445293
2025-11-17 10:00:00,95663.0,95874.4,95560.2,95645.9,271.32774051
2025-11-17 11:00:00,95649.8,95928.8,95395.3,95568.9,222.42903073
2025-11-17 12:00:00,95568.9,95569.4,95276.6,95315.7,189.03706993
2025-11-17 13:00:00,95315.7,95370.3,93569.8,93951.8,584.60092573
2025-11-17 14:00:00,93951.7,96033.1,93767.8,94760.0,793.06001338
2025-11-17 15:00:00,94764.0,95006.8,93813.4,93962.6,746.04562957
2025-11-17 16:00:00,93962.7,94410.6,93060.1,94301.1,591.59912052
2025-11-17 17:00:00,94302.5,94390.5,92660.0,92758.3,503.60612383
2025-11-17 18:00:00,92758.9,93204.5,92417.4,92546.9,569.73820431
2025-11-17 19:00:00,92543.0,92653.4,91592.5,91678.9,527.19482373
2025-11-17 20:00:00,91678.9,92210.6,91277.4,91911.0,495.7119709
2025-11-17 21:00:00,91911.0,92258.0,91516.1,91956.0,344.00018661
2025-11-17 22:00:00,91958.5,92390.4,91762.2,92248.1,226.80472575
2025-11-17 23:00:00,92248.2,92290.8,91799.8,92207.6,197.83495815
2025-11-18 00:00:00,92220.0,92352.1,91205.4,92168.9,361.18369735
2025-11-18 01:00:00,92172.7,92221.0,91622.8,91721.7,486.08154455
2025-11-18 02:00:00,91712.0,91742.2,90700.8,90873.9,587.3362626
2025-11-18 03:00:00,90873.8,90913.4,89709.9,90850.2,625.85744789
2025-11-18 04:00:00,90847.4,90860.0,89290.7,90066.8,577.76414401
2025-11-18 05:00:00,90081.2,90466.1,89709.3,90214.2,354.7744
2025-11-18 06:00:00,90214.3,90221.4,89383.2,89647.3,331.01962286
2025-11-18 07:00:00,89647.3,90543.0,89340.6,90509.6,486.54949691
2025-11-18 08:00:00,90509.7,91446.0,90509.5,91211.5,468.4270589
2025-11-18 09:00:00,91211.6,91475.6,90894.2,91400.1,341.39653022
2025-11-18 10:00:00,91400.0,91601.9,91254.0,91587.7,263.69797869
2025-11-18 11:00:00,91587.6,91601.2,91237.1,91523.5,316.62683747
2025-11-18 12:00:00,91523.5,91870.2,91108.9,91533.7,362.46998118
2025-11-18 13:00:00,91524.6,91653.4,90930.1,91480.8,497.85914918
2025-11-18 14:00:00,91480.7,92444.5,91222.4,91365.0,857.54209359
2025-11-18 15:00:00,91364.9,93034.1,91019.9,92911.4,916.33236859
2025-11-18 16:00:00,92911.5,93846.2,92590.9,93495.8,571.92428914
2025-11-18 17:00:00,93495.8,93650.8,92804.0,93259.6,351.10265436
2025-11-18 18:00:00,93259.7,93762.2,93153.2,93331.1,264.5377811
2025-11-18 19:00:00,93331.2,93613.2,92995.4,93187.0,232.6529823
2025-11-18 20:00:00,93187.2,93310.0,92655.9,92791.7,217.43908771
2025-11-18 21:00:00,92792.6,93031.0,92459.7,92491.7,197.63602089
2025-11-18 22:00:00,92491.7,93417.4,92490.6,93156.8,220.64762683
2025-11-18 23:00:00,93156.9,93163.7,92732.7,92962.9,182.23767256
2025-11-19 00:00:00,92962.9,92995.6,91938.3,92417.7,334.64358705
2025-11-19 01:00:00,92417.8,92635.6,91942.1,92440.0,402.17270205
2025-11-19 02:00:00,92447.9,92858.3,92289.0,92573.6,307.03352737
2025-11-19 03:00:00,92569.2,92630.6,91672.5,91889.9,333.35559004
2025-11-19 04:00:00,91889.9,91976.0,91177.0,91177.0,309.98948771
2025-11-19 05:00:00,91177.0,91264.3,90037.2,90460.0,419.12086332
2025-11-19 06:00:00,90460.0,91101.2,90283.6,90989.2,415.67023202
2025-11-19 07:00:00,90990.0,92040.0,90962.0,91866.7,331.79164066
2025-11-19 08:00:00,91866.7,91944.9,91312.0,91455.9,293.80898904
2025-11-19 09:00:00,91455.9,91506.8,91084.1,91506.8,289.66259415
2025-11-19 10:00:00,91506.8,91688.0,91239.7,91316.8,278.73740499
2025-11-19 11:00:00,91316.6,91769.7,91314.5,91408.5,321.87110981
2025-11-19 12:00:00,91408.6,91862.3,91224.5,91777.9,376.39098678
2025-11-19 13:00:00,91778.0,91896.5,91224.9,91390.2,426.82279335
2025-11-19 14:00:00,91390.3,91849.0,91056.7,91706.7,589.65728385
2025-11-19 15:00:00,91706.8,92381.6,89887.3,89945.5,750.90315668
2025-11-19 16:00:00,89951.1,90230.2,89456.5,89907.7,607.55212384
2025-11-19 17:00:00,89901.5,90128.6,88889.1,89501.9,554.67594077
2025-11-19 18:00:00,89500.0,89715.1,88786.0,89228.6,523.87788233
2025-11-19 19:00:00,89236.5,89364.0,88630.7,88879.4,360.81159413
2025-11-19 20:00:00,88879.5,89688.0,88611.4,89518.5,393.91903264
2025-11-19 21:00:00,89518.5,90843.3,89450.0,90601.9,510.30159228
2025-11-19 22:00:00,90601.8,90635.3,90112.7,90480.6,369.47960426
2025-11-19 23:00:00,90480.6,91589.0,90480.6,91557.3,316.35744824
2025-11-20 00:00:00,91557.4,92300.5,91199.9,91890.5,246.29902924
2025-11-20 01:00:00,91890.5,92701.8,91825.0,92589.6,314.39011575
2025-11-20 02:00:00,92589.6,92794.1,92332.6,92580.9,392.04228461
2025-11-20 03:00:00,92581.0,92710.9,92374.3,92447.4,368.23293178
2025-11-20 04:00:00,92447.0,92979.8,92126.2,92959.1,315.22439467
2025-11-20 05:00:00,92959.2,93147.4,92579.9,92621.2,338.24565236
2025-11-20 06:00:00,92621.2,92848.1,91697.6,91969.1,402.45176421
2025-11-20 07:00:00,91969.2,92445.1,91809.9,92316.4,402.80110554
2025-11-20 08:00:00,92316.4,92397.0,92052.8,92127.7,337.38817179
2025-11-20 09:00:00,92127.8,92129.9,91443.7,91915.1,236.39093117
2025-11-20 10:00:00,91915.1,92094.4,91612.0,91808.8,205.7097022
2025-11-20 11:00:00,91808.8,92028.2,91494.1,91945.6,225.70407809
2025-11-20 12:00:00,91945.6,91991.7,91685.3,91838.7,345.87339642
2025-11-20 13:00:00,91838.7,92541.1,91492.8,91524.9,634.67484903
2025-11-20 14:00:00,91524.9,91664.9,90450.0,91106.8,683.38409838
2025-11-20 15:00:00,91096.0,91163.3,89839.2,89872.2,555.74267812
2025-11-20 16:00:00,89870.4,89911.6,87461.8,87886.2,945.74959987
2025-11-20 17:00:00,87879.2,88156.8,86385.6,87241.9,1079.78992559
2025-11-20 18:00:00,87239.0,87768.7,86333.1,86486.8,634.81291974
2025-11-20 19:00:00,86486.8,87149.0,86106.2,86921.5,555.00469088
2025-11-20 20:00:00,86921.4,87133.6,86335.8,86455.0,372.78428971
2025-11-20 21:00:00,86462.5,87673.0,86435.3,87300.9,264.51921602
2025-11-20 22:00:00,87272.4,88250.6,87210.7,88055.0,258.88323263
2025-11-20 23:00:00,88066.0,88173.1,86560.2,86634.0,418.31115592
2025-11-21 00:00:00,86629.0,87492.8,86592.1,87278.9,509.9228144
2025-11-21 01:00:00,87278.9,87461.0,86842.1,87055.7,465.43127232
2025-11-21 02:00:00,87055.6,87064.4,85353.7,85454.4,789.02271593
2025-11-21 03:00:00,85453.4,86130.0,85444.9,85834.4,556.90255341
2025-11-21 04:00:00,85834.3,86112.3,85407.2,86054.5,429.07738689
2025-11-21 05:00:00,86054.5,86341.5,85837.2,86190.5,425.85650567
2025-11-21 06:00:00,86190.5,86255.0,85553.9,85585.2,449.55311695
2025-11-21 07:00:00,85584.3,85760.5,81500.0,84055.4,1304.86179095
2025-11-21 08:00:00,84055.4,84701.7,83600.0,83646.8,796.09307667
2025-11-21 09:00:00,83647.0,83980.4,82116.1,82217.8,759.73620033
2025-11-21 10:00:00,82217.7,82899.5,81648.4,82714.5,873.79469059
2025-11-21 11:00:00,82714.5,83336.4,82213.0,82327.0,710.4218339
2025-11-21 12:00:00,82319.1,83599.3,80646.7,83280.7,1276.109207
2025-11-21 13:00:00,83281.0,84425.3,83121.9,84118.1,807.69691145
2025-11-21 14:00:00,84118.1,85480.0,83542.0,84861.4,1027.57470193
2025-11-21 15:00:00,84861.3,85096.9,82738.1,82925.1,924.89464154
2025-11-21 16:00:00,82925.0,84920.6,82336.2,84919.6,777.51934429
2025-11-21 17:00:00,84920.8,85571.4,84586.1,84868.7,640.12851115
2025-11-21 18:00:00,84881.8,85083.3,83302.4,84575.3,693.14985064
2025-11-21 19:00:00,84575.2,85029.0,84083.4,84217.5,414.67989571
2025-11-21 20:00:00,84210.7,84678.5,83462.6,84556.7,495.87130532
2025-11-21 21:00:00,84568.0,85408.8,84357.6,85184.9,416.65535583
2025-11-21 22:00:00,85184.9,85409.0,84270.9,84287.8,467.97204733
2025-11-21 23:00:00,84287.9,85352.4,84103.7,85132.2,394.28549568
2025-11-22 00:00:00,85133.2,85607.0,84572.3,84738.0,486.93888937
2025-11-22 01:00:00,84738.1,85196.9,84591.3,85174.3,408.69116656
2025-11-22 02:00:00,85175.0,85205.4,84296.7,84531.0,406.64133858
2025-11-22 03:00:00,84531.1,84604.8,84221.6,84444.7,255.99424743
2025-11-22 04:00:00,84444.7,84549.9,83842.3,84241.3,355.55168131
2025-11-22 05:00:00,84242.1,84314.3,83880.4,84277.9,397.476056
2025-11-22 06:00:00,84277.9,84796.4,84088.1,84635.9,384.42108986
2025-11-22 07:00:00,84635.9,84665.3,84409.1,84584.8,288.46017862
2025-11-22 08:00:00,84584.8,84584.8,83943.8,84023.1,391.21627147
2025-11-22 09:00:00,84023.2,84344.8,83868.4,83934.7,499.98376818
2025-11-22 10:00:00,83934.8,84210.6,83503.6,83699.7,524.52162263
2025-11-22 11:00:00,83699.8,84338.2,83601.1,84093.4,388.24216306
2025-11-22 12:00:00,84093.5,84152.0,83626.9,83887.0,345.32405415
2025-11-22 13:00:00,83887.0,84128.7,83654.4,83941.3,417.06232021
2025-11-22 14:00:00,83941.4,84740.4,83941.2,84490.8,473.99565159
2025-11-22 15:00:00,84490.8,84561.5,84023.9,84286.3,460.12640814
2025-11-22 16:00:00,84286.3,84896.0,84229.0,84701.4,383.75789238
2025-11-22 17:00:00,84701.5,84713.4,84428.5,84555.5,381.23144728
2025-11-22 18:00:00,84555.5,84673.5,84482.1,84656.4,286.1501579
2025-11-22 19:00:00,84656.4,84791.5,84516.3,84621.0,258.53283787
2025-11-22 20:00:00,84621.0,84809.2,84252.7,84473.3,277.67733716
2025-11-22 21:00:00,84473.3,84517.0,84252.2,84412.7,243.47077952
2025-11-22 22:00:00,84412.8,85257.5,84286.7,85074.4,380.78290491
2025-11-22 23:00:00,85073.9,85166.1,84676.8,84744.0,344.31132359
2025-11-23 00:00:00,84744.1,85315.2,84682.1,84962.2,394.91664318
2025-11-23 01:00:00,84962.9,86134.2,84957.1,85885.8,385.7855784
2025-11-23 02:00:00,85885.8,86347.2,85693.6,85995.9,489.01481289
2025-11-23 03:00:00,85997.8,86302.4,85829.3,86302.4,309.78252048
2025-11-23 04:00:00,86302.7,86860.4,86166.0,86548.8,387.13170908
2025-11-23 05:00:00,86548.9,86589.2,86017.5,86358.8,241.31995368
2025-11-23 06:00:00,86358.9,86501.1,85866.2,85871.7,252.30464821
2025-11-23 07:00:00,85871.6,85912.3,85425.0,85783.3,340.47665343
2025-11-23 08:00:00,85780.5,86187.2,85776.2,86141.0,306.32244273
2025-11-23 09:00:00,86141.0,86464.4,86089.2,86403.9,248.2466752
2025-11-23 10:00:00,86404.0,86449.5,86065.7,86074.0,226.30608176
2025-11-23 11:00:00,86074.1,86417.5,85843.3,86333.3,321.6321748
2025-11-23 12:00:00,86333.3,86897.3,86280.6,86543.8,379.70128166
2025-11-23 13:00:00,86543.9,86936.3,86339.5,86928.8,335.56203493
2025-11-23 14:00:00,86928.8,87204.2,86498.8,86552.1,399.85138165
2025-11-23 15:00:00,86552.1,87242.2,86466.4,87092.6,394.41595254
2025-11-23 16:00:00,87092.7,87500.6,86688.1,86700.7,436.76443448
2025-11-23 17:00:00,86692.2,86955.6,86519.0,86751.6,357.54431049
2025-11-23 18:00:00,86751.5,87250.0,86721.8,87002.0,356.3186805
2025-11-23 19:00:00,87002.0,87671.3,86951.4,87332.0,359.60742769
2025-11-23 20:00:00,87332.1,87694.7,87242.2,87481.9,305.24538968
2025-11-23 21:00:00,87481.9,87996.9,87157.9,87996.4,333.88680702
2025-11-23 22:00:00,87996.4,88131.7,87564.9,87997.4,446.4136604
2025-11-23 23:00:00,87998.1,88079.4,86756.4,86838.4,538.69153447
2025-11-24 00:00:00,86838.4,87207.8,85954.5,86750.2,548.77220385
2025-11-24 01:00:00,86742.4,87082.0,86406.7,87067.6,498.17393587
2025-11-24 02:00:00,87069.2,88053.2,87031.3,87512.7,542.59916169
2025-11-24 03:00:00,87512.7,87783.5,87201.2,87456.6,388.66973447
2025-11-24 04:00:00,87456.6,87587.9,86458.3,86738.9,389.54506621
2025-11-24 05:00:00,86737.8,87828.6,86686.8,87470.2,422.53022177
2025-11-24 06:00:00,87470.3,87507.3,86816.9,86907.5,457.33934354
2025-11-24 07:00:00,86907.4,87345.4,86706.0,87040.1,397.91382131
2025-11-24 08:00:00,87040.3,87040.3,86731.9,86960.1,336.36941116
2025-11-24 09:00:00,86960.0,86960.0,85826.4,85960.8,487.06187622
2025-11-24 10:00:00,85960.8,86190.9,85711.7,86058.2,408.02570377
2025-11-24 11:00:00,86058.1,86431.7,85855.7,86264.1,348.9925035
2025-11-24 12:00:00,86264.0,86313.3,85892.1,86010.6,372.76996931
2025-11-24 13:00:00,86010.6,86566.0,85965.0,86152.1,429.1850201819419
2025-11-24 14:00:00,86152.0,86653.8,85276.4,86159.4,775.91738
2025-11-24 15:00:00,86159.5,86738.8,85922.9,86624.0,914.71086473
2025-11-24 16:00:00,86624.0,87702.9,86624.0,87182.4,653.66776266
2025-11-24 17:00:00,87182.5,88449.6,86964.5,88364.8,551.2613302
2025-11-24 18:00:00,88364.8,88716.6,88206.5,88714.6,452.07903122
2025-11-24 19:00:00,88714.6,88837.0,88122.5,88327.4,374.99968196
2025-11-24 20:00:00,88327.4,89218.9,88327.4,89090.2,463.34001776
2025-11-24 21:00:00,89090.1,89123.2,88733.4,88773.4,356.50815704
2025-11-24 22:00:00,88773.3,89089.8,88604.5,88643.0,321.93299956
2025-11-24 23:00:00,88642.9,88685.0,88255.4,88302.4,280.92454666
2025-11-25 00:00:00,88302.5,88302.5,87877.1,88096.0,376.73400406
2025-11-25 01:00:00,88096.2,88195.5,87723.7,87727.0,399.66262195
2025-11-25 02:00:00,87727.1,87933.7,87466.1,87904.5,396.27963944
2025-11-25 03:00:00,87907.3,88035.0,87565.6,87821.8,346.37440347
2025-11-25 04:00:00,87821.8,88512.2,87796.0,88344.0,277.52617022
2025-11-25 05:00:00,88344.1,88344.1,87942.7,88117.8,197.35575178
2025-11-25 06:00:00,88117.9,88135.7,87811.8,88004.9,241.02027435
2025-11-25 07:00:00,88004.9,88052.9,87335.2,87386.7,401.80224659
2025-11-25 08:00:00,87386.7,87604.6,87000.7,87012.4,358.12752049
2025-11-25 09:00:00,87012.4,87248.5,86683.1,87239.3,397.31231668
2025-11-25 10:00:00,87239.4,87418.9,86951.5,87404.0,266.28615988
2025-11-25 11:00:00,87404.0,87524.9,87316.4,87364.1,323.73418334
2025-11-25 12:00:00,87364.1,87764.7,87364.1,87515.1,321.87635431
2025-11-25 13:00:00,87515.2,87719.5,86876.7,87070.7,421.09298661
2025-11-25 14:00:00,87070.8,87296.6,86126.0,86753.7,641.86804658
2025-11-25 15:00:00,86753.6,87300.0,86209.8,86984.0,530.30707169
2025-11-25 16:00:00,86984.0,87287.5,86714.3,87133.8,450.47621116
2025-11-25 17:00:00,87133.7,88137.0,87057.7,87617.4,367.44541238
2025-11-25 18:00:00,87624.0,87828.8,87242.2,87242.2,443.96259876
2025-11-25 19:00:00,87242.3,87335.6,86183.9,86883.4,474.03155738
2025-11-25 20:00:00,86883.5,87458.8,86719.6,87376.4,382.09202757
2025-11-25 21:00:00,87376.4,87440.2,86987.8,87039.0,280.29512606
2025-11-25 22:00:00,87038.9,87713.1,86600.0,87629.3,538.13235425
2025-11-25 23:00:00,87629.3,87875.3,87336.3,87370.8,396.15371796
2025-11-26 00:00:00,87370.8,87764.4,87362.7,87573.2,385.82607641
2025-11-26 01:00:00,87573.3,88215.0,87351.5,87921.0,433.30295538
2025-11-26 02:00:00,87921.0,88080.8,87658.5,87704.5,306.69960705
2025-11-26 03:00:00,87704.6,87879.1,87074.1,87116.8,363.21984006
2025-11-26 04:00:00,87116.9,87364.9,86912.1,87234.6,219.98654818
2025-11-26 05:00:00,87234.6,87734.4,87233.6,87514.5,358.93052973
2025-11-26 06:00:00,87514.5,87887.1,87463.9,87808.5,345.13611847
2025-11-26 07:00:00,87808.4,87965.0,87706.8,87929.4,283.51847112
2025-11-26 08:00:00,87929.4,87933.7,87422.0,87425.2,249.3120872
2025-11-26 09:00:00,87425.0,87441.1,86756.7,86837.5,222.31066532
2025-11-26 10:00:00,86837.4,87061.1,86682.0,86952.0,181.27010169
2025-11-26 11:00:00,86952.1,87096.0,86859.0,87092.1,127.31947145
2025-11-26 12:00:00,87092.1,87165.8,86310.1,86655.0,292.42503516
2025-11-26 13:00:00,86654.9,87125.6,86576.0,87117.9,272.55090644
2025-11-26 14:00:00,87125.0,87679.9,86819.0,86899.7,473.13113416
2025-11-26 15:00:00,86899.7,87342.1,86680.7,86973.3,454.63615122
2025-11-26 16:00:00,86974.0,87941.0,86966.9,87820.1,390.06887718
2025-11-26 17:00:00,87820.1,89987.9,87716.3,89858.9,644.36527245
2025-11-26 18:00:00,89859.0,90416.3,89699.8,90155.2,412.73260202
2025-11-26 19:00:00,90155.0,90196.0,89741.1,89960.9,291.4832325
2025-11-26 20:00:00,89961.0,90105.0,89520.2,89867.1,271.20322766
2025-11-26 21:00:00,89867.0,90481.6,89805.8,90187.6,174.75583
2025-11-26 22:00:00,90187.6,90639.9,90125.5,90386.2,200.80822914
2025-11-26 23:00:00,90387.9,90596.7,90324.0,90498.0,214.8388803
2025-11-27 00:00:00,90497.0,90584.7,90103.6,90478.0,253.90100123
2025-11-27 01:00:00,90478.0,91230.8,90403.0,91157.1,320.21876732
2025-11-27 02:00:00,91157.0,91897.0,90895.1,91388.3,409.06511029
2025-11-27 03:00:00,91388.4,91608.0,91059.0,91088.9,284.93974456
2025-11-27 04:00:00,91089.0,91348.8,91061.9,91281.3,252.26634656
2025-11-27 05:00:00,91281.1,91543.9,90903.2,90975.1,266.20738258
2025-11-27 06:00:00,90975.1,91442.0,90975.0,91234.0,180.63303244
2025-11-27 07:00:00,91235.0,91498.0,91149.1,91410.8,185.29231653
2025-11-27 08:00:00,91410.8,91510.2,91233.0,91489.9,166.61992329
2025-11-27 09:00:00,91490.0,91935.3,91477.3,91564.5,173.30433368
2025-11-27 10:00:00,91564.6,91738.5,91335.0,91615.0,191.27098489
2025-11-27 11:00:00,91614.9,91614.9,91301.4,91366.9,96.57788587
2025-11-27 12:00:00,91367.0,91447.0,90951.1,90987.3,163.1567617
2025-11-27 13:00:00,90987.4,91085.0,90454.2,90866.8,346.52735598
2025-11-27 14:00:00,90866.8,90980.0,90588.1,90797.1,287.72247183
2025-11-27 15:00:00,90797.2,90991.8,90641.0,90954.0,235.79267884
2025-11-27 16:00:00,90954.5,91558.1,90859.1,91470.9,265.60727072
2025-11-27 17:00:00,91468.7,91633.2,91318.0,91479.3,209.18858608
2025-11-27 18:00:00,91479.2,91840.0,91359.8,91796.6,215.80525995
2025-11-27 19:00:00,91795.0,91795.0,91509.8,91527.0,149.90453496
2025-11-27 20:00:00,91527.0,91580.0,91375.0,91433.1,207.87335697
2025-11-27 21:00:00,91433.1,91585.9,91217.3,91414.0,131.92348018
2025-11-27 22:00:00,91414.5,91582.9,91114.8,91324.1,202.6404955
2025-11-27 23:00:00,91324.0,91552.8,91213.5,91337.5,181.17529968
2025-11-28 00:00:00,91337.4,91412.3,91083.0,91199.0,185.90499632
2025-11-28 01:00:00,91200.0,91202.0,90810.1,90810.1,259.98622615
2025-11-28 02:00:00,90810.1,91134.5,90667.0,91084.5,260.26036412
2025-11-28 03:00:00,91084.5,91298.0,91015.0,91211.0,163.00578121
2025-11-28 04:00:00,91211.1,91484.0,91133.0,91432.0,168.48367281
2025-11-28 05:00:00,91432.1,91710.0,91313.0,91622.1,199.24934777
2025-11-28 06:00:00,91622.1,91622.1,91168.0,91311.1,141.73918927
2025-11-28 07:00:00,91311.1,91555.0,90875.0,90916.0,183.92965005
2025-11-28 08:00:00,90916.0,91706.5,90916.0,91679.0,311.51323571
2025-11-28 09:00:00,91679.0,91850.0,91447.1,91593.0,284.41187898
2025-11-28 10:00:00,91593.0,91864.0,91487.0,91843.0,138.74563632
2025-11-28 11:00:00,91844.0,92014.3,91074.1,91443.0,272.78178525
2025-11-28 12:00:00,91442.0,91689.0,91415.1,91511.4,169.75949092
2025-11-28 13:00:00,91511.5,92639.7,91392.0,92373.6,330.72302506
2025-11-28 14:00:00,92373.7,93105.6,91830.1,92249.2,483.47932109
2025-11-28 15:00:00,92250.0,92795.3,91977.7,92368.0,363.69902138
2025-11-28 16:00:00,92368.1,92375.4,90884.0,90938.1,374.86771867
2025-11-28 17:00:00,90938.1,91197.0,90203.0,90657.9,470.98824877
2025-11-28 18:00:00,90657.9,90969.8,90430.1,90827.5,278.33674371
2025-11-28 19:00:00,90827.6,91197.9,90823.9,91156.9,175.98321569
2025-11-28 20:00:00,91157.0,91217.3,90873.9,91190.9,141.0673184
2025-11-28 21:00:00,91191.0,91244.0,90893.0,90893.1,127.96817593
2025-11-28 22:00:00,90893.1,91152.0,90718.0,91113.0,210.04490838
2025-11-28 23:00:00,91114.0,91187.0,90895.6,90895.6,119.0358031
2025-11-29 00:00:00,90895.7,90968.9,90776.2,90887.1,127.94650194
2025-11-29 01:00:00,90887.0,91116.9,90805.9,90886.0,120.47115451
2025-11-29 02:00:00,90886.0,90923.8,90547.0,90801.0,124.92364955
2025-11-29 03:00:00,90801.0,90872.0,90668.0,90688.1,103.27165731
2025-11-29 04:00:00,90688.1,90908.0,90569.0,90908.0,68.39251387
2025-11-29 05:00:00,90908.0,90927.0,90741.6,90753.6,68.22227053
2025-11-29 06:00:00,90753.6,90831.9,90312.5,90571.0,195.14855043
2025-11-29 07:00:00,90571.0,90660.0,90377.1,90563.0,158.4439822
2025-11-29 08:00:00,90563.1,90730.1,90486.2,90624.9,140.56929604
2025-11-29 09:00:00,90625.0,90658.0,90507.0,90557.9,118.5658426
2025-11-29 10:00:00,90558.0,90640.0,90387.0,90554.4,126.91023072
2025-11-29 11:00:00,90554.3,90680.0,90468.0,90680.0,92.91952648
2025-11-29 12:00:00,90680.0,90810.0,90538.8,90627.0,114.48669886
2025-11-29 13:00:00,90626.0,90804.9,90595.1,90780.5,107.13386669
2025-11-29 14:00:00,90780.6,90780.6,90621.0,90621.7,80.65432871
2025-11-29 15:00:00,90621.8,91109.5,90621.7,91066.4,150.41733145
2025-11-29 16:00:00,91066.5,91167.0,90873.0,91007.1,163.87612382
2025-11-29 17:00:00,91007.1,91021.0,90426.9,90426.9,167.29735019
2025-11-29 18:00:00,90426.9,90716.0,90170.9,90697.9,279.63049038
2025-11-29 19:00:00,90697.5,90843.0,90604.9,90644.0,107.72183139
2025-11-29 20:00:00,90643.7,91032.0,90414.0,90967.7,151.29897115
2025-11-29 21:00:00,90967.7,91046.9,90814.4,91003.2,91.75152471
2025-11-29 22:00:00,91003.2,91003.2,90716.1,90751.1,119.36497455
2025-11-29 23:00:00,90752.5,90893.9,90703.0,90805.1,90.18732152
2025-11-30 00:00:00,90805.1,90943.0,90773.0,90894.0,159.74442273
2025-11-30 01:00:00,90894.0,91054.6,90869.9,90915.7,122.31929127
2025-11-30 02:00:00,90915.8,91029.0,90757.4,90784.7,184.09527244
2025-11-30 03:00:00,90784.7,90918.0,90478.0,90909.0,147.04747753
2025-11-30 04:00:00,90909.0,90969.8,90802.0,90852.8,95.82654786
2025-11-30 05:00:00,90852.8,90852.8,90680.5,90794.0,74.21302909
2025-11-30 06:00:00,90793.9,90933.0,90727.0,90892.5,88.76963729
2025-11-30 07:00:00,90892.6,91037.8,90860.6,90965.1,73.35401962
2025-11-30 08:00:00,90965.1,91415.8,90932.1,91176.3,212.1646496
2025-11-30 09:00:00,91176.3,91624.0,91136.2,91413.0,193.79948141
2025-11-30 10:00:00,91413.1,91457.9,91207.7,91235.0,104.9502401
2025-11-30 11:00:00,91235.0,91392.0,91005.1,91056.7,92.77364969
2025-11-30 12:00:00,91056.8,91523.0,91011.2,91469.5,126.67896162
2025-11-30 13:00:00,91469.4,91967.4,91408.0,91761.0,184.82172093
2025-11-30 14:00:00,91761.0,91772.0,91265.0,91499.5,136.17342837
2025-11-30 15:00:00,91499.5,91611.0,91328.8,91438.0,126.98242835
2025-11-30 16:00:00,91438.0,91851.4,91412.0,91818.0,142.37606594
2025-11-30 17:00:00,91819.0,91821.0,91322.0,91490.3,147.90948083
2025-11-30 18:00:00,91490.3,91490.3,91163.5,91457.9,120.50909156
2025-11-30 19:00:00,91457.9,91487.0,91310.1,91460.2,70.45311335
2025-11-30 20:00:00,91460.1,91623.0,91187.0,91317.0,93.46539961
2025-11-30 21:00:00,91317.1,91326.7,90903.0,91170.0,160.12039795
2025-11-30 22:00:00,91170.0,91339.4,91032.0,91230.1,144.59399839
2025-11-30 23:00:00,91230.1,91244.0,90353.0,90365.0,226.99338717
2025-12-01 00:00:00,90360.6,90424.1,86975.0,87008.2,1150.47529391
2025-12-01 01:00:00,87008.2,87735.8,86951.9,87171.0,709.38589743
2025-12-01 02:00:00,87170.8,87494.0,86481.8,86727.7,469.23651629
2025-12-01 03:00:00,86727.7,86803.1,86172.8,86345.6,426.87946429
2025-12-01 04:00:00,86345.6,86348.2,85696.4,85802.2,391.95948156
2025-12-01 05:00:00,85802.3,86003.4,85615.0,86001.4,377.58835025
2025-12-01 06:00:00,86001.4,86348.0,85979.0,86240.2,346.91622796
2025-12-01 07:00:00,86240.3,86571.7,86063.0,86553.6,293.41898846
2025-12-01 08:00:00,86551.2,86889.0,86402.1,86875.8,255.58579196
2025-12-01 09:00:00,86868.7,86932.0,86534.0,86712.9,290.10751189
2025-12-01 10:00:00,86713.0,86810.0,86562.0,86649.0,148.05663864
2025-12-01 11:00:00,86649.1,86695.2,86135.6,86144.3,235.61223651
2025-12-01 12:00:00,86144.3,86225.1,84684.0,85430.1,558.10926595
2025-12-01 13:00:00,85430.0,86141.1,85360.1,85990.0,530.13599384
2025-12-01 14:00:00,85990.1,86665.5,85882.0,86057.9,634.0635665
2025-12-01 15:00:00,86058.0,86129.9,83827.0,84677.8,830.47389754
2025-12-01 16:00:00,84677.8,85446.8,84048.0,84561.5,710.16380425
2025-12-01 17:00:00,84561.6,85265.0,84457.0,84938.7,437.4718011924767
2025-12-01 18:00:00,84934.3,85550.1,84729.1,85201.0,430.4834052
2025-12-01 19:00:00,85200.0,85291.9,84614.0,85027.2,405.52820939
2025-12-01 20:00:00,85027.1,85821.8,85008.3,85518.1,508.83794545
2025-12-01 21:00:00,85519.1,86490.1,85504.9,86438.1,403.93850454
2025-12-01 22:00:00,86438.0,86860.0,86309.1,86585.5,379.2430211
2025-12-01 23:00:00,86585.4,86819.0,86221.3,86289.9,289.2024406
2025-12-02 00:00:00,86289.5,86654.6,86192.9,86510.4,380.30376555
2025-12-02 01:00:00,86510.4,87336.1,86400.5,86454.9,505.48138531
2025-12-02 02:00:00,86454.9,86854.9,86280.9,86550.0,393.49777502
2025-12-02 03:00:00,86549.9,87089.7,86223.9,86972.3,389.10369681
2025-12-02 04:00:00,86972.3,87270.4,86916.4,86970.1,408.64281003
2025-12-02 05:00:00,86970.1,87113.5,86834.1,87012.5,303.68954912
2025-12-02 06:00:00,87012.4,87175.6,86874.8,87097.1,299.87702033
2025-12-02 07:00:00,87097.0,87109.7,86891.8,87013.3,323.56050152
2025-12-02 08:00:00,87013.3,87045.0,86350.4,86469.5,462.60213017
2025-12-02 09:00:00,86471.3,86990.4,86459.8,86770.7,363.49621271
2025-12-02 10:00:00,86770.6,87593.4,86763.6,87280.4,250.52752983
2025-12-02 11:00:00,87277.6,87605.5,87002.1,87362.6,278.49140879
2025-12-02 12:00:00,87362.8,87553.6,87220.4,87267.9,317.98891601
2025-12-02 13:00:00,87268.0,87878.9,87063.8,87727.8,493.28185443
2025-12-02 14:00:00,87727.9,89265.0,87611.1,89264.4,796.06367399
2025-12-02 15:00:00,89264.4,91182.5,89264.4,90857.0,814.33054975
2025-12-02 16:00:00,90857.1,91319.5,90213.5,90753.2,576.09231402
2025-12-02 17:00:00,90753.2,91989.5,90743.1,91450.2,454.29529394
2025-12-02 18:00:00,91450.3,92216.9,91384.7,91949.9,464.45239059
2025-12-02 19:00:00,91949.9,92296.7,91864.5,91892.0,298.39603762
2025-12-02 20:00:00,91892.1,91924.6,90740.7,91028.1,482.32310787
2025-12-02 21:00:00,91028.1,91627.7,90968.5,91562.5,204.57738756
2025-12-02 22:00:00,91562.5,91997.9,91512.1,91987.6,193.67499156
2025-12-02 23:00:00,91987.6,91987.6,91277.2,91277.8,275.28340482
2025-12-03 00:00:00,91277.9,91731.9,91002.3,91649.5,444.36754788
2025-12-03 01:00:00,91649.5,92470.0,91477.6,92243.8,420.7146412
2025-12-03 02:00:00,92243.9,93050.4,92159.0,92815.7,591.51606574
2025-12-03 03:00:00,92815.7,93076.5,92601.0,92643.3,366.79687361
2025-12-03 04:00:00,92639.7,93461.6,92636.1,93354.1,421.87907489
2025-12-03 05:00:00,93354.0,93652.8,93117.5,93644.9,427.85059233
2025-12-03 06:00:00,93644.9,93955.2,93149.7,93430.9,557.55933313
2025-12-03 07:00:00,93430.9,93459.1,92871.6,92996.3,384.08448435
2025-12-03 08:00:00,92996.4,93167.9,92675.6,92767.6,300.26261764
2025-12-03 09:00:00,92767.5,93202.3,92719.0,93179.3,362.61710809
2025-12-03 10:00:00,93179.2,93379.8,92867.8,92931.9,295.38171852
2025-12-03 11:00:00,92931.9,93044.5,92673.3,93001.7,290.73965827
2025-12-03 12:00:00,93001.8,93103.0,92696.9,92927.7,285.97408747
2025-12-03 13:00:00,92927.8,93251.2,92892.9,93131.4,428.60055643
2025-12-03 14:00:00,93131.4,93682.0,91704.1,92355.5,1085.46890453
2025-12-03 15:00:00,92356.9,92982.0,91934.1,92373.3,693.62767887
2025-12-03 16:00:00,92374.0,92721.9,91793.2,92251.5,627.26301816
2025-12-03 17:00:00,92251.4,93028.8,92202.6,92960.0,582.90210933
2025-12-03 18:00:00,92960.0,93499.4,92385.9,92607.0,481.45105613
2025-12-03 19:00:00,92623.1,93094.3,92540.0,93022.3,382.32771594
2025-12-03 20:00:00,93024.4,93386.4,92840.4,92974.4,276.71676511
2025-12-03 21:00:00,92976.3,93769.0,92861.6,93706.9,185.04225178
2025-12-03 22:00:00,93706.0,94152.7,93310.8,93786.0,429.88405846
2025-12-03 23:00:00,93786.0,94085.4,93394.4,93435.9,398.01225561
2025-12-04 00:00:00,93435.9,93472.0,92677.9,93050.4,400.22747501
2025-12-04 01:00:00,93050.5,93743.2,92997.6,93188.0,553.50903763
2025-12-04 02:00:00,93188.1,94062.4,93129.7,93943.9,426.48914853
2025-12-04 03:00:00,93944.0,94072.2,93411.0,93537.4,304.61648365
2025-12-04 04:00:00,93537.4,93583.7,93236.0,93351.6,288.49745067
2025-12-04 05:00:00,93351.6,93368.0,92789.0,92977.5,305.27980239
2025-12-04 06:00:00,92977.5,93361.0,92858.3,93139.5,381.50512707
2025-12-04 07:00:00,93139.4,93411.3,92901.9,93399.2,298.95084577
2025-12-04 08:00:00,93399.3,93594.8,93055.4,93257.8,313.29227948
2025-12-04 09:00:00,93257.8,93615.5,93250.1,93459.8,316.96773127
2025-12-04 10:00:00,93459.9,93553.4,93164.6,93255.5,342.62372096
2025-12-04 11:00:00,93255.6,93307.6,92748.1,92942.8,329.10620372
2025-12-04 12:00:00,92942.9,93187.1,92747.9,92984.7,314.89336947
2025-12-04 13:00:00,92984.8,93049.2,92436.1,92530.9,467.45576457
2025-12-04 14:00:00,92530.6,92816.6,91809.4,91905.0,512.45282031
2025-12-04 15:00:00,91904.9,93249.3,91888.4,92979.0,632.47427537
2025-12-04 16:00:00,92978.0,93167.9,92281.3,92426.6,509.39358932
2025-12-04 17:00:00,92426.6,92533.7,91765.8,92429.0,505.43254193
2025-12-04 18:00:00,92429.0,92548.0,91960.9,92127.6,351.63990525
2025-12-04 19:00:00,92127.6,92167.0,90887.0,91976.5,611.34351205
2025-12-04 20:00:00,91975.5,92527.8,91693.7,92477.7,440.144033
2025-12-04 21:00:00,92477.8,92709.2,92094.1,92150.9,274.30526063
2025-12-04 22:00:00,92155.7,92493.2,92155.7,92348.8,338.8598724
2025-12-04 23:00:00,92348.8,92452.2,92076.4,92077.9,293.61692387
2025-12-05 00:00:00,92077.9,92470.8,92065.4,92305.1,325.69775702
2025-12-05 01:00:00,92305.0,92588.5,92239.7,92363.1,289.4995527
2025-12-05 02:00:00,92363.2,92688.2,92263.3,92514.7,227.05830002
2025-12-05 03:00:00,92514.7,92661.5,91979.1,92155.3,232.12207783
2025-12-05 04:00:00,92155.3,92383.5,91818.7,92023.0,246.63655935
2025-12-05 05:00:00,92027.6,92198.0,91884.2,91933.0,138.88675979
2025-12-05 06:00:00,91933.0,92282.2,91906.8,92280.5,132.28096852
2025-12-05 07:00:00,92280.5,92484.5,92203.9,92258.1,209.40524328
2025-12-05 08:00:00,92258.0,92258.1,91903.1,92121.7,251.99892891
2025-12-05 09:00:00,92113.4,92113.4,90988.9,91131.8,366.73273232
2025-12-05 10:00:00,91131.8,91482.6,91093.2,91278.0,332.97758273
2025-12-05 11:00:00,91278.0,91555.6,91133.3,91343.9,307.12873595
2025-12-05 12:00:00,91344.6,91418.6,91083.4,91245.3,227.5023123
2025-12-05 13:00:00,91245.4,91348.8,90244.9,90464.6,488.24695316
2025-12-05 14:00:00,90464.6,90733.8,89895.8,90294.7,571.52647158
2025-12-05 15:00:00,90294.8,91460.1,90268.6,90462.7,664.6120046
2025-12-05 16:00:00,90462.6,90498.1,88088.9,88815.9,770.4442643
2025-12-05 17:00:00,88815.8,89533.2,88619.2,89333.1,564.22590426
2025-12-05 18:00:00,89333.0,89794.7,88914.7,88939.0,398.56451754
2025-12-05 19:00:00,88939.1,89803.4,88834.9,89633.1,430.69348001
2025-12-05 20:00:00,89633.1,89743.2,89204.9,89313.6,310.46527318
2025-12-05 21:00:00,89309.6,89600.0,89090.3,89174.7,202.7385093
2025-12-05 22:00:00,89186.4,89364.2,88916.0,89231.8,226.52307998
2025-12-05 23:00:00,89232.1,89377.0,88936.5,89334.5,243.82933638
2025-12-06 00:00:00,89334.4,89458.8,89045.7,89425.1,294.146155
2025-12-06 01:00:00,89425.1,89500.0,89208.0,89321.8,268.14249692
2025-12-06 02:00:00,89322.8,89394.6,89180.3,89394.6,276.68522816
2025-12-06 03:00:00,89394.7,89793.3,89394.6,89676.8,215.07706244
2025-12-06 04:00:00,89676.8,89710.0,89524.6,89664.3,222.16497628
2025-12-06 05:00:00,89664.4,89731.9,89538.8,89612.1,190.8960011
2025-12-06 06:00:00,89612.0,89762.1,89527.9,89680.9,164.42568766
2025-12-06 07:00:00,89681.3,89715.1,89477.1,89592.6,218.29816988
2025-12-06 08:00:00,89592.6,89643.2,89223.7,89277.3,323.11474276
2025-12-06 09:00:00,89277.3,89664.9,89269.2,89576.5,227.96848048
2025-12-06 10:00:00,89576.5,89683.4,89464.5,89509.8,172.99059827
2025-12-06 11:00:00,89509.8,89722.1,89497.8,89621.2,166.24467595
2025-12-06 12:00:00,89621.2,89643.9,89568.4,89581.7,93.51716476
2025-12-06 13:00:00,89581.8,89779.9,89581.8,89671.8,70.81247174
2025-12-06 14:00:00,89671.8,90280.4,89655.4,90006.1,155.06062969
2025-12-06 15:00:00,90006.1,90042.4,89499.7,89756.2,303.93166273
2025-12-06 16:00:00,89757.2,89980.8,89689.6,89710.0,195.67440133
2025-12-06 17:00:00,89710.1,89838.3,89620.3,89715.7,138.60234774
2025-12-06 18:00:00,89715.7,89783.8,89539.4,89646.8,144.88761569
2025-12-06 19:00:00,89646.8,89744.5,89264.0,89407.6,250.5069002
2025-12-06 20:00:00,89407.6,89549.6,89323.6,89548.3,104.9905122
2025-12-06 21:00:00,89548.2,89603.2,89405.8,89422.6,225.48232413
2025-12-06 22:00:00,89422.6,89526.6,89264.3,89279.4,245.15965257
2025-12-06 23:00:00,89279.4,89324.5,88921.6,89227.5,335.25908977
2025-12-07 00:00:00,89232.9,89552.0,89187.7,89400.9,234.9445774
2025-12-07 01:00:00,89400.8,89580.5,89302.0,89302.0,151.94410565
2025-12-07 02:00:00,89302.0,89692.8,89301.9,89628.2,160.18865693
2025-12-07 03:00:00,89627.2,89741.4,89555.8,89712.5,129.3791326
2025-12-07 04:00:00,89712.5,89783.0,89494.7,89536.0,125.40020578
2025-12-07 05:00:00,89536.0,89559.2,89431.8,89514.0,110.13649735
2025-12-07 06:00:00,89514.1,89704.4,89493.3,89704.4,189.99661408
2025-12-07 07:00:00,89704.5,89731.3,89212.7,89379.1,224.65241454
2025-12-07 08:00:00,89379.1,89536.7,89204.0,89314.9,190.22545249
2025-12-07 09:00:00,89314.9,89396.4,89057.9,89120.1,187.06891351
2025-12-07 10:00:00,89120.1,89386.0,89111.8,89241.4,223.99351797
2025-12-07 11:00:00,89241.5,89267.6,89150.9,89151.4,93.32824753
2025-12-07 12:00:00,89151.5,89580.6,89120.9,89471.9,139.34748033
2025-12-07 13:00:00,89472.1,89512.7,88688.9,89047.8,234.69039253
2025-12-07 14:00:00,89051.6,89105.8,87719.0,88229.1,526.69601441
2025-12-07 15:00:00,88228.3,89701.9,88174.2,89548.3,521.593225
2025-12-07 16:00:00,89548.2,89898.8,89116.3,89893.5,351.75606233
2025-12-07 17:00:00,89893.5,91274.7,89629.1,90952.8,479.31423438
2025-12-07 18:00:00,90950.8,91753.3,90949.9,91367.0,368.99862582
2025-12-07 19:00:00,91367.0,91540.3,91221.5,91414.5,196.47271162
2025-12-07 20:00:00,91415.2,91509.6,91315.3,91446.5,197.72082347
2025-12-07 21:00:00,91446.3,91446.3,89884.7,90231.2,341.75747912
2025-12-07 22:00:00,90231.2,90238.0,88973.7,89614.9,662.05833702
2025-12-07 23:00:00,89597.7,90471.8,89527.6,90395.3,405.2277674
2025-12-08 00:00:00,90395.3,90607.0,89869.6,90350.1,356.20907646
2025-12-08 01:00:00,90350.1,91690.9,90313.0,90912.9,411.45772056
2025-12-08 02:00:00,90912.9,91432.5,90817.2,91354.9,343.56250768
2025-12-08 03:00:00,91354.9,91414.8,90997.4,91079.2,271.92663648
2025-12-08 04:00:00,91079.2,91469.6,91036.3,91286.2,228.36596729
2025-12-08 05:00:00,91286.2,91443.9,91047.4,91333.7,224.52052574
2025-12-08 06:00:00,91333.8,91645.2,91255.9,91463.7,179.86413089
2025-12-08 07:00:00,91463.7,91872.5,91368.3,91564.9,289.30504628
2025-12-08 08:00:00,91564.9,91936.6,91487.9,91834.5,203.17019209
2025-12-08 09:00:00,91834.4,92286.5,91795.1,91916.9,314.06943091
2025-12-08 10:00:00,91916.9,92211.5,91825.9,92132.5,208.74024964
2025-12-08 11:00:00,92132.5,92174.6,91866.7,91954.4,210.72946459
2025-12-08 12:00:00,91954.4,91990.2,91672.7,91771.2,210.47043778
2025-12-08 13:00:00,91771.2,92118.2,91323.1,91457.2,375.65290656
2025-12-08 14:00:00,91457.2,91762.1,90798.5,90858.8,611.93220859
2025-12-08 15:00:00,90858.7,90995.6,89619.7,89961.6,694.45763961
2025-12-08 16:00:00,89961.6,90474.8,89684.6,89967.8,446.47306136
2025-12-08 17:00:00,89975.8,90336.4,89700.0,90257.5,409.32058126
2025-12-08 18:00:00,90257.5,90513.5,89721.6,89910.8,402.66458875
2025-12-08 19:00:00,89919.4,90360.9,89860.8,90121.0,236.45998806
2025-12-08 20:00:00,90121.0,90909.5,90121.0,90795.1,256.15139853
2025-12-08 21:00:00,90795.0,91373.5,90680.4,91318.0,216.24999218
2025-12-08 22:00:00,91312.2,91373.7,90729.9,90834.4,243.79702364
2025-12-08 23:00:00,90834.4,91008.4,90497.8,90634.4,223.64354905
2025-12-09 00:00:00,90634.4,90844.2,90362.7,90397.7,246.18033368
2025-12-09 01:00:00,90397.8,90561.9,89974.4,90052.0,287.97280628
2025-12-09 02:00:00,90054.4,90366.9,89982.5,90060.8,272.265897
2025-12-09 03:00:00,90061.8,90440.0,89821.9,90398.0,225.40274542
2025-12-09 04:00:00,90398.1,90500.0,89745.8,89924.2,213.28703034
2025-12-09 05:00:00,89924.0,90206.5,89529.3,89895.4,272.96809584
2025-12-09 06:00:00,89895.5,90228.4,89783.1,90174.2,235.95632558
2025-12-09 07:00:00,90174.2,90522.8,90093.4,90491.5,278.45144097
2025-12-09 08:00:00,90491.7,90603.9,90382.7,90506.4,209.61522099
2025-12-09 09:00:00,90506.4,90506.4,90130.0,90136.8,164.70412314
2025-12-09 10:00:00,90136.9,90344.9,89916.3,90293.4,215.29956507
2025-12-09 11:00:00,90293.5,90389.8,90151.9,90389.8,215.08571601
2025-12-09 12:00:00,90389.8,90694.5,90340.1,90581.6,192.13048471
2025-12-09 13:00:00,90581.6,90844.1,90181.7,90428.3,260.69167534
2025-12-09 14:00:00,90429.9,90640.8,90015.3,90351.6,406.18176267
2025-12-09 15:00:00,90351.7,92874.4,90297.6,92700.9,736.72811341
2025-12-09 16:00:00,92703.9,94484.2,92693.5,94177.8,592.62681969
2025-12-09 17:00:00,94177.9,94586.1,93542.2,93910.9,366.17004035
2025-12-09 18:00:00,93917.0,94171.6,93664.6,93923.3,204.81701446
2025-12-09 19:00:00,93923.3,94211.2,93664.0,93800.1,255.99064581
2025-12-09 20:00:00,93800.1,93849.5,92777.6,93112.9,359.05284502
2025-12-09 21:00:00,93120.6,93227.8,92259.0,92645.5,288.26773765
2025-12-09 22:00:00,92659.4,93032.9,92514.9,92877.5,283.19594738
2025-12-09 23:00:00,92877.4,92979.1,92557.9,92691.1,216.9977175
2025-12-10 00:00:00,92684.1,92778.8,92076.9,92140.1,251.74017683
2025-12-10 01:00:00,92139.8,92398.7,91985.0,92315.8,195.81469982
2025-12-10 02:00:00,92315.8,92570.2,92035.4,92498.1,189.88362131
2025-12-10 03:00:00,92498.1,92550.8,92357.0,92415.9,95.94006778
2025-12-10 04:00:00,92415.9,92654.0,92388.9,92553.3,121.16845615
2025-12-10 05:00:00,92553.3,92722.4,92528.0,92556.0,96.23012705
2025-12-10 06:00:00,92556.1,92749.6,92400.0,92699.4,87.25090786
2025-12-10 07:00:00,92699.4,92782.4,92503.2,92782.4,76.29708547
2025-12-10 08:00:00,92782.3,92788.6,92557.5,92609.9,97.25533933
2025-12-10 09:00:00,92609.9,92940.7,92445.0,92919.5,119.84709759
2025-12-10 10:00:00,92919.5,93258.1,92147.1,92275.7,275.76464177
2025-12-10 11:00:00,92275.0,92436.5,91782.0,92120.4,176.98417329
2025-12-10 12:00:00,92120.5,92215.9,91827.5,91995.5,152.27352514
2025-12-10 13:00:00,91995.4,92223.2,91951.8,92090.4,158.97016617
2025-12-10 14:00:00,92090.3,92113.0,91608.8,91834.5,215.31897329
2025-12-10 15:00:00,91834.5,92142.3,91568.5,92062.2,315.96372796
2025-12-10 16:00:00,92062.3,92586.7,91899.0,92172.0,348.72280837
2025-12-10 17:00:00,92172.1,92513.9,92103.0,92387.4,271.73528516
2025-12-10 18:00:00,92388.0,93051.4,92000.5,92502.6,293.34505429
2025-12-10 19:00:00,92502.6,93250.0,91677.4,92954.3,766.62347074
2025-12-10 20:00:00,92966.4,94476.5,92270.0,92452.0,676.22488849
2025-12-10 21:00:00,92457.4,92771.4,91872.9,92359.6,413.08398705
2025-12-10 22:00:00,92359.7,92695.0,91957.4,92509.8,352.26286826
2025-12-10 23:00:00,92508.8,92586.8,91944.1,92019.6,189.48701049
2025-12-11 00:00:00,92014.6,92083.0,91060.1,91383.1,271.29376383
2025-12-11 01:00:00,91383.0,91403.9,90660.0,90675.3,327.64110841
2025-12-11 02:00:00,90675.2,90675.2,89879.1,90073.4,324.91547242
2025-12-11 03:00:00,90075.0,90075.0,89369.8,89879.2,318.9934715
2025-12-11 04:00:00,89879.2,90480.0,89694.8,90435.7,213.61762577
2025-12-11 05:00:00,90435.7,90435.7,90075.4,90310.8,100.05797714
2025-12-11 06:00:00,90310.9,90445.1,89975.1,90299.7,112.13388812
2025-12-11 07:00:00,90299.7,90329.0,90097.0,90273.7,168.24353496
2025-12-11 08:00:00,90273.6,90273.7,89972.8,90187.6,201.4603901
2025-12-11 09:00:00,90187.6,90507.2,90143.9,90234.4,163.34468730991495
2025-12-11 10:00:00,90234.5,90350.0,90170.7,90320.2,105.1621524
2025-12-11 11:00:00,90320.2,90415.7,90211.9,90242.9,104.46614206
2025-12-11 12:00:00,90243.0,90378.1,90010.0,90032.0,143.16296512
2025-12-11 13:00:00,90032.0,90162.6,89876.2,90097.0,161.18499403
2025-12-11 14:00:00,90097.1,90481.5,89260.9,89552.3,432.73023944
2025-12-11 15:00:00,89542.9,90642.9,89403.4,89877.1,505.89790927
2025-12-11 16:00:00,89873.0,90181.1,89338.5,89731.1,394.55774767
2025-12-11 17:00:00,89737.0,90254.3,89628.8,89974.3,311.39312743
2025-12-11 18:00:00,89974.3,91180.7,89891.8,90701.6,358.72747459
2025-12-11 19:00:00,90710.5,91539.0,90590.9,90839.8,319.21349821
2025-12-11 20:00:00,90839.8,91828.6,90798.8,91793.1,290.5579202
2025-12-11 21:00:00,91793.0,93558.1,91706.1,92859.0,446.45915346
2025-12-11 22:00:00,92859.0,93189.5,92101.4,92360.0,418.28632852
2025-12-11 23:00:00,92359.7,92790.7,92341.3,92512.8,347.22536338
2025-12-12 00:00:00,92513.1,92642.8,91465.6,91573.9,334.16870969
2025-12-12 01:00:00,91574.0,92311.3,91540.6,92166.8,327.38238471
2025-12-12 02:00:00,92166.7,92745.2,91937.0,92588.0,286.4635639
2025-12-12 03:00:00,92588.0,92747.3,92188.1,92283.6,221.14182669
2025-12-12 04:00:00,92283.7,92464.3,92143.7,92397.8,126.23618774
2025-12-12 05:00:00,92397.7,92497.6,92091.9,92445.1,137.29865982
2025-12-12 06:00:00,92445.0,92713.9,92407.6,92513.3,150.09413397
2025-12-12 07:00:00,92513.3,92562.0,92262.0,92427.9,114.18538196
2025-12-12 08:00:00,92428.0,92474.2,92089.5,92352.2,193.81384914
2025-12-12 09:00:00,92347.6,92551.7,92093.0,92526.0,225.32758604
2025-12-12 10:00:00,92526.0,92629.1,92420.3,92498.5,133.41085006
2025-12-12 11:00:00,92498.4,92498.4,92287.5,92416.1,129.22095497
2025-12-12 12:00:00,92416.2,92420.0,92081.5,92420.0,134.30795117
2025-12-12 13:00:00,92420.0,92500.0,92252.1,92302.8,124.03914041
2025-12-12 14:00:00,92302.8,92654.1,91899.4,92446.5,334.73515418
2025-12-12 15:00:00,92446.3,92446.3,89789.8,89933.6,596.79822283
2025-12-12 16:00:00,89933.5,90440.9,89485.6,90039.2,618.23258329
2025-12-12 17:00:00,90039.9,90623.9,89835.6,90082.5,429.09571714
2025-12-12 18:00:00,90082.5,90665.5,90049.5,90370.4,369.7001227
2025-12-12 19:00:00,90370.5,90398.4,90020.3,90198.8,353.03224922
2025-12-12 20:00:00,90198.9,90329.0,89900.7,90217.4,331.17770362
2025-12-12 21:00:00,90214.5,90341.8,90118.1,90198.7,159.57800718
2025-12-12 22:00:00,90198.7,90392.2,90196.7,90330.0,147.39121474
2025-12-12 23:00:00,90332.0,90380.2,90240.3,90266.0,142.60553531
2025-12-13 00:00:00,90266.1,90429.1,90218.0,90323.3,97.63695912
2025-12-13 01:00:00,90323.3,90354.4,90123.4,90226.6,92.53359467
2025-12-13 02:00:00,90226.7,90313.5,90220.5,90224.6,84.93961474
2025-12-13 03:00:00,90224.6,90463.0,90209.6,90341.0,75.86692717
2025-12-13 04:00:00,90341.1,90405.6,90273.6,90377.6,63.40313914
2025-12-13 05:00:00,90377.7,90386.9,90271.8,90338.3,48.91272907
2025-12-13 06:00:00,90338.3,90370.1,90272.6,90355.3,41.36687109
2025-12-13 07:00:00,90355.3,90389.0,90330.0,90330.1,60.30666609
2025-12-13 08:00:00,90330.1,90572.4,90328.2,90455.7,160.23273729
2025-12-13 09:00:00,90457.0,90512.7,90383.4,90419.1,123.31566512
2025-12-13 10:00:00,90422.0,90641.1,90421.9,90594.6,124.48705489
2025-12-13 11:00:00,90594.6,90607.5,90306.4,90339.3,118.91108138
2025-12-13 12:00:00,90339.3,90474.0,90274.6,90351.0,105.85855258
2025-12-13 13:00:00,90351.0,90447.4,90201.9,90253.4,119.78546275
2025-12-13 14:00:00,90253.5,90324.6,89938.5,90078.6,153.497375
2025-12-13 15:00:00,90078.7,90289.1,90022.5,90092.7,117.10686184
2025-12-13 16:00:00,90092.7,90270.1,90019.5,90087.0,123.5968022
2025-12-13 17:00:00,90087.1,90094.5,89965.6,90047.5,68.01930369
2025-12-13 18:00:00,90047.6,90171.9,90018.4,90113.4,67.25732694
2025-12-13 19:00:00,90113.4,90213.8,89922.0,90169.6,72.64099027
2025-12-13 20:00:00,90169.7,90191.4,90040.1,90082.0,29.71753252
2025-12-13 21:00:00,90082.0,90173.9,89749.8,90166.0,125.47695981
2025-12-13 22:00:00,90166.0,90236.2,90000.0,90136.5,160.32020953
2025-12-13 23:00:00,90136.5,90273.6,90066.7,90238.8,61.4168756
2025-12-14 00:00:00,90238.7,90463.8,90126.7,90342.4,147.67184045
2025-12-14 01:00:00,90342.4,90434.6,90212.5,90290.4,127.4080783
2025-12-14 02:00:00,90290.4,90377.7,90248.0,90283.9,85.13060122
2025-12-14 03:00:00,90284.0,90299.4,90248.7,90261.6,42.05728352
2025-12-14 04:00:00,90261.7,90328.7,90127.3,90198.1,57.76597737
2025-12-14 05:00:00,90198.1,90221.6,90052.8,90197.4,75.80799036
2025-12-14 06:00:00,90197.4,90242.3,90104.1,90148.3,80.83278613
2025-12-14 07:00:00,90148.4,90263.3,90079.3,90243.4,70.36936683
2025-12-14 08:00:00,90243.4,90279.5,90108.7,90108.8,106.01434592
2025-12-14 09:00:00,90108.8,90149.8,90000.0,90019.1,82.78619816
2025-12-14 10:00:00,90019.1,90119.9,89781.0,89853.2,143.41373552
2025-12-14 11:00:00,89853.2,89853.5,88672.4,89363.0,325.14514022
2025-12-14 12:00:00,89363.0,89660.0,89109.8,89428.0,270.59927237
2025-12-14 13:00:00,89427.9,89489.6,89092.0,89489.6,255.47252662
2025-12-14 14:00:00,89489.6,89554.3,88887.3,89118.1,252.7632163
2025-12-14 15:00:00,89118.1,89174.7,88886.0,89023.2,220.07417349
2025-12-14 16:00:00,89023.2,89392.0,88515.4,88833.7,222.42718456
2025-12-14 17:00:00,88836.5,89024.4,88613.3,88806.5,235.88270104
2025-12-14 18:00:00,88806.5,89068.5,88733.2,89005.9,178.84825617
2025-12-14 19:00:00,89005.8,89005.8,88496.2,88644.3,171.86817259
2025-12-14 20:00:00,88644.3,88813.7,88361.6,88556.1,221.04058479
2025-12-14 21:00:00,88556.1,88711.5,88350.0,88447.9,178.05495073
2025-12-14 22:00:00,88447.9,88604.7,88000.2,88420.2,355.06717346
2025-12-14 23:00:00,88420.2,88614.8,87539.4,88163.0,494.96373066
2025-12-15 00:00:00,88171.0,88688.7,88086.9,88474.4,457.91571838
2025-12-15 01:00:00,88474.4,89332.1,88432.9,89253.7,407.39283506
2025-12-15 02:00:00,89253.6,90025.4,89241.0,89314.4,381.54710362
2025-12-15 03:00:00,89314.4,89536.2,89239.1,89274.4,256.8409661
2025-12-15 04:00:00,89275.3,89786.6,89275.3,89667.9,245.17917759
2025-12-15 05:00:00,89667.9,89746.1,89500.2,89610.9,163.74457496
2025-12-15 06:00:00,89610.9,89909.5,89480.2,89742.2,141.85553127
2025-12-15 07:00:00,89742.2,89823.9,89526.9,89754.0,181.03756902
2025-12-15 08:00:00,89754.1,89894.8,89660.1,89783.7,159.52858593
2025-12-15 09:00:00,89783.7,89982.8,89781.0,89872.7,145.3519465
2025-12-15 10:00:00,89872.7,89985.7,89713.9,89861.5,160.73217108
2025-12-15 11:00:00,89861.5,89899.4,89574.1,89649.3,162.12855986
2025-12-15 12:00:00,89649.3,89755.2,89439.8,89698.6,172.41229926
2025-12-15 13:00:00,89698.6,89730.8,89283.8,89436.5,194.30173102
2025-12-15 14:00:00,89436.6,89865.4,87815.4,88050.9,611.22560077
2025-12-15 15:00:00,88049.8,88177.6,86635.1,87038.4,803.57468228
2025-12-15 16:00:00,87038.4,87219.4,86040.6,86400.6,507.54156914
2025-12-15 17:00:00,86400.5,86488.3,85592.3,85763.0,364.62689913
2025-12-15 18:00:00,85762.9,86273.1,85147.5,86185.9,414.27398478
2025-12-15 19:00:00,86185.8,86550.4,85881.0,86150.5,364.43367304
2025-12-15 20:00:00,86150.4,86195.6,85616.7,85777.5,356.40785989
2025-12-15 21:00:00,85786.4,86302.3,85532.5,86234.1,207.99523465
2025-12-15 22:00:00,86239.7,86257.9,85828.5,86257.9,118.16859648
2025-12-15 23:00:00,86258.9,86468.3,86116.5,86430.0,171.91457438
2025-12-16 00:00:00,86430.0,86518.2,85845.3,85855.8,133.35128105
2025-12-16 01:00:00,85861.2,86169.0,85669.0,85902.2,203.45236054
2025-12-16 02:00:00,85902.2,86220.6,85814.0,85944.1,269.55738049
2025-12-16 03:00:00,85944.1,86006.7,85388.6,85869.1,267.18086886
2025-12-16 04:00:00,85869.1,85915.6,85273.9,85833.1,290.62858126
2025-12-16 05:00:00,85833.2,86197.1,85817.6,86029.1,191.69307097
2025-12-16 06:00:00,86029.1,86605.4,86029.0,86510.3,157.8942337
2025-12-16 07:00:00,86510.4,86608.4,85864.9,86012.1,262.97622677
2025-12-16 08:00:00,86012.1,86377.1,85935.6,86280.0,266.45074423
2025-12-16 09:00:00,86279.9,86417.4,86204.7,86348.4,165.85185916
2025-12-16 10:00:00,86348.4,87331.6,86275.1,86981.6,256.42473819
2025-12-16 11:00:00,86981.6,87330.0,86824.3,87253.9,204.64104256
2025-12-16 12:00:00,87254.0,87475.6,87084.9,87213.1,164.54473786
2025-12-16 13:00:00,87211.4,87785.7,86433.5,86444.7,594.28638469
2025-12-16 14:00:00,86444.6,87752.6,86114.1,87297.5,639.05430362
2025-12-16 15:00:00,87297.5,88175.0,86846.6,87982.2,612.20139996
2025-12-16 16:00:00,87978.1,88044.9,87397.2,87588.9,408.13033718
2025-12-16 17:00:00,87588.8,87840.6,87102.6,87128.9,291.0984371
2025-12-16 18:00:00,87128.9,88022.0,87065.9,87781.3,272.09049342
2025-12-16 19:00:00,87781.3,87789.6,87300.7,87586.3,253.15088751
2025-12-16 20:00:00,87585.7,87835.4,87347.0,87576.7,206.92829028
2025-12-16 21:00:00,87576.6,87907.0,87487.3,87768.6,111.72743819
2025-12-16 22:00:00,87768.7,87930.9,87643.1,87783.8,75.86831523
2025-12-16 23:00:00,87783.8,87861.0,87606.8,87861.0,180.6579414
2025-12-17 00:00:00,87861.0,87861.0,87429.6,87531.1,183.42101003
2025-12-17 01:00:00,87531.1,87944.8,87491.1,87548.0,223.03758454
2025-12-17 02:00:00,87548.0,87582.1,87189.0,87488.6,192.77094456
2025-12-17 03:00:00,87488.6,87604.4,87152.6,87213.1,112.59889688
2025-12-17 04:00:00,87213.1,87384.5,86725.0,86751.7,124.05904213
2025-12-17 05:00:00,86751.8,86755.2,86215.9,86629.4,183.03873385
2025-12-17 06:00:00,86629.5,86993.8,86593.5,86778.0,126.47483621
2025-12-17 07:00:00,86778.0,87135.1,86593.8,87050.1,112.05300224
2025-12-17 08:00:00,87050.1,87050.1,86326.7,86394.4,118.08247972
2025-12-17 09:00:00,86394.5,86603.5,86267.0,86416.7,130.23167719
2025-12-17 10:00:00,86416.7,86827.3,86236.8,86617.4,202.21653768
2025-12-17 11:00:00,86617.4,87123.2,86565.6,86983.2,127.39051347
2025-12-17 12:00:00,86983.2,87205.0,86835.4,87032.2,215.20341433
2025-12-17 13:00:00,87032.2,87855.2,86822.1,87620.5,249.20854819
2025-12-17 14:00:00,87620.5,89677.8,87169.5,89677.8,554.06232831
2025-12-17 15:00:00,89675.4,90358.5,87138.1,87228.4,790.84836938
2025-12-17 16:00:00,87233.5,87766.2,86170.6,86986.6,758.97466931
2025-12-17 17:00:00,86984.9,87100.0,86274.2,86426.6,453.79787028
2025-12-17 18:00:00,86426.6,86836.4,85660.0,85821.6,360.16708286
2025-12-17 19:00:00,85821.7,86174.0,85314.1,86018.0,327.46500449
2025-12-17 20:00:00,86018.1,86244.4,85659.3,85900.9,253.04378894
2025-12-17 21:00:00,85892.5,86048.8,85699.9,85971.5,178.6001238
2025-12-17 22:00:00,85982.9,86426.4,85889.3,86339.1,135.4022371
2025-12-17 23:00:00,86340.6,86340.6,85949.9,86243.3,135.33307667
2025-12-18 00:00:00,86243.3,86304.9,86057.5,86234.0,193.17745975
2025-12-18 01:00:00,86234.0,86238.3,85872.2,86119.3,227.23570475
2025-12-18 02:00:00,86119.2,86863.3,86021.1,86693.3,333.52090894
2025-12-18 03:00:00,86693.3,86693.4,86270.2,86618.6,223.62929814
2025-12-18 04:00:00,86618.6,86896.4,86613.4,86767.3,129.03837458
2025-12-18 05:00:00,86767.2,86767.3,86390.1,86443.0,151.89738956
2025-12-18 06:00:00,86443.1,86656.9,86409.6,86651.9,82.19577817
2025-12-18 07:00:00,86651.9,86865.0,86600.1,86830.2,103.01258139
2025-12-18 08:00:00,86830.3,87122.8,86696.4,86974.8,200.34395879
2025-12-18 09:00:00,86974.8,87389.3,86817.3,87284.1,209.55211383
2025-12-18 10:00:00,87284.1,87448.1,87227.0,87340.3,155.04786272
2025-12-18 11:00:00,87340.3,87350.6,87070.3,87276.9,149.80731205
2025-12-18 12:00:00,87285.1,87426.5,87121.0,87259.6,168.16213006
2025-12-18 13:00:00,87259.6,89195.2,87259.5,88852.3,635.26897638
2025-12-18 14:00:00,88852.3,89477.0,87742.0,88345.3,749.95981457
2025-12-18 15:00:00,88345.3,89360.1,87968.0,88515.9,656.21642113
2025-12-18 16:00:00,88513.0,88522.4,87811.7,88013.4,375.0581416
2025-12-18 17:00:00,88013.5,88022.1,85482.0,86482.9,616.54543879
2025-12-18 18:00:00,86482.9,86882.5,85717.9,85987.5,375.49056213
2025-12-18 19:00:00,85973.0,86015.4,84485.3,84487.8,559.68640923
2025-12-18 20:00:00,84487.7,85271.2,84461.0,84600.0,445.80126892
2025-12-18 21:00:00,84600.0,85830.9,84572.8,85631.0,408.98614549
2025-12-18 22:00:00,85633.5,85748.5,85289.6,85583.0,342.26723389
2025-12-18 23:00:00,85583.0,85617.0,85322.3,85514.6,205.11896028
2025-12-19 00:00:00,85514.6,85596.4,85302.6,85596.4,260.46621477
2025-12-19 01:00:00,85596.4,85596.4,85118.6,85326.0,212.23045088
2025-12-19 02:00:00,85324.9,85928.3,85135.5,85644.8,295.56622323
2025-12-19 03:00:00,85644.8,87560.8,85613.8,86887.0,551.88872003
2025-12-19 04:00:00,86886.9,87378.0,86847.7,87090.8,288.21344555
2025-12-19 05:00:00,87099.3,87221.5,86688.0,87143.7,263.82717482
2025-12-19 06:00:00,87143.6,87481.7,86914.6,87481.6,227.6176466
2025-12-19 07:00:00,87481.6,88393.0,87481.3,87950.5,456.14389272
2025-12-19 08:00:00,87950.5,88209.1,87742.1,88103.5,252.05109513005613
2025-12-19 09:00:00,88102.9,88157.6,87900.0,88101.2,219.71387957
2025-12-19 10:00:00,88101.2,88387.4,87921.9,88261.0,216.21625334
2025-12-19 11:00:00,88261.0,88372.2,88143.9,88190.3,153.54117495
2025-12-19 12:00:00,88194.7,88263.7,87809.7,87852.6,204.20254325
2025-12-19 13:00:00,87852.6,88200.9,87829.0,87996.5,151.15071442
2025-12-19 14:00:00,87996.4,88545.4,87520.1,88172.7,466.50749039
2025-12-19 15:00:00,88172.4,89393.5,87706.9,87951.9,507.14371757
2025-12-19 16:00:00,87951.8,88880.0,87872.4,87979.9,315.1380451
2025-12-19 17:00:00,87982.7,88342.3,86857.6,86947.4,403.64274863
2025-12-19 18:00:00,86947.3,87460.8,86846.7,87150.9,216.50482809
2025-12-19 19:00:00,87150.9,88109.1,87135.6,87837.2,260.66803533
2025-12-19 20:00:00,87837.2,88401.3,87610.1,88092.3,369.80658426
2025-12-19 21:00:00,88092.4,88092.4,87803.5,87833.5,151.51202512
2025-12-19 22:00:00,87833.6,88418.2,87833.6,88342.4,177.85620014
2025-12-19 23:00:00,88342.3,88351.5,88140.2,88143.3,107.50120852
2025-12-20 00:00:00,88143.3,88184.2,87966.3,88011.9,126.56653642
2025-12-20 01:00:00,88011.9,88162.9,88008.8,88071.5,60.94739705
2025-12-20 02:00:00,88072.0,88308.9,87994.3,88201.9,100.54945125
2025-12-20 03:00:00,88202.0,88333.1,88184.9,88223.6,71.30911472
2025-12-20 04:00:00,88222.5,88331.1,88129.1,88294.9,77.77238901
2025-12-20 05:00:00,88294.9,88568.6,88275.3,88304.6,84.1608182
2025-12-20 06:00:00,88304.7,88444.0,88289.5,88313.8,55.16021835
2025-12-20 07:00:00,88313.8,88332.1,88199.0,88271.4,86.39167641
2025-12-20 08:00:00,88271.5,88427.5,88257.7,88257.7,66.1952531
2025-12-20 09:00:00,88257.7,88337.3,88217.0,88220.9,42.72612573
2025-12-20 10:00:00,88221.0,88275.1,88122.0,88158.7,61.52921713
2025-12-20 11:00:00,88158.8,88306.1,88109.7,88277.5,52.29043089
2025-12-20 12:00:00,88277.5,88329.5,88196.0,88248.6,40.07898261
2025-12-20 13:00:00,88248.6,88342.2,87803.3,88270.0,143.65355086
2025-12-20 14:00:00,88270.0,88303.5,88008.7,88252.7,71.75491815
2025-12-20 15:00:00,88252.8,88266.4,88021.4,88176.6,40.97623843
2025-12-20 16:00:00,88176.7,88241.3,88120.5,88154.2,28.8341781
2025-12-20 17:00:00,88154.3,88250.0,88102.4,88178.5,45.59105884
2025-12-20 18:00:00,88178.6,88406.3,88147.1,88310.6,43.10692823
2025-12-20 19:00:00,88310.6,88322.8,88191.7,88226.8,37.5827892
2025-12-20 20:00:00,88226.8,88306.5,88205.4,88271.6,45.79587518
2025-12-20 21:00:00,88271.6,88441.0,88183.1,88206.5,70.10592528
2025-12-20 22:00:00,88207.8,88337.0,88154.5,88283.6,66.41012612
2025-12-20 23:00:00,88283.5,88421.4,88258.4,88363.3,52.92447388
2025-12-21 00:00:00,88363.3,88423.0,88306.4,88387.5,26.08270635
2025-12-21 01:00:00,88387.5,88387.5,88020.9,88020.9,68.88434759
2025-12-21 02:00:00,88020.9,88144.1,87877.2,87948.1,102.33186813
2025-12-21 03:00:00,87948.1,88150.1,87934.5,88070.6,49.78850744
2025-12-21 04:00:00,88070.7,88146.4,88054.7,88081.5,78.11398291
2025-12-21 05:00:00,88081.5,88152.0,88060.2,88134.4,28.84147043
2025-12-21 06:00:00,88134.4,88199.6,88077.6,88090.1,43.03829197
2025-12-21 07:00:00,88090.2,88172.7,88062.7,88172.6,16.81379942
2025-12-21 08:00:00,88172.7,88744.5,88148.6,88542.6,192.49832562
2025-12-21 09:00:00,88542.7,89076.4,88505.2,88884.3,242.79593322
2025-12-21 10:00:00,88884.3,88962.7,88586.3,88661.3,285.94853499
2025-12-21 11:00:00,88662.7,88752.4,88595.3,88606.1,128.97662713
2025-12-21 12:00:00,88606.2,88918.9,88461.1,88638.5,208.15656195
2025-12-21 13:00:00,88638.6,88690.2,87608.0,87688.8,408.61352915
2025-12-21 14:00:00,87688.8,88145.4,87632.8,88066.1,265.59337283
2025-12-21 15:00:00,88066.2,88261.0,87816.7,88068.8,117.48747544
2025-12-21 16:00:00,88068.9,88361.0,87985.8,88359.8,83.83624469
2025-12-21 17:00:00,88359.8,88495.9,88281.2,88321.5,66.10704931
2025-12-21 18:00:00,88321.6,88451.0,87952.1,88445.7,77.71983673
2025-12-21 19:00:00,88445.7,88600.5,88204.4,88484.1,104.06037613
2025-12-21 20:00:00,88484.1,88500.0,88235.4,88239.9,118.4321786
2025-12-21 21:00:00,88239.9,88367.0,88098.6,88163.5,75.55522208
2025-12-21 22:00:00,88163.4,88495.6,88121.2,88477.6,179.34281553
2025-12-21 23:00:00,88477.8,88822.9,88378.2,88650.0,189.84813744
2025-12-22 00:00:00,88650.0,89621.8,88615.2,88623.2,428.28477913
2025-12-22 01:00:00,88622.5,89278.8,88521.4,88630.5,277.88535231
2025-12-22 02:00:00,88630.6,88658.2,87895.6,88465.7,281.91385094
2025-12-22 03:00:00,88465.8,88850.3,88293.1,88776.3,159.84185707
2025-12-22 04:00:00,88776.4,89031.9,88717.6,88912.7,211.96886653
2025-12-22 05:00:00,88912.7,88999.0,88770.0,88836.2,137.0651006
2025-12-22 06:00:00,88836.2,89007.8,88743.6,88909.9,144.0660853
2025-12-22 07:00:00,88909.9,89200.0,88893.8,89174.2,159.37845845
2025-12-22 08:00:00,89174.2,89908.8,89100.6,89334.1,256.23963127
2025-12-22 09:00:00,89334.2,89830.0,89301.0,89830.0,152.75758004
2025-12-22 10:00:00,89830.0,89861.0,89620.7,89779.6,119.55130563
2025-12-22 11:00:00,89779.6,90110.5,89663.4,89941.2,156.35645408
2025-12-22 12:00:00,89941.2,90585.7,89866.5,90214.0,201.55094168
2025-12-22 13:00:00,90213.9,90320.0,89732.3,89917.0,288.40437492
2025-12-22 14:00:00,89917.1,90286.6,89446.4,90123.5,413.77080763
2025-12-22 15:00:00,90123.6,90451.0,89200.0,89730.4,469.27000291
2025-12-22 16:00:00,89732.3,90118.6,89532.0,89556.8,286.9708325
2025-12-22 17:00:00,89556.8,89576.1,89094.7,89313.4,221.48715518
2025-12-22 18:00:00,89313.4,89518.3,89144.1,89150.0,115.26936374
2025-12-22 19:00:00,89150.0,89150.0,87976.9,88057.4,266.59493688
2025-12-22 20:00:00,88057.4,88473.6,87929.0,88359.4,256.75739955
2025-12-22 21:00:00,88351.8,88618.8,88230.9,88282.2,121.69399789
2025-12-22 22:00:00,88275.1,88860.1,88154.5,88667.3,210.70866898
2025-12-22 23:00:00,88667.3,88695.2,88435.6,88609.9,119.45244345
2025-12-23 00:00:00,88609.9,88936.7,88508.3,88779.0,131.78452536
2025-12-23 01:00:00,88779.0,88914.4,88436.3,88515.4,170.62808231
2025-12-23 02:00:00,88515.4,88748.4,88126.1,88205.5,234.03374203
2025-12-23 03:00:00,88205.6,88351.8,87802.7,88177.3,227.1646718
2025-12-23 04:00:00,88177.4,88364.8,87932.3,87932.3,104.5493735
2025-12-23 05:00:00,87932.4,88023.6,87619.1,87771.5,197.97865899
2025-12-23 06:00:00,87771.6,87773.8,87040.9,87403.9,274.66411261
2025-12-23 07:00:00,87404.0,87695.9,87380.9,87575.9,173.9225852
2025-12-23 08:00:00,87576.0,87692.9,87444.3,87472.9,126.08832952
2025-12-23 09:00:00,87472.8,87622.4,87301.2,87536.2,198.55198148
2025-12-23 10:00:00,87536.3,87655.6,87515.5,87616.5,56.94054654
2025-12-23 11:00:00,87616.4,87880.8,87570.3,87855.8,66.94017663
2025-12-23 12:00:00,87855.8,87952.0,87607.8,87795.1,60.44621748
2025-12-23 13:00:00,87795.2,87896.8,87434.3,87616.8,85.22515524
2025-12-23 14:00:00,87616.8,87828.2,86602.5,86865.6,175.20966241
2025-12-23 15:00:00,86865.7,87544.2,86727.4,87446.9,148.80232559
2025-12-23 16:00:00,87447.0,88180.6,87335.8,88002.7,138.48603865
2025-12-23 17:00:00,88002.8,88269.9,87183.5,87183.5,99.04310559
2025-12-23 18:00:00,87183.6,88223.8,87171.1,87974.9,133.0085522
2025-12-23 19:00:00,87975.0,88032.0,87654.6,87759.2,53.23701014
2025-12-23 20:00:00,87753.5,88356.2,87527.1,87689.6,79.68982365
2025-12-23 21:00:00,87688.7,87844.1,87542.1,87713.9,48.26798272
2025-12-23 22:00:00,87713.9,87773.0,87252.9,87390.7,96.0721282
2025-12-23 23:00:00,87396.6,87513.2,87185.7,87490.4,64.15917556
2025-12-24 00:00:00,87490.5,87666.9,87269.5,87660.0,62.38773036
2025-12-24 01:00:00,87660.0,87835.1,87503.0,87637.5,45.57733735
2025-12-24 02:00:00,87637.5,87651.5,86946.8,87140.7,65.24882898
2025-12-24 03:00:00,87140.5,87387.5,86866.3,87339.6,43.21669561
2025-12-24 04:00:00,87339.6,87459.4,87095.3,87138.8,59.2040966
2025-12-24 05:00:00,87138.9,87246.0,86800.0,86958.0,82.3438666
2025-12-24 06:00:00,86958.0,87062.7,86806.3,87020.0,91.87114637
2025-12-24 07:00:00,87020.0,87172.8,86922.3,86922.3,80.10368962
2025-12-24 08:00:00,86922.4,87076.7,86774.8,86785.6,81.25723191
2025-12-24 09:00:00,86785.6,86894.6,86727.2,86817.5,41.70803264
2025-12-24 10:00:00,86817.5,87193.6,86812.8,87081.2,172.53408032
2025-12-24 11:00:00,87081.1,87353.7,87081.1,87209.6,126.57398069
2025-12-24 12:00:00,87209.6,87478.5,87144.3,87428.4,104.26495649
2025-12-24 13:00:00,87428.4,87435.2,87054.4,87297.1,89.57422064
2025-12-24 14:00:00,87297.2,87446.4,86420.1,86984.0,414.40524819
2025-12-24 15:00:00,86984.0,87212.0,86588.7,87043.6,622.13572308
2025-12-24 16:00:00,87043.6,87671.5,86922.8,87283.2,449.34402257
2025-12-24 17:00:00,87283.2,87566.7,87258.6,87317.2,357.20867653
2025-12-24 18:00:00,87322.8,87498.5,87239.7,87470.2,160.41672264
2025-12-24 19:00:00,87470.2,87571.4,87296.5,87565.9,70.45401669
2025-12-24 20:00:00,87566.0,87670.7,87519.5,87556.2,41.66176002
2025-12-24 21:00:00,87556.2,87790.0,87556.2,87696.9,49.12307103
2025-12-24 22:00:00,87697.0,88051.3,87696.9,88009.8,86.66454001
2025-12-24 23:00:00,88009.8,88019.7,87598.6,87670.1,149.59484755
2025-12-25 00:00:00,87670.1,87737.7,87518.5,87560.5,219.59181541
2025-12-25 01:00:00,87560.6,87738.3,87560.5,87696.3,159.63700619
2025-12-25 02:00:00,87696.4,87963.3,87576.6,87893.0,160.99031992
2025-12-25 03:00:00,87893.1,87925.1,87778.5,87851.9,107.55190101
2025-12-25 04:00:00,87851.9,87851.9,87745.9,87786.9,84.2778077
2025-12-25 05:00:00,87786.7,87786.7,87667.4,87752.8,141.10510584
2025-12-25 06:00:00,87752.9,87840.6,87699.2,87835.7,65.0002951
2025-12-25 07:00:00,87835.7,87861.7,87760.4,87834.8,41.44571284
2025-12-25 08:00:00,87834.8,87887.5,87339.8,87590.6,208.55178447
2025-12-25 09:00:00,87590.7,87590.8,87453.6,87524.7,53.37117273
2025-12-25 10:00:00,87524.7,87524.7,87259.9,87411.1,59.93391158
2025-12-25 11:00:00,87411.1,87582.4,87411.1,87518.5,47.97836008
2025-12-25 12:00:00,87518.5,87586.9,87478.7,87562.9,99.62414039
2025-12-25 13:00:00,87562.9,87676.8,87398.8,87640.1,142.9910632
2025-12-25 14:00:00,87640.1,87754.3,87555.9,87717.6,96.11590425
2025-12-25 15:00:00,87717.7,88592.6,87715.5,88354.9,225.97104788
2025-12-25 16:00:00,88370.0,88470.0,88000.0,88083.0,203.85771613
2025-12-25 17:00:00,88083.1,88209.6,87999.6,88137.0,96.95239055
2025-12-25 18:00:00,88137.1,88313.1,88137.0,88241.4,43.40248936
2025-12-25 19:00:00,88241.4,88246.2,88071.5,88155.5,26.47021466
2025-12-25 20:00:00,88155.6,88167.7,87650.1,87892.7,72.85843784
2025-12-25 21:00:00,87892.8,87986.3,87819.9,87901.2,42.90246363
2025-12-25 22:00:00,87901.2,87914.0,87320.0,87650.0,142.19741535
2025-12-25 23:00:00,87653.8,87774.9,86962.5,87235.1,367.76674716
2025-12-26 00:00:00,87234.9,87319.5,86895.0,87119.5,294.6590165
2025-12-26 01:00:00,87119.5,87498.4,87119.5,87435.5,185.39644237
2025-12-26 02:00:00,87433.0,89427.7,87420.8,89184.7,481.09706983
2025-12-26 03:00:00,89184.8,89270.7,88714.9,88840.7,251.072783
2025-12-26 04:00:00,88840.7,89142.9,88523.5,88967.2,74.71966574
2025-12-26 05:00:00,88967.2,89040.0,88832.3,89003.3,46.35850467
2025-12-26 06:00:00,89003.3,89242.5,89003.2,89135.8,71.91923953
2025-12-26 07:00:00,89135.9,89557.9,88353.1,88463.8,142.37952931
2025-12-26 08:00:00,88463.8,88874.6,88422.9,88743.1,128.33883939
2025-12-26 09:00:00,88742.8,88907.3,88651.9,88811.1,49.51981915
2025-12-26 10:00:00,88811.2,88881.5,88686.1,88749.4,43.74900406
2025-12-26 11:00:00,88749.4,88750.1,88536.4,88541.2,53.18343416
2025-12-26 12:00:00,88541.2,88759.1,88541.1,88683.2,51.41065141
2025-12-26 13:00:00,88683.2,89052.3,88618.3,88998.9,78.59773025
2025-12-26 14:00:00,88998.9,89045.5,87351.8,87396.6,283.46150126
2025-12-26 15:00:00,87396.5,87396.5,86662.0,87129.1,360.60058117
2025-12-26 16:00:00,87135.2,87377.5,86856.6,86856.6,182.11817192
2025-12-26 17:00:00,86856.6,87456.5,86825.5,87316.8,115.92319675
2025-12-26 18:00:00,87316.9,87375.2,87146.9,87268.5,79.95682243
2025-12-26 19:00:00,87268.5,87573.0,87250.7,87501.9,47.4645931
2025-12-26 20:00:00,87501.9,87792.1,87400.2,87578.7,65.52993417
2025-12-26 21:00:00,87585.8,87697.6,87460.6,87460.7,39.50356772
2025-12-26 22:00:00,87460.7,87583.8,87321.9,87535.5,52.09571544
2025-12-26 23:00:00,87535.5,87542.0,87339.6,87368.7,23.27240507
2025-12-27 00:00:00,87368.8,87410.8,87253.0,87401.6,30.78610994
2025-12-27 01:00:00,87401.6,87474.7,87334.0,87474.7,11.60030337
2025-12-27 02:00:00,87474.7,87492.0,87394.8,87439.5,17.14457709
2025-12-27 03:00:00,87439.6,87529.6,87387.8,87509.6,14.85162974
2025-12-27 04:00:00,87509.6,87514.2,87467.4,87475.3,7.74060429
2025-12-27 05:00:00,87475.4,87512.8,87448.5,87506.5,7.72024812
2025-12-27 06:00:00,87506.6,87556.6,87419.1,87460.9,19.54768397
2025-12-27 07:00:00,87460.8,87697.2,87460.8,87543.6,20.97464459
2025-12-27 08:00:00,87543.6,87667.8,87543.5,87589.8,14.36824699
2025-12-27 09:00:00,87589.8,87663.9,87549.7,87620.3,24.59118174
2025-12-27 10:00:00,87620.3,87620.3,87371.3,87507.3,29.48324801
2025-12-27 11:00:00,87507.3,87550.0,87450.3,87475.0,21.38692211
2025-12-27 12:00:00,87475.0,87515.0,87425.0,87470.6,18.10642541
2025-12-27 13:00:00,87470.7,87477.2,87319.7,87458.6,23.06482788
2025-12-27 14:00:00,87458.7,87543.9,87398.6,87543.8,19.47165965
2025-12-27 15:00:00,87543.9,87587.5,87491.7,87545.9,20.90845718
2025-12-27 16:00:00,87550.3,87583.5,87445.7,87500.0,18.42499691
2025-12-27 17:00:00,87500.1,87555.5,87457.2,87555.0,18.79799843
2025-12-27 18:00:00,87555.0,87565.5,87464.4,87491.5,18.1557675
2025-12-27 19:00:00,87492.5,87582.4,87492.5,87569.5,17.76521334
2025-12-27 20:00:00,87569.4,87624.2,87533.0,87554.5,11.22608586
2025-12-27 21:00:00,87554.5,87667.9,87554.4,87667.9,9.97678819
2025-12-27 22:00:00,87667.9,87949.2,87508.5,87566.1,63.155039
2025-12-27 23:00:00,87566.1,87982.1,87566.1,87883.5,54.03756
2025-12-28 00:00:00,87877.6,87948.3,87715.9,87848.1,39.8116543
2025-12-28 01:00:00,87848.1,87937.5,87743.3,87783.4,27.20332312
2025-12-28 02:00:00,87783.4,87869.0,87761.4,87810.6,10.33001476
2025-12-28 03:00:00,87810.6,87844.5,87741.4,87743.6,12.88207424
2025-12-28 04:00:00,87743.5,87832.4,87699.5,87727.6,19.810711
2025-12-28 05:00:00,87727.6,87727.6,87619.8,87649.0,22.46446636
2025-12-28 06:00:00,87649.0,87781.7,87648.9,87738.2,16.2965325
2025-12-28 07:00:00,87738.2,87738.2,87678.2,87729.7,16.89532047
2025-12-28 08:00:00,87729.7,87969.8,87729.6,87805.1,31.91781485
2025-12-28 09:00:00,87805.0,87900.0,87725.3,87795.7,31.17065134
2025-12-28 10:00:00,87795.7,88000.0,87795.6,87856.6,43.99254747
2025-12-28 11:00:00,87856.6,87921.5,87823.0,87882.7,29.37123318
2025-12-28 12:00:00,87882.7,87890.8,87801.4,87857.1,22.35219464
2025-12-28 13:00:00,87857.1,87950.6,87820.2,87897.2,36.39292556
2025-12-28 14:00:00,87897.2,88082.3,87897.1,87910.6,36.06680095
2025-12-28 15:00:00,87910.6,88000.4,87824.7,87836.9,20.99975168
2025-12-28 16:00:00,87836.9,87897.2,87740.6,87814.6,24.69543945
2025-12-28 17:00:00,87814.6,87930.0,87758.0,87758.1,28.51452839
2025-12-28 18:00:00,87758.1,87763.2,87447.3,87596.5,73.1042707
2025-12-28 19:00:00,87596.5,87692.6,87511.3,87524.0,40.8385465
2025-12-28 20:00:00,87523.8,87647.1,87448.1,87518.8,30.2468677
2025-12-28 21:00:00,87518.8,87590.2,87444.4,87580.4,26.23607311
2025-12-28 22:00:00,87580.5,87994.5,87482.0,87899.0,64.29215003
2025-12-28 23:00:00,87898.9,88044.6,87647.6,87949.2,63.05426637
2025-12-29 00:00:00,87949.2,88428.7,87817.2,88300.9,133.01807616
2025-12-29 01:00:00,88299.9,88471.0,87873.5,88440.0,106.03247722
2025-12-29 02:00:00,88440.0,89371.0,88440.0,89165.4,240.91053096
2025-12-29 03:00:00,89165.6,90158.8,89097.6,90118.0,166.43495957
2025-12-29 04:00:00,90118.0,90397.9,89953.1,90147.2,115.91325449
2025-12-29 05:00:00,90147.2,90292.5,89927.8,89987.6,80.56779447
2025-12-29 06:00:00,89987.6,90117.0,89749.9,89770.3,61.30042526
2025-12-29 07:00:00,89770.3,89846.7,89506.6,89606.1,91.05042889
2025-12-29 08:00:00,89606.1,89822.2,89445.5,89552.9,673.7843089
2025-12-29 09:00:00,89552.9,89608.5,87777.2,88099.9,153.60847363
2025-12-29 10:00:00,88100.0,88267.6,87664.3,87779.9,82.97005925
2025-12-29 11:00:00,87780.0,87791.8,87572.6,87572.7,35.25169385
2025-12-29 12:00:00,87572.7,87633.2,86800.1,87379.2,130.7887742
2025-12-29 13:00:00,87379.3,87561.4,87168.0,87381.7,57.99677448
2025-12-29 14:00:00,87381.7,88209.8,87259.3,87429.9,120.01317014
2025-12-29 15:00:00,87430.0,87909.2,87226.0,87684.4,65.02622202
2025-12-29 16:00:00,87681.3,87837.4,87447.8,87641.3,39.26335896
2025-12-29 17:00:00,87641.4,87841.3,87351.5,87841.2,61.12994039
2025-12-29 18:00:00,87841.2,87992.8,87367.9,87460.5,60.17948099
2025-12-29 19:00:00,87460.4,87668.2,87316.8,87357.1,30.68880393
2025-12-29 20:00:00,87357.1,87592.7,87080.4,87215.3,60.23927337
2025-12-29 21:00:00,87212.0,87371.1,87185.2,87343.0,14.59174009
2025-12-29 22:00:00,87342.9,87403.3,87083.2,87351.1,22.60982446
2025-12-29 23:00:00,87351.0,87394.6,87188.0,87240.0,19.076733
2025-12-30 00:00:00,87237.2,87368.2,87109.9,87241.0,18.31045187
2025-12-30 01:00:00,87241.0,87354.1,87117.6,87301.3,10.16142545
2025-12-30 02:00:00,87301.4,87340.0,86974.4,87106.5,90.34844894
2025-12-30 03:00:00,87106.5,87417.9,86829.2,87376.8,158.33455933
2025-12-30 04:00:00,87376.8,87490.9,87295.0,87304.5,85.50877376
2025-12-30 05:00:00,87304.5,87358.9,87158.1,87256.0,67.41407805
2025-12-30 06:00:00,87256.0,87516.6,87242.8,87440.2,106.22870704
2025-12-30 07:00:00,87440.2,87611.4,87378.7,87496.6,128.59557834
2025-12-30 08:00:00,87496.7,88211.5,87496.7,87872.8,295.0399691
2025-12-30 09:00:00,87872.7,88143.2,87665.7,87993.2,173.31598741
2025-12-30 10:00:00,87993.3,88179.3,87909.7,87951.3,185.01782411
2025-12-30 11:00:00,87951.3,88022.7,87760.5,87902.1,114.3626747
2025-12-30 12:00:00,87902.1,88080.2,87902.1,88016.0,42.30499694
2025-12-30 13:00:00,88016.0,88130.7,87911.3,88115.7,59.56741531
2025-12-30 14:00:00,88111.6,88999.9,87838.8,88876.9,367.73934417
2025-12-30 15:00:00,88871.0,89151.0,88206.4,89008.7,453.97117692
2025-12-30 16:00:00,89008.8,89400.0,88586.7,88746.8,396.40613933
2025-12-30 17:00:00,88746.8,88896.1,88137.3,88379.9,225.97551341
2025-12-30 18:00:00,88380.0,88496.3,88149.4,88314.6,127.70247748
2025-12-30 19:00:00,88314.7,88431.4,87974.0,88226.7,91.58879693
2025-12-30 20:00:00,88220.7,88223.3,87889.8,87947.2,94.26038108
2025-12-30 21:00:00,87947.1,88330.1,87891.9,88286.9,78.22582282
2025-12-30 22:00:00,88287.3,88482.8,88287.3,88430.2,41.9238807
2025-12-30 23:00:00,88430.2,88575.0,88371.3,88497.2,29.17913552
2025-12-31 00:00:00,88497.1,88497.2,88256.1,88256.2,33.36734607
2025-12-31 01:00:00,88256.2,88780.0,88183.4,88649.2,185.72317642
2025-12-31 02:00:00,88649.3,88733.6,88530.9,88674.6,239.18824833
2025-12-31 03:00:00,88674.6,88808.4,88382.6,88450.5,204.11688073
2025-12-31 04:00:00,88450.5,88540.9,88339.4,88340.0,106.10316045
2025-12-31 05:00:00,88340.0,88517.8,88339.9,88463.0,54.42445997
2025-12-31 06:00:00,88463.0,88561.6,88462.9,88508.1,31.63420495
2025-12-31 07:00:00,88508.1,88635.1,88437.8,88613.5,49.16083539
2025-12-31 08:00:00,88613.5,88726.8,88386.8,88436.9,72.97524743
2025-12-31 09:00:00,88436.8,88712.3,88436.8,88670.7,59.25653493
2025-12-31 10:00:00,88670.8,88888.8,88670.7,88845.8,79.09483744
2025-12-31 11:00:00,88845.9,89051.5,88806.8,89017.3,104.6604838
2025-12-31 12:00:00,89017.2,89043.3,88746.5,88775.1,89.54112029
2025-12-31 13:00:00,88775.0,89046.0,88750.6,88989.7,94.00751738
2025-12-31 14:00:00,88989.7,89199.5,88289.4,88478.2,255.21511211
2025-12-31 15:00:00,88478.1,88481.9,87795.2,87943.6,273.16501681
2025-12-31 16:00:00,87947.0,88049.1,87406.5,87650.7,274.53328838
2025-12-31 17:00:00,87650.6,87734.8,87497.4,87621.0,161.54813806
2025-12-31 18:00:00,87621.0,87980.6,87579.9,87693.0,136.65877086
2025-12-31 19:00:00,87693.0,87866.6,87529.4,87546.0,98.30056872
2025-12-31 20:00:00,87546.1,87702.2,87253.9,87667.1,133.55114331
2025-12-31 21:00:00,87666.4,87869.6,87666.4,87794.5,63.5477234
2025-12-31 22:00:00,87794.5,87872.4,87666.9,87717.9,68.83359403
2025-12-31 23:00:00,87717.9,87719.9,87601.7,87638.5,36.11232366
2026-01-01 00:00:00,87638.6,87838.1,87633.0,87815.6,44.78913227
2026-01-01 01:00:00,87815.7,88037.7,87815.6,87960.5,57.21630952
2026-01-01 02:00:00,87960.6,88082.6,87900.0,87918.6,71.02269821
2026-01-01 03:00:00,87918.6,88008.0,87837.2,87843.8,42.32796251
2026-01-01 04:00:00,87843.8,87848.9,87556.2,87595.2,103.55617196
2026-01-01 05:00:00,87595.3,87740.1,87595.1,87705.0,39.00636583
2026-01-01 06:00:00,87705.0,87705.0,87641.3,87659.5,11.75000785
2026-01-01 07:00:00,87659.5,87668.9,87602.5,87627.7,20.47903815
2026-01-01 08:00:00,87627.8,87798.6,87627.7,87763.3,41.60277808
2026-01-01 09:00:00,87763.4,87948.4,87755.3,87883.8,26.31974356
2026-01-01 10:00:00,87883.9,87883.9,87800.0,87865.8,15.48891916
2026-01-01 11:00:00,87865.8,88021.3,87859.4,88021.2,28.94319028
2026-01-01 12:00:00,88021.3,88033.6,87925.8,87948.1,23.68409559
2026-01-01 13:00:00,87948.1,88019.3,87860.7,87921.7,31.90813413
2026-01-01 14:00:00,87921.7,87970.1,87811.4,87967.6,62.70303843
2026-01-01 15:00:00,87967.6,88120.6,87927.1,88038.2,59.20990245
2026-01-01 16:00:00,88038.2,88047.7,87888.5,87988.8,53.96614849
2026-01-01 17:00:00,87988.9,88499.6,87982.1,88312.0,130.04181887
2026-01-01 18:00:00,88312.0,88359.2,88109.7,88192.4,79.30363959
2026-01-01 19:00:00,88192.5,88431.2,88088.1,88387.8,49.82171648
2026-01-01 20:00:00,88387.8,88387.8,88244.9,88266.4,29.01436539
2026-01-01 21:00:00,88266.4,88443.0,88256.1,88391.7,34.96520416
2026-01-01 22:00:00,88391.8,88696.1,88391.7,88647.5,91.56573399
2026-01-01 23:00:00,88647.5,88918.4,88482.7,88832.6,124.76218972
2026-01-02 00:00:00,88832.6,88885.5,88599.0,88829.0,120.23204818
2026-01-02 01:00:00,88829.2,88870.5,88533.9,88639.3,80.53785099
2026-01-02 02:00:00,88639.4,88659.2,88387.6,88636.5,85.3583533
2026-01-02 03:00:00,88636.5,89118.4,88580.4,88938.2,170.80937984
2026-01-02 04:00:00,88938.3,88985.5,88636.7,88637.2,100.43621921
2026-01-02 05:00:00,88637.2,88783.1,88584.6,88761.6,84.47349369
2026-01-02 06:00:00,88761.5,89082.7,88737.5,88934.5,70.80976368
2026-01-02 07:00:00,88934.5,89060.3,88831.5,88860.4,66.42198596
2026-01-02 08:00:00,88860.5,89195.4,88798.5,89185.2,90.89423488
2026-01-02 09:00:00,89185.2,89481.5,89109.0,89461.5,136.72760442
2026-01-02 10:00:00,89466.4,89925.5,89457.6,89663.6,215.61366731
2026-01-02 11:00:00,89663.6,89677.7,89370.2,89499.8,113.02318726
2026-01-02 12:00:00,89499.9,89586.4,89394.7,89409.8,82.73566396
2026-01-02 13:00:00,89409.7,89687.7,89311.7,89347.2,86.02371208
2026-01-02 14:00:00,89347.3,90138.6,88466.2,89583.9,443.70304231
2026-01-02 15:00:00,89584.0,89882.8,88811.7,89412.8,584.60304159
2026-01-02 16:00:00,89412.8,90799.7,89209.0,90376.0,699.99939489
2026-01-02 17:00:00,90376.0,90957.6,90191.6,90361.3,583.60614602
2026-01-02 18:00:00,90364.0,90550.3,89564.2,89761.4,578.70197519
2026-01-02 19:00:00,89765.9,90152.1,89659.9,89904.4,423.61904299
2026-01-02 20:00:00,89898.0,90072.8,89636.1,89743.3,346.4534997
2026-01-02 21:00:00,89742.3,90168.1,89730.6,90070.0,225.30489042
2026-01-02 22:00:00,90070.0,90397.9,90029.5,90194.7,139.80187041
2026-01-02 23:00:00,90194.7,90201.1,89907.9,89995.0,84.55188218
2026-01-03 00:00:00,89995.1,90196.2,89970.5,90152.3,43.92413516
2026-01-03 01:00:00,90152.4,90293.2,90085.1,90292.5,54.41925031017228
2026-01-03 02:00:00,90292.5,90404.5,90148.9,90341.0,180.53062634
2026-01-03 03:00:00,90341.0,90373.3,90205.7,90320.6,213.17000593
2026-01-03 04:00:00,90320.6,90477.7,90063.7,90172.2,182.91885799
2026-01-03 05:00:00,90172.3,90201.8,89935.5,90035.0,210.5042183
2026-01-03 06:00:00,90034.9,90127.0,89859.2,89881.4,264.40908563
2026-01-03 07:00:00,89881.3,89947.7,89327.0,89582.6,380.92315773
2026-01-03 08:00:00,89579.0,89822.2,89425.6,89662.1,257.60705627
2026-01-03 09:00:00,89662.2,89970.5,89637.4,89788.3,296.39907171
2026-01-03 10:00:00,89788.3,89871.7,89717.7,89752.9,105.19098636
2026-01-03 11:00:00,89752.9,89779.8,89682.4,89753.5,50.90439863
2026-01-03 12:00:00,89753.5,90035.9,89667.1,90034.8,79.87560583
2026-01-03 13:00:00,90035.0,90058.6,89923.2,90004.8,58.29844771
2026-01-03 14:00:00,90004.9,90238.8,89960.0,90122.2,86.2400199
2026-01-03 15:00:00,90122.3,90122.3,89972.2,89972.3,43.01332034
2026-01-03 16:00:00,89972.3,90213.4,89922.7,90108.6,106.31238643
2026-01-03 17:00:00,90108.6,90123.6,90031.3,90093.4,30.16540323
2026-01-03 18:00:00,90093.5,90192.6,90037.4,90143.2,33.4567655
2026-01-03 19:00:00,90143.3,90152.6,90064.7,90121.8,30.37145241
2026-01-03 20:00:00,90121.8,90371.9,90013.1,90371.8,57.50809721
2026-01-03 21:00:00,90371.8,90736.6,90324.4,90561.5,76.63106345
2026-01-03 22:00:00,90561.4,90728.6,90487.8,90590.1,123.66014839
2026-01-03 23:00:00,90590.1,90700.0,90480.2,90633.9,87.08921079
2026-01-04 00:00:00,90633.8,91591.5,90633.8,91339.3,271.79149726
2026-01-04 01:00:00,91339.3,91477.3,91011.1,91241.1,136.65549169
2026-01-04 02:00:00,91236.0,91291.8,91089.7,91123.5,68.38084255
2026-01-04 03:00:00,91123.5,91343.9,91090.5,91240.6,91.71475581
2026-01-04 04:00:00,91240.6,91582.2,91189.3,91405.9,128.04715469
2026-01-04 05:00:00,91406.0,91484.2,91354.6,91484.2,56.18891097
2026-01-04 06:00:00,91484.2,91807.2,91241.2,91241.2,138.48473359
2026-01-04 07:00:00,91241.3,91544.6,91221.4,91527.8,89.48037192
2026-01-04 08:00:00,91527.9,91535.4,91180.1,91377.2,123.52810343
2026-01-04 09:00:00,91377.1,91476.2,91250.1,91465.7,76.669241
2026-01-04 10:00:00,91465.7,91617.8,91424.1,91597.0,91.27999187
2026-01-04 11:00:00,91597.0,91597.0,91247.4,91307.5,54.73842225
2026-01-04 12:00:00,91307.4,91357.6,91094.4,91153.3,55.5257628
2026-01-04 13:00:00,91153.4,91276.1,91031.0,91266.0,50.64332812
2026-01-04 14:00:00,91266.1,91420.8,91151.9,91333.5,58.06356632
2026-01-04 15:00:00,91333.5,91375.8,91096.7,91332.7,49.51218926
2026-01-04 16:00:00,91332.8,91446.6,91253.6,91325.3,65.72237171
2026-01-04 17:00:00,91325.3,91432.8,91306.8,91339.4,45.53308728
2026-01-04 18:00:00,91339.5,91339.5,91001.2,91209.9,63.23882766
2026-01-04 19:00:00,91209.9,91209.9,90866.0,91141.0,107.50897808
2026-01-04 20:00:00,91141.0,91346.3,91128.1,91312.3,38.00317293
2026-01-04 21:00:00,91312.3,91420.5,91190.2,91279.3,51.34288064
2026-01-04 22:00:00,91279.4,91399.5,91151.1,91222.4,56.45389551
2026-01-04 23:00:00,91222.5,91582.2,91222.5,91540.1,167.66343769
2026-01-05 00:00:00,91539.2,92417.5,91522.9,92397.5,337.29733912
2026-01-05 01:00:00,92397.4,93384.0,92282.8,92954.0,360.29296742
2026-01-05 02:00:00,92958.6,93151.3,92748.8,93038.4,168.33205231
2026-01-05 03:00:00,93035.9,93201.6,92884.2,92886.1,97.06047957
2026-01-05 04:00:00,92886.1,92952.9,92340.4,92605.7,160.76330082
2026-01-05 05:00:00,92605.6,92718.0,92363.5,92363.5,104.42840983
2026-01-05 06:00:00,92363.6,92500.6,92164.9,92490.7,91.27043352
2026-01-05 07:00:00,92490.8,92640.8,92490.7,92528.4,57.71136695
2026-01-05 08:00:00,92528.5,92773.4,92467.4,92476.8,117.70433578
2026-01-05 09:00:00,92476.9,92837.8,92329.0,92695.6,114.5968052
2026-01-05 10:00:00,92695.7,93155.3,92684.7,93080.8,251.33777197
2026-01-05 11:00:00,93080.8,93149.2,92894.2,93125.8,200.01577855
2026-01-05 12:00:00,93125.8,93201.9,92761.5,92868.3,162.55260463
2026-01-05 13:00:00,92868.4,93000.0,92548.6,92740.6,245.12301596
2026-01-05 14:00:00,92740.6,93658.1,92423.3,93420.9,587.11100432
2026-01-05 15:00:00,93420.9,94025.5,93175.2,93957.8,693.39733271
2026-01-05 16:00:00,93957.8,94078.7,93599.8,93700.1,629.78549996
2026-01-05 17:00:00,93700.2,94483.3,93263.7,94326.2,572.76754981
2026-01-05 18:00:00,94326.2,94509.8,93935.9,94457.3,448.18608169
2026-01-05 19:00:00,94457.2,94500.1,94134.9,94313.2,262.5473521
2026-01-05 20:00:00,94313.2,94798.0,94041.3,94178.7,349.29356651
2026-01-05 21:00:00,94178.7,94228.3,93820.7,94100.0,166.21636711
2026-01-05 22:00:00,94100.0,94400.3,94013.1,94171.2,178.46067948
2026-01-05 23:00:00,94171.3,94194.8,93880.6,93880.8,266.93780366
2026-01-06 00:00:00,93880.8,93989.8,93565.4,93822.4,293.51853898
2026-01-06 01:00:00,93821.4,94161.1,93747.3,93780.4,289.31351751
2026-01-06 02:00:00,93780.3,93868.0,93529.2,93626.2,233.30894324
2026-01-06 03:00:00,93626.2,93936.0,93612.0,93768.5,172.77980071
2026-01-06 04:00:00,93768.5,93995.7,93744.0,93814.3,192.66997086
2026-01-06 05:00:00,93814.1,93816.8,93583.8,93600.7,139.40815873
2026-01-06 06:00:00,93600.8,93944.3,93553.2,93784.9,207.58625595
2026-01-06 07:00:00,93784.9,93784.9,93146.1,93252.1,197.4168725
2026-01-06 08:00:00,93252.1,93418.0,93161.7,93239.4,193.29041594
2026-01-06 09:00:00,93239.4,93555.5,93232.9,93470.2,177.8070606748808
2026-01-06 10:00:00,93470.2,93652.2,93420.1,93583.5,176.32552348
2026-01-06 11:00:00,93583.5,93895.1,93573.8,93840.7,180.99669922
2026-01-06 12:00:00,93840.8,93981.9,93793.3,93874.0,181.54073234
2026-01-06 13:00:00,93874.0,93874.0,93651.5,93724.9,224.01520194
2026-01-06 14:00:00,93724.9,94445.0,93537.2,93837.6,710.2197921478096
2026-01-06 15:00:00,93837.7,94302.0,93356.0,93641.1,640.27209564
2026-01-06 16:00:00,93641.2,93772.6,92342.5,92689.9,651.59714005
2026-01-06 17:00:00,92690.0,92769.9,91545.6,91590.4,607.18729594
2026-01-06 18:00:00,91590.4,92215.3,91275.8,92034.7,493.13239109
2026-01-06 19:00:00,92034.8,92336.0,91904.4,92106.5,300.19824582
2026-01-06 20:00:00,92104.6,92695.7,92098.5,92511.2,234.11485094
2026-01-06 21:00:00,92511.2,93842.3,92380.1,93258.0,464.45385141
2026-01-06 22:00:00,93258.0,93536.0,92968.7,93362.1,350.97993871
2026-01-06 23:00:00,93362.2,93785.4,93350.6,93748.0,332.12599714
2026-01-07 00:00:00,93748.0,93748.2,92648.9,92703.9,420.10429497
2026-01-07 01:00:00,92703.9,92886.7,92330.3,92447.6,406.13983225
2026-01-07 02:00:00,92447.2,93063.3,92243.0,92955.7,378.87018074
2026-01-07 03:00:00,92955.7,93103.6,92747.2,92812.3,153.06069167
2026-01-07 04:00:00,92812.4,92915.6,92611.0,92670.3,181.26734449
2026-01-07 05:00:00,92669.7,92847.1,92511.5,92518.9,161.11400297
2026-01-07 06:00:00,92526.5,92882.2,92523.7,92614.8,143.30522673
2026-01-07 07:00:00,92614.8,92885.2,92614.8,92878.0,154.96053919
2026-01-07 08:00:00,92878.0,92956.6,92698.5,92724.8,171.47426337
2026-01-07 09:00:00,92724.8,92724.9,91605.8,91718.9,391.91960728
2026-01-07 10:00:00,91718.9,91996.3,91609.9,91980.0,231.46345467
2026-01-07 11:00:00,91980.0,92250.0,91931.2,92094.3,140.94690418
2026-01-07 12:00:00,92094.4,92175.7,91982.6,92000.2,159.13242231
2026-01-07 13:00:00,92000.2,92284.2,91869.5,92040.6,236.11951093516515
2026-01-07 14:00:00,92040.7,92135.9,91375.7,91964.5,460.58067495
2026-01-07 15:00:00,91964.6,91998.5,91025.2,91346.0,512.40873787
2026-01-07 16:00:00,91346.1,91788.3,91153.3,91263.9,322.5329439
2026-01-07 17:00:00,91263.9,91692.0,91035.3,91263.9,306.08118868
2026-01-07 18:00:00,91260.0,91441.5,90742.7,90912.7,266.75169119182885
2026-01-07 19:00:00,90912.6,91280.9,90677.4,91186.8,167.00523343
2026-01-07 20:00:00,91186.8,91301.6,90779.0,91057.8,197.39506311
2026-01-07 21:00:00,91053.5,91231.8,91036.1,91092.6,102.76957594
2026-01-07 22:00:00,91091.6,91380.1,90882.1,91184.7,168.36610956
2026-01-07 23:00:00,91184.6,91482.0,91007.0,91368.3,250.59745294
2026-01-08 00:00:00,91368.4,91516.1,91080.4,91388.4,221.43257975
2026-01-08 01:00:00,91388.5,91791.5,91305.7,91434.1,190.33736673
2026-01-08 02:00:00,91434.1,91467.0,90770.9,90950.6,309.05088502859275
2026-01-08 03:00:00,90950.6,91124.3,90623.1,90809.5,271.80129723
2026-01-08 04:00:00,90809.5,91155.8,90714.2,91035.7,235.00353119
2026-01-08 05:00:00,91035.7,91180.2,90797.7,90821.5,179.01005653
2026-01-08 06:00:00,90821.6,90865.4,89900.0,89900.1,360.40755534
2026-01-08 07:00:00,89900.1,90578.8,89643.5,90551.0,304.15213223
2026-01-08 08:00:00,90551.0,90767.8,90169.6,90223.4,264.46576825
2026-01-08 09:00:00,90223.4,90368.3,89964.8,90006.4,259.05967759
2026-01-08 10:00:00,90006.5,90486.6,89785.9,90404.8,337.62116626
2026-01-08 11:00:00,90404.9,90474.7,90035.5,90224.4,299.23929475
2026-01-08 12:00:00,90224.5,90235.2,89797.4,89986.9,334.35455667
2026-01-08 13:00:00,89987.0,90098.7,89873.8,89967.1,176.85750948
2026-01-08 14:00:00,89967.1,90159.8,89316.7,90026.5,485.94876348
2026-01-08 15:00:00,90026.4,90827.3,89828.5,90789.2,552.98975661
2026-01-08 16:00:00,90789.2,90925.9,90316.9,90925.7,438.78633634
2026-01-08 17:00:00,90926.0,91437.6,90846.6,91366.1,308.63223447
2026-01-08 18:00:00,91366.1,91469.6,90932.7,91117.5,189.01175785
2026-01-08 19:00:00,91118.1,91332.0,90803.0,90938.1,136.42237762
2026-01-08 20:00:00,90938.1,90995.4,90566.1,90936.6,248.19133605
2026-01-08 21:00:00,90936.7,91337.5,90935.1,91273.8,208.39049312
2026-01-08 22:00:00,91273.9,91489.3,91039.6,91232.9,284.19824408
2026-01-08 23:00:00,91232.9,91332.4,91059.2,91105.2,188.43450685
2026-01-09 00:00:00,91105.3,91308.8,91071.5,91294.9,139.67452437
2026-01-09 01:00:00,91295.0,91637.2,90859.1,91059.0,207.55008412
2026-01-09 02:00:00,91059.1,91482.7,91030.8,91044.4,232.72813912
2026-01-09 03:00:00,91044.5,91278.6,90928.2,91225.9,193.2443804
2026-01-09 04:00:00,91226.0,91239.4,90952.9,91031.6,119.35629981
2026-01-09 05:00:00,91031.7,91123.0,90931.9,91096.3,125.67695396
2026-01-09 06:00:00,91096.3,91148.4,91000.9,91147.4,124.11810325
2026-01-09 07:00:00,91147.5,91147.5,90751.1,90751.2,164.88882454
2026-01-09 08:00:00,90751.1,90844.2,89700.4,90032.5,345.18977748
2026-01-09 09:00:00,90032.6,90480.8,90017.6,90345.4,306.30953043
2026-01-09 10:00:00,90345.5,90552.2,90291.3,90493.8,152.51520135
2026-01-09 11:00:00,90493.8,90684.1,90416.1,90459.3,144.8291196
2026-01-09 12:00:00,90459.4,90601.3,90223.5,90456.7,123.93179818
2026-01-09 13:00:00,90456.8,90913.9,90410.0,90611.7,206.36398424
2026-01-09 14:00:00,90611.8,90662.5,89949.1,90156.1,322.16152469
2026-01-09 15:00:00,90156.0,92023.5,89850.2,91176.0,555.98889992
2026-01-09 16:00:00,91176.0,91779.5,91176.0,91622.5,308.6496376
2026-01-09 17:00:00,91622.5,91673.3,91012.6,91426.6,195.43641713
2026-01-09 18:00:00,91426.5,91508.6,90345.9,90822.6,189.67666051
2026-01-09 19:00:00,90822.6,90822.6,90188.4,90331.6,157.07826783
2026-01-09 20:00:00,90331.5,90580.6,90234.3,90309.1,117.39158897
2026-01-09 21:00:00,90305.4,90639.0,90128.5,90541.3,74.44319048
2026-01-09 22:00:00,90541.3,90712.4,90355.3,90629.0,38.83488554
2026-01-09 23:00:00,90628.9,90731.8,90608.2,90639.4,32.88650633
2026-01-10 00:00:00,90639.4,90681.8,90529.6,90592.3,50.49087973
2026-01-10 01:00:00,90592.4,90725.0,90587.8,90680.2,80.2965594
2026-01-10 02:00:00,90680.2,90785.4,90613.1,90686.0,52.76269411
2026-01-10 03:00:00,90686.1,90686.1,90557.5,90637.5,43.54963738
2026-01-10 04:00:00,90637.5,90640.6,90409.4,90454.0,54.55375343
2026-01-10 05:00:00,90454.0,90611.0,90439.1,90606.8,49.06636925
2026-01-10 06:00:00,90606.9,90606.9,90484.1,90514.9,26.23022783
2026-01-10 07:00:00,90514.9,90678.8,90513.0,90668.5,58.54898542
2026-01-10 08:00:00,90668.5,90739.7,90619.9,90651.8,76.34739312
2026-01-10 09:00:00,90651.8,90757.5,90628.0,90757.5,64.04899749
2026-01-10 10:00:00,90757.5,90831.4,90732.6,90825.0,57.64163599
2026-01-10 11:00:00,90825.0,90825.0,90712.0,90720.2,24.05991164
2026-01-10 12:00:00,90720.2,90787.9,90672.9,90728.3,44.14712268
2026-01-10 13:00:00,90728.3,90758.1,90647.2,90652.4,39.66754834
2026-01-10 14:00:00,90652.5,90659.0,90543.3,90588.5,36.45942191
2026-01-10 15:00:00,90588.5,90656.9,90583.4,90656.8,34.76944082
2026-01-10 16:00:00,90656.9,90723.4,90618.1,90681.1,38.88243172
2026-01-10 17:00:00,90681.2,90737.4,90548.6,90548.7,58.4760599
2026-01-10 18:00:00,90548.7,90589.0,90516.6,90588.9,18.51411206
2026-01-10 19:00:00,90589.0,90639.0,90579.7,90627.4,23.20577991
2026-01-10 20:00:00,90627.4,90647.3,90573.6,90573.6,30.41469232
2026-01-10 21:00:00,90573.7,90573.7,90485.5,90506.9,44.6888041
2026-01-10 22:00:00,90506.9,90587.0,90406.2,90432.2,78.60972619
2026-01-10 23:00:00,90432.2,90561.6,90432.2,90501.2,46.54982831
2026-01-11 00:00:00,90501.2,90639.2,90461.6,90639.1,50.49377575
2026-01-11 01:00:00,90639.2,90667.1,90571.8,90624.2,39.27292831
2026-01-11 02:00:00,90624.3,90728.0,90624.2,90691.2,33.733184
2026-01-11 03:00:00,90691.3,90730.7,90638.6,90730.4,35.30453112
2026-01-11 04:00:00,90730.5,90780.7,90683.9,90780.6,27.77636412
2026-01-11 05:00:00,90780.7,90843.3,90746.5,90767.2,15.54926382
2026-01-11 06:00:00,90767.3,90791.1,90584.6,90736.4,43.38773158
2026-01-11 07:00:00,90736.5,90743.2,90679.3,90711.0,11.95219636
2026-01-11 08:00:00,90711.0,90807.5,90619.9,90787.2,43.6958795
2026-01-11 09:00:00,90787.2,90805.2,90681.4,90738.1,30.256317
2026-01-11 10:00:00,90738.2,90738.2,90692.0,90726.8,17.55031403
2026-01-11 11:00:00,90726.8,90749.9,90703.6,90744.1,15.95787198
2026-01-11 12:00:00,90744.1,91007.3,90726.7,90939.3,34.76304374
2026-01-11 13:00:00,90939.3,90962.9,90830.8,90853.2,25.60899664
2026-01-11 14:00:00,90853.2,91180.3,90853.1,91131.1,31.40353979
2026-01-11 15:00:00,91131.1,91146.8,90713.5,90870.9,91.40047379
2026-01-11 16:00:00,90871.0,91281.1,90871.0,91040.6,58.8483116
2026-01-11 17:00:00,91040.6,91145.3,90916.1,90997.3,48.16130824
2026-01-11 18:00:00,90997.4,90997.4,90797.4,90882.8,41.94984486
2026-01-11 19:00:00,90882.9,90922.1,90679.0,90693.3,29.83342953
2026-01-11 20:00:00,90693.3,90770.1,90416.4,90708.1,69.42031242
2026-01-11 21:00:00,90708.2,90834.0,90597.0,90757.7,39.39997179
2026-01-11 22:00:00,90757.3,90757.3,90457.1,90527.4,45.06341679
2026-01-11 23:00:00,90527.4,91032.0,90236.3,91010.1,109.30390266
2026-01-12 00:00:00,91010.6,91248.6,90703.9,91248.6,234.32996212
2026-01-12 01:00:00,91248.8,91798.9,91099.4,91400.0,292.54607309
2026-01-12 02:00:00,91400.3,92376.5,91378.0,92215.2,344.87248751
2026-01-12 03:00:00,92215.2,92519.4,91810.3,91810.4,311.934156
2026-01-12 04:00:00,91810.4,92278.6,91759.9,92166.7,210.7716932
2026-01-12 05:00:00,92166.7,92260.5,92033.6,92109.5,206.99192687
2026-01-12 06:00:00,92109.5,92202.8,91820.1,91845.1,171.26421985
2026-01-12 07:00:00,91845.2,91960.2,91404.3,91425.5,236.58288763
2026-01-12 08:00:00,91425.5,91625.4,90397.3,90764.7,464.82455151
2026-01-12 09:00:00,90764.7,90942.4,90657.2,90689.8,263.60522392
2026-01-12 10:00:00,90689.9,90782.0,90372.1,90433.1,240.66315913
2026-01-12 11:00:00,90433.2,90811.4,90428.1,90630.1,138.57220083
2026-01-12 12:00:00,90630.2,90864.6,90615.7,90789.4,80.42698684
2026-01-12 13:00:00,90789.4,90829.6,90543.7,90636.7,146.72257735
2026-01-12 14:00:00,90636.7,91112.3,90128.8,90908.9,392.42969794
2026-01-12 15:00:00,90908.8,91664.5,90713.1,91664.5,559.69246922
2026-01-12 16:00:00,91664.5,92321.1,91571.7,92123.4,371.22143498
2026-01-12 17:00:00,92123.4,92301.5,91006.8,91523.7,347.29941098
2026-01-12 18:00:00,91523.7,91944.1,91420.9,91692.0,236.18405305
2026-01-12 19:00:00,91692.0,91870.5,91438.3,91858.5,130.09544532
2026-01-12 20:00:00,91858.4,92046.0,91421.9,91484.9,117.51126073
2026-01-12 21:00:00,91488.8,91499.9,90940.0,91053.9,106.3991533
2026-01-12 22:00:00,91053.9,91441.0,91053.9,91248.6,75.05797544
2026-01-12 23:00:00,91248.7,91310.2,91076.8,91296.5,131.24388997
2026-01-13 00:00:00,91296.5,91547.1,91256.2,91490.0,113.31525583
2026-01-13 01:00:00,91490.1,91539.7,91058.8,91183.2,61.92562665
2026-01-13 02:00:00,91183.3,91379.5,91110.2,91123.5,45.64632232
2026-01-13 03:00:00,91123.6,91449.4,91116.6,91409.7,55.77216984
2026-01-13 04:00:00,91409.7,91650.7,91363.4,91515.1,44.02586251
2026-01-13 05:00:00,91515.2,92251.8,91479.6,91914.3,132.12384779
2026-01-13 06:00:00,91914.2,92271.4,91810.5,92191.1,92.33642022
2026-01-13 07:00:00,92191.2,92207.0,91905.3,91949.7,46.93521865
2026-01-13 08:00:00,91949.6,92250.0,91931.6,92165.5,58.70508815
2026-01-13 09:00:00,92165.5,92663.9,91956.7,92269.2,174.86014766
2026-01-13 10:00:00,92269.2,92334.9,92023.7,92134.8,83.12952045
2026-01-13 11:00:00,92134.8,92255.1,91977.6,92001.9,124.83446022
2026-01-13 12:00:00,92002.0,92150.9,91920.6,92109.0,124.56552598
2026-01-13 13:00:00,92109.0,92593.2,91994.6,92076.3,356.26575986
2026-01-13 14:00:00,92076.2,92908.4,91782.9,92471.3,426.15820539
2026-01-13 15:00:00,92471.2,93454.3,92139.9,93454.3,479.98836402
2026-01-13 16:00:00,93454.4,93756.2,93082.0,93399.7,348.60189971
2026-01-13 17:00:00,93399.8,93496.2,93111.7,93247.2,241.97512382
2026-01-13 18:00:00,93242.0,93876.5,93207.0,93630.5,262.11635602
2026-01-13 19:00:00,93630.6,94238.3,93450.0,94223.6,236.58644612
2026-01-13 20:00:00,94228.3,94500.0,94124.7,94424.1,342.84683478
2026-01-13 21:00:00,94414.8,94521.5,94076.6,94092.4,109.62459024
2026-01-13 22:00:00,94092.5,96666.0,94092.4,95765.2,565.13999641
2026-01-13 23:00:00,95765.2,96107.9,95077.6,95413.3,264.20906864
2026-01-14 00:00:00,95414.0,95650.6,95171.2,95243.7,260.35465435
2026-01-14 01:00:00,95243.7,95584.5,95152.7,95259.6,220.83859533
2026-01-14 02:00:00,95259.7,95562.7,95220.6,95344.6,186.04620965
2026-01-14 03:00:00,95344.8,95719.5,95289.5,95719.5,171.55810025
2026-01-14 04:00:00,95719.5,95797.2,95235.9,95247.8,139.52082423
2026-01-14 05:00:00,95247.9,95273.9,94978.3,95019.6,174.9903681
2026-01-14 06:00:00,95019.7,95031.5,94577.2,95031.5,239.15719941
2026-01-14 07:00:00,95031.5,95243.2,94874.4,95214.6,172.59882139
2026-01-14 08:00:00,95214.7,95321.8,94911.6,94912.9,146.40767936
2026-01-14 09:00:00,94912.9,95182.8,94896.8,95089.5,160.3547759
2026-01-14 10:00:00,95089.5,95281.0,94895.6,95094.3,178.78396289
2026-01-14 11:00:00,95094.3,95094.3,94750.2,94785.7,93.10368078
2026-01-14 12:00:00,94785.7,95152.0,94685.0,95075.6,59.26057751
2026-01-14 13:00:00,95075.6,95231.3,94899.4,94996.4,86.71994627
2026-01-14 14:00:00,94996.5,96822.2,94992.9,96496.3,440.06501407
2026-01-14 15:00:00,96496.3,97100.1,96200.3,96764.6,457.96541056
2026-01-14 16:00:00,96764.5,97692.2,96745.2,97294.0,437.54566126
2026-01-14 17:00:00,97293.9,97778.2,96800.8,96958.9,382.64264618955053
2026-01-14 18:00:00,96959.0,97110.3,96260.6,96808.4,383.02331084
2026-01-14 19:00:00,96808.3,97648.1,96695.3,97259.8,212.68355531
2026-01-14 20:00:00,97262.2,97958.2,97203.3,97655.9,197.85943696
2026-01-14 21:00:00,97655.8,97717.7,97396.6,97564.0,107.95672347
2026-01-14 22:00:00,97564.0,97581.4,96770.5,96878.5,204.58515425
2026-01-14 23:00:00,96878.5,97360.6,96867.0,96945.7,149.54342238
2026-01-15 00:00:00,96945.8,96993.5,96359.7,96652.6,175.38906466
2026-01-15 01:00:00,96652.6,96952.7,96303.5,96447.3,267.74026346
2026-01-15 02:00:00,96447.3,96602.2,96097.6,96329.2,299.25920262
2026-01-15 03:00:00,96329.3,96391.5,95777.5,95987.0,331.16007848
2026-01-15 04:00:00,95987.0,96378.1,95965.8,96308.4,243.98009711
2026-01-15 05:00:00,96308.4,96499.5,96250.0,96433.1,200.69997694
2026-01-15 06:00:00,96432.1,96576.0,96183.0,96248.7,214.17036471
2026-01-15 07:00:00,96248.8,96755.7,96197.7,96627.9,208.25043865
2026-01-15 08:00:00,96627.9,96662.0,96303.4,96650.0,190.40250317
2026-01-15 09:00:00,96650.0,97191.0,96570.3,97041.7,235.01977939
2026-01-15 10:00:00,97041.5,97067.3,96755.1,96821.5,167.94200511
2026-01-15 11:00:00,96821.4,96929.2,96595.5,96595.5,73.67509061
2026-01-15 12:00:00,96595.5,97000.0,96533.1,96983.8,129.42584132
2026-01-15 13:00:00,96983.9,97024.2,96620.9,96853.4,194.1713567
2026-01-15 14:00:00,96853.5,97149.1,95599.9,96066.9,438.85680822
2026-01-15 15:00:00,96066.9,96783.8,95453.5,96745.2,600.57547792
2026-01-15 16:00:00,96745.2,96954.2,96280.0,96739.2,494.64934311
2026-01-15 17:00:00,96739.0,97086.8,96427.1,96629.8,348.40434742
2026-01-15 18:00:00,96629.7,96629.7,95748.8,95835.9,293.52926316
2026-01-15 19:00:00,95835.9,95921.0,95189.4,95518.4,249.24567714
2026-01-15 20:00:00,95518.4,95660.0,95136.7,95253.3,108.97689435
2026-01-15 21:00:00,95259.9,95620.9,95196.6,95584.9,45.96460717
2026-01-15 22:00:00,95584.9,95864.3,95492.7,95583.7,78.75254355
2026-01-15 23:00:00,95583.0,95714.9,95405.2,95604.7,163.63930846
2026-01-16 00:00:00,95604.8,95821.6,95580.2,95625.9,126.9319257
2026-01-16 01:00:00,95626.4,95843.6,95430.6,95668.8,158.42448392
2026-01-16 02:00:00,95668.9,95687.2,95395.7,95504.4,131.73321181
2026-01-16 03:00:00,95504.4,95578.2,95337.0,95354.7,57.12597802
2026-01-16 04:00:00,95354.8,95577.9,95151.4,95261.9,81.57463357
2026-01-16 05:00:00,95261.9,95678.4,95242.2,95662.7,116.96416965
2026-01-16 06:00:00,95662.8,95817.8,95542.0,95741.2,160.0431385
2026-01-16 07:00:00,95741.2,95786.1,95495.1,95652.3,99.97088117
2026-01-16 08:00:00,95652.3,95860.9,95585.0,95676.0,96.98302479
2026-01-16 09:00:00,95676.1,95785.2,95606.1,95622.6,61.63009608
2026-01-16 10:00:00,95622.7,95636.6,95312.1,95312.2,77.56187777
2026-01-16 11:00:00,95312.2,95470.0,95269.5,95426.4,34.530247585
2026-01-16 12:00:00,95426.5,95569.0,95356.7,95456.2,42.60587246
2026-01-16 13:00:00,95456.2,95578.3,95288.4,95450.0,39.85070841
2026-01-16 14:00:00,95450.1,95801.6,95200.2,95200.2,144.24767755
2026-01-16 15:00:00,95200.1,95664.2,94287.9,94586.0,393.6001406587778
2026-01-16 16:00:00,94586.0,94990.3,94508.6,94875.1,186.31754893
2026-01-16 17:00:00,94875.2,95130.5,94570.8,95077.8,152.46858448
2026-01-16 18:00:00,95077.9,95241.9,94989.2,95011.9,138.21741884
2026-01-16 19:00:00,95011.9,95052.7,94847.9,95007.0,121.00784684
2026-01-16 20:00:00,95007.0,95560.3,94686.1,95554.2,167.56177154
2026-01-16 21:00:00,95554.5,95595.9,95366.4,95522.6,67.06456612
2026-01-16 22:00:00,95522.6,95571.6,95263.8,95512.7,60.00230241
2026-01-16 23:00:00,95512.7,95577.8,95435.5,95560.0,21.39312411
2026-01-17 00:00:00,95551.4,95577.9,95444.8,95466.0,31.12290325
2026-01-17 01:00:00,95466.0,95531.0,95392.0,95400.3,33.19346378
2026-01-17 02:00:00,95400.3,95413.7,95214.4,95373.6,81.98392682
2026-01-17 03:00:00,95371.4,95381.8,95283.8,95374.5,32.95643689
2026-01-17 04:00:00,95374.6,95374.6,95271.8,95306.0,16.77217213
2026-01-17 05:00:00,95306.1,95374.5,95288.8,95317.1,18.5401299
2026-01-17 06:00:00,95317.2,95339.3,95210.5,95240.2,43.24040481
2026-01-17 07:00:00,95240.2,95240.2,95056.1,95101.8,74.5074366
2026-01-17 08:00:00,95101.9,95251.0,95038.1,95246.7,38.93824471
2026-01-17 09:00:00,95246.7,95284.6,95183.5,95260.2,23.62685714
2026-01-17 10:00:00,95260.3,95271.0,95121.0,95121.1,19.46744907
2026-01-17 11:00:00,95121.1,95316.8,95078.1,95316.8,85.71748171
2026-01-17 12:00:00,95316.8,95400.0,95248.4,95251.5,38.67723756
2026-01-17 13:00:00,95251.5,95437.8,95206.8,95437.0,48.51974895
2026-01-17 14:00:00,95437.1,95541.1,95359.2,95477.8,72.46242363
2026-01-17 15:00:00,95473.1,95645.8,95443.1,95573.6,106.0140504
2026-01-17 16:00:00,95573.6,95573.6,95215.9,95315.1,88.63198598
2026-01-17 17:00:00,95315.1,95440.8,95296.8,95358.1,30.19937882
2026-01-17 18:00:00,95358.1,95461.9,95342.8,95432.5,33.88175028
2026-01-17 19:00:00,95432.6,95432.6,95295.6,95295.7,33.00374263
2026-01-17 20:00:00,95295.7,95379.7,95290.7,95378.0,14.93987773
2026-01-17 21:00:00,95378.1,95409.1,95292.8,95303.7,29.24630491
2026-01-17 22:00:00,95303.8,95305.5,95052.1,95172.0,82.96547558
2026-01-17 23:00:00,95172.0,95209.5,95122.9,95148.0,20.01083149
2026-01-18 00:00:00,95148.1,95247.1,95078.3,95116.1,42.70055797
2026-01-18 01:00:00,95116.1,95116.1,94883.1,94965.0,70.24783301
2026-01-18 02:00:00,94965.0,95069.1,94889.6,95022.9,44.23078879
2026-01-18 03:00:00,95023.0,95201.9,95023.0,95185.6,33.92053293
2026-01-18 04:00:00,95185.6,95185.6,95080.2,95099.9,53.49967519
2026-01-18 05:00:00,95100.0,95250.9,95064.8,95180.5,80.70883748
2026-01-18 06:00:00,95180.6,95204.1,95134.5,95167.7,53.12405286
2026-01-18 07:00:00,95167.7,95178.9,95018.8,95019.0,71.50228827
2026-01-18 08:00:00,95019.0,95194.3,95019.0,95177.8,51.45151826
2026-01-18 09:00:00,95177.9,95273.5,95147.5,95251.8,68.07265499
2026-01-18 10:00:00,95251.9,95283.5,95087.1,95173.3,61.42006469
2026-01-18 11:00:00,95173.4,95181.5,95079.0,95179.2,44.28551177
2026-01-18 12:00:00,95179.2,95188.9,95083.0,95112.4,66.48139734
2026-01-18 13:00:00,95112.5,95200.0,94909.0,95154.9,77.38761674
2026-01-18 14:00:00,95155.0,95352.4,94933.5,94955.8,142.34021673
2026-01-18 15:00:00,94955.8,95112.3,94922.7,95112.3,60.30948385
2026-01-18 16:00:00,95112.2,95188.8,95072.3,95168.5,52.49331974
2026-01-18 17:00:00,95168.6,95271.1,95140.8,95270.9,42.09755502
2026-01-18 18:00:00,95270.9,95514.7,95182.1,95433.4,70.78152517798665
2026-01-18 19:00:00,95437.8,95508.6,95336.4,95380.5,56.30781216
2026-01-18 20:00:00,95380.5,95434.8,95287.8,95292.5,58.34356088
2026-01-18 21:00:00,95292.6,95427.9,95287.1,95425.4,41.4072131
2026-01-18 22:00:00,95425.4,95519.5,95385.1,95495.7,53.89941977
2026-01-18 23:00:00,95495.7,95495.7,93617.4,93674.0,304.36237195
2026-01-19 00:00:00,93673.9,93673.9,91926.0,92719.6,673.81884869
2026-01-19 01:00:00,92719.6,92867.1,92247.1,92586.7,208.15437672
2026-01-19 02:00:00,92586.7,92669.0,92371.9,92576.1,66.89630009
2026-01-19 03:00:00,92576.1,92777.7,92500.0,92690.2,80.06463014
2026-01-19 04:00:00,92690.9,92744.2,92506.9,92673.9,144.13694505
2026-01-19 05:00:00,92673.8,92803.0,92507.5,92513.9,112.46731466
2026-01-19 06:00:00,92513.9,92628.8,92390.5,92581.8,111.23619349
2026-01-19 07:00:00,92581.8,92849.8,92565.8,92841.7,105.48625542
2026-01-19 08:00:00,92841.6,93368.4,92706.0,93259.5,219.85768444
2026-01-19 09:00:00,93259.5,93260.9,92950.6,93047.0,145.86874485
2026-01-19 10:00:00,93048.0,93077.1,92899.9,93069.7,141.27422855
2026-01-19 11:00:00,93069.7,93304.1,92977.2,93191.0,107.28401417
2026-01-19 12:00:00,93191.0,93227.3,93011.3,93070.5,96.06782105
2026-01-19 13:00:00,93070.5,93148.8,92808.3,93032.4,114.46928149
2026-01-19 14:00:00,93032.7,93039.1,92712.7,92821.6,163.07753494
2026-01-19 15:00:00,92821.7,93077.7,92821.6,93069.3,140.3779756
2026-01-19 16:00:00,93069.3,93405.3,93000.0,93297.7,117.28974688
2026-01-19 17:00:00,93297.7,93388.4,93149.0,93234.4,84.50223045
2026-01-19 18:00:00,93234.5,93259.2,92931.5,93056.3,76.48733934
2026-01-19 19:00:00,93056.3,93154.3,92979.9,93107.5,38.18870849
2026-01-19 20:00:00,93107.6,93276.0,93095.7,93142.4,44.57368372
2026-01-19 21:00:00,93141.6,93342.7,92993.1,93005.6,55.78817945
2026-01-19 22:00:00,93005.7,93054.7,92566.0,92566.0,128.43312511
2026-01-19 23:00:00,92566.0,92745.1,92135.8,92626.9,239.54474127
2026-01-20 00:00:00,92626.8,92860.6,92374.1,92711.6,167.8697309
2026-01-20 01:00:00,92711.7,92867.3,92532.6,92716.3,165.62568412
2026-01-20 02:00:00,92716.6,92727.2,92374.5,92552.1,142.23945872
2026-01-20 03:00:00,92552.2,92645.7,92266.8,92435.7,111.11529591
2026-01-20 04:00:00,92435.7,92470.8,92000.0,92061.8,181.59403701
2026-01-20 05:00:00,92062.6,92084.8,91300.0,91634.7,267.69222343
2026-01-20 06:00:00,91632.2,91632.3,90780.3,90929.6,382.88832818
2026-01-20 07:00:00,90930.0,91297.4,90863.2,91178.8,210.16851649
2026-01-20 08:00:00,91178.8,91251.9,90691.0,91123.2,238.75999463
2026-01-20 09:00:00,91121.8,91121.8,90898.0,91040.1,97.91553258
2026-01-20 10:00:00,91040.2,91290.1,90999.4,91270.7,125.07680389
2026-01-20 11:00:00,91270.8,91442.6,91217.4,91217.4,93.42903165
2026-01-20 12:00:00,91217.5,91332.0,91065.0,91276.4,125.54968744
2026-01-20 13:00:00,91276.4,91282.7,90783.3,90956.5,272.27196169
2026-01-20 14:00:00,90956.6,91365.1,90271.8,90528.0,544.6611809
2026-01-20 15:00:00,90528.5,90805.1,89866.1,90679.1,598.14596438
2026-01-20 16:00:00,90679.1,90973.0,90026.6,90162.0,447.38397047
2026-01-20 17:00:00,90161.9,90497.5,89435.1,89770.0,366.27873723
2026-01-20 18:00:00,89770.0,89950.1,89400.0,89499.8,191.47936658
2026-01-20 19:00:00,89499.8,89800.2,89283.9,89724.7,187.13714441
2026-01-20 20:00:00,89724.7,89844.5,89400.0,89733.9,205.82188872
2026-01-20 21:00:00,89734.0,89823.8,89427.2,89480.4,151.55711578
2026-01-20 22:00:00,89476.1,89639.5,88000.0,88508.2,411.36603274
2026-01-20 23:00:00,88508.1,88517.4,87900.0,88427.8,379.1661063
2026-01-21 00:00:00,88427.8,88973.7,88256.4,88932.6,243.81172671
2026-01-21 01:00:00,88932.6,89155.6,88856.6,89018.3,160.71453987
2026-01-21 02:00:00,89018.3,89352.9,89000.0,89046.0,183.91713271
2026-01-21 03:00:00,89046.1,89601.1,89046.1,89432.1,123.1283093
2026-01-21 04:00:00,89432.2,89628.2,89354.7,89450.0,49.55181758
2026-01-21 05:00:00,89450.0,90119.4,89442.4,89950.1,90.453954
2026-01-21 06:00:00,89950.1,89950.1,89493.9,89649.3,87.87220619
2026-01-21 07:00:00,89649.4,89763.0,89095.0,89225.1,119.18510813
2026-01-21 08:00:00,89223.1,89379.7,89002.8,89195.9,112.18308553
2026-01-21 09:00:00,89196.0,89490.8,89079.2,89105.6,137.22694442
2026-01-21 10:00:00,89105.6,89388.0,89079.2,89249.5,89.53922015
2026-01-21 11:00:00,89249.5,89381.4,88698.0,88795.4,172.74718668
2026-01-21 12:00:00,88795.4,88843.5,88170.6,88733.5,405.74273932
2026-01-21 13:00:00,88733.5,89016.1,88569.9,88676.1,331.19712635
2026-01-21 14:00:00,88676.0,90000.8,88613.6,89805.5,723.54162174
2026-01-21 15:00:00,89805.4,90590.0,89769.7,90290.8,522.77926511
2026-01-21 16:00:00,90290.8,90357.3,87592.2,87599.0,747.8223086
2026-01-21 17:00:00,87599.0,88163.6,87267.2,87935.5,733.56243005
2026-01-21 18:00:00,87935.5,88653.8,87586.0,88485.0,576.70280806
2026-01-21 19:00:00,88485.1,90449.8,88291.2,90348.9,753.41426913
2026-01-21 20:00:00,90355.5,90375.4,89458.2,90214.6,459.68046869
2026-01-21 21:00:00,90214.1,90339.6,89934.3,90247.6,130.43233971
2026-01-21 22:00:00,90247.6,90381.0,89764.5,89764.5,96.60852462
2026-01-21 23:00:00,89764.5,90212.3,89360.7,89457.3,193.41964454
2026-01-22 00:00:00,89457.4,90030.7,89452.0,89906.7,186.19357902
2026-01-22 01:00:00,89906.7,90192.9,89827.1,90114.3,268.84383062
2026-01-22 02:00:00,90114.3,90357.0,89853.6,89946.5,322.44887693
2026-01-22 03:00:00,89946.6,90155.0,89708.2,89893.4,184.76484976
2026-01-22 04:00:00,89893.5,90076.2,89837.4,89995.3,135.79765262
2026-01-22 05:00:00,89998.9,90073.6,89928.6,90018.7,65.01683501
2026-01-22 06:00:00,90023.2,90215.1,89906.5,90171.6,115.66970596
2026-01-22 07:00:00,90171.7,90202.3,89802.9,89820.1,89.0319148
2026-01-22 08:00:00,89820.2,89962.4,89767.1,89918.7,74.47637184
2026-01-22 09:00:00,89918.8,90114.1,89884.0,90025.4,66.05955746
2026-01-22 10:00:00,90025.4,90102.6,89961.0,90083.5,49.32668918
2026-01-22 11:00:00,90083.4,90144.6,89902.9,89941.7,109.27352299
2026-01-22 12:00:00,89941.8,90091.6,89880.3,90022.7,55.1608603
2026-01-22 13:00:00,90022.8,90332.1,89493.2,89614.4,181.95999925
2026-01-22 14:00:00,89614.4,89731.1,89057.1,89098.8,346.87885712
2026-01-22 15:00:00,89088.7,89441.6,88516.3,89008.3,612.76543288
2026-01-22 16:00:00,89000.0,89263.5,88680.1,89058.1,502.49099445
2026-01-22 17:00:00,89058.1,89618.1,89021.0,89556.8,415.13567709
2026-01-22 18:00:00,89556.7,89792.6,89313.0,89336.7,247.26734088
2026-01-22 19:00:00,89336.8,89917.7,89114.5,89781.7,155.40340433
2026-01-22 20:00:00,89777.1,89944.7,89403.7,89403.7,115.06974962
2026-01-22 21:00:00,89407.3,89665.6,89250.0,89271.0,136.13141653
2026-01-22 22:00:00,89268.6,89563.2,89146.9,89351.3,123.77883655
2026-01-22 23:00:00,89347.0,89580.8,89170.8,89563.1,82.33958112
2026-01-23 00:00:00,89554.1,89636.0,89447.3,89522.3,91.63615057
2026-01-23 01:00:00,89522.4,89936.5,89522.3,89936.5,127.90288936
2026-01-23 02:00:00,89936.5,89971.8,89656.5,89667.7,90.04134342
2026-01-23 03:00:00,89667.7,89921.8,89652.6,89921.1,52.70658831
2026-01-23 04:00:00,89924.8,90082.1,89884.3,89972.6,68.20423358
2026-01-23 05:00:00,89971.7,89971.7,89486.3,89619.4,96.46275932
2026-01-23 06:00:00,89616.1,89796.5,89401.0,89514.0,140.41820927
2026-01-23 07:00:00,89514.0,89680.6,89452.0,89549.4,104.57515546
2026-01-23 08:00:00,89549.4,89630.5,89142.4,89225.3,97.55221812
2026-01-23 09:00:00,89222.6,89389.5,88903.1,88980.5,109.56286966
2026-01-23 10:00:00,88980.6,89160.7,88868.0,89046.3,155.88614561
2026-01-23 11:00:00,89046.5,89348.5,89002.2,89205.9,94.37325171
2026-01-23 12:00:00,89205.9,89377.2,89107.7,89270.6,130.9228351
2026-01-23 13:00:00,89270.4,89449.3,89242.8,89350.3,109.99508381
2026-01-23 14:00:00,89350.4,89721.3,88663.4,89013.2,430.12418666
2026-01-23 15:00:00,89014.2,89860.9,88578.5,89753.9,704.64779692
2026-01-23 16:00:00,89755.8,90485.9,89488.2,90130.2,548.52413686
2026-01-23 17:00:00,90130.1,91226.8,89985.6,90601.1,588.7123812367071
2026-01-23 18:00:00,90601.1,91025.1,90470.6,90530.4,388.38754863
2026-01-23 19:00:00,90530.5,90535.4,89616.3,89983.6,432.84854123
2026-01-23 20:00:00,89983.5,90155.9,89221.1,89510.4,301.93077122
2026-01-23 21:00:00,89510.3,89686.7,89320.8,89350.0,145.92708792
2026-01-23 22:00:00,89349.9,89752.5,89341.3,89624.6,132.2697565
2026-01-23 23:00:00,89624.6,89631.8,89478.7,89604.7,123.97276001
2026-01-24 00:00:00,89604.8,89626.2,89429.2,89462.0,140.96438082
2026-01-24 01:00:00,89457.1,89588.5,89453.4,89546.7,82.25562927
2026-01-24 02:00:00,89546.9,89714.6,89546.9,89702.9,91.19866503
2026-01-24 03:00:00,89702.9,89936.7,89675.6,89770.0,70.60693405
2026-01-24 04:00:00,89770.0,89849.0,89712.4,89833.4,29.90517958
2026-01-24 05:00:00,89833.5,89848.2,89757.9,89773.3,29.78939302
2026-01-24 06:00:00,89775.2,89785.0,89649.4,89649.4,28.49738047
2026-01-24 07:00:00,89649.5,89681.9,89574.4,89620.4,39.13973318
2026-01-24 08:00:00,89620.5,89682.1,89580.9,89660.8,24.14888527
2026-01-24 09:00:00,89660.8,89660.8,89575.7,89592.9,27.19415964
2026-01-24 10:00:00,89593.0,89651.8,89578.1,89628.1,20.8321614
2026-01-24 11:00:00,89628.1,89678.1,89594.0,89594.0,13.81361765
2026-01-24 12:00:00,89590.4,89590.5,89492.2,89532.8,22.04514749
2026-01-24 13:00:00,89532.8,89537.3,89372.1,89372.2,15.44014524
2026-01-24 14:00:00,89372.2,89510.7,89181.8,89449.2,63.00634477
2026-01-24 15:00:00,89449.3,89493.0,89270.4,89272.8,40.67333111
2026-01-24 16:00:00,89273.0,89366.5,89171.0,89290.2,73.71832882
2026-01-24 17:00:00,89290.2,89424.0,89255.6,89399.3,72.8541797
2026-01-24 18:00:00,89399.3,89461.6,89385.9,89397.4,28.95451447
2026-01-24 19:00:00,89397.5,89397.5,89281.1,89332.2,28.81925735
2026-01-24 20:00:00,89332.3,89399.2,89332.0,89380.8,13.50282054
2026-01-24 21:00:00,89380.9,89386.2,89272.4,89384.7,30.79057066
2026-01-24 22:00:00,89386.2,89490.6,89308.3,89430.3,89.47116728
2026-01-24 23:00:00,89430.5,89482.3,89223.2,89234.1,49.28550946
2026-01-25 00:00:00,89234.1,89314.3,89175.0,89314.3,26.18902098
2026-01-25 01:00:00,89314.5,89321.7,89108.4,89184.0,34.21636374
2026-01-25 02:00:00,89184.0,89263.8,89152.0,89152.1,24.33123605
2026-01-25 03:00:00,89152.1,89183.8,88847.1,88962.6,67.58236507
2026-01-25 04:00:00,88962.6,89090.2,88945.3,89022.1,61.28759656
2026-01-25 05:00:00,89022.1,89055.4,88882.8,89000.0,50.5777958
2026-01-25 06:00:00,89000.0,89000.0,88667.4,88854.2,64.13842609
2026-01-25 07:00:00,88854.3,88854.3,88646.5,88660.0,35.78895157
2026-01-25 08:00:00,88660.1,88761.2,88135.2,88303.7,99.74456735
2026-01-25 09:00:00,88303.0,88491.4,88238.5,88404.6,67.00220979
2026-01-25 10:00:00,88404.6,88697.0,88404.6,88664.7,80.87059811
2026-01-25 11:00:00,88664.6,88702.8,88542.5,88567.3,94.61538856
2026-01-25 12:00:00,88567.2,88800.5,88449.2,88795.0,114.90576068
2026-01-25 13:00:00,88795.0,88975.5,88657.0,88921.7,97.1720066
2026-01-25 14:00:00,88921.7,88933.4,88628.7,88710.0,109.12650771
2026-01-25 15:00:00,88710.0,88760.0,88385.6,88453.8,75.78059132
2026-01-25 16:00:00,88453.9,88453.9,87561.1,88081.1,546.10322865
2026-01-25 17:00:00,88081.1,88108.2,87769.9,87889.9,256.56796391
2026-01-25 18:00:00,87890.0,87987.7,86834.9,87424.6,528.13572191
2026-01-25 19:00:00,87424.6,87504.4,86196.3,86493.7,535.76995389
2026-01-25 20:00:00,86493.8,86712.1,86232.2,86657.6,200.40185509
2026-01-25 21:00:00,86657.6,87012.0,86400.6,86581.7,200.68867358
2026-01-25 22:00:00,86581.7,86709.5,86228.4,86526.5,136.70847971
2026-01-25 23:00:00,86526.4,86798.1,86081.8,86670.4,268.88916504
2026-01-26 00:00:00,86670.4,87171.4,86514.2,86855.0,233.65924369
2026-01-26 01:00:00,86855.0,87809.7,86815.5,87693.4,340.77300551
2026-01-26 02:00:00,87693.4,87958.0,87442.2,87562.0,269.18678234
2026-01-26 03:00:00,87562.0,87678.5,87080.7,87272.1,202.81852828
2026-01-26 04:00:00,87272.2,87950.7,87251.4,87735.3,368.54445146
2026-01-26 05:00:00,87735.4,87947.3,87680.9,87831.5,181.47747731
2026-01-26 06:00:00,87831.4,88026.6,87765.8,87937.5,93.07886813
2026-01-26 07:00:00,87937.5,88074.7,87710.9,87999.9,80.79964142
2026-01-26 08:00:00,87999.9,88398.5,87850.0,87975.9,135.73052596
2026-01-26 09:00:00,87975.9,88000.0,87608.1,87663.0,166.41054799
2026-01-26 10:00:00,87663.1,87950.0,87660.1,87899.9,71.40685535
2026-01-26 11:00:00,87900.0,87979.6,87765.2,87853.3,54.7874556
2026-01-26 12:00:00,87853.4,87968.9,87740.0,87798.4,48.11681865
2026-01-26 13:00:00,87798.5,88045.3,87698.5,87965.1,95.7133215
2026-01-26 14:00:00,87965.1,88503.6,87456.8,88190.1,437.75984556
2026-01-26 15:00:00,88190.0,88865.6,87334.4,87644.0,587.7998190937753
2026-01-26 16:00:00,87644.0,87946.0,87208.8,87612.1,366.34041844
2026-01-26 17:00:00,87612.1,87785.7,87045.5,87694.9,308.05494262
2026-01-26 18:00:00,87694.8,88406.6,87652.5,88406.6,324.02507107823135
2026-01-26 19:00:00,88406.6,88538.4,87961.4,88015.5,208.20011808
2026-01-26 20:00:00,88015.5,88120.5,87545.2,87627.2,187.79291048
2026-01-26 21:00:00,87639.3,88240.8,87576.9,88069.5,178.34178969
2026-01-26 22:00:00,88064.8,88271.3,88007.1,88140.0,86.28433379
2026-01-26 23:00:00,88140.0,88660.2,88021.9,88347.1,86.77807356
2026-01-27 00:00:00,88347.2,88458.5,88210.4,88353.4,67.56224491
2026-01-27 01:00:00,88354.0,88717.5,88204.1,88559.2,89.67405271
2026-01-27 02:00:00,88559.3,88856.7,88559.3,88829.1,251.22256009
2026-01-27 03:00:00,88829.0,88894.0,88586.2,88784.0,228.79802826
2026-01-27 04:00:00,88784.1,88999.9,88524.0,88580.7,188.2504005
2026-01-27 05:00:00,88580.7,88584.5,88411.1,88462.1,130.1734551306766
2026-01-27 06:00:00,88462.1,88525.1,88288.2,88331.1,114.82417927
2026-01-27 07:00:00,88331.5,88555.1,88315.8,88327.2,80.01992006
2026-01-27 08:00:00,88327.2,88397.5,88127.2,88180.8,121.69051909
2026-01-27 09:00:00,88180.9,88180.9,87875.1,87896.7,237.04945302
2026-01-27 10:00:00,87896.7,88057.7,87746.9,87783.2,78.08594052
2026-01-27 11:00:00,87783.1,88094.0,87747.1,87996.6,118.3334789
2026-01-27 12:00:00,87996.6,88160.0,87955.2,87985.4,107.84706094
2026-01-27 13:00:00,87985.5,88071.1,87800.0,87986.3,215.31250085
2026-01-27 14:00:00,87986.4,88460.9,87665.3,87735.4,455.23371621
2026-01-27 15:00:00,87735.3,88183.2,87580.8,88040.6,482.52470101
2026-01-27 16:00:00,88040.5,88818.5,88004.8,88635.1,558.71303407
2026-01-27 17:00:00,88635.2,88691.1,87300.0,87545.8,699.56277626
2026-01-27 18:00:00,87545.8,88503.7,87454.3,88281.1,376.9257434
2026-01-27 19:00:00,88281.2,88544.1,88063.6,88403.2,404.54013266
2026-01-27 20:00:00,88403.2,89495.0,88373.6,89395.7,398.54893236
2026-01-27 21:00:00,89395.6,89522.6,89005.9,89079.4,183.17630239
2026-01-27 22:00:00,89081.4,89427.1,89021.6,89243.2,107.89523172
2026-01-27 23:00:00,89243.2,89519.2,89145.4,89250.1,84.61351899
2026-01-28 00:00:00,89250.1,89468.0,89147.8,89467.7,113.91257127
2026-01-28 01:00:00,89467.7,89495.5,89201.1,89410.7,156.5878736
2026-01-28 02:00:00,89410.0,89446.0,89106.4,89286.4,104.41239951
2026-01-28 03:00:00,89286.5,89310.5,88994.1,89128.8,159.48881266
2026-01-28 04:00:00,89128.9,89160.0,88842.4,88975.1,123.43967726
2026-01-28 05:00:00,88975.1,89112.5,88849.0,89089.5,69.35070485
2026-01-28 06:00:00,89089.6,89386.4,89089.6,89317.5,122.37733259
2026-01-28 07:00:00,89317.5,89349.9,89117.1,89142.9,96.70910158
2026-01-28 08:00:00,89142.9,89257.5,88896.8,88926.2,117.07158343
2026-01-28 09:00:00,88926.2,89564.0,88860.4,89563.9,214.08420256
2026-01-28 10:00:00,89564.0,89701.2,89336.8,89412.4,173.44913056
2026-01-28 11:00:00,89412.4,90146.3,89325.9,90073.5,217.26746803
2026-01-28 12:00:00,90073.5,90165.9,89790.9,89998.7,282.22598477
2026-01-28 13:00:00,89998.7,90484.1,89971.6,90258.6,354.93996306
2026-01-28 14:00:00,90258.7,90258.7,89456.3,89617.8,504.752266328804
2026-01-28 15:00:00,89617.8,89846.1,88904.8,89482.5,491.28802673
2026-01-28 16:00:00,89482.6,89829.8,89254.5,89639.7,427.49454031
2026-01-28 17:00:00,89639.8,90600.9,89290.7,90170.4,487.29518421
2026-01-28 18:00:00,90170.4,90171.4,89334.6,89544.0,437.31005264
2026-01-28 19:00:00,89532.8,89713.4,89019.5,89409.0,523.47609682
2026-01-28 20:00:00,89408.0,89892.2,89009.6,89130.5,456.31248849
2026-01-28 21:00:00,89130.6,89487.0,88877.5,89405.1,255.94958953
2026-01-28 22:00:00,89416.3,89479.8,89140.1,89381.1,108.67467237
2026-01-28 23:00:00,89381.1,89471.4,89215.5,89288.4,79.50815018
2026-01-29 00:00:00,89300.0,89345.0,88900.1,89138.9,104.79899218
2026-01-29 01:00:00,89139.0,89157.9,88549.0,88605.1,245.71461182
2026-01-29 02:00:00,88605.2,88748.9,87707.1,87899.9,463.75541361
2026-01-29 03:00:00,87903.1,88256.3,87782.8,88054.5,345.63648365
2026-01-29 04:00:00,88054.5,88348.2,87906.0,88318.1,210.36222657
2026-01-29 05:00:00,88317.7,88408.0,88152.1,88193.7,188.88092686
2026-01-29 06:00:00,88193.7,88340.1,88177.6,88321.6,102.52066382
2026-01-29 07:00:00,88321.6,88428.8,88256.0,88345.0,123.30102255
2026-01-29 08:00:00,88345.0,88497.5,87925.9,88068.4,233.00051017
2026-01-29 09:00:00,88068.4,88161.8,87898.4,87898.5,109.56509368
2026-01-29 10:00:00,87898.5,88000.3,87840.6,87947.2,167.1002374
2026-01-29 11:00:00,87947.3,88066.0,87757.2,87846.4,145.73979687
2026-01-29 12:00:00,87846.5,88122.7,87820.4,88122.7,155.84765467
2026-01-29 13:00:00,88122.7,88173.7,87963.1,88043.7,80.31725426
2026-01-29 14:00:00,88043.9,88068.9,87011.5,87011.5,369.0300615
2026-01-29 15:00:00,87011.4,87069.3,84378.7,84952.7,1374.2308246708938
2026-01-29 16:00:00,84952.7,85425.0,84335.0,85319.9,778.2296902002757
2026-01-29 17:00:00,85319.8,85649.6,84032.5,84268.6,561.63588548
2026-01-29 18:00:00,84268.6,84636.8,83423.8,83476.9,676.79728511
2026-01-29 19:00:00,83477.0,84319.9,83383.2,84012.1,481.78901271
2026-01-29 20:00:00,84012.2,84389.7,83833.9,84210.2,297.09846036
2026-01-29 21:00:00,84216.9,84657.8,84205.8,84524.2,225.19446171
2026-01-29 22:00:00,84524.2,84616.5,84309.0,84570.0,59.46079071
2026-01-29 23:00:00,84570.0,84731.4,84445.7,84658.9,84.70572322
2026-01-30 00:00:00,84658.8,85442.0,84238.4,84251.6,481.15151972
2026-01-30 01:00:00,84251.6,84251.7,81133.4,82510.3,770.24288732
2026-01-30 02:00:00,82502.3,82553.3,81207.5,82200.0,535.25289071
2026-01-30 03:00:00,82200.0,82752.3,82096.1,82698.9,225.21388763735507
2026-01-30 04:00:00,82698.9,83336.0,82693.0,82938.8,223.83642544
2026-01-30 05:00:00,82938.9,83332.2,82904.1,82918.1,110.27072483
2026-01-30 06:00:00,82918.1,82918.2,82066.5,82603.0,227.48033599
2026-01-30 07:00:00,82603.0,83099.2,82488.2,82826.6,189.48386719
2026-01-30 08:00:00,82817.0,82973.7,82445.9,82672.7,89.18269846
2026-01-30 09:00:00,82672.7,82834.1,82164.7,82367.7,142.9694325
2026-01-30 10:00:00,82363.5,82890.4,82174.5,82828.2,296.43114964
2026-01-30 11:00:00,82829.2,83308.5,82684.4,83152.0,169.50841283
2026-01-30 12:00:00,83152.0,83329.3,82654.6,82803.6,136.97794752
2026-01-30 13:00:00,82803.6,83076.5,82433.0,82741.0,235.76155379
2026-01-30 14:00:00,82741.0,83800.2,82739.6,83092.8,500.98234475
2026-01-30 15:00:00,83093.0,83612.8,82383.2,82886.1,707.06766826
2026-01-30 16:00:00,82881.1,83494.2,82559.1,83141.0,957.33824842
2026-01-30 17:00:00,83141.1,83471.2,82640.7,82937.3,885.26870701
2026-01-30 18:00:00,82937.3,84164.6,81880.3,83936.9,958.84583785
2026-01-30 19:00:00,83936.8,84621.3,83917.4,84240.5,802.5538519
2026-01-30 20:00:00,84240.6,84290.2,83540.6,83905.5,862.24480973
2026-01-30 21:00:00,83906.3,84503.0,83792.2,84272.7,419.48929079
2026-01-30 22:00:00,84272.8,84316.3,83917.0,84215.2,458.99269443
2026-01-30 23:00:00,84215.2,84290.7,83932.1,84260.5,162.14234317
2026-01-31 00:00:00,84260.5,84269.9,84006.5,84059.7,102.9407752
2026-01-31 01:00:00,84059.7,84253.7,83908.0,83998.9,82.03980835
2026-01-31 02:00:00,83998.9,84181.9,83816.7,84125.7,158.22057968
2026-01-31 03:00:00,84125.7,84223.4,84021.0,84021.1,77.69394846
2026-01-31 04:00:00,84021.1,84146.9,83938.1,83992.5,74.35695656
2026-01-31 05:00:00,83992.5,84092.8,83872.3,83999.2,75.53587377632645
2026-01-31 06:00:00,83999.3,84044.6,83649.8,83786.2,58.84402117
2026-01-31 07:00:00,83786.2,83799.8,83402.1,83538.3,93.75786708
2026-01-31 08:00:00,83538.3,83626.3,82570.1,83074.2,390.92177501
2026-01-31 09:00:00,83074.1,83290.1,82894.1,83102.2,501.72370749
2026-01-31 10:00:00,83103.1,83191.2,82911.6,83154.3,213.58860079
2026-01-31 11:00:00,83154.4,83154.4,82851.5,83005.7,149.51652081
2026-01-31 12:00:00,83005.8,83135.9,82708.1,82756.9,206.03641401
2026-01-31 13:00:00,82756.9,82909.8,82448.2,82761.1,298.84190435
2026-01-31 14:00:00,82761.1,82926.0,80823.7,81485.9,906.14155687
2026-01-31 15:00:00,81485.8,81776.5,81095.6,81299.5,624.51768093
2026-01-31 16:00:00,81299.6,82228.4,80092.0,80356.5,1123.11020841
2026-01-31 17:00:00,80356.5,80537.6,78129.0,78893.2,1282.73861158
2026-01-31 18:00:00,78893.2,79132.6,75702.8,78034.8,1518.94014066
2026-01-31 19:00:00,78038.5,78562.1,77195.5,77756.2,1073.61095266
2026-01-31 20:00:00,77756.3,78126.9,77094.7,78000.2,825.48389774
2026-01-31 21:00:00,78000.0,78372.1,77381.6,78292.0,748.78563284
2026-01-31 22:00:00,78295.7,78487.3,78000.0,78163.4,505.9713722
2026-01-31 23:00:00,78153.2,79229.7,78080.0,78737.7,673.22371954
2026-02-01 00:00:00,78737.7,79417.7,78651.2,78902.3,627.22809257
2026-02-01 01:00:00,78902.4,78941.5,78266.8,78529.5,580.56792781
2026-02-01 02:00:00,78529.6,79045.2,78383.3,78908.1,656.87613381
2026-02-01 03:00:00,78908.1,78996.0,78675.9,78868.4,484.80030477
2026-02-01 04:00:00,78868.3,79118.3,78733.7,78981.1,362.64016843
2026-02-01 05:00:00,78981.1,79001.9,78533.9,78629.0,378.54915018
2026-02-01 06:00:00,78619.2,78819.6,78276.4,78311.2,469.82388481
2026-02-01 07:00:00,78311.2,78725.8,77978.1,78355.0,617.39099873
2026-02-01 08:00:00,78355.1,78863.3,78263.4,78608.2,481.58351652
2026-02-01 09:00:00,78608.2,79134.6,78556.1,79035.2,279.52991279
2026-02-01 10:00:00,79035.3,79219.6,78153.7,78277.3,382.71449112
2026-02-01 11:00:00,78279.7,78871.4,78279.7,78746.4,317.32625343
2026-02-01 12:00:00,78746.4,78757.1,78247.8,78453.1,405.96364294
2026-02-01 13:00:00,78454.1,78758.9,78206.5,78315.4,510.4817927
2026-02-01 14:00:00,78315.4,78514.9,77240.8,78212.4,799.64845373
2026-02-01 15:00:00,78212.5,78252.5,76789.3,77593.4,1013.17719131
2026-02-01 16:00:00,77594.2,77832.0,77086.8,77495.9,935.73854169
2026-02-01 17:00:00,77495.7,77742.3,77304.8,77742.3,733.76064859
2026-02-01 18:00:00,77742.4,78445.5,77729.6,78038.3,693.93798451
2026-02-01 19:00:00,78038.2,78099.6,77000.1,77174.0,689.58069804
2026-02-01 20:00:00,77173.9,77737.9,76604.2,77109.1,770.04234573
2026-02-01 21:00:00,77109.1,77160.5,76365.6,76518.8,972.9042994
2026-02-01 22:00:00,76519.3,77774.6,76458.7,77258.8,1103.32418082
2026-02-01 23:00:00,77258.7,77611.0,75718.4,76971.6,1145.85744695
2026-02-02 00:00:00,76971.6,78178.5,76605.6,77672.8,890.95414522
2026-02-02 01:00:00,77672.8,77938.1,76628.9,77512.5,966.65090584
2026-02-02 02:00:00,77516.3,77549.4,76449.5,76491.3,801.05826968
2026-02-02 03:00:00,76491.3,76574.2,74610.5,76288.8,1326.82688809
2026-02-02 04:00:00,76306.5,76607.9,75337.2,75890.5,741.48803603
2026-02-02 05:00:00,75888.1,75995.5,74914.2,75502.1,830.74218834
2026-02-02 06:00:00,75500.7,76823.9,74959.8,76545.8,1200.75653243
2026-02-02 07:00:00,76546.2,76952.9,76327.2,76651.6,917.17893344
2026-02-02 08:00:00,76653.9,77187.3,76630.9,76884.3,830.59870938
2026-02-02 09:00:00,76885.4,77813.8,76659.2,77709.2,657.09561279
2026-02-02 10:00:00,77714.6,77873.5,77476.2,77508.9,511.22141484
2026-02-02 11:00:00,77509.0,77966.2,77454.1,77755.9,487.25959783
2026-02-02 12:00:00,77756.0,78421.6,77719.1,77994.5,437.60792459
2026-02-02 13:00:00,77994.4,78452.8,77804.6,78228.6,546.09584297
2026-02-02 14:00:00,78228.6,78878.7,77627.0,77844.8,989.28315418
2026-02-02 15:00:00,77843.6,79361.7,77571.9,78854.2,1105.82429175
2026-02-02 16:00:00,78854.1,79291.7,78590.9,78634.6,728.56046609
2026-02-02 17:00:00,78635.4,79217.8,78608.8,78991.5,660.80394975
2026-02-02 18:00:00,78991.5,78991.5,78375.8,78578.2,470.06364713
2026-02-02 19:00:00,78578.1,78696.3,78289.4,78342.1,520.2461594
2026-02-02 20:00:00,78342.1,78666.2,77899.1,78006.5,586.77885237
2026-02-02 21:00:00,78006.6,78553.3,77921.3,78527.7,353.33058996
2026-02-02 22:00:00,78527.7,78854.2,78527.6,78793.7,203.51319507
2026-02-02 23:00:00,78793.7,78965.8,78562.5,78735.9,246.09332549
2026-02-03 00:00:00,78735.9,79104.8,78419.6,79077.7,364.17994322
2026-02-03 01:00:00,79077.7,79189.7,78724.8,79012.4,457.31017054
2026-02-03 02:00:00,79012.5,79012.5,77801.1,77813.0,452.56172563
2026-02-03 03:00:00,77809.1,78904.7,77655.5,78758.2,493.28446388
2026-02-03 04:00:00,78758.2,78994.9,78491.9,78810.1,427.31583011
2026-02-03 05:00:00,78810.1,78810.1,78224.4,78245.2,277.53903542
2026-02-03 06:00:00,78245.2,78664.1,77954.9,78590.9,308.52677909
2026-02-03 07:00:00,78590.9,78922.6,78489.6,78785.1,296.17804843
2026-02-03 08:00:00,78788.7,79075.3,78470.9,78739.7,366.03001935
2026-02-03 09:00:00,78739.9,78836.5,77942.2,78399.2,375.34741247
2026-02-03 10:00:00,78398.6,78555.3,78066.5,78120.5,350.00729943
2026-02-03 11:00:00,78120.6,78339.5,78002.8,78083.5,318.95006839
2026-02-03 12:00:00,78083.5,78410.4,77996.4,78322.2,368.80972927
2026-02-03 13:00:00,78322.2,78451.2,78200.0,78307.0,374.26030895
2026-02-03 14:00:00,78307.0,78426.3,77178.1,77199.0,744.84094158
2026-02-03 15:00:00,77198.9,78201.1,77054.9,78135.5,1100.98906688
2026-02-03 16:00:00,78134.0,78134.5,76479.8,76488.0,884.02103906
2026-02-03 17:00:00,76488.1,76529.9,74880.3,74910.8,837.0562062
2026-02-03 18:00:00,74910.8,75297.7,73143.5,73150.0,1296.21432218
2026-02-03 19:00:00,73149.9,75304.3,72944.8,74939.0,1292.35487587
2026-02-03 20:00:00,74938.9,76719.5,74585.9,76475.5,935.89615901
2026-02-03 21:00:00,76465.0,76956.2,76071.3,76239.7,719.53026395
2026-02-03 22:00:00,76239.7,76298.7,75409.6,75709.4,643.95368166
2026-02-03 23:00:00,75708.4,75999.0,75432.0,75777.0,409.08150309
2026-02-04 00:00:00,75776.9,76262.0,75459.0,75905.2,395.58584397
2026-02-04 01:00:00,75905.2,76820.1,75905.2,76428.5,495.98899774
2026-02-04 02:00:00,76424.9,76607.0,75713.9,75972.2,394.39252
2026-02-04 03:00:00,75972.2,76971.5,75912.2,76700.5,410.7676734
2026-02-04 04:00:00,76700.5,76827.7,76423.7,76486.1,232.58973721
2026-02-04 05:00:00,76486.2,76523.0,76105.1,76278.8,237.3570534
2026-02-04 06:00:00,76278.8,76782.2,76260.3,76648.6,208.97128446
2026-02-04 07:00:00,76648.6,76655.9,76336.7,76514.2,239.75816965
2026-02-04 08:00:00,76514.2,76588.9,76077.1,76582.2,368.86049005
2026-02-04 09:00:00,76582.2,76598.8,75973.8,76114.9,521.2593574
2026-02-04 10:00:00,76114.9,76331.1,76067.0,76301.1,214.45573998
2026-02-04 11:00:00,76301.2,76301.2,75669.8,76015.8,273.57826502
2026-02-04 12:00:00,76015.8,76261.1,76002.8,76177.5,343.58437766
2026-02-04 13:00:00,76177.5,76185.7,74865.3,74871.3,595.17435156
2026-02-04 14:00:00,74871.1,75777.5,74248.0,74346.2,1074.52373629
2026-02-04 15:00:00,74346.6,75322.1,73795.4,74135.8,1262.62443494
2026-02-04 16:00:00,74136.8,74238.0,73078.1,73635.5,838.07645174
2026-02-04 17:00:00,73636.0,73850.0,72173.9,72574.1,1032.63493743
2026-02-04 18:00:00,72574.1,74130.8,72270.9,73424.8,1019.18841137
2026-02-04 19:00:00,73424.9,74020.1,73041.0,73915.4,849.49700181
2026-02-04 20:00:00,73919.6,74138.4,73422.0,73508.0,710.18817888
2026-02-04 21:00:00,73508.2,73642.8,72203.8,72800.7,645.50141245
2026-02-04 22:00:00,72800.7,73680.7,71871.0,72541.6,975.85125149
2026-02-04 23:00:00,72541.6,73516.0,72464.2,73165.8,645.00092847
2026-02-05 00:00:00,73162.4,73319.8,72757.5,72865.6,523.88129292
2026-02-05 01:00:00,72865.6,73333.4,71987.8,72416.6,902.80543628
2026-02-05 02:00:00,72417.0,72840.3,71300.0,71470.9,1069.71389023
2026-02-05 03:00:00,71460.5,71879.0,71160.0,71225.9,827.25102443
2026-02-05 04:00:00,71225.9,71432.3,70694.0,70887.1,872.1509646
2026-02-05 05:00:00,70887.2,71143.9,70138.0,70732.8,840.12479951
2026-02-05 06:00:00,70733.4,70998.7,70441.0,70948.4,757.52571012
2026-02-05 07:00:00,70948.3,71619.3,70638.2,70744.6,671.59101018
2026-02-05 08:00:00,70756.9,71549.7,70683.7,71055.0,616.01358413
2026-02-05 09:00:00,71055.0,71970.0,71049.4,71550.8,554.39721833
2026-02-05 10:00:00,71552.5,71723.8,70657.0,70859.4,436.35909959
2026-02-05 11:00:00,70859.4,71056.8,69933.3,70326.5,779.72102573
2026-02-05 12:00:00,70325.5,70598.9,69164.0,69565.9,1030.06137613
2026-02-05 13:00:00,69565.8,69831.5,69263.1,69692.2,794.36691652
2026-02-05 14:00:00,69692.3,70865.0,69291.4,69408.3,1178.49902504
2026-02-05 15:00:00,69398.0,69612.4,66703.5,67488.4,1649.93115007
2026-02-05 16:00:00,67488.4,68690.8,66953.2,68295.2,1504.18918088
2026-02-05 17:00:00,68295.5,68372.9,66154.6,66188.2,1601.17161036
2026-02-05 18:00:00,66188.2,66551.0,65387.8,66353.3,1414.19648582
2026-02-05 19:00:00,66347.1,66631.8,65188.6,65270.1,1273.26493661
2026-02-05 20:00:00,65270.1,65698.8,62290.7,63769.6,2112.87435406
2026-02-05 21:00:00,63769.5,64779.8,62859.7,63217.2,1866.1542456
2026-02-05 22:00:00,63217.2,64601.9,62699.0,63907.9,1320.88500861
2026-02-05 23:00:00,63907.9,64930.5,62727.6,62909.9,1083.78574714
2026-02-06 00:00:00,62909.9,63869.7,60000.0,63519.3,1884.54857468
2026-02-06 01:00:00,63514.4,65768.8,63511.1,65720.9,1184.38779387
2026-02-06 02:00:00,65720.9,66016.3,64250.0,64996.7,952.14634353
2026-02-06 03:00:00,64996.7,65175.3,63765.3,64182.4,1054.65062405
2026-02-06 04:00:00,64182.1,65010.1,63965.9,64910.2,869.78635656
2026-02-06 05:00:00,64910.3,66821.8,64793.8,66409.9,778.17720569
2026-02-06 06:00:00,66410.0,66795.3,64867.0,64990.3,762.34426372
2026-02-06 07:00:00,64985.8,65540.4,64653.7,64856.7,631.55979399
2026-02-06 08:00:00,64859.8,65210.6,64488.7,64894.8,750.83689722
2026-02-06 09:00:00,64894.8,66169.4,64764.2,65803.2,607.07472535
2026-02-06 10:00:00,65803.2,66228.6,65552.0,65964.3,454.29610732
2026-02-06 11:00:00,65964.1,66760.3,65776.4,66633.8,401.89461145
2026-02-06 12:00:00,66633.9,66633.9,66116.4,66568.0,406.03265513
2026-02-06 13:00:00,66564.9,67701.3,66484.3,67317.6,695.4618354
2026-02-06 14:00:00,67317.7,68648.4,66634.7,68197.8,948.96451973
2026-02-06 15:00:00,68199.0,69195.3,67778.6,68627.1,1023.35108123
2026-02-06 16:00:00,68627.0,70229.9,68428.6,69962.8,889.38092693
2026-02-06 17:00:00,69954.0,71500.0,69591.6,70756.5,843.93140918
2026-02-06 18:00:00,70756.5,70825.1,69357.8,69776.7,729.42656448
2026-02-06 19:00:00,69776.7,70957.8,69668.8,70732.0,526.49483477
2026-02-06 20:00:00,70726.6,70999.7,70009.3,70021.5,564.56812342
2026-02-06 21:00:00,70009.7,70508.8,69840.1,70360.8,376.37117234
2026-02-06 22:00:00,70360.8,71578.7,70287.4,71354.6,469.57215542
2026-02-06 23:00:00,71354.6,71750.0,70508.1,70580.3,486.38735313
2026-02-07 00:00:00,70579.5,70611.9,69727.5,69953.6,505.80831426
2026-02-07 01:00:00,69958.0,70681.8,69745.9,70478.1,288.56634169
2026-02-07 02:00:00,70467.0,70626.9,70154.1,70361.4,246.0834439
2026-02-07 03:00:00,70360.7,70922.7,70279.5,70914.3,349.28512662
2026-02-07 04:00:00,70918.9,71690.9,70604.1,70767.7,536.12436234
2026-02-07 05:00:00,70767.6,71183.2,69967.2,70161.4,597.2337677
2026-02-07 06:00:00,70161.5,70315.9,68760.1,68771.9,515.5953414
2026-02-07 07:00:00,68776.4,69078.9,67345.0,68097.7,1126.01817194
2026-02-07 08:00:00,68097.8,68795.8,67778.0,68500.1,705.35431302
2026-02-07 09:00:00,68500.2,68775.1,67899.1,68143.3,504.68062189
2026-02-07 10:00:00,68143.3,68296.6,67610.3,67994.7,480.48307516
2026-02-07 11:00:00,67994.7,68159.4,67704.4,67973.3,396.66742521
2026-02-07 12:00:00,67973.3,70040.4,67915.0,69024.9,961.94549017
2026-02-07 13:00:00,69025.0,69368.4,68822.9,69104.7,328.38401091
2026-02-07 14:00:00,69098.1,69185.5,68345.2,68642.4,394.02827272
2026-02-07 15:00:00,68642.4,69761.1,68547.6,69154.5,573.39281013
2026-02-07 16:00:00,69154.5,69905.3,68839.7,68958.1,742.83221374
2026-02-07 17:00:00,68958.3,69411.6,68554.8,69188.8,272.04129409
2026-02-07 18:00:00,69188.7,69691.2,69010.1,69516.8,280.80734253
2026-02-07 19:00:00,69516.8,69579.8,69267.4,69373.7,240.14801663
2026-02-07 20:00:00,69373.6,69734.4,69252.8,69628.8,150.52290037
2026-02-07 21:00:00,69632.0,69697.8,69356.2,69497.9,210.55158278
2026-02-07 22:00:00,69497.9,69699.4,69321.8,69399.3,222.95892236
2026-02-07 23:00:00,69399.3,69456.7,68787.4,69289.4,289.89065938
2026-02-08 00:00:00,69289.4,69428.9,68889.6,69139.5,240.79926646
2026-02-08 01:00:00,69139.4,69498.0,69093.9,69377.6,107.00418719
2026-02-08 02:00:00,69381.2,69697.7,69137.4,69373.1,128.60900192
2026-02-08 03:00:00,69373.1,69441.9,69070.1,69103.7,52.33785615
2026-02-08 04:00:00,69103.7,69366.2,68971.8,69343.6,51.35530582
2026-02-08 05:00:00,69343.6,69421.5,69151.2,69225.2,49.31248819
2026-02-08 06:00:00,69225.2,69430.9,69090.8,69358.1,117.62895583
2026-02-08 07:00:00,69358.1,69709.2,69216.2,69706.8,89.50928407
2026-02-08 08:00:00,69706.7,70790.2,69520.1,70664.5,248.40167584
2026-02-08 09:00:00,70664.5,70710.4,70103.1,70111.2,125.26402263
2026-02-08 10:00:00,70111.2,70450.6,69894.1,70267.5,126.40973864
2026-02-08 11:00:00,70267.5,71215.9,70219.3,70992.9,247.59115597
2026-02-08 12:00:00,70993.3,71278.0,70710.1,71252.7,188.59290772
2026-02-08 13:00:00,71252.0,71517.8,70978.2,71508.7,330.28941567
2026-02-08 14:00:00,71510.8,71554.4,71105.7,71261.2,186.32773757
2026-02-08 15:00:00,71261.1,71464.3,70779.4,71189.0,174.89680853
2026-02-08 16:00:00,71188.9,71253.3,70256.9,70420.7,179.0594974
2026-02-08 17:00:00,70420.6,70871.9,70414.4,70785.9,185.13042692
2026-02-08 18:00:00,70786.0,71413.9,70750.6,71147.3,202.9338847
2026-02-08 19:00:00,71147.3,71518.8,71147.3,71417.5,153.92472439
2026-02-08 20:00:00,71417.5,71417.5,70705.2,70844.2,140.10089614
2026-02-08 21:00:00,70844.2,71130.3,70548.9,70706.2,149.29660106
2026-02-08 22:00:00,70706.3,71100.0,70633.5,71062.5,195.95292975
2026-02-08 23:00:00,71066.0,72272.8,69988.9,70330.4,415.72781582
2026-02-09 00:00:00,70329.7,70776.3,70121.1,70508.6,283.61613098
2026-02-09 01:00:00,70503.6,70920.9,70068.1,70366.0,623.20174735
2026-02-09 02:00:00,70366.0,70997.9,70220.1,70629.9,608.92841905
2026-02-09 03:00:00,70629.9,71440.0,70618.1,71312.4,523.51667907
2026-02-09 04:00:00,71312.4,71352.6,70921.7,71004.4,385.93343309
2026-02-09 05:00:00,71004.3,71112.0,70796.6,71047.1,280.23082974
2026-02-09 06:00:00,71047.2,71047.2,70311.9,70662.4,322.95432104
2026-02-09 07:00:00,70662.3,70894.0,70350.3,70424.5,389.90491194
2026-02-09 08:00:00,70424.4,70608.7,69406.1,69879.5,494.53604153
2026-02-09 09:00:00,69877.5,70116.4,69480.0,69626.5,449.88087664
2026-02-09 10:00:00,69625.9,69724.9,68420.6,68734.3,631.33713128
2026-02-09 11:00:00,68734.3,69014.8,68584.6,68923.0,529.47442857
2026-02-09 12:00:00,68923.1,69240.1,68866.2,69142.9,342.84224669
2026-02-09 13:00:00,69142.9,69298.3,68598.4,68598.4,469.37443699
2026-02-09 14:00:00,68598.3,69752.8,68302.6,69277.9,989.9153908
2026-02-09 15:00:00,69277.0,69868.9,68818.4,69563.4,779.7398852
2026-02-09 16:00:00,69563.5,70417.9,69100.3,70096.7,615.26877076
2026-02-09 17:00:00,70096.7,70998.9,69878.3,70624.7,560.70204751
2026-02-09 18:00:00,70624.6,71014.9,70091.3,70418.6,556.28385602
2026-02-09 19:00:00,70417.7,71072.5,70265.3,70963.1,397.90666786
2026-02-09 20:00:00,70956.5,71126.8,70506.6,70743.3,381.23918542
2026-02-09 21:00:00,70743.4,70807.8,69829.2,70403.2,347.39107395
2026-02-09 22:00:00,70403.3,70721.6,70278.7,70378.6,345.33113431
2026-02-09 23:00:00,70378.5,70572.8,70087.3,70136.0,256.67018944
2026-02-10 00:00:00,70136.1,70255.4,69753.0,69828.7,241.38482176
2026-02-10 01:00:00,69828.8,70521.6,69828.8,70487.5,271.8993659
2026-02-10 02:00:00,70487.5,70487.5,69996.1,70102.9,277.94895827
2026-02-10 03:00:00,70103.0,70166.2,69214.2,69511.9,459.89907664
2026-02-10 04:00:00,69511.9,69900.6,69481.2,69834.1,260.04674273
2026-02-10 05:00:00,69834.1,69864.0,69212.2,69451.4,295.53374588
2026-02-10 06:00:00,69451.4,69498.3,68684.1,68921.8,440.11111878
2026-02-10 07:00:00,68921.9,69216.6,68853.6,68921.3,300.11936445
2026-02-10 08:00:00,68921.3,69221.8,68733.5,69141.4,289.11229898
2026-02-10 09:00:00,69141.4,69412.9,68959.4,69142.6,250.36093593
2026-02-10 10:00:00,69142.7,69262.1,68922.2,68922.2,191.63666062
2026-02-10 11:00:00,68922.1,69082.9,68457.8,68540.9,278.20508057
2026-02-10 12:00:00,68535.1,68874.2,68439.6,68617.0,275.22449171
2026-02-10 13:00:00,68610.1,69137.3,68362.3,69031.4,358.5034003
2026-02-10 14:00:00,69026.0,69591.7,67917.1,68459.9,901.15096406
2026-02-10 15:00:00,68459.8,69512.6,68288.5,69294.9,867.764225609277
2026-02-10 16:00:00,69294.3,69817.9,68947.8,69511.9,838.53944622
2026-02-10 17:00:00,69512.5,69992.0,69316.2,69925.2,600.51717601
2026-02-10 18:00:00,69925.3,69945.2,68615.8,68899.8,704.65498006
2026-02-10 19:00:00,68899.8,69299.9,68696.7,69064.5,625.85668645
2026-02-10 20:00:00,69064.4,69136.9,68632.5,68754.0,551.49080336
2026-02-10 21:00:00,68754.0,68991.9,68362.1,68660.3,363.27184489
2026-02-10 22:00:00,68660.4,68860.4,68566.7,68711.2,412.16762083
2026-02-10 23:00:00,68707.5,68859.6,68511.3,68841.9,296.80491127
2026-02-11 00:00:00,68841.8,69238.0,68778.6,69201.0,376.16046528
2026-02-11 01:00:00,69200.6,69291.3,68915.0,68977.2,313.63441779
2026-02-11 02:00:00,68977.2,69165.5,68611.6,68673.8,331.62384667
2026-02-11 03:00:00,68675.8,68752.2,68015.9,68189.3,397.95945075
2026-02-11 04:00:00,68189.3,68323.8,67370.0,67581.8,638.01193596
2026-02-11 05:00:00,67582.5,67897.9,67399.5,67399.5,415.41626043
2026-02-11 06:00:00,67402.6,67492.3,66559.4,66819.3,426.88171568
2026-02-11 07:00:00,66819.3,67255.2,66654.0,67032.7,302.34577042
2026-02-11 08:00:00,67035.5,67125.1,66794.0,66986.0,264.27637851
2026-02-11 09:00:00,66985.9,67109.8,66722.7,66872.4,215.68738764
2026-02-11 10:00:00,66872.5,66889.9,66382.8,66532.0,286.30230676
2026-02-11 11:00:00,66531.9,67104.3,66511.0,67053.6,253.8697626
2026-02-11 12:00:00,67053.0,67428.1,66965.3,67133.4,224.63587208
2026-02-11 13:00:00,67133.5,67660.1,66809.5,67453.3,479.63318015
2026-02-11 14:00:00,67453.5,68830.4,66443.0,66583.9,1047.66005112
2026-02-11 15:00:00,66586.0,66809.9,65757.5,66519.1,1013.61558196
2026-02-11 16:00:00,66519.2,67250.0,65950.4,66037.4,615.1864971
2026-02-11 17:00:00,66037.4,66916.1,65850.0,66525.1,574.96893518
2026-02-11 18:00:00,66521.3,67299.9,66151.3,67270.7,414.09883643
2026-02-11 19:00:00,67270.7,67858.4,67115.3,67588.9,466.3505495
2026-02-11 20:00:00,67588.8,67757.7,67189.5,67552.0,322.42333511
2026-02-11 21:00:00,67554.7,68347.4,67416.6,67806.2,381.27428415
2026-02-11 22:00:00,67809.0,67872.1,67387.2,67427.9,285.72002172
2026-02-11 23:00:00,67434.8,67561.7,66795.6,67076.3,349.74000831
2026-02-12 00:00:00,67087.0,67700.0,67056.5,67460.8,228.85296785
2026-02-12 01:00:00,67460.8,68045.0,67460.8,67699.0,260.14360932
2026-02-12 02:00:00,67699.0,67797.8,67418.0,67433.9,209.12202375
2026-02-12 03:00:00,67434.1,67598.0,67314.0,67582.3,184.47868893
2026-02-12 04:00:00,67582.4,67679.0,67003.1,67023.2,200.57951288
2026-02-12 05:00:00,67023.3,67204.5,66674.4,67138.8,224.88180043
2026-02-12 06:00:00,67141.9,67357.8,67014.2,67125.3,180.60026079
2026-02-12 07:00:00,67125.5,67327.8,66937.7,67231.0,168.52464676
2026-02-12 08:00:00,67217.0,67342.6,66893.3,67141.1,182.21034381
2026-02-12 09:00:00,67141.1,67703.0,67050.0,67554.4,169.67019134
2026-02-12 10:00:00,67553.6,68027.2,67413.1,68013.8,173.6086167
2026-02-12 11:00:00,68013.9,68302.1,67741.0,68082.4,272.04902716
2026-02-12 12:00:00,68076.0,68162.0,67721.1,67860.2,187.41610086
2026-02-12 13:00:00,67860.2,68391.9,67684.5,68375.6,256.14474303
2026-02-12 14:00:00,68375.6,68409.7,67482.5,67576.5,434.07409416
2026-02-12 15:00:00,67576.5,67998.9,67011.0,67138.1,678.37495185
2026-02-12 16:00:00,67134.8,67231.2,65559.3,65864.2,1019.79873908
2026-02-12 17:00:00,65861.1,66264.8,65369.0,65413.9,587.86881673
2026-02-12 18:00:00,65413.9,65791.0,65117.5,65587.1,636.17990367
2026-02-12 19:00:00,65590.9,66123.2,65272.3,65785.4,410.2933339
2026-02-12 20:00:00,65788.4,66036.9,65218.4,65420.5,403.10815667
2026-02-12 21:00:00,65428.3,65900.6,65428.3,65845.5,201.3472349
2026-02-12 22:00:00,65845.4,66425.4,65647.0,66299.2,245.36312412
2026-02-12 23:00:00,66288.1,66488.9,66161.2,66268.6,209.19356349
2026-02-13 00:00:00,66271.5,66520.7,65874.2,65916.2,236.56434766
2026-02-13 01:00:00,65918.6,66614.1,65918.6,66449.2,211.58853715
2026-02-13 02:00:00,66455.4,66764.0,66383.7,66663.0,168.22457249
2026-02-13 03:00:00,66663.0,66809.3,66462.5,66556.2,170.4928168
2026-02-13 04:00:00,66556.2,66672.2,66310.2,66327.1,142.1080378
2026-02-13 05:00:00,66327.1,66502.0,66182.8,66182.8,136.14249608
2026-02-13 06:00:00,66182.8,66394.2,66009.8,66368.8,141.81797258
2026-02-13 07:00:00,66365.4,66570.4,66050.6,66207.4,158.94312294
2026-02-13 08:00:00,66209.2,66743.3,66192.1,66700.6,211.52195715
2026-02-13 09:00:00,66700.5,67060.5,66613.9,66959.7,218.59461928
2026-02-13 10:00:00,66959.8,67113.6,66800.0,66977.7,200.72291856
2026-02-13 11:00:00,66977.7,67224.1,66789.0,67167.4,230.0451255
2026-02-13 12:00:00,67167.3,67208.1,66923.4,67087.0,209.37478291
2026-02-13 13:00:00,67085.4,67615.0,66938.1,67274.1,382.84208031
2026-02-13 14:00:00,67272.9,68018.0,66868.6,67731.2,621.27406377
2026-02-13 15:00:00,67733.5,69305.4,67692.1,68698.6,834.93486693
2026-02-13 16:00:00,68698.6,69476.9,68541.6,68954.9,586.85866609
2026-02-13 17:00:00,68955.3,69246.2,68642.1,69040.6,467.53390245
2026-02-13 18:00:00,69043.5,69403.8,68904.3,69125.6,405.45382384
2026-02-13 19:00:00,69125.5,69236.2,68918.8,68938.9,293.60064894
2026-02-13 20:00:00,68938.9,68968.0,68684.1,68782.2,268.52210996
2026-02-13 21:00:00,68782.2,69079.9,68718.6,68905.0,144.66147597
2026-02-13 22:00:00,68905.0,68998.8,68730.9,68995.9,202.04458565
2026-02-13 23:00:00,68995.9,69000.6,68812.1,68854.0,112.23291883
2026-02-14 00:00:00,68854.0,69139.4,68769.1,69091.9,112.36735633
2026-02-14 01:00:00,69090.2,69108.8,68926.0,68964.6,100.79063276
2026-02-14 02:00:00,68964.6,69010.1,68852.4,68884.2,55.0381339
2026-02-14 03:00:00,68884.3,69022.6,68855.1,68976.4,42.45318523382016
2026-02-14 04:00:00,68976.5,68991.3,68793.4,68793.4,35.96288581
2026-02-14 05:00:00,68793.5,68907.9,68760.0,68774.3,32.92881344
2026-02-14 06:00:00,68774.3,68931.3,68731.7,68931.3,42.73219832
2026-02-14 07:00:00,68931.3,69342.0,68894.0,69213.8,70.3227597
2026-02-14 08:00:00,69213.7,69868.0,69213.7,69746.3,190.24959816
2026-02-14 09:00:00,69746.3,69900.5,69569.1,69716.7,143.16880108
2026-02-14 10:00:00,69716.7,69716.7,69588.3,69671.9,58.22292447
2026-02-14 11:00:00,69671.9,70572.6,69671.9,70509.1,268.12009978
2026-02-14 12:00:00,70505.7,70534.8,69610.1,69642.8,266.5617098
2026-02-14 13:00:00,69642.8,69774.7,69211.2,69466.6,343.54995447
2026-02-14 14:00:00,69466.6,69855.9,69319.4,69704.2,180.50969864
2026-02-14 15:00:00,69704.2,70047.7,69563.6,69782.0,168.81584753
2026-02-14 16:00:00,69782.0,69811.9,69290.0,69755.1,178.02131235
2026-02-14 17:00:00,69755.0,69930.0,69609.0,69736.5,152.23764211
2026-02-14 18:00:00,69738.9,69856.7,69669.4,69763.8,99.78643366
2026-02-14 19:00:00,69770.3,69912.5,69615.2,69869.9,115.74407583
2026-02-14 20:00:00,69869.9,70028.6,69738.1,70026.2,112.1910148
2026-02-14 21:00:00,70026.2,70250.5,69627.6,69932.4,150.49373619
2026-02-14 22:00:00,69932.3,70095.6,69781.1,69959.6,115.44804078
2026-02-14 23:00:00,69959.7,70021.3,69708.9,69823.0,119.05690987
2026-02-15 00:00:00,69823.0,69861.9,69604.8,69779.4,124.15204702
2026-02-15 01:00:00,69779.4,69900.6,69347.0,69714.5,174.68380014590736
2026-02-15 02:00:00,69714.5,69753.1,69346.7,69487.3,151.39774577
2026-02-15 03:00:00,69480.1,69990.0,69255.7,69954.5,198.59386928
2026-02-15 04:00:00,69954.5,70518.6,69753.6,70186.7,331.1818273
2026-02-15 05:00:00,70186.7,70468.4,70132.5,70268.6,150.05849622
2026-02-15 06:00:00,70268.6,70533.9,70185.7,70401.3,116.26246577
2026-02-15 07:00:00,70401.3,70926.3,70308.6,70825.9,241.70179669
2026-02-15 08:00:00,70826.0,70973.6,70186.1,70444.5,250.79293234
2026-02-15 09:00:00,70444.6,70666.6,70372.2,70423.3,143.00817498
2026-02-15 10:00:00,70423.4,70522.4,70215.9,70427.5,124.20763395
2026-02-15 11:00:00,70427.5,70542.0,70272.0,70298.4,71.16736079
2026-02-15 12:00:00,70298.4,70412.2,69316.1,69319.7,284.89904419
2026-02-15 13:00:00,69321.7,69619.0,68771.0,68931.5,394.30615634
2026-02-15 14:00:00,68937.8,69216.8,68843.2,69170.0,252.60819023
2026-02-15 15:00:00,69169.9,69256.3,68882.3,69099.7,217.71258914
2026-02-15 16:00:00,69099.6,69099.7,68791.6,69019.2,189.55467347
2026-02-15 17:00:00,69018.6,69083.1,68206.6,68635.7,270.28259429
2026-02-15 18:00:00,68635.7,68794.0,68355.8,68451.5,313.82822733
2026-02-15 19:00:00,68451.4,68559.0,68062.5,68290.4,335.78129108
2026-02-15 20:00:00,68290.4,68554.6,68129.6,68449.1,137.7145775
2026-02-15 21:00:00,68450.0,68952.2,68450.0,68846.3,166.44007778
2026-02-15 22:00:00,68846.4,69079.1,68801.0,68999.9,174.38886981633203
2026-02-15 23:00:00,68999.9,68999.9,68333.0,68820.1,237.49526027
2026-02-16 00:00:00,68831.9,69061.7,68699.5,68843.7,194.81027446
2026-02-16 01:00:00,68850.0,69042.0,68459.2,68635.2,191.7319985
2026-02-16 02:00:00,68635.2,68731.5,68249.0,68329.9,188.7248537
2026-02-16 03:00:00,68321.5,68463.9,68150.0,68424.8,128.71575724
2026-02-16 04:00:00,68424.8,68890.3,68422.6,68867.5,121.37969778075724
2026-02-16 05:00:00,68867.5,68898.0,68298.0,68389.4,95.09221888
2026-02-16 06:00:00,68389.4,68531.4,68234.1,68452.8,98.789522
2026-02-16 07:00:00,68452.8,68673.6,68379.4,68589.1,125.91140873843668
2026-02-16 08:00:00,68589.1,68798.3,68544.6,68763.0,104.81343622
2026-02-16 09:00:00,68762.9,69055.7,68749.5,68993.8,166.22573667
2026-02-16 10:00:00,68993.7,68993.7,68695.4,68798.3,108.257656955082
2026-02-16 11:00:00,68798.2,68918.2,68341.0,68812.9,182.94644345
2026-02-16 12:00:00,68812.9,69847.0,68807.6,69762.5,329.27445535
2026-02-16 13:00:00,69762.6,70117.9,68227.9,68395.8,651.46502067
2026-02-16 14:00:00,68395.8,68721.6,68268.2,68421.5,392.89291193
2026-02-16 15:00:00,68425.1,68601.5,67297.3,67535.2,536.19250544
2026-02-16 16:00:00,67540.6,67973.2,67517.6,67889.0,348.93842023
2026-02-16 17:00:00,67888.7,68074.0,67603.0,67951.8,226.79564739
2026-02-16 18:00:00,67951.9,68244.0,67834.7,67858.7,149.46919053
2026-02-16 19:00:00,67858.6,68130.0,67832.0,67913.4,100.66614881
2026-02-16 20:00:00,67913.4,68558.7,67827.1,68528.1,161.18643006
2026-02-16 21:00:00,68530.0,68926.6,68426.9,68856.1,197.78849566
2026-02-16 22:00:00,68856.1,68889.1,68511.9,68594.7,224.90847317181408
2026-02-16 23:00:00,68594.6,68979.0,68538.7,68891.9,170.85256917
2026-02-17 00:00:00,68891.9,69042.2,68703.7,68878.4,181.82627432
2026-02-17 01:00:00,68878.4,68995.7,68568.2,68621.6,199.03350156
2026-02-17 02:00:00,68618.1,69240.3,68386.5,68839.7,268.34463817
2026-02-17 03:00:00,68839.7,68856.0,68469.9,68475.0,192.3456721
2026-02-17 04:00:00,68475.0,68708.6,68292.0,68482.2,124.16446662
2026-02-17 05:00:00,68482.2,68509.9,67900.2,68245.7,259.39752212
2026-02-17 06:00:00,68245.7,68519.9,68242.6,68402.2,125.67930941
2026-02-17 07:00:00,68402.1,68477.7,68166.2,68382.9,94.61393884
2026-02-17 08:00:00,68388.0,68479.5,68133.9,68180.7,121.04612994
2026-02-17 09:00:00,68180.7,68305.4,67994.9,68126.3,135.20944984
2026-02-17 10:00:00,68126.2,68194.4,67705.5,67845.3,160.64735474
2026-02-17 11:00:00,67845.3,67938.5,67689.6,67851.8,103.2634468
2026-02-17 12:00:00,67851.8,68296.9,67833.5,67908.2,140.41548527
2026-02-17 13:00:00,67918.6,68360.7,67742.6,68132.7,259.90470839
2026-02-17 14:00:00,68132.7,68336.6,66735.2,66877.8,630.87569649
2026-02-17 15:00:00,66875.1,67409.9,66620.0,67388.6,622.5486921
2026-02-17 16:00:00,67392.1,68147.0,67321.1,67517.2,610.05506143
2026-02-17 17:00:00,67517.4,67719.6,66889.0,67243.6,515.58157861
2026-02-17 18:00:00,67243.7,68234.1,67128.3,68090.6,385.57115423
2026-02-17 19:00:00,68090.6,68235.4,67699.4,67787.1,316.91573232
2026-02-17 20:00:00,67787.7,67931.2,67492.6,67745.2,354.67155041
2026-02-17 21:00:00,67750.3,67926.6,67532.1,67680.6,188.695935
2026-02-17 22:00:00,67680.6,67782.0,67511.0,67527.7,133.52515149
2026-02-17 23:00:00,67527.6,67614.2,67391.1,67502.7,176.75436959
2026-02-18 00:00:00,67509.8,67627.8,67289.7,67302.0,159.71943152
2026-02-18 01:00:00,67302.1,67373.7,66899.0,67165.4,198.79926077
2026-02-18 02:00:00,67165.4,67420.1,67154.5,67333.3,119.63574808
2026-02-18 03:00:00,67333.3,67705.5,67328.4,67629.2,117.96523251
2026-02-18 04:00:00,67629.2,67894.4,67502.6,67819.7,103.17891365
2026-02-18 05:00:00,67826.0,67936.0,67605.8,67652.7,118.32453017
2026-02-18 06:00:00,67652.7,67971.4,67615.0,67846.9,125.41173205
2026-02-18 07:00:00,67847.0,68223.1,67702.0,68114.0,147.66892738
2026-02-18 08:00:00,68114.1,68469.7,68067.6,68131.1,201.1297352
2026-02-18 09:00:00,68131.1,68276.1,68009.5,68160.0,129.98368371
2026-02-18 10:00:00,68160.0,68184.2,67733.2,67800.6,134.91012397
2026-02-18 11:00:00,67800.7,67802.8,67079.0,67368.2,275.14231716
2026-02-18 12:00:00,67368.3,67688.0,67345.1,67461.4,197.15663547
2026-02-18 13:00:00,67461.4,67595.5,67054.7,67239.6,202.93405594
2026-02-18 14:00:00,67239.7,67359.6,66718.1,67221.0,394.47928934
2026-02-18 15:00:00,67220.9,68340.0,67185.4,67688.5,483.62697762
2026-02-18 16:00:00,67694.0,67703.3,66992.4,67145.2,452.85711715
2026-02-18 17:00:00,67144.7,67482.4,67057.2,67183.3,252.87976637
2026-02-18 18:00:00,67183.3,67227.9,66184.3,66367.9,404.83130923
2026-02-18 19:00:00,66361.4,66616.1,65857.9,66178.0,514.47949458
2026-02-18 20:00:00,66178.0,66539.3,66142.0,66263.1,306.84904455
2026-02-18 21:00:00,66263.2,66503.3,66049.0,66342.1,171.39587276
2026-02-18 22:00:00,66342.2,66475.7,66232.1,66404.8,101.78446505
2026-02-18 23:00:00,66408.8,66501.6,66268.1,66461.0,130.38562914
2026-02-19 00:00:00,66461.1,66595.0,66345.0,66446.0,130.78291147
2026-02-19 01:00:00,66446.0,66870.9,66445.9,66866.6,189.33203949
2026-02-19 02:00:00,66866.6,66957.9,66639.4,66834.7,181.93715063
2026-02-19 03:00:00,66834.8,66992.1,66725.8,66981.3,90.00384451
2026-02-19 04:00:00,66981.3,67066.9,66766.5,66813.9,98.65599789
2026-02-19 05:00:00,66807.4,66888.6,66688.1,66868.6,151.23814443
2026-02-19 06:00:00,66871.3,67286.2,66866.7,67144.0,149.9067282
2026-02-19 07:00:00,67144.1,67315.7,67030.4,67210.2,140.11008726
2026-02-19 08:00:00,67210.1,67210.1,66789.6,66959.4,154.33947474
2026-02-19 09:00:00,66962.9,67189.9,66757.6,66835.4,165.87583327
2026-02-19 10:00:00,66835.5,66958.5,66745.3,66838.9,159.20955646
2026-02-19 11:00:00,66839.0,66936.4,66478.1,66501.6,150.50364193
2026-02-19 12:00:00,66501.5,66680.6,66327.9,66514.4,201.94950727
2026-02-19 13:00:00,66514.5,66557.2,65765.0,65912.9,370.78175648
2026-02-19 14:00:00,65912.8,66664.9,65636.5,66421.3,565.24480204
2026-02-19 15:00:00,66421.3,66746.7,65969.6,66403.7,485.60689153
2026-02-19 16:00:00,66403.6,66514.6,65900.1,66293.6,414.99109191
2026-02-19 17:00:00,66293.6,67048.6,66174.7,66370.0,416.49061622
2026-02-19 18:00:00,66370.0,67072.6,66246.4,67024.3,344.70211701
2026-02-19 19:00:00,67025.4,67195.5,66696.5,67050.6,309.96293878
2026-02-19 20:00:00,67050.5,67165.4,66830.9,67150.0,185.61300334
2026-02-19 21:00:00,67143.2,67165.0,66901.8,66916.5,130.89439045
2026-02-19 22:00:00,66916.5,66999.8,66652.5,66915.1,161.94398736
2026-02-19 23:00:00,66915.7,67018.9,66818.2,66998.1,136.43804915
2026-02-20 00:00:00,67001.5,67487.7,66944.6,67228.9,209.49918619
2026-02-20 01:00:00,67228.4,67354.0,67150.7,67274.7,157.14635443
2026-02-20 02:00:00,67274.7,67343.8,67178.9,67244.0,92.17376041
2026-02-20 03:00:00,67243.9,67486.4,67241.2,67365.4,100.67268473
2026-02-20 04:00:00,67365.5,67386.3,67117.8,67266.2,142.37100226
2026-02-20 05:00:00,67266.2,68009.9,67203.1,67786.7,168.98895046
2026-02-20 06:00:00,67786.8,67892.7,67666.1,67843.9,108.19178264
2026-02-20 07:00:00,67844.0,67989.8,67771.0,67822.9,131.3819381
2026-02-20 08:00:00,67822.9,67948.5,67752.2,67880.0,108.6802043
2026-02-20 09:00:00,67880.0,68222.0,67880.0,68212.1,148.51446283
2026-02-20 10:00:00,68212.1,68313.3,67848.0,67943.9,162.87409016
2026-02-20 11:00:00,67949.0,67983.7,67284.6,67324.0,159.52412069
2026-02-20 12:00:00,67324.0,67592.0,67278.4,67541.7,127.71238791
2026-02-20 13:00:00,67541.8,67541.8,66453.1,66812.7,408.02242219
2026-02-20 14:00:00,66812.6,67328.9,66650.1,67067.4,442.30639841
2026-02-20 15:00:00,67071.5,68079.5,66552.3,67582.9,855.80211043
2026-02-20 16:00:00,67582.9,67913.9,67290.0,67795.5,484.20900592
2026-02-20 17:00:00,67794.9,67794.9,66950.0,67609.7,537.33784056
2026-02-20 18:00:00,67609.7,68007.6,67459.7,67924.3,421.02102614
2026-02-20 19:00:00,67924.4,68001.1,67510.2,67646.0,235.58168642
2026-02-20 20:00:00,67645.9,67830.0,67520.1,67758.7,161.52816878
2026-02-20 21:00:00,67750.5,67840.0,67638.7,67822.0,76.01529686
2026-02-20 22:00:00,67821.9,68111.4,67641.0,68091.7,171.22877142
2026-02-20 23:00:00,68078.1,68234.6,67914.0,68020.0,139.82508976
2026-02-21 00:00:00,68019.5,68047.6,67793.6,67834.1,87.07125289
2026-02-21 01:00:00,67834.2,68000.9,67834.2,67947.7,79.84810998
2026-02-21 02:00:00,67947.7,68090.6,67913.3,68003.8,64.02791916
2026-02-21 03:00:00,68003.8,68003.8,67538.3,67664.5,77.25110246
2026-02-21 04:00:00,67664.5,67841.7,67600.0,67818.2,63.88872636
2026-02-21 05:00:00,67818.3,67882.8,67800.2,67860.0,38.89095816
2026-02-21 06:00:00,67860.0,67919.1,67754.3,67792.3,48.36418781
2026-02-21 07:00:00,67792.3,67880.0,67754.0,67853.7,37.16661449
2026-02-21 08:00:00,67854.1,68079.6,67816.0,68055.4,43.99849936
2026-02-21 09:00:00,68055.5,68314.5,67978.2,68147.5,76.63262715
2026-02-21 10:00:00,68147.5,68245.5,68141.7,68208.7,45.12723248
2026-02-21 11:00:00,68209.4,68282.5,68083.0,68092.4,56.83398153
2026-02-21 12:00:00,68092.4,68218.3,67921.9,68214.5,49.62511891
2026-02-21 13:00:00,68210.1,68260.6,68106.3,68260.6,40.06524888
2026-02-21 14:00:00,68260.6,68633.6,68182.3,68449.1,135.00710649
2026-02-21 15:00:00,68449.2,68697.2,68417.1,68611.9,67.80605453
2026-02-21 16:00:00,68611.9,68629.7,68101.9,68322.1,93.34259637
2026-02-21 17:00:00,68322.1,68474.0,68200.1,68435.1,67.80949449
2026-02-21 18:00:00,68435.0,68643.9,68383.8,68572.6,64.92747837
2026-02-21 19:00:00,68572.6,68658.2,68526.8,68540.5,38.54854808
2026-02-21 20:00:00,68541.7,68599.2,68181.5,68214.8,60.82037204
2026-02-21 21:00:00,68211.3,68389.9,68182.7,68378.8,38.87985366
2026-02-21 22:00:00,68378.8,68433.1,67900.0,67976.2,110.83062282
2026-02-21 23:00:00,67970.8,68119.6,67941.1,67994.0,47.21454203
2026-02-22 00:00:00,67980.2,68059.8,67814.8,67946.0,65.69915306
2026-02-22 01:00:00,67946.0,68170.6,67945.9,68153.1,66.08980575
2026-02-22 02:00:00,68159.1,68220.9,67872.9,67907.8,70.27993541
2026-02-22 03:00:00,67907.9,68061.4,67825.8,68041.3,53.52903717
2026-02-22 04:00:00,68041.4,68080.3,67966.7,67982.2,38.09420353
2026-02-22 05:00:00,67982.2,68011.1,67888.8,67976.9,29.09197687
2026-02-22 06:00:00,67976.9,68211.8,67972.9,68042.4,51.23746286
2026-02-22 07:00:00,68042.5,68094.7,67990.6,68005.2,36.00342654
2026-02-22 08:00:00,68005.2,68017.4,67916.9,67947.4,31.49708145
2026-02-22 09:00:00,67948.5,68096.9,67948.5,68053.5,26.77748077
2026-02-22 10:00:00,68053.5,68152.6,68007.0,68131.7,31.31634719
2026-02-22 11:00:00,68131.7,68245.0,68131.6,68214.4,26.06467546
2026-02-22 12:00:00,68214.4,68231.9,67872.5,67928.2,55.21890837
2026-02-22 13:00:00,67928.3,68037.9,67575.3,67649.9,97.80208885
2026-02-22 14:00:00,67649.9,67680.2,67360.5,67445.9,98.84934349
2026-02-22 15:00:00,67444.0,67813.2,67302.9,67684.2,126.3308926
2026-02-22 16:00:00,67684.2,67702.1,67514.8,67630.7,83.22110409
2026-02-22 17:00:00,67630.8,67630.8,67190.0,67376.0,142.75977485
2026-02-22 18:00:00,67380.3,67452.0,67313.4,67417.9,47.28481785
2026-02-22 19:00:00,67417.9,67480.5,67399.2,67427.8,40.23617247
2026-02-22 20:00:00,67427.8,67486.9,67346.6,67401.1,29.4735792
2026-02-22 21:00:00,67401.2,67632.0,67401.2,67608.2,29.44222568
2026-02-22 22:00:00,67608.2,67749.9,67484.6,67666.3,54.52891961
2026-02-22 23:00:00,67666.3,67726.1,67464.7,67640.0,93.21772121
2026-02-23 00:00:00,67640.0,67682.4,66726.6,66740.6,160.81802361
2026-02-23 01:00:00,66740.5,66740.5,64303.8,64427.7,639.89135462
2026-02-23 02:00:00,64427.7,64908.0,64328.1,64788.9,253.17936049
2026-02-23 03:00:00,64789.0,65076.0,64700.2,64938.1,147.90591226
2026-02-23 04:00:00,64938.1,65030.2,64685.8,64810.8,90.11189765
2026-02-23 05:00:00,64810.9,65229.1,64810.9,65068.7,134.77799099
2026-02-23 06:00:00,65068.7,65798.3,65039.8,65756.6,204.82916205
2026-02-23 07:00:00,65756.7,66007.0,65639.8,65959.7,149.63876533
2026-02-23 08:00:00,65959.7,65959.7,65569.1,65679.5,128.77096627
2026-02-23 09:00:00,65674.0,66454.7,65674.0,66402.0,151.37110454
2026-02-23 10:00:00,66404.9,66595.8,66223.5,66318.3,162.1822442
2026-02-23 11:00:00,66319.6,66487.3,66114.0,66203.6,104.02717434
2026-02-23 12:00:00,66206.9,66503.7,65891.7,66277.0,146.75020824
2026-02-23 13:00:00,66277.1,66430.4,66103.4,66130.1,149.33127903
2026-02-23 14:00:00,66130.2,66261.6,65530.5,65918.9,295.95529187
2026-02-23 15:00:00,65920.8,66243.1,65581.1,65661.2,264.29363554
2026-02-23 16:00:00,65661.0,65716.9,65176.7,65352.5,273.44194227
2026-02-23 17:00:00,65371.2,65448.9,64157.1,64807.2,449.29327832
2026-02-23 18:00:00,64807.1,65177.8,64588.8,64635.5,306.18776132
2026-02-23 19:00:00,64635.6,64849.2,64085.8,64294.2,272.9236803
2026-02-23 20:00:00,64290.4,64484.2,63877.1,64475.3,328.53676584
2026-02-23 21:00:00,64474.8,64780.5,64453.6,64580.2,124.76228644
2026-02-23 22:00:00,64580.2,65017.8,64557.1,64722.5,157.01106766
2026-02-23 23:00:00,64722.6,64897.8,64528.6,64656.1,128.94924003
2026-02-24 00:00:00,64656.1,65010.1,64656.0,64941.5,96.14820871
2026-02-24 01:00:00,64941.4,64941.4,63435.6,64157.8,375.47594889
2026-02-24 02:00:00,64157.7,64499.9,64000.1,64116.1,224.60035013
2026-02-24 03:00:00,64116.0,64116.0,63346.2,63591.9,403.3655314
2026-02-24 04:00:00,63591.8,63625.6,62863.2,63366.4,575.71539471
2026-02-24 05:00:00,63366.4,63536.9,62703.1,63098.8,264.75188351
2026-02-24 06:00:00,63098.9,63321.8,62895.2,63082.0,219.99613186
2026-02-24 07:00:00,63081.9,63358.9,62926.5,63197.5,210.81514488
2026-02-24 08:00:00,63196.6,63445.6,63010.0,63394.0,213.58727403
2026-02-24 09:00:00,63392.2,63411.8,62938.0,63244.4,216.77803871
2026-02-24 10:00:00,63245.1,63370.3,63112.7,63284.5,139.74002378
2026-02-24 11:00:00,63284.6,63318.5,63052.5,63228.7,177.70346656
2026-02-24 12:00:00,63228.7,63343.6,62965.2,62968.6,148.95877818
2026-02-24 13:00:00,62968.6,63096.9,62505.6,62902.1,318.02510249
2026-02-24 14:00:00,62902.1,63831.9,62766.4,63451.9,474.15724944
2026-02-24 15:00:00,63451.9,64027.5,63306.1,63976.3,439.42891433
2026-02-24 16:00:00,63974.0,64419.7,63699.5,64269.8,422.84194315
2026-02-24 17:00:00,64269.9,64512.5,64043.1,64225.9,276.06562428
2026-02-24 18:00:00,64222.2,64494.9,63915.5,64428.9,204.77451901
2026-02-24 19:00:00,64429.0,64739.0,64248.8,64432.7,253.90793418
2026-02-24 20:00:00,64432.6,64586.9,64320.4,64472.6,159.33551285
2026-02-24 21:00:00,64472.3,64472.3,63832.1,64047.1,159.79078553
2026-02-24 22:00:00,64047.1,64223.3,63976.8,64116.5,119.36926622949913
2026-02-24 23:00:00,64119.6,64245.7,63854.1,64055.6,140.45924177
2026-02-25 00:00:00,64055.7,64316.9,63913.3,64223.0,123.42732505
2026-02-25 01:00:00,64223.0,66299.9,64145.9,65896.9,646.08856356
2026-02-25 02:00:00,65896.6,66306.8,65860.6,65886.4,323.33341527
2026-02-25 03:00:00,65884.9,65951.3,65348.2,65391.0,223.85023581
2026-02-25 04:00:00,65391.1,65648.1,65122.1,65456.7,215.56864478
2026-02-25 05:00:00,65456.7,65511.8,64756.6,64880.7,219.71219085
2026-02-25 06:00:00,64880.8,65119.6,64861.9,64893.1,124.54783796
2026-02-25 07:00:00,64893.2,65188.3,64781.2,65027.7,183.72105603
2026-02-25 08:00:00,65027.7,65581.3,64957.5,65523.2,147.42374206
2026-02-25 09:00:00,65523.4,65694.0,65416.3,65555.0,125.79150055
2026-02-25 10:00:00,65555.1,65648.3,65342.3,65397.7,82.71523724
2026-02-25 11:00:00,65397.7,65484.6,65201.6,65430.0,95.49534185
2026-02-25 12:00:00,65429.9,66246.6,65322.2,66067.9,247.42571372
2026-02-25 13:00:00,66068.0,66671.6,66021.1,66241.7,311.3086793
2026-02-25 14:00:00,66241.6,67011.0,66212.1,66965.6,388.76775513
2026-02-25 15:00:00,66964.5,67569.9,66719.1,67407.3,438.7085216
2026-02-25 16:00:00,67396.0,68325.0,67395.9,68283.6,389.01646365
2026-02-25 17:00:00,68290.3,68872.7,68030.3,68676.1,441.32697512
2026-02-25 18:00:00,68675.1,69549.9,68383.1,69321.2,415.00448986
2026-02-25 19:00:00,69325.3,69406.0,68782.6,69032.9,271.59064544
2026-02-25 20:00:00,69033.0,69370.2,68614.8,69147.6,232.81688031
2026-02-25 21:00:00,69146.5,70000.0,68776.3,68919.8,400.0102246546756
2026-02-25 22:00:00,68919.8,69174.1,68067.3,68434.9,247.9700704
2026-02-25 23:00:00,68434.9,68685.6,67600.3,67986.9,243.80234757
2026-02-26 00:00:00,67985.5,68532.0,67733.9,68338.4,263.54236913
2026-02-26 01:00:00,68338.4,68698.0,68210.4,68240.9,156.30967745
2026-02-26 02:00:00,68245.7,68342.8,67800.0,68252.9,214.74592665
2026-02-26 03:00:00,68252.9,68380.3,68050.7,68222.6,135.50969574
2026-02-26 04:00:00,68222.7,68855.9,68184.9,68571.4,177.80500859
2026-02-26 05:00:00,68571.5,68571.5,68130.1,68442.4,173.8912035
2026-02-26 06:00:00,68442.5,68519.2,68070.6,68177.1,122.1636939
2026-02-26 07:00:00,68177.1,68289.3,67827.2,67827.2,108.53359798
2026-02-26 08:00:00,67827.2,68239.6,67800.0,67950.3,179.06695856
2026-02-26 09:00:00,67950.4,68645.9,67933.4,68583.9,165.26717796
2026-02-26 10:00:00,68583.9,68712.5,68261.2,68301.6,125.19950728
2026-02-26 11:00:00,68301.7,68396.6,67978.3,68046.3,109.39074119
2026-02-26 12:00:00,68046.3,68297.2,67998.9,68169.5,131.43720816
2026-02-26 13:00:00,68169.5,68207.2,67848.8,67908.1,142.37484278
2026-02-26 14:00:00,67905.4,68268.1,67277.0,67700.4,478.1463808
2026-02-26 15:00:00,67695.5,67740.7,66766.8,67380.0,558.99373233
2026-02-26 16:00:00,67381.5,67564.9,66503.0,66635.4,467.48251333
2026-02-26 17:00:00,66642.5,67044.1,66597.1,66826.9,327.31212538
2026-02-26 18:00:00,66826.8,67368.8,66571.2,67301.7,314.31241457
2026-02-26 19:00:00,67301.7,67900.0,67285.5,67594.5,290.53469306
2026-02-26 20:00:00,67588.7,67829.3,67292.1,67411.0,146.46973684
2026-02-26 21:00:00,67414.0,67575.0,67150.3,67460.7,104.91576886
2026-02-26 22:00:00,67467.3,67622.8,67316.0,67572.3,84.94147465
2026-02-26 23:00:00,67569.9,67653.0,67396.8,67478.3,85.09379706
2026-02-27 00:00:00,67485.1,67536.7,67003.0,67224.1,152.93179659
2026-02-27 01:00:00,67224.2,67379.0,66885.1,67348.8,205.79505682
2026-02-27 02:00:00,67352.2,67537.5,67268.2,67268.3,163.12265364
2026-02-27 03:00:00,67268.3,67705.6,67108.0,67609.2,113.81978406
2026-02-27 04:00:00,67609.2,68219.5,67582.2,67745.7,226.26031872
2026-02-27 05:00:00,67745.7,67922.0,67679.9,67719.3,89.25549568
2026-02-27 06:00:00,67719.4,67817.2,67527.2,67659.1,92.5017568
2026-02-27 07:00:00,67659.0,67767.5,67460.6,67693.1,100.00461343
2026-02-27 08:00:00,67693.1,68076.6,67662.3,67939.4,112.8842697
2026-02-27 09:00:00,67939.3,68145.0,67292.2,67356.2,175.33797304
2026-02-27 10:00:00,67356.3,67409.9,66569.4,66607.9,324.11690589
2026-02-27 11:00:00,66608.0,66776.8,65963.6,66123.5,350.95723444
2026-02-27 12:00:00,66119.6,66207.4,65745.6,65924.7,271.43602786
2026-02-27 13:00:00,65924.7,66345.0,65664.7,66273.8,304.555031
2026-02-27 14:00:00,66273.2,66323.7,65695.3,65892.3,304.47461654
2026-02-27 15:00:00,65887.3,66311.1,65845.2,66098.5,317.62014953
2026-02-27 16:00:00,66098.5,66123.0,65464.0,65479.0,291.75576063
2026-02-27 17:00:00,65479.0,65745.0,65116.3,65701.2,293.10287174
2026-02-27 18:00:00,65704.9,65779.9,65235.3,65314.6,205.58883642
2026-02-27 19:00:00,65314.5,65457.3,65173.0,65402.0,134.13438655
2026-02-27 20:00:00,65392.3,65664.0,65392.2,65594.9,133.80041705
2026-02-27 21:00:00,65594.9,65741.5,65400.1,65527.6,88.02174672
2026-02-27 22:00:00,65527.6,65663.4,64926.2,65635.9,155.59449078
2026-02-27 23:00:00,65635.9,65949.2,65552.4,65876.4,104.59255872
2026-02-28 00:00:00,65872.3,66013.0,65729.1,65942.1,115.44647932
2026-02-28 01:00:00,65942.1,65971.8,65745.9,65779.4,64.16517315
2026-02-28 02:00:00,65779.5,66017.7,65764.5,65961.1,70.94249369
2026-02-28 03:00:00,65961.2,65980.4,65748.1,65790.1,70.65546564
2026-02-28 04:00:00,65790.1,65815.2,65494.3,65663.4,87.06747926
2026-02-28 05:00:00,65663.4,65729.7,65501.1,65591.7,68.48687296
2026-02-28 06:00:00,65591.8,65591.8,63031.1,63219.7,733.50406658
2026-02-28 07:00:00,63216.1,64321.9,63034.3,63829.2,457.86422619
2026-02-28 08:00:00,63827.7,63878.7,63412.2,63473.2,349.25319617
2026-02-28 09:00:00,63473.2,63942.1,63372.0,63664.9,262.66329494
2026-02-28 10:00:00,63660.8,64045.1,63475.1,64006.3,258.90678988
2026-02-28 11:00:00,64006.4,64305.0,63796.1,63844.2,203.73337292
2026-02-28 12:00:00,63846.7,64079.0,63828.4,64020.3,131.25675471
2026-02-28 13:00:00,64017.2,65207.9,63907.6,65106.5,311.04519281
2026-02-28 14:00:00,65106.5,65359.2,64267.8,64425.1,502.62328112
2026-02-28 15:00:00,64437.4,65015.9,64206.0,64838.4,340.03145969
2026-02-28 16:00:00,64838.5,65199.4,64674.6,65092.3,175.15835588
2026-02-28 17:00:00,65092.3,65544.9,64829.2,65437.6,188.04501946361086
2026-02-28 18:00:00,65437.6,66146.9,65178.4,65901.2,305.28373336
2026-02-28 19:00:00,65907.6,66651.5,65596.7,66367.6,335.34384413
2026-02-28 20:00:00,66356.8,67139.0,66190.1,66946.3,385.5564253
2026-02-28 21:00:00,66953.7,67018.9,66361.2,66709.5,257.54754951
2026-02-28 22:00:00,66709.6,67746.5,66611.1,67122.1,359.46176659
2026-02-28 23:00:00,67103.6,67203.4,66737.2,66972.5,202.51763366
2026-03-01 00:00:00,66972.5,67117.8,66623.2,66786.9,172.80370641
2026-03-01 01:00:00,66790.2,67697.1,66050.4,67345.9,385.84239435
2026-03-01 02:00:00,67340.2,68190.9,67333.7,67619.6,637.52249199
2026-03-01 03:00:00,67613.9,67810.5,67400.5,67501.1,274.72648424
2026-03-01 04:00:00,67501.1,67624.4,67080.6,67341.3,230.1723632
2026-03-01 05:00:00,67346.5,67572.3,67195.3,67288.3,155.79545311
2026-03-01 06:00:00,67292.1,67351.4,66790.7,66929.9,220.35418903
2026-03-01 07:00:00,66926.8,67227.5,66790.0,67138.0,161.26726102
2026-03-01 08:00:00,67138.0,67287.4,66466.4,66557.7,227.2334362
2026-03-01 09:00:00,66560.1,66766.1,66242.2,66407.5,232.87090498
2026-03-01 10:00:00,66407.5,66732.0,66209.1,66464.1,189.84324646
2026-03-01 11:00:00,66464.2,66652.4,66371.0,66462.5,100.25056173
2026-03-01 12:00:00,66462.6,66543.3,66243.4,66291.3,91.71056973
2026-03-01 13:00:00,66291.3,67354.0,66128.5,66934.8,307.18231015
2026-03-01 14:00:00,66934.9,67312.1,66754.4,66847.8,299.08472946
2026-03-01 15:00:00,66847.9,67242.5,66812.8,66837.9,230.65287851
2026-03-01 16:00:00,66842.4,67110.1,65812.9,66135.5,389.52930419
2026-03-01 17:00:00,66135.4,66222.6,65730.4,65979.6,363.58793917
2026-03-01 18:00:00,65980.2,66650.5,65980.2,66310.0,266.69547607
2026-03-01 19:00:00,66310.0,66343.0,65777.8,65959.6,146.5718765
2026-03-01 20:00:00,65959.5,65960.4,65082.6,65300.0,435.2453375
2026-03-01 21:00:00,65294.3,65751.6,65281.3,65665.5,210.27556861
2026-03-01 22:00:00,65665.5,66485.0,65035.5,65268.0,451.08311915
2026-03-01 23:00:00,65262.0,66077.3,65125.7,65768.5,468.4125627
2026-03-02 00:00:00,65773.9,66787.0,65758.8,66503.3,422.94547528
2026-03-02 01:00:00,66504.9,67070.0,66370.9,66529.1,423.93836324
2026-03-02 02:00:00,66532.4,66610.6,65898.0,66286.0,241.82665207
2026-03-02 03:00:00,66278.4,67035.9,66111.0,66820.3,215.64386044
2026-03-02 04:00:00,66820.4,66979.0,66634.4,66862.0,169.08254001
2026-03-02 05:00:00,66862.1,66997.6,66562.5,66716.4,194.16454328
2026-03-02 06:00:00,66730.8,66738.4,66062.8,66211.4,191.14441011875266
2026-03-02 07:00:00,66205.0,66212.4,65550.8,66007.7,229.00054096
2026-03-02 08:00:00,66008.4,66302.5,65657.6,66286.7,319.48974665
2026-03-02 09:00:00,66286.7,66721.3,66170.2,66170.2,262.53851761
2026-03-02 10:00:00,66169.5,66385.1,66082.3,66316.8,191.6054176
2026-03-02 11:00:00,66316.7,66460.4,66015.1,66363.1,206.27787127
2026-03-02 12:00:00,66363.0,66394.4,65914.6,65967.6,139.3329611
2026-03-02 13:00:00,65963.7,66140.5,65360.1,65442.8,282.77156862
2026-03-02 14:00:00,65442.7,67219.7,65273.3,67176.6,631.41455851
2026-03-02 15:00:00,67176.6,69611.2,66983.5,69121.2,873.00811763
2026-03-02 16:00:00,69125.2,70100.1,68926.3,69437.3,566.23022214
2026-03-02 17:00:00,69435.6,69577.5,68796.0,69197.8,302.86730806551225
2026-03-02 18:00:00,69197.7,69267.4,68729.9,68878.4,323.84089484
2026-03-02 19:00:00,68878.4,69045.7,68574.1,68961.2,297.89044327
2026-03-02 20:00:00,68961.2,69505.0,68584.0,69106.6,335.71177838
2026-03-02 21:00:00,69107.3,69531.0,69001.3,69409.2,200.45513289
2026-03-02 22:00:00,69409.3,69496.6,69150.0,69439.9,158.08583188
2026-03-02 23:00:00,69439.9,69486.5,68742.1,68822.0,179.63926625
2026-03-03 00:00:00,68827.3,69161.4,68650.7,69092.1,194.0309912
2026-03-03 01:00:00,69092.2,69254.9,68752.0,68752.0,194.56285726
2026-03-03 02:00:00,68755.2,68768.3,68230.2,68518.5,258.27432473
2026-03-03 03:00:00,68516.8,68551.0,68234.8,68373.2,96.89553689
2026-03-03 04:00:00,68377.6,68452.9,68054.1,68121.9,99.76755571
2026-03-03 05:00:00,68122.0,68567.8,67856.8,67953.5,237.16659293
2026-03-03 06:00:00,67953.5,68214.7,67803.9,68115.4,165.63182317
2026-03-03 07:00:00,68105.4,68272.0,67957.9,68174.6,149.49181342
2026-03-03 08:00:00,68174.5,68312.2,66909.1,67005.2,299.61720186
2026-03-03 09:00:00,67005.8,67186.7,66358.1,66656.8,372.48882423
2026-03-03 10:00:00,66652.4,67012.5,66440.6,66856.4,306.3075234
2026-03-03 11:00:00,66857.0,67161.1,66768.0,67031.4,297.1847622
2026-03-03 12:00:00,67031.3,67962.0,67027.8,67387.1,392.66477792664455
2026-03-03 13:00:00,67387.2,67427.6,66630.8,66931.3,409.49243917
2026-03-03 14:00:00,66931.3,67578.6,66155.4,66561.0,706.45946504
2026-03-03 15:00:00,66565.9,67834.4,66467.7,67724.3,754.3522953
2026-03-03 16:00:00,67721.7,68997.0,67481.4,68169.4,836.48272306
2026-03-03 17:00:00,68175.5,68398.3,67609.6,68315.0,582.59124873
2026-03-03 18:00:00,68315.0,68919.3,67976.1,68627.1,451.73665266
2026-03-03 19:00:00,68627.2,68879.1,68315.1,68430.0,435.2746649
2026-03-03 20:00:00,68430.1,68590.9,68090.9,68266.0,282.39959384
2026-03-03 21:00:00,68266.0,68266.0,67828.8,68023.3,222.85382601
2026-03-03 22:00:00,68018.9,68519.8,68015.5,68323.3,257.38474847
2026-03-03 23:00:00,68327.9,68891.4,68245.7,68338.7,220.442580156813
2026-03-04 00:00:00,68335.1,68413.9,67864.2,68091.0,300.39509032
2026-03-04 01:00:00,68093.1,68899.1,67957.0,68408.7,414.25718885
2026-03-04 02:00:00,68415.3,68447.6,67979.0,68316.2,297.24874377
2026-03-04 03:00:00,68320.9,68391.1,67402.5,67735.6,374.702429
2026-03-04 04:00:00,67732.2,67953.9,67467.7,67784.5,324.00282815
2026-03-04 05:00:00,67786.0,68374.3,67676.7,68203.0,263.81045241
2026-03-04 06:00:00,68206.2,68676.7,68042.0,68511.7,307.6961492132255
2026-03-04 07:00:00,68511.7,69633.6,68350.2,69495.4,298.79179975
2026-03-04 08:00:00,69492.0,71168.3,69134.3,71012.9,568.06365271
2026-03-04 09:00:00,71011.3,71891.6,70722.3,71512.8,594.05644838
2026-03-04 10:00:00,71512.8,71873.5,71195.9,71337.3,381.30989499
2026-03-04 11:00:00,71337.3,71488.2,70924.0,71109.6,199.9156995362816
2026-03-04 12:00:00,71109.5,71344.8,70589.3,71331.7,288.9094428129425
2026-03-04 13:00:00,71331.8,71618.7,71210.1,71477.2,303.82513504
2026-03-04 14:00:00,71477.2,72623.5,71233.8,71613.3,738.85365065
2026-03-04 15:00:00,71616.7,73467.3,71589.4,73384.6,718.3573871325038
2026-03-04 16:00:00,73388.2,73500.0,72545.3,73295.4,588.75073151
2026-03-04 17:00:00,73295.4,73750.0,72944.3,73218.7,374.9210327934507
2026-03-04 18:00:00,73215.0,73708.5,72915.1,73693.5,257.04283988
2026-03-04 19:00:00,73693.5,74053.9,73513.1,73610.4,323.64959038
2026-03-04 20:00:00,73610.5,73714.1,73017.0,73017.1,197.67731329
2026-03-04 21:00:00,73017.1,73317.2,72879.9,73311.0,150.16751095
2026-03-04 22:00:00,73311.1,73522.8,72641.1,72708.3,136.07566507
2026-03-04 23:00:00,72711.6,72876.1,72326.2,72669.2,141.98683403
2026-03-05 00:00:00,72669.2,73008.4,72553.7,72766.7,124.34026919
2026-03-05 01:00:00,72766.7,73293.4,72407.2,72537.6,199.31625834
2026-03-05 02:00:00,72537.8,72882.8,72337.4,72508.4,154.25151054
2026-03-05 03:00:00,72508.5,72749.0,72348.4,72497.6,136.0387650124523
2026-03-05 04:00:00,72497.6,73081.1,72454.5,72818.6,138.97524904
2026-03-05 05:00:00,72818.7,72918.9,72267.9,72412.0,146.25659038
2026-03-05 06:00:00,72412.0,72654.5,72040.7,72550.9,198.19116413
2026-03-05 07:00:00,72551.0,72666.9,71780.1,72053.6,168.12784605
2026-03-05 08:00:00,72056.7,72373.4,71768.7,72340.6,196.2771279
2026-03-05 09:00:00,72340.8,72868.2,72306.7,72590.8,245.41403889
2026-03-05 10:00:00,72590.8,73558.3,72521.6,73388.8,266.7345695126038
2026-03-05 11:00:00,73388.9,73445.7,72788.4,72919.2,180.7702382053115
2026-03-05 12:00:00,72919.3,73059.2,72669.3,72890.6,193.03362724
2026-03-05 13:00:00,72890.6,72929.6,72191.0,72465.2,256.39705143
2026-03-05 14:00:00,72465.2,72832.4,71960.6,72601.9,477.52355256
2026-03-05 15:00:00,72609.1,72768.1,71172.0,71646.9,485.33990332
2026-03-05 16:00:00,71652.2,71652.2,70800.0,71308.5,355.71696209
2026-03-05 17:00:00,71308.6,71566.8,70652.3,70706.3,304.3596078
2026-03-05 18:00:00,70697.9,71077.9,70657.0,70993.2,208.91003623
2026-03-05 19:00:00,70994.6,71429.6,70871.4,70911.6,187.63295792
2026-03-05 20:00:00,70911.7,71383.2,70842.6,71239.6,261.87083879
2026-03-05 21:00:00,71235.2,71554.0,71015.9,71135.1,129.98564502
2026-03-05 22:00:00,71135.3,71354.1,71067.8,71212.5,135.04792667
2026-03-05 23:00:00,71212.5,71290.8,70779.9,70880.9,96.16288969
2026-03-06 00:00:00,70881.2,71043.4,70779.5,70980.3,127.23695558
2026-03-06 01:00:00,70980.3,71292.3,70382.3,71244.2,292.32950206
2026-03-06 02:00:00,71246.6,71409.8,71025.2,71239.1,202.31294748
2026-03-06 03:00:00,71244.2,71281.9,70999.7,71075.8,125.18659937
2026-03-06 04:00:00,71075.9,71113.0,70300.0,70613.1,162.33369569
2026-03-06 05:00:00,70613.6,70656.1,70150.0,70438.7,169.59232836383
2026-03-06 06:00:00,70437.8,70850.8,70266.7,70607.5,136.7603960055482
2026-03-06 07:00:00,70606.2,71185.5,70482.3,71059.4,154.0098930614762
2026-03-06 08:00:00,71059.5,71067.3,70741.6,70783.4,129.12189607
2026-03-06 09:00:00,70783.5,70812.4,70304.0,70565.6,221.34756145
2026-03-06 10:00:00,70565.6,70796.6,70471.9,70535.7,137.18059929
2026-03-06 11:00:00,70535.6,70633.4,70200.0,70221.4,116.35689802
2026-03-06 12:00:00,70221.5,70228.4,69668.0,69929.8,244.868138064158
2026-03-06 13:00:00,69923.0,70338.7,69214.6,69214.7,499.55131541
2026-03-06 14:00:00,69214.7,69270.1,68170.0,68409.9,670.27181792
2026-03-06 15:00:00,68409.9,69099.9,68306.0,68508.1,553.37650974
2026-03-06 16:00:00,68508.1,68791.5,68223.2,68447.4,373.88302866
2026-03-06 17:00:00,68446.0,68643.8,67749.1,67962.6,310.15103577
2026-03-06 18:00:00,67962.7,68471.2,67956.0,68180.4,270.02295347
2026-03-06 19:00:00,68180.4,68473.5,68001.2,68124.3,209.73012919390862
2026-03-06 20:00:00,68124.4,68282.4,67775.0,68104.6,226.94540577
2026-03-06 21:00:00,68104.7,68329.1,67929.9,68277.8,120.65647208
2026-03-06 22:00:00,68286.9,68430.1,68227.1,68318.3,74.54697951
2026-03-06 23:00:00,68318.4,68367.8,68101.4,68119.4,72.08703704
2026-03-07 00:00:00,68119.4,68388.5,68113.8,68290.5,68.5110818
2026-03-07 01:00:00,68290.5,68365.6,68183.9,68268.0,41.86952793
2026-03-07 02:00:00,68265.2,68370.1,68053.2,68348.6,47.72580378
2026-03-07 03:00:00,68348.7,68543.8,68104.1,68104.1,90.94522131
2026-03-07 04:00:00,68104.1,68149.3,67814.3,68074.4,107.91786216
2026-03-07 05:00:00,68067.8,68142.5,67910.3,68016.5,100.46668792
2026-03-07 06:00:00,68016.6,68021.0,67608.5,67689.6,106.36394109
2026-03-07 07:00:00,67689.6,67863.3,67449.9,67846.5,135.75945165
2026-03-07 08:00:00,67846.6,68042.9,67721.4,67798.2,68.09905864
2026-03-07 09:00:00,67798.2,68073.3,67742.2,68004.6,58.73743619
2026-03-07 10:00:00,68004.7,68102.7,67876.9,67884.0,55.65106048
2026-03-07 11:00:00,67884.1,68230.3,67850.1,68009.0,89.74111671
2026-03-07 12:00:00,68008.9,68077.0,67902.9,67993.6,61.1062117
2026-03-07 13:00:00,67993.6,68080.8,67854.8,67929.2,58.48425941
2026-03-07 14:00:00,67929.2,68085.1,67617.4,68019.0,121.72116697
2026-03-07 15:00:00,68019.0,68036.7,67779.0,67882.0,94.28974121
2026-03-07 16:00:00,67882.1,67888.0,67707.2,67794.4,66.36507457
2026-03-07 17:00:00,67794.5,67942.0,67770.1,67786.4,45.15632643
2026-03-07 18:00:00,67786.5,67786.5,67487.0,67568.2,114.98705479082443
2026-03-07 19:00:00,67568.2,67568.9,66930.0,67085.7,226.87909881
2026-03-07 20:00:00,67085.7,67432.4,67069.2,67390.1,86.87188107
2026-03-07 21:00:00,67393.4,67476.3,67281.4,67444.9,99.72272724
2026-03-07 22:00:00,67445.0,67465.1,67101.3,67254.0,116.36128807
2026-03-07 23:00:00,67260.5,67400.0,67183.5,67262.8,67.75530039
2026-03-08 00:00:00,67262.9,67484.3,67182.9,67194.9,95.90786406
2026-03-08 01:00:00,67194.9,67357.0,67091.6,67299.3,101.86491656
2026-03-08 02:00:00,67299.1,67422.8,66836.4,66922.3,202.87170155
2026-03-08 03:00:00,66925.4,67084.5,66850.1,67004.2,128.37577795
2026-03-08 04:00:00,67004.2,67089.4,66535.7,66639.0,138.3192223
2026-03-08 05:00:00,66639.1,67238.9,66620.0,67142.5,141.7674213920441
2026-03-08 06:00:00,67142.4,67226.1,67041.7,67171.2,88.4859125153726
2026-03-08 07:00:00,67162.3,67454.0,67152.4,67317.2,137.05537634
2026-03-08 08:00:00,67314.4,67571.3,67161.1,67534.5,96.64416027
2026-03-08 09:00:00,67534.5,67899.7,67473.6,67694.7,130.21620134
2026-03-08 10:00:00,67694.7,68191.5,67694.7,67903.3,152.6748474372192
2026-03-08 11:00:00,67900.7,67900.7,67389.5,67520.8,171.870282965381
2026-03-08 12:00:00,67520.9,67646.2,66893.2,67324.8,211.6648329468
2026-03-08 13:00:00,67324.8,67431.0,66819.7,67240.6,307.40966908
2026-03-08 14:00:00,67235.1,67428.5,67055.0,67342.8,179.7685076
2026-03-08 15:00:00,67342.8,67369.2,67080.8,67214.7,108.75353556
2026-03-08 16:00:00,67214.7,67261.7,66807.1,66871.4,140.49645391
2026-03-08 17:00:00,66871.5,67176.4,66800.0,67047.0,141.19905835
2026-03-08 18:00:00,67052.5,67076.0,66754.5,66811.8,128.3503615
2026-03-08 19:00:00,66811.8,67475.6,66780.9,67326.3,201.74036496
2026-03-08 20:00:00,67328.0,67517.0,67033.6,67227.3,214.34405577
2026-03-08 21:00:00,67227.3,67260.8,66708.9,67009.6,154.40862764
2026-03-08 22:00:00,67012.7,67012.7,65625.3,66235.6,616.55696874
2026-03-08 23:00:00,66235.7,66566.1,65935.7,65979.2,295.16854709
2026-03-09 00:00:00,65979.3,66757.9,65827.1,66370.1,377.58822932
2026-03-09 01:00:00,66370.1,66694.9,66132.1,66199.9,338.8606245
2026-03-09 02:00:00,66199.8,66702.6,65962.3,66539.4,309.44237272
2026-03-09 03:00:00,66539.4,67663.0,66514.7,67212.1,430.369189
2026-03-09 04:00:00,67212.1,67612.0,67102.1,67129.0,214.13555094
2026-03-09 05:00:00,67129.2,68064.2,67115.7,67909.8,329.56930791
2026-03-09 06:00:00,67909.8,67930.1,67248.9,67264.9,168.15609079
2026-03-09 07:00:00,67265.0,67568.3,66891.1,67543.8,202.27101502
2026-03-09 08:00:00,67543.8,67920.8,67392.0,67808.5,243.66773743
2026-03-09 09:00:00,67812.3,68456.8,67578.7,67983.2,265.33782513
2026-03-09 10:00:00,67983.3,68088.9,67558.6,67610.5,170.06090112
2026-03-09 11:00:00,67609.8,67860.6,67347.7,67766.9,180.89645169
2026-03-09 12:00:00,67767.0,68346.8,67762.8,68160.6,197.08013362
2026-03-09 13:00:00,68160.7,69300.0,68140.2,68981.0,523.01087955
2026-03-09 14:00:00,68981.0,69479.7,68699.0,69152.4,566.47826178
2026-03-09 15:00:00,69152.4,69254.3,68735.4,68868.9,262.22961158
2026-03-09 16:00:00,68868.9,69224.9,68638.5,68963.7,281.42599904
2026-03-09 17:00:00,68963.8,69088.0,68281.3,68605.1,224.9998361
2026-03-09 18:00:00,68605.0,68705.6,68240.0,68356.6,183.26634832
2026-03-09 19:00:00,68356.6,69527.3,68356.6,68992.7,442.59370504
2026-03-09 20:00:00,68992.8,69141.7,68762.7,68970.5,165.21956648
2026-03-09 21:00:00,68963.7,69098.9,68669.2,68931.5,167.41902737
2026-03-09 22:00:00,68931.4,69036.6,68605.0,68635.9,111.26246534
2026-03-09 23:00:00,68636.0,68693.2,68380.2,68438.6,96.58265679
2026-03-10 00:00:00,68438.1,69288.0,68394.1,69151.5,203.38512221
2026-03-10 01:00:00,69151.4,69381.1,68791.4,69261.8,145.00074453
2026-03-10 02:00:00,69260.9,70576.5,69105.7,70272.7,451.12293144
2026-03-10 03:00:00,70272.6,70363.1,69387.4,69424.3,202.28771309
2026-03-10 04:00:00,69424.4,70118.4,69424.4,70062.1,152.09112427
2026-03-10 05:00:00,70063.2,70355.0,69890.0,69966.1,152.72064769
2026-03-10 06:00:00,69966.1,70185.6,69757.6,69912.3,124.28835471
2026-03-10 07:00:00,69912.3,70528.7,69826.4,70396.9,189.86529784
2026-03-10 08:00:00,70396.9,71080.1,70372.5,70680.5,270.17255357
2026-03-10 09:00:00,70680.6,71296.1,70650.7,71063.3,203.44291913
2026-03-10 10:00:00,71063.3,71075.6,70670.1,70769.6,145.54774805
2026-03-10 11:00:00,70769.6,70864.0,70539.1,70593.9,116.06646706
2026-03-10 12:00:00,70593.8,70621.7,70291.2,70510.7,147.8598249
2026-03-10 13:00:00,70510.8,70922.5,69720.6,69921.7,361.12246665
2026-03-10 14:00:00,69921.2,71515.7,69202.7,71464.7,699.97299901
2026-03-10 15:00:00,71464.7,71765.9,70897.1,71337.2,556.7549281865953
2026-03-10 16:00:00,71343.4,71694.0,70944.0,71265.6,376.09646039
2026-03-10 17:00:00,71265.5,71450.3,70520.8,70869.1,259.85390697
2026-03-10 18:00:00,70869.2,70914.8,69905.6,70014.1,461.88784911
2026-03-10 19:00:00,70014.1,70288.1,69738.7,70053.7,244.07221098
2026-03-10 20:00:00,70047.8,70346.4,70008.8,70233.9,117.38318868
2026-03-10 21:00:00,70234.0,70412.1,69545.7,69758.0,183.79142681
2026-03-10 22:00:00,69757.9,69870.4,69454.5,69708.3,118.39637185
2026-03-10 23:00:00,69711.7,69971.3,69701.2,69958.4,135.08037776
2026-03-11 00:00:00,69951.5,70174.1,69757.7,70038.5,132.88561948
2026-03-11 01:00:00,70038.5,70140.1,69886.4,70072.6,126.53253849
2026-03-11 02:00:00,70072.6,70118.2,69618.1,69819.5,121.0130475
2026-03-11 03:00:00,69816.2,69897.1,69488.8,69552.1,116.88183093
2026-03-11 04:00:00,69552.1,70262.5,69503.2,70126.7,120.63339376
2026-03-11 05:00:00,70126.7,70198.8,69419.8,69505.9,145.38443432
2026-03-11 06:00:00,69505.9,70017.5,69505.7,69954.7,147.52035714
2026-03-11 07:00:00,69954.6,70027.2,69503.6,69652.8,111.58782246
2026-03-11 08:00:00,69652.8,69779.9,69504.2,69655.9,145.3354494
2026-03-11 09:00:00,69655.8,69750.0,69386.3,69462.1,101.63222441
2026-03-11 10:00:00,69462.1,69719.2,69390.9,69607.1,114.71223988
2026-03-11 11:00:00,69607.2,69674.8,69160.6,69176.3,145.33477167
2026-03-11 12:00:00,69176.4,69775.3,68982.0,69355.1,285.59609223
2026-03-11 13:00:00,69355.0,71085.8,69341.2,70178.3,522.79023848
2026-03-11 14:00:00,70178.3,70981.9,69938.1,70576.7,520.97130251
2026-03-11 15:00:00,70577.5,70653.1,69706.8,70224.6,343.08955842
2026-03-11 16:00:00,70231.2,70822.3,70168.6,70566.6,329.7916715
2026-03-11 17:00:00,70566.5,71316.3,70501.3,70783.5,355.0486622
2026-03-11 18:00:00,70783.4,70893.9,70420.3,70626.8,289.01245684
2026-03-11 19:00:00,70626.8,70746.7,70387.3,70651.6,88.64691216
2026-03-11 20:00:00,70644.6,70706.7,70393.9,70637.3,69.49019978
2026-03-11 21:00:00,70637.4,70781.5,70504.1,70743.9,96.93240482
2026-03-11 22:00:00,70744.0,70953.3,70254.1,70373.8,120.90160643
2026-03-11 23:00:00,70374.2,70506.2,70133.0,70191.9,94.33953888
2026-03-12 00:00:00,70201.0,70354.2,70139.5,70228.8,101.62927106
2026-03-12 01:00:00,70228.8,70228.8,69762.0,69838.2,149.35523759787648
2026-03-12 02:00:00,69840.2,69881.3,69229.2,69290.8,151.33683817
2026-03-12 03:00:00,69290.9,69619.2,69248.7,69440.7,124.81561985
2026-03-12 04:00:00,69440.7,69668.4,69300.1,69375.2,96.88601584
2026-03-12 05:00:00,69375.2,69540.5,69214.0,69476.4,88.69434127
2026-03-12 06:00:00,69476.5,69556.0,69355.7,69494.3,90.71544389287608
2026-03-12 07:00:00,69496.7,69849.9,69413.4,69828.0,131.65936803
2026-03-12 08:00:00,69827.8,70116.6,69705.1,69910.2,170.16982196
2026-03-12 09:00:00,69910.3,70390.5,69579.7,69959.4,186.403594
2026-03-12 10:00:00,69958.8,70510.9,69865.6,70413.7,199.09888535
2026-03-12 11:00:00,70413.7,70792.6,70368.1,70429.9,196.38241677
2026-03-12 12:00:00,70433.5,70617.6,70283.5,70388.6,120.1531743
2026-03-12 13:00:00,70388.7,70522.4,69694.7,69968.2,323.51977515
2026-03-12 14:00:00,69968.2,70653.7,69358.1,69594.0,429.34355984
2026-03-12 15:00:00,69599.5,70564.6,69476.6,70337.4,370.66816015
2026-03-12 16:00:00,70337.4,70565.7,69914.8,70385.7,310.77418759
2026-03-12 17:00:00,70381.1,70544.4,70077.6,70210.7,222.99950553
2026-03-12 18:00:00,70210.7,70297.8,69806.4,69819.5,169.35023907
2026-03-12 19:00:00,69819.5,70550.0,69780.7,70435.1,170.10735118
2026-03-12 20:00:00,70435.2,70555.0,70116.7,70169.1,72.88207784
2026-03-12 21:00:00,70165.5,70470.0,70165.5,70283.3,70.06785118
2026-03-12 22:00:00,70283.2,70303.3,70017.6,70181.2,73.95042975
2026-03-12 23:00:00,70181.2,70730.0,70165.4,70522.8,177.8774761
2026-03-13 00:00:00,70522.8,72001.5,70389.1,71475.7,443.75065911
2026-03-13 01:00:00,71475.7,71752.3,71280.2,71663.7,194.59230349
2026-03-13 02:00:00,71663.7,71688.8,71050.8,71145.5,126.89345937
2026-03-13 03:00:00,71145.5,71508.8,70964.3,71414.3,146.42252256
2026-03-13 04:00:00,71408.1,71493.8,71249.2,71396.6,85.34587148
2026-03-13 05:00:00,71393.1,71630.0,71245.1,71548.2,127.17303795
2026-03-13 06:00:00,71548.3,71585.6,71185.7,71342.7,116.79362244
2026-03-13 07:00:00,71345.3,71667.0,71239.9,71616.2,121.26784638
2026-03-13 08:00:00,71616.3,72157.0,71390.9,71822.7,188.40155438
2026-03-13 09:00:00,71822.7,72099.9,71591.5,72001.7,149.50797776
2026-03-13 10:00:00,72003.3,72573.2,72001.2,72450.7,214.17333981
2026-03-13 11:00:00,72450.7,72524.9,72207.6,72229.3,120.00174966
2026-03-13 12:00:00,72229.2,72877.9,72212.0,72775.7,250.09351937
2026-03-13 13:00:00,72775.6,73580.7,72687.8,73381.1,514.21721385
2026-03-13 14:00:00,73379.2,73900.1,72369.6,72383.0,665.7802535
2026-03-13 15:00:00,72382.7,72822.5,71740.0,71832.8,433.64701365
2026-03-13 16:00:00,71840.6,72089.9,71153.6,71875.6,481.99607124
2026-03-13 17:00:00,71875.6,72239.8,70883.7,71023.2,352.40341089
2026-03-13 18:00:00,71031.1,71350.8,70847.9,71055.4,232.2906353
2026-03-13 19:00:00,71055.5,71307.4,71005.9,71176.0,176.33065304
2026-03-13 20:00:00,71183.0,71462.8,71150.1,71348.8,108.68828088
2026-03-13 21:00:00,71343.0,71480.0,71061.1,71107.2,121.76221475
2026-03-13 22:00:00,71107.1,71184.4,70562.5,70814.7,172.95401079
2026-03-13 23:00:00,70814.7,71000.0,70703.5,70936.2,142.98061132
2026-03-14 00:00:00,70932.0,70948.6,70562.4,70643.1,119.26120066
2026-03-14 01:00:00,70643.2,70899.5,70480.7,70831.7,117.00412654
2026-03-14 02:00:00,70831.0,70894.7,70728.4,70773.6,64.08289895
2026-03-14 03:00:00,70773.6,71162.5,70773.5,71071.3,122.93216914
2026-03-14 04:00:00,71071.3,71295.1,71021.1,71032.3,89.62271683
2026-03-14 05:00:00,71032.3,71148.3,70913.5,71005.7,58.90491592
2026-03-14 06:00:00,71005.8,71005.8,70318.3,70616.1,143.58493742
2026-03-14 07:00:00,70617.3,70733.7,70488.4,70594.8,96.92872173
2026-03-14 08:00:00,70594.9,70703.2,70541.8,70588.1,54.71286463
2026-03-14 09:00:00,70588.1,70724.9,70393.2,70516.6,86.41794207
2026-03-14 10:00:00,70514.1,70566.5,70391.4,70560.7,53.87924984
2026-03-14 11:00:00,70560.7,70772.1,70557.4,70738.6,52.45618726
2026-03-14 12:00:00,70738.5,70832.5,70610.3,70770.2,65.43016506
2026-03-14 13:00:00,70770.2,70914.8,70710.1,70862.0,98.14606273
2026-03-14 14:00:00,70858.5,70935.9,70574.9,70589.1,59.56096848
2026-03-14 15:00:00,70593.7,70725.0,70491.4,70591.0,67.85501356
2026-03-14 16:00:00,70589.9,70705.0,70498.4,70674.5,45.3069785
2026-03-14 17:00:00,70674.5,70730.0,70589.9,70613.5,41.8119378
2026-03-14 18:00:00,70613.6,70699.0,70560.0,70671.8,25.62090358
2026-03-14 19:00:00,70671.8,70731.4,70601.9,70693.9,33.14182033
2026-03-14 20:00:00,70694.0,70849.3,70649.4,70809.3,34.3073731
2026-03-14 21:00:00,70809.4,70815.1,70662.7,70788.5,47.92317345
2026-03-14 22:00:00,70795.3,70797.7,70699.6,70710.8,26.34638328
2026-03-14 23:00:00,70710.3,71245.1,70710.3,71208.3,107.49066558
2026-03-15 00:00:00,71208.4,71211.2,70970.4,70996.7,64.97689528
2026-03-15 01:00:00,70996.7,71033.0,70861.0,71001.7,53.84771241
2026-03-15 02:00:00,70996.7,71627.3,70996.7,71450.3,163.69503595
2026-03-15 03:00:00,71450.4,71520.6,71238.4,71353.9,88.43193869
2026-03-15 04:00:00,71353.9,71657.2,71333.8,71576.4,88.83789017
2026-03-15 05:00:00,71583.4,71794.1,71466.4,71488.4,137.30016154
2026-03-15 06:00:00,71488.5,71583.0,71393.9,71448.7,52.94850103
2026-03-15 07:00:00,71448.7,71650.1,71410.1,71443.8,49.61709816
2026-03-15 08:00:00,71443.8,71702.0,71443.8,71702.0,86.23162334
2026-03-15 09:00:00,71702.1,71932.3,71702.1,71796.9,101.23593326
2026-03-15 10:00:00,71797.0,71909.2,71717.9,71781.6,45.80186237
2026-03-15 11:00:00,71781.7,71883.6,71663.2,71834.7,46.32621907
2026-03-15 12:00:00,71834.8,71834.8,71566.0,71604.9,53.34279463
2026-03-15 13:00:00,71610.4,71676.7,71263.9,71607.5,205.69776631
2026-03-15 14:00:00,71607.2,71615.8,71343.1,71614.2,106.26737935
2026-03-15 15:00:00,71614.6,71617.9,71413.2,71483.6,51.76109601
2026-03-15 16:00:00,71483.6,71581.7,71317.1,71431.9,99.1862778
2026-03-15 17:00:00,71432.5,71986.9,71412.6,71827.6,93.49805461
2026-03-15 18:00:00,71820.5,71884.6,71317.3,71387.1,80.44220434
2026-03-15 19:00:00,71387.2,71574.2,71338.8,71549.7,76.06254049
2026-03-15 20:00:00,71549.6,71927.9,71437.5,71735.6,82.41076318
2026-03-15 21:00:00,71735.6,72215.5,71631.1,72102.2,115.8484743
2026-03-15 22:00:00,72102.2,73068.2,71719.3,72740.8,365.92568906
2026-03-15 23:00:00,72740.9,73194.5,72425.2,72815.3,358.27417669
2026-03-16 00:00:00,72815.2,73013.7,72455.1,72533.0,163.54315754
2026-03-16 01:00:00,72533.0,72851.5,72285.3,72751.6,144.48824721
2026-03-16 02:00:00,72751.6,72851.5,72379.1,72525.5,86.88934223
2026-03-16 03:00:00,72524.1,74300.0,72440.8,73573.2,463.71872298
2026-03-16 04:00:00,73573.2,74446.6,73573.2,73836.3,334.4879994
2026-03-16 05:00:00,73836.3,74248.9,73718.0,74198.8,290.88042474
2026-03-16 06:00:00,74198.8,74198.9,73601.8,73719.1,171.71118736
2026-03-16 07:00:00,73719.2,73917.9,73389.1,73453.1,135.84330117
2026-03-16 08:00:00,73455.1,73772.4,72890.0,73131.7,210.63692235
2026-03-16 09:00:00,73131.8,73325.6,73059.9,73256.3,106.51169821
2026-03-16 10:00:00,73256.3,73778.0,73203.0,73777.0,174.11197746
2026-03-16 11:00:00,73777.0,73846.2,73517.6,73548.5,139.7213949
2026-03-16 12:00:00,73548.4,74041.6,73462.4,73866.6,234.64900321
2026-03-16 13:00:00,73866.6,74499.9,73779.9,74105.6,341.61529485
2026-03-16 14:00:00,74105.7,74455.1,72978.9,73558.1,481.65784968
2026-03-16 15:00:00,73558.1,74028.2,73190.3,73279.9,310.73988312
2026-03-16 16:00:00,73277.9,73904.0,73165.6,73760.6,251.55723747
2026-03-16 17:00:00,73760.7,74057.5,73653.7,73943.3,200.83444005
2026-03-16 18:00:00,73943.3,74350.0,73836.0,73903.4,290.1408635
2026-03-16 19:00:00,73908.7,74424.3,73781.7,73973.9,263.84565374
2026-03-16 20:00:00,73959.5,74238.1,73863.3,74230.0,73.57725685
2026-03-16 21:00:00,74230.0,74800.6,74152.0,74403.2,228.79899903
2026-03-16 22:00:00,74403.2,74900.0,74380.9,74759.0,215.47518362
2026-03-16 23:00:00,74759.2,74914.3,74250.6,74883.8,161.10897057
2026-03-17 00:00:00,74883.8,75514.0,74621.7,75316.5,359.74516551
2026-03-17 01:00:00,75316.5,75999.0,75074.2,75623.9,460.58735003
2026-03-17 02:00:00,75624.0,75668.4,75119.1,75190.3,165.5619863541645
2026-03-17 03:00:00,75190.3,75319.0,74268.8,74459.7,275.73328203
2026-03-17 04:00:00,74459.7,74680.3,73994.6,74251.3,235.0804045
2026-03-17 05:00:00,74251.2,74456.9,73772.6,74041.7,169.55851757
2026-03-17 06:00:00,74041.8,74276.7,73884.1,74085.4,134.28646236
2026-03-17 07:00:00,74085.5,74453.9,74070.4,74253.4,87.86775473
2026-03-17 08:00:00,74253.4,74450.0,74114.5,74188.4,131.1550034
2026-03-17 09:00:00,74188.4,74403.3,73846.3,73936.6,149.98921213
2026-03-17 10:00:00,73936.6,73951.1,73559.1,73732.3,191.02005698
2026-03-17 11:00:00,73732.3,74217.5,73691.6,74035.6,122.64499985
2026-03-17 12:00:00,74035.7,74171.3,73672.2,73743.8,150.08692524
2026-03-17 13:00:00,73739.2,74164.6,73398.9,73605.5,268.92925426
2026-03-17 14:00:00,73612.8,74418.1,73427.3,74380.0,288.88839882
2026-03-17 15:00:00,74381.6,74887.9,73678.5,73925.1,308.49734601
2026-03-17 16:00:00,73925.2,74352.4,73873.5,74157.1,177.17491071
2026-03-17 17:00:00,74157.1,74595.5,74008.7,74529.7,145.24153565
2026-03-17 18:00:00,74529.7,74764.2,74391.2,74686.1,128.63149749
2026-03-17 19:00:00,74686.1,74802.4,74438.4,74516.7,118.85206856
2026-03-17 20:00:00,74516.5,74685.6,74376.8,74516.8,79.18510757
2026-03-17 21:00:00,74516.8,74802.5,74464.7,74687.6,88.59781707
2026-03-17 22:00:00,74687.6,74772.7,73933.4,74308.8,80.86065504
2026-03-17 23:00:00,74308.9,74398.6,73880.1,73899.8,76.3590822
2026-03-18 00:00:00,73909.4,74060.7,73537.6,73865.9,129.16607047
2026-03-18 01:00:00,73867.4,74216.4,73815.8,74073.8,106.40488674
2026-03-18 02:00:00,74072.5,74472.5,74054.8,74338.2,73.01799206
2026-03-18 03:00:00,74338.3,74669.0,74255.4,74458.2,99.81802445
2026-03-18 04:00:00,74456.0,74489.4,74137.9,74179.1,56.1862351
2026-03-18 05:00:00,74172.0,74297.9,73833.0,73955.2,83.47903905
2026-03-18 06:00:00,73955.3,74222.2,73940.3,73955.5,64.87722592
2026-03-18 07:00:00,73955.5,74000.5,73700.0,73885.4,66.99767346
2026-03-18 08:00:00,73885.5,74125.8,73866.3,74041.8,90.17217856
2026-03-18 09:00:00,74041.8,74278.7,74040.5,74177.9,67.21251161
2026-03-18 10:00:00,74178.0,74258.8,73812.1,73938.9,67.94438428
2026-03-18 11:00:00,73938.9,74072.2,72804.6,72957.4,311.22417607
2026-03-18 12:00:00,72957.3,72981.8,72279.2,72373.4,344.22317056
2026-03-18 13:00:00,72366.2,72557.7,71984.2,72135.5,339.78701164
2026-03-18 14:00:00,72135.5,72212.7,71111.9,71188.1,389.8849898
2026-03-18 15:00:00,71186.5,71523.3,70861.3,71472.2,353.15988855
2026-03-18 16:00:00,71463.9,71560.6,71040.0,71313.4,201.8061976
2026-03-18 17:00:00,71313.5,71749.9,71203.1,71600.8,170.39894728
2026-03-18 18:00:00,71595.2,72003.4,70954.0,71106.1,349.04289329
2026-03-18 19:00:00,71100.4,71484.4,70930.5,71064.7,214.78984952
2026-03-18 20:00:00,71067.8,71330.8,70500.0,71217.4,218.76095229
2026-03-18 21:00:00,71214.8,71428.2,71167.4,71272.5,92.76757257
2026-03-18 22:00:00,71270.4,71270.4,70950.1,71149.8,79.82571231
2026-03-18 23:00:00,71149.9,71365.0,71069.0,71254.4,82.51792664
2026-03-19 00:00:00,71254.5,71314.7,70977.7,71007.0,123.68864103
2026-03-19 01:00:00,71002.3,71172.1,70956.8,71122.2,85.42989591
2026-03-19 02:00:00,71115.3,71249.9,70901.5,71050.8,62.03304719
2026-03-19 03:00:00,71056.3,71606.0,71056.2,71214.9,151.45183756
2026-03-19 04:00:00,71215.0,71215.0,70662.8,70825.9,135.71486212
2026-03-19 05:00:00,70826.0,70908.7,70660.4,70821.8,86.40185371
2026-03-19 06:00:00,70821.9,70978.9,70505.9,70583.4,124.60458212
2026-03-19 07:00:00,70583.4,70593.5,69479.1,70199.9,388.09220646
2026-03-19 08:00:00,70199.9,70297.2,69904.3,69991.3,128.11336655
2026-03-19 09:00:00,69992.1,70554.6,69979.5,70512.4,175.19693034
2026-03-19 10:00:00,70512.2,70535.6,70117.0,70128.2,73.07256846
2026-03-19 11:00:00,70128.2,70256.5,69912.4,69947.3,93.64227941
2026-03-19 12:00:00,69947.3,69947.4,69109.9,69286.4,219.42272561
2026-03-19 13:00:00,69290.3,70074.5,69084.2,69895.6,326.33372307
2026-03-19 14:00:00,69900.7,70157.0,69098.0,69488.5,261.54103463
2026-03-19 15:00:00,69488.4,69912.1,68782.1,69410.4,335.19634885
2026-03-19 16:00:00,69403.8,69637.5,69177.8,69458.6,262.90728559
2026-03-19 17:00:00,69458.7,69938.5,69122.0,69844.4,247.27925276
2026-03-19 18:00:00,69849.6,69921.2,69582.2,69822.9,126.92939244
2026-03-19 19:00:00,69821.2,70590.7,69806.9,70263.5,367.34065167
2026-03-19 20:00:00,70267.2,70674.0,70201.0,70489.3,139.78268277
2026-03-19 21:00:00,70489.3,70690.5,70383.7,70415.6,104.0728963
2026-03-19 22:00:00,70415.6,70502.4,69961.4,70183.8,109.42124064
2026-03-19 23:00:00,70184.0,70282.8,69722.1,69919.6,104.74227745
2026-03-20 00:00:00,69926.3,70304.1,69842.7,70196.6,110.93179171
2026-03-20 01:00:00,70196.7,70584.9,70189.7,70407.2,128.48249796
2026-03-20 02:00:00,70407.3,70509.9,70089.4,70422.2,91.94119139
2026-03-20 03:00:00,70417.1,70805.9,70387.3,70730.8,129.05899875
2026-03-20 04:00:00,70730.8,70963.6,70558.7,70788.9,109.86526236
2026-03-20 05:00:00,70784.3,70865.0,70521.7,70607.2,78.40738803
2026-03-20 06:00:00,70606.3,70643.2,70350.0,70496.2,79.36310835
2026-03-20 07:00:00,70496.3,70930.1,70212.9,70846.1,114.17867113
2026-03-20 08:00:00,70846.2,71361.6,70798.6,71046.1,204.79627452
2026-03-20 09:00:00,71046.0,71046.0,70421.4,70580.9,136.36306624
2026-03-20 10:00:00,70581.0,70670.0,70213.2,70608.9,122.04208363
2026-03-20 11:00:00,70608.9,70811.1,70304.6,70477.7,124.38475587
2026-03-20 12:00:00,70478.7,70677.6,70253.3,70342.5,123.66458094
2026-03-20 13:00:00,70342.5,70608.7,69800.1,69869.0,279.33379806
2026-03-20 14:00:00,69869.1,70262.4,69594.5,69730.1,369.4407916
2026-03-20 15:00:00,69730.1,70001.9,69480.0,69860.2,297.80609635
2026-03-20 16:00:00,69860.2,70096.6,69608.6,69829.7,160.88318333
2026-03-20 17:00:00,69829.7,70024.5,69396.1,69990.4,204.05639403
2026-03-20 18:00:00,69998.2,70069.9,69526.1,69772.8,227.30934044
2026-03-20 19:00:00,69772.8,70189.8,69673.8,70168.7,195.05147322
2026-03-20 20:00:00,70177.8,70259.4,69756.9,70057.0,133.15941084
2026-03-20 21:00:00,70057.1,70725.8,69952.6,70542.5,159.75124183
2026-03-20 22:00:00,70542.5,70919.8,70535.5,70774.9,129.05198548
2026-03-20 23:00:00,70775.0,70775.0,70429.5,70510.8,76.42664767
2026-03-21 00:00:00,70510.8,70819.6,70473.7,70681.6,57.88468043
2026-03-21 01:00:00,70684.0,70758.1,70469.3,70469.3,46.60877612
2026-03-21 02:00:00,70469.4,70785.8,70444.6,70729.2,54.81110091
2026-03-21 03:00:00,70733.4,70778.7,70635.1,70669.8,28.4896262
2026-03-21 04:00:00,70669.8,70815.0,70624.7,70646.5,46.53790303
2026-03-21 05:00:00,70646.5,70833.2,70639.8,70714.0,58.01581247
2026-03-21 06:00:00,70714.0,70817.9,70696.5,70770.1,39.61655492
2026-03-21 07:00:00,70770.2,70877.7,70683.9,70716.3,36.78817203
2026-03-21 08:00:00,70717.7,70753.7,70493.0,70601.7,49.15800008
2026-03-21 09:00:00,70601.8,70736.2,70580.6,70657.3,36.19466912
2026-03-21 10:00:00,70657.3,70694.2,70562.1,70599.6,32.684618532215474
2026-03-21 11:00:00,70600.9,70647.6,70564.4,70647.5,23.58898115
2026-03-21 12:00:00,70647.6,70795.6,70647.6,70714.2,30.11696819
2026-03-21 13:00:00,70714.3,70809.7,70706.5,70739.6,25.39618163
2026-03-21 14:00:00,70739.6,71099.9,70595.8,70630.7,80.91871362
2026-03-21 15:00:00,70630.7,70755.0,70466.6,70633.7,63.68550025
2026-03-21 16:00:00,70633.8,70648.0,70253.2,70305.4,74.43205079
2026-03-21 17:00:00,70305.4,70423.3,70212.6,70321.6,45.24594657
2026-03-21 18:00:00,70317.8,70532.6,70295.3,70399.4,37.86368247
2026-03-21 19:00:00,70399.5,70441.7,70322.6,70393.7,17.0377193
2026-03-21 20:00:00,70393.8,70499.9,70361.9,70457.2,38.602538
2026-03-21 21:00:00,70457.2,70513.7,70269.9,70356.2,36.14135795
2026-03-21 22:00:00,70356.2,70384.4,70268.1,70286.5,41.52422446
2026-03-21 23:00:00,70286.5,70292.0,68573.0,68919.5,305.26795203
2026-03-22 00:00:00,68924.8,69150.6,68232.9,68954.6,391.18111288
2026-03-22 01:00:00,68954.6,69094.7,68771.2,68961.2,130.6117818
2026-03-22 02:00:00,68961.3,69411.6,68952.7,69280.3,89.13544907
2026-03-22 03:00:00,69280.2,69585.6,69130.1,69348.3,96.31969443
2026-03-22 04:00:00,69348.3,69523.8,69221.4,69366.0,98.41172316
2026-03-22 05:00:00,69358.1,69358.1,69152.9,69156.1,53.59443958
2026-03-22 06:00:00,69156.2,69239.9,69071.1,69160.9,74.21409552
2026-03-22 07:00:00,69160.9,69248.2,68895.0,68918.7,68.9442116
2026-03-22 08:00:00,68918.7,68982.5,68561.3,68810.8,134.15837942
2026-03-22 09:00:00,68810.8,68899.3,68587.5,68828.0,73.08640047
2026-03-22 10:00:00,68826.2,68841.5,68589.3,68653.5,46.15658056
2026-03-22 11:00:00,68653.5,68686.8,68117.5,68229.3,133.77474726
2026-03-22 12:00:00,68229.4,68761.4,68205.1,68656.0,102.73411583
2026-03-22 13:00:00,68656.1,68954.8,68548.4,68702.1,91.57838121
2026-03-22 14:00:00,68702.2,68913.2,68542.3,68719.9,87.30093042
2026-03-22 15:00:00,68720.0,69001.8,68713.5,68849.2,75.92564664
2026-03-22 16:00:00,68849.2,68883.0,68671.3,68808.0,54.70581598
2026-03-22 17:00:00,68808.0,68846.5,68676.1,68676.1,50.05817657
2026-03-22 18:00:00,68674.0,68738.9,68347.0,68614.1,65.0633231
2026-03-22 19:00:00,68614.2,68625.5,68151.3,68198.9,115.55137327
2026-03-22 20:00:00,68199.0,68495.7,68080.0,68176.8,85.31854274
2026-03-22 21:00:00,68176.9,68222.3,67356.4,67895.3,270.40576479
2026-03-22 22:00:00,67895.4,68396.6,67582.1,68330.3,281.61579252
2026-03-22 23:00:00,68330.3,68467.0,67845.2,67865.2,121.86562504
2026-03-23 00:00:00,67865.2,68150.0,67445.8,67669.2,196.15730483
2026-03-23 01:00:00,67669.2,68151.8,67536.1,67903.7,178.4054151
2026-03-23 02:00:00,67903.7,68393.9,67807.5,68320.8,146.87434919
2026-03-23 03:00:00,68320.9,68581.9,68069.0,68080.7,119.21793707
2026-03-23 04:00:00,68080.7,68549.1,68060.3,68541.1,104.52666506
2026-03-23 05:00:00,68541.1,68900.2,68541.1,68900.2,167.99385587
2026-03-23 06:00:00,68900.1,68900.2,67706.0,67871.6,174.92157196
2026-03-23 07:00:00,67874.2,68457.8,67508.5,68333.2,263.24510316
2026-03-23 08:00:00,68333.2,68696.7,68332.8,68439.7,143.33322957
2026-03-23 09:00:00,68439.7,68467.1,67920.1,68333.9,117.7520237
2026-03-23 10:00:00,68334.0,68711.8,68299.2,68550.0,123.24531181
2026-03-23 11:00:00,68556.6,71493.6,68544.5,70114.9,1266.76382774
2026-03-23 12:00:00,70122.2,70872.6,69671.9,70746.5,452.33318035
2026-03-23 13:00:00,70746.6,71584.8,70600.0,71481.2,506.14870023
2026-03-23 14:00:00,71481.3,71811.4,71126.6,71456.4,383.76331456
2026-03-23 15:00:00,71446.5,71659.0,70109.1,70131.5,409.17585928
2026-03-23 16:00:00,70135.8,70764.6,70135.7,70560.5,345.34244147
2026-03-23 17:00:00,70561.6,71112.7,70355.4,71084.1,223.96939792
2026-03-23 18:00:00,71084.2,71193.9,70879.2,71075.6,183.10319505
2026-03-23 19:00:00,71075.6,71243.6,70651.1,70689.3,143.28885587
2026-03-23 20:00:00,70678.3,70985.8,70570.9,70909.3,94.2672363
2026-03-23 21:00:00,70909.4,70995.9,70826.3,70849.5,48.4348024
2026-03-23 22:00:00,70851.3,70891.9,70518.2,70784.7,92.35586697
2026-03-23 23:00:00,70784.7,70992.5,70407.0,70903.0,100.03512437
2026-03-24 00:00:00,70903.0,71096.6,70423.4,70685.7,144.70383102
2026-03-24 01:00:00,70685.7,70875.0,70280.0,70508.2,118.7830003
2026-03-24 02:00:00,70508.2,70699.8,70373.6,70458.4,122.19387165
2026-03-24 03:00:00,70453.4,70584.5,70404.8,70542.8,129.24932906
2026-03-24 04:00:00,70542.9,70740.2,70258.8,70370.9,100.81764234
2026-03-24 05:00:00,70371.0,70379.1,70125.6,70280.0,89.79921582
2026-03-24 06:00:00,70283.2,70567.4,70256.0,70540.9,100.47735035
2026-03-24 07:00:00,70540.9,71400.6,70490.6,71295.3,183.68783198
2026-03-24 08:00:00,71295.4,71342.7,70859.7,70975.3,117.31166826
2026-03-24 09:00:00,70969.8,71369.0,70851.0,71322.0,73.36891809371149
2026-03-24 10:00:00,71322.0,71329.8,71089.4,71269.0,47.31917833
2026-03-24 11:00:00,71261.9,71322.4,70962.3,71158.8,61.5430181
2026-03-24 12:00:00,71157.7,71187.3,70866.0,70955.1,43.86199181
2026-03-24 13:00:00,70958.5,71064.0,69985.1,70100.1,146.00111333
2026-03-24 14:00:00,70100.2,70462.5,69514.5,69870.9,184.89262999
2026-03-24 15:00:00,69874.6,70254.3,69771.5,69874.0,118.61963397
2026-03-24 16:00:00,69867.5,70000.0,69311.0,69467.8,102.27710577
2026-03-24 17:00:00,69476.9,69510.3,68901.0,69238.0,122.60946162
2026-03-24 18:00:00,69238.1,69739.9,69173.7,69427.9,83.39029712
2026-03-24 19:00:00,69427.9,69702.1,69272.7,69369.2,50.37037468
2026-03-24 20:00:00,69369.1,70280.0,69288.0,70091.4,123.87084563
2026-03-24 21:00:00,70096.2,70402.1,69896.8,70332.2,67.48810885
2026-03-24 22:00:00,70329.2,70578.2,70136.6,70319.1,67.88627964
2026-03-24 23:00:00,70335.0,70824.3,70272.7,70556.4,63.23208054
2026-03-25 00:00:00,70556.5,71040.5,70471.0,70833.3,70.83737656638056
2026-03-25 01:00:00,70833.3,70971.4,70627.3,70684.3,52.90573083
2026-03-25 02:00:00,70674.8,70762.3,70500.1,70523.1,41.57709022
2026-03-25 03:00:00,70524.9,70799.9,70413.8,70717.6,37.19948245
2026-03-25 04:00:00,70717.7,70975.9,70701.0,70963.5,41.59004817
2026-03-25 05:00:00,70975.3,71341.9,70939.1,71113.3,55.81506328
2026-03-25 06:00:00,71113.4,71259.4,70980.5,70988.9,44.03516043
2026-03-25 07:00:00,70988.8,71266.0,70884.6,70923.6,47.6868068
2026-03-25 08:00:00,70927.1,71504.3,70789.9,71247.9,81.75513651
2026-03-25 09:00:00,71244.3,71406.4,71089.3,71336.0,57.81593155
2026-03-25 10:00:00,71336.1,71635.6,71286.5,71493.5,51.3042606
2026-03-25 11:00:00,71493.5,72016.4,71464.4,71668.6,101.58919969
2026-03-25 12:00:00,71668.6,71948.5,71113.2,71724.8,169.31081956
2026-03-25 13:00:00,71717.3,71958.6,71512.0,71577.7,100.40630849
2026-03-25 14:00:00,71577.8,71692.3,71225.2,71234.1,128.36331124
2026-03-25 15:00:00,71234.1,71304.2,70559.7,70834.0,211.84449255
2026-03-25 16:00:00,70826.9,71746.6,70720.1,71321.6,185.52393166
2026-03-25 17:00:00,71321.6,71385.7,70711.0,70775.7,95.86126381
2026-03-25 18:00:00,70775.7,71146.3,70688.4,70818.5,147.46615767
2026-03-25 19:00:00,70818.6,71097.0,70777.9,70880.1,67.9657506
2026-03-25 20:00:00,70881.3,71057.7,70648.6,71007.7,48.78125398
2026-03-25 21:00:00,71007.8,71174.2,70946.9,71037.0,39.91097823
2026-03-25 22:00:00,71037.1,71593.9,70942.1,71371.6,64.73992147
2026-03-25 23:00:00,71371.7,71442.1,71184.1,71333.1,37.21822228
2026-03-26 00:00:00,71329.1,71438.7,71141.5,71301.7,41.667086
2026-03-26 01:00:00,71301.7,71372.3,71157.6,71266.5,33.65494077
2026-03-26 02:00:00,71246.5,71280.5,70683.4,70896.5,58.61621635
2026-03-26 03:00:00,70896.4,70972.8,70687.0,70903.8,27.77993526
2026-03-26 04:00:00,70908.3,70908.3,70720.3,70780.1,33.72986515
2026-03-26 05:00:00,70780.0,70796.4,69942.6,70014.5,78.47071991
2026-03-26 06:00:00,70010.9,70145.5,69868.9,70098.3,87.16311083
2026-03-26 07:00:00,70098.3,70166.2,69800.4,70086.0,47.88258374
2026-03-26 08:00:00,70086.0,70132.1,69805.4,70024.9,84.06607618
2026-03-26 09:00:00,70025.0,70145.2,69415.2,69583.6,160.47344636
2026-03-26 10:00:00,69583.7,69725.7,69465.7,69520.0,58.46951885
2026-03-26 11:00:00,69520.8,69659.9,69192.1,69275.4,101.32001328
2026-03-26 12:00:00,69275.5,69465.5,69234.1,69435.8,60.65909059
2026-03-26 13:00:00,69435.8,69879.9,69217.1,69652.5,169.46558225
2026-03-26 14:00:00,69648.7,69831.7,69260.3,69485.3,115.59692907
2026-03-26 15:00:00,69489.6,69501.8,68640.8,69082.4,183.18254513
2026-03-26 16:00:00,69082.5,69082.5,68828.8,68925.9,103.09463931
2026-03-26 17:00:00,68928.7,69158.8,68377.8,68479.9,109.06729077
2026-03-26 18:00:00,68482.1,68605.7,68157.2,68499.2,149.03739441
2026-03-26 19:00:00,68499.2,68682.0,68351.6,68524.3,65.00669365
2026-03-26 20:00:00,68525.9,69472.0,68429.5,68999.7,234.40395769
2026-03-26 21:00:00,68999.8,69208.0,68872.7,68918.1,73.73622097
2026-03-26 22:00:00,68921.6,69025.7,68594.3,68877.3,73.46217578
2026-03-26 23:00:00,68890.7,68985.2,68631.1,68816.7,72.72208521
2026-03-27 00:00:00,68820.6,68962.0,68532.3,68782.0,71.82429459
2026-03-27 01:00:00,68781.9,69056.6,68687.1,69047.1,47.69039933
2026-03-27 02:00:00,69053.5,69174.2,68861.5,68901.0,40.52313898
2026-03-27 03:00:00,68907.2,68920.1,68674.8,68768.4,51.8422243
2026-03-27 04:00:00,68768.5,68792.0,68302.0,68579.1,78.3682713
2026-03-27 05:00:00,68579.1,68863.8,68512.1,68628.9,46.79198755
2026-03-27 06:00:00,68628.9,68849.7,68569.1,68663.0,39.24041965
2026-03-27 07:00:00,68663.0,68957.3,68461.9,68528.7,70.70253753
2026-03-27 08:00:00,68537.7,68638.9,67608.0,67927.7,152.27363014
2026-03-27 09:00:00,67920.4,67946.7,67554.4,67692.6,78.7329202
2026-03-27 10:00:00,67696.8,67780.2,66330.0,66495.1,231.5978848
2026-03-27 11:00:00,66495.3,66857.2,66238.8,66706.4,139.50032282
2026-03-27 12:00:00,66706.4,66778.4,66437.1,66626.8,84.78883151
2026-03-27 13:00:00,66626.8,66729.8,66008.7,66182.2,234.94394096
2026-03-27 14:00:00,66182.1,66401.0,65730.0,66210.1,251.39736227
2026-03-27 15:00:00,66210.2,66632.4,65965.7,66107.1,215.79053593
2026-03-27 16:00:00,66107.1,66175.0,65807.1,65978.2,163.2828733290554
2026-03-27 17:00:00,65981.1,66283.7,65594.3,65633.5,152.60697167
2026-03-27 18:00:00,65633.6,65955.9,65554.1,65844.6,127.36747389
2026-03-27 19:00:00,65844.6,66149.9,65702.0,66052.2,123.36328449
2026-03-27 20:00:00,66044.1,66157.5,65813.7,66017.5,81.75850283
2026-03-27 21:00:00,66018.8,66181.2,66011.5,66079.8,38.77554798
2026-03-27 22:00:00,66083.5,66092.2,65919.5,66024.9,32.44809967
2026-03-27 23:00:00,66024.9,66419.6,65974.7,66409.4,45.88960963
2026-03-28 00:00:00,66409.4,66508.9,66295.4,66432.8,46.79443543
2026-03-28 01:00:00,66432.8,66432.8,66060.6,66181.6,61.24912389
2026-03-28 02:00:00,66181.6,66255.0,65928.2,66054.9,58.51432798
2026-03-28 03:00:00,66058.3,66244.1,66058.3,66233.2,33.41526921
2026-03-28 04:00:00,66237.0,66304.0,66117.1,66281.1,31.20457537
2026-03-28 05:00:00,66281.1,66387.8,66214.8,66355.4,34.93284274
2026-03-28 06:00:00,66355.4,66500.0,66315.7,66395.7,44.05840739
2026-03-28 07:00:00,66395.7,66568.6,66390.5,66563.6,40.79720275
2026-03-28 08:00:00,66563.5,66563.6,66401.6,66409.1,42.00642902
2026-03-28 09:00:00,66409.1,66409.1,66249.8,66311.0,34.43039063
2026-03-28 10:00:00,66311.0,66419.0,66133.1,66226.7,35.62204932
2026-03-28 11:00:00,66226.8,66361.4,66206.8,66330.2,30.17405475
2026-03-28 12:00:00,66324.6,66528.6,66238.5,66458.4,37.61811193
2026-03-28 13:00:00,66458.5,67163.3,66410.7,66843.8,166.6384461
2026-03-28 14:00:00,66843.7,66968.8,66670.1,66745.0,100.58226401
2026-03-28 15:00:00,66745.1,67291.4,66716.5,67016.5,109.86871679
2026-03-28 16:00:00,67016.5,67098.9,66856.0,66933.1,47.14921675
2026-03-28 17:00:00,66930.1,66996.0,66700.6,66851.3,61.44988341
2026-03-28 18:00:00,66851.4,66950.0,66841.7,66915.9,26.24998294
2026-03-28 19:00:00,66915.8,66950.0,66808.6,66916.7,25.03748484
2026-03-28 20:00:00,66917.0,67016.0,66908.6,66925.8,36.05356038
2026-03-28 21:00:00,66923.3,66927.8,66603.9,66691.1,41.23000963
2026-03-28 22:00:00,66688.1,66798.8,66602.0,66758.5,41.86884713
2026-03-28 23:00:00,66758.5,66758.5,66291.1,66391.1,94.88772554
2026-03-29 00:00:00,66384.4,66512.7,66290.7,66495.7,48.39482982
2026-03-29 01:00:00,66492.8,66637.6,66392.8,66578.1,50.77098902
2026-03-29 02:00:00,66580.6,66846.6,66551.7,66820.9,51.89715368
2026-03-29 03:00:00,66820.9,67130.6,66768.2,66910.1,69.41770845
2026-03-29 04:00:00,66910.1,66940.7,66721.7,66731.9,37.74720748
2026-03-29 05:00:00,66732.0,66825.5,66606.4,66775.4,55.55754678
2026-03-29 06:00:00,66775.4,66877.7,66641.7,66742.5,28.26585727
2026-03-29 07:00:00,66742.5,66751.2,66562.8,66670.5,33.31756897
2026-03-29 08:00:00,66670.6,66774.9,66599.2,66737.3,45.12807504132949
2026-03-29 09:00:00,66737.2,66774.1,66547.9,66640.0,43.07122068
2026-03-29 10:00:00,66639.9,66639.9,66415.4,66503.5,45.95068754
2026-03-29 11:00:00,66503.5,66990.0,66503.5,66818.5,57.685261635701835
2026-03-29 12:00:00,66818.5,66873.4,66699.7,66849.6,37.22766493
2026-03-29 13:00:00,66849.7,66874.7,66527.7,66578.1,69.10327981
2026-03-29 14:00:00,66578.1,66803.0,66461.6,66591.5,73.18981737
2026-03-29 15:00:00,66591.6,66727.8,66333.3,66528.6,87.89884872
2026-03-29 16:00:00,66528.6,66672.4,66435.9,66499.1,57.08151091
2026-03-29 17:00:00,66499.1,66547.7,66156.5,66385.3,59.45244021
2026-03-29 18:00:00,66385.4,66546.6,66325.6,66430.3,39.6947113
2026-03-29 19:00:00,66430.3,66480.1,66327.9,66356.9,48.63621857
2026-03-29 20:00:00,66356.9,66798.8,66354.8,66613.1,53.47121195
2026-03-29 21:00:00,66613.1,66759.1,66512.5,66714.8,66.49275389
2026-03-29 22:00:00,66714.8,66714.8,64997.2,65854.9,287.60872163
2026-03-29 23:00:00,65854.9,66381.0,65854.9,66015.1,203.35853438
2026-03-30 00:00:00,66017.1,67056.5,65801.5,66278.5,263.3262888
2026-03-30 01:00:00,66282.8,66834.4,66282.8,66645.2,148.37628353
2026-03-30 02:00:00,66655.2,67487.0,66578.8,67117.5,192.40358096
2026-03-30 03:00:00,67118.8,67322.1,66979.0,67176.6,99.95768905
2026-03-30 04:00:00,67171.6,67646.6,67170.0,67619.4,102.86931464
2026-03-30 05:00:00,67614.1,67800.4,67440.1,67494.6,88.20681729
2026-03-30 06:00:00,67494.5,67581.5,67276.5,67313.5,85.59280392
2026-03-30 07:00:00,67313.4,67628.0,67235.3,67628.0,81.35747097
2026-03-30 08:00:00,67628.0,67941.4,67618.3,67674.3,133.93240572
2026-03-30 09:00:00,67672.0,67694.7,67459.1,67506.1,58.0166518
2026-03-30 10:00:00,67504.2,67520.1,67368.9,67490.4,41.8934378
2026-03-30 11:00:00,67490.5,68023.2,67490.5,67679.9,145.71002496
2026-03-30 12:00:00,67681.6,67978.1,67666.5,67901.8,80.58620073
2026-03-30 13:00:00,67901.8,68180.0,67431.2,67531.9,196.65036918
2026-03-30 14:00:00,67528.6,67866.3,67090.6,67813.1,198.38301327
2026-03-30 15:00:00,67802.1,67899.8,67411.2,67627.6,152.158572
2026-03-30 16:00:00,67627.7,67645.6,67223.7,67369.0,101.86281365
2026-03-30 17:00:00,67370.5,67472.9,66654.8,66832.4,140.66822598
2026-03-30 18:00:00,66832.4,66927.6,66512.1,66655.5,109.14617252
2026-03-30 19:00:00,66659.4,66667.5,66237.7,66550.9,109.8595144
2026-03-30 20:00:00,66551.4,66693.0,66531.2,66645.6,63.58079254
2026-03-30 21:00:00,66645.6,66999.9,66587.4,66811.8,109.08708636
2026-03-30 22:00:00,66811.9,66996.2,66686.6,66785.7,57.64212269
2026-03-30 23:00:00,66785.6,66798.4,66406.4,66798.4,83.68131267
2026-03-31 00:00:00,66798.8,67304.0,66549.8,67204.9,115.62195995
2026-03-31 01:00:00,67208.6,68403.9,67049.8,67957.3,232.82499973
2026-03-31 02:00:00,67943.3,68100.0,67775.0,67957.7,81.67492516
2026-03-31 03:00:00,67955.9,68012.0,67653.0,67705.4,73.97031846
2026-03-31 04:00:00,67714.6,67877.7,67506.3,67550.2,121.09415539
2026-03-31 05:00:00,67550.2,67792.8,67403.0,67685.2,117.29061453
2026-03-31 06:00:00,67685.3,67711.3,67336.1,67502.2,79.01636491
2026-03-31 07:00:00,67501.4,67528.3,67110.5,67366.4,111.31875655
2026-03-31 08:00:00,67366.4,67500.0,66687.7,66780.0,133.12417797
2026-03-31 09:00:00,66777.6,66929.2,65987.0,66124.0,181.10396438
2026-03-31 10:00:00,66130.9,66476.0,66105.6,66363.4,140.46201945
2026-03-31 11:00:00,66362.2,66882.2,66241.2,66689.1,193.81796818
2026-03-31 12:00:00,66689.2,66937.4,66519.4,66655.7,117.96406884
2026-03-31 13:00:00,66653.0,67409.8,66653.0,67287.8,187.61810993
2026-03-31 14:00:00,67301.4,67770.1,66437.1,66598.2,289.09677597
2026-03-31 15:00:00,66594.9,67288.3,66594.9,66732.2,236.09063663
2026-03-31 16:00:00,66736.9,68020.6,66736.8,67666.4,301.63338943
2026-03-31 17:00:00,67669.5,68584.0,67407.2,67529.4,390.39658347
2026-03-31 18:00:00,67529.5,67950.6,67529.5,67852.7,164.4236265
2026-03-31 19:00:00,67852.1,68028.9,67720.0,67839.6,118.8003813
2026-03-31 20:00:00,67847.3,68272.8,67845.3,68270.7,97.60696739
2026-03-31 21:00:00,68270.7,68413.0,67885.2,68282.7,81.07121213
2026-03-31 22:00:00,68282.7,68347.5,67967.5,68176.4,72.44226789
2026-03-31 23:00:00,68178.0,68374.0,68096.9,68282.4,65.22032692
2026-04-01 00:00:00,68280.1,68344.6,67864.4,68322.2,98.46813956
2026-04-01 01:00:00,68322.2,68360.0,67767.0,67787.2,98.59350998
2026-04-01 02:00:00,67787.3,67915.4,67593.7,67663.7,93.9442524049719
2026-04-01 03:00:00,67669.4,68245.9,67669.4,68182.9,80.28136375
2026-04-01 04:00:00,68176.0,68474.0,68013.0,68303.3,132.81859001
2026-04-01 05:00:00,68303.3,68760.3,68157.1,68463.9,98.50681829
2026-04-01 06:00:00,68464.0,69240.1,68464.0,69103.4,134.38847796
2026-04-01 07:00:00,69104.4,69323.5,68675.1,68695.2,94.97095797
2026-04-01 08:00:00,68695.2,68850.3,68455.0,68667.2,103.03934247
2026-04-01 09:00:00,68667.2,68734.8,68399.0,68647.5,84.24212039
2026-04-01 10:00:00,68647.6,68667.0,68402.7,68586.2,64.99517899
2026-04-01 11:00:00,68584.1,68738.5,68505.6,68712.2,63.66756653
2026-04-01 12:00:00,68712.2,68791.3,68262.3,68385.3,151.92271333
2026-04-01 13:00:00,68389.6,68674.9,67930.9,68115.5,152.98383605
2026-04-01 14:00:00,68115.4,68682.0,68059.0,68592.4,153.5383297
2026-04-01 15:00:00,68592.5,68955.3,68426.4,68923.6,102.93504037
2026-04-01 16:00:00,68920.6,68987.0,68616.0,68821.6,98.21679178
2026-04-01 17:00:00,68821.6,69183.0,68246.2,68269.5,119.0804516
2026-04-01 18:00:00,68269.5,68330.6,67948.4,68081.8,121.52998247
2026-04-01 19:00:00,68081.7,68293.6,68029.9,68163.6,75.89222639
2026-04-01 20:00:00,68176.9,68246.8,67961.3,68185.0,55.63708427
2026-04-01 21:00:00,68185.1,68532.7,68178.1,68380.6,57.77519389
2026-04-01 22:00:00,68368.9,68369.0,68073.2,68128.3,59.73323767
2026-04-01 23:00:00,68131.8,68250.1,68000.1,68118.0,52.51816602
2026-04-02 00:00:00,68118.0,68659.2,68055.7,68603.2,65.77369143
2026-04-02 01:00:00,68603.2,68603.2,67053.6,67360.9,433.65695103
2026-04-02 02:00:00,67359.7,67359.8,66633.2,66866.4,137.01508214
2026-04-02 03:00:00,66866.4,66965.6,66500.0,66584.0,90.79849437
2026-04-02 04:00:00,66580.5,66654.9,66225.9,66342.1,77.3119589
2026-04-02 05:00:00,66342.2,66645.0,66313.7,66601.3,69.32154564
2026-04-02 06:00:00,66601.4,66817.0,66549.8,66685.6,63.12344899
2026-04-02 07:00:00,66685.6,66934.7,66562.0,66927.8,41.06161854
2026-04-02 08:00:00,66927.7,66927.7,66399.3,66450.5,66.40344468
2026-04-02 09:00:00,66450.4,66516.5,66298.4,66471.6,48.1037663
2026-04-02 10:00:00,66471.6,66505.0,66232.2,66455.4,53.65733845
2026-04-02 11:00:00,66465.2,66484.9,66160.7,66217.7,72.35563959
2026-04-02 12:00:00,66217.8,66249.7,65972.0,66055.1,95.27934012
2026-04-02 13:00:00,66058.3,66288.0,65722.2,66275.9,180.74791202
2026-04-02 14:00:00,66277.2,67103.0,66170.7,66868.4,276.36385016
2026-04-02 15:00:00,66864.8,66999.3,66641.1,66857.0,146.08739408
2026-04-02 16:00:00,66857.0,67291.9,66760.5,67090.3,141.9113576
2026-04-02 17:00:00,67090.2,67431.2,66667.9,66681.2,142.9577366
2026-04-02 18:00:00,66691.5,67070.0,66601.0,66983.7,91.17625471
2026-04-02 19:00:00,66987.5,67115.5,66881.9,66978.0,70.9961951
2026-04-02 20:00:00,66975.6,67106.2,66802.8,66937.9,54.71876026
2026-04-02 21:00:00,66938.0,67024.1,66732.1,66936.7,63.61874259
2026-04-02 22:00:00,66936.4,67039.7,66823.6,66986.3,56.04852121
2026-04-02 23:00:00,66989.2,67096.3,66857.3,66906.7,43.14823554
2026-04-03 00:00:00,66906.8,67000.9,66709.8,66790.3,40.49693577
2026-04-03 01:00:00,66790.3,66902.3,66493.6,66625.5,65.02240419
2026-04-03 02:00:00,66628.4,66748.9,66279.1,66531.0,78.51704347
2026-04-03 03:00:00,66535.6,66724.5,66500.1,66592.6,42.14074644
2026-04-03 04:00:00,66589.5,66697.3,66513.3,66611.5,43.42848473
2026-04-03 05:00:00,66611.6,66816.7,66424.1,66606.1,46.13030045
2026-04-03 06:00:00,66606.2,66800.0,66552.5,66800.0,38.28363839
2026-04-03 07:00:00,66800.0,67270.1,66765.3,67047.8,49.51379039
2026-04-03 08:00:00,67047.8,67292.1,66910.3,66965.6,48.40259433
2026-04-03 09:00:00,66965.6,67005.5,66752.2,66861.2,33.73600714
2026-04-03 10:00:00,66861.3,66902.2,66686.2,66889.2,25.84298333
2026-04-03 11:00:00,66889.3,67058.3,66832.8,67017.1,28.49948467
2026-04-03 12:00:00,67017.2,67380.5,66650.4,66722.7,79.06445629
2026-04-03 13:00:00,66722.7,66735.5,66512.2,66676.0,38.22525707
2026-04-03 14:00:00,66676.1,66997.0,66635.5,66943.4,48.1336518
2026-04-03 15:00:00,66939.3,67030.3,66824.1,66849.0,44.13973386
2026-04-03 16:00:00,66842.8,67070.9,66832.1,67011.8,31.0102792
2026-04-03 17:00:00,67010.2,67067.2,66758.8,66851.5,29.74446423
2026-04-03 18:00:00,66851.6,66928.3,66785.1,66819.4,18.3749682
2026-04-03 19:00:00,66819.5,66907.9,66778.0,66883.7,13.3590534
2026-04-03 20:00:00,66883.8,66939.0,66836.4,66836.5,23.51151571
2026-04-03 21:00:00,66836.5,66979.7,66825.9,66968.1,17.81437864
2026-04-03 22:00:00,66968.2,66976.3,66850.1,66899.1,15.5214692
2026-04-03 23:00:00,66897.0,66963.9,66829.8,66963.9,16.19129887
2026-04-04 00:00:00,66964.6,66967.3,66875.9,66897.9,7.72891173
2026-04-04 01:00:00,66897.9,66927.0,66835.1,66850.0,16.39397196
2026-04-04 02:00:00,66850.1,66920.1,66812.8,66846.0,14.54655322
2026-04-04 03:00:00,66846.0,66908.6,66834.9,66838.2,9.64948015
2026-04-04 04:00:00,66836.9,66874.7,66780.5,66866.8,15.86329539
2026-04-04 05:00:00,66866.9,66942.1,66845.2,66912.4,19.07830557
2026-04-04 06:00:00,66909.3,67047.7,66909.3,67020.9,17.84934198
2026-04-04 07:00:00,67021.0,67052.8,66941.5,67012.7,18.58480039
2026-04-04 08:00:00,67012.8,67056.7,66915.9,66938.2,21.83071242
2026-04-04 09:00:00,66938.3,66988.6,66918.8,66982.2,14.71489697
2026-04-04 10:00:00,66985.0,67169.7,66914.2,67169.3,28.98037975
2026-04-04 11:00:00,67169.3,67227.5,67087.9,67152.4,28.11809795
2026-04-04 12:00:00,67160.1,67178.4,67060.5,67093.4,11.39372564
2026-04-04 13:00:00,67093.5,67266.0,67080.2,67204.3,19.85374124
2026-04-04 14:00:00,67199.6,67216.3,67019.1,67204.6,18.59458589
2026-04-04 15:00:00,67204.6,67551.6,67184.8,67378.6,66.82420592
2026-04-04 16:00:00,67378.6,67521.8,67328.2,67358.6,36.080701791744445
2026-04-04 17:00:00,67358.6,67413.8,67288.3,67337.4,18.2743692
2026-04-04 18:00:00,67334.2,67375.0,67266.1,67296.2,21.25025621147679
2026-04-04 19:00:00,67296.3,67549.9,67273.7,67287.6,34.83111289
2026-04-04 20:00:00,67287.6,67289.8,67184.8,67265.4,18.67584956
2026-04-04 21:00:00,67265.4,67472.9,67213.6,67355.1,18.68155176
2026-04-04 22:00:00,67355.2,67471.4,67339.4,67399.6,32.21002122
2026-04-04 23:00:00,67399.6,67402.2,67258.7,67302.4,14.98656494
2026-04-05 00:00:00,67302.5,67309.2,67170.4,67208.3,14.92074975
2026-04-05 01:00:00,67208.3,67227.7,67077.7,67083.8,26.11426509
2026-04-05 02:00:00,67087.3,67176.7,66962.0,67169.2,26.45546545
2026-04-05 03:00:00,67169.3,67187.2,67093.1,67135.3,6.46035862
2026-04-05 04:00:00,67138.0,67188.6,67072.9,67092.5,12.94247721
2026-04-05 05:00:00,67092.5,67154.7,66891.3,66922.8,21.439259204834926
2026-04-05 06:00:00,66933.0,66939.3,66613.4,66796.9,51.478068
2026-04-05 07:00:00,66796.8,66907.3,66723.7,66818.5,26.33440491
2026-04-05 08:00:00,66818.6,66935.6,66818.5,66929.1,17.32901045
2026-04-05 09:00:00,66929.1,67042.1,66898.5,67029.4,21.08904063
2026-04-05 10:00:00,67029.4,67152.6,66968.5,67050.2,18.46041966
2026-04-05 11:00:00,67050.2,67080.6,66971.5,66997.0,13.05330597
2026-04-05 12:00:00,66997.0,66997.0,66688.0,66789.9,44.59434496
2026-04-05 13:00:00,66789.9,66918.2,66696.2,66896.3,28.30866384
2026-04-05 14:00:00,66896.3,66965.8,66820.0,66918.8,22.49068512
2026-04-05 15:00:00,66918.8,67841.0,66832.5,67305.0,145.89206697
2026-04-05 16:00:00,67305.0,67410.0,67174.4,67209.4,44.91722993
2026-04-05 17:00:00,67209.3,67399.9,67180.4,67371.7,41.87377905
2026-04-05 18:00:00,67371.7,67450.0,67273.4,67407.5,38.79672489
2026-04-05 19:00:00,67408.8,67558.4,67280.0,67355.5,28.65935795
2026-04-05 20:00:00,67355.5,67699.9,67338.3,67650.0,39.76762208
2026-04-05 21:00:00,67653.7,67680.1,67414.8,67542.6,30.80735933
2026-04-05 22:00:00,67542.6,68364.5,67348.4,68337.3,124.73432173
2026-04-05 23:00:00,68337.3,69128.6,68262.4,69018.3,127.37557503
2026-04-06 00:00:00,69023.6,69582.1,69023.6,69069.4,194.64880818
2026-04-06 01:00:00,69069.4,69132.6,68790.0,68801.2,60.69996733
2026-04-06 02:00:00,68806.5,69400.3,68772.7,69208.8,81.96568078
2026-04-06 03:00:00,69208.8,69252.5,69060.9,69113.7,50.58691757
2026-04-06 04:00:00,69115.1,69213.0,68981.7,69134.6,26.94140832
2026-04-06 05:00:00,69134.7,69239.1,69084.6,69195.6,23.14694527
2026-04-06 06:00:00,69195.6,69356.5,68806.4,68975.8,51.5097121
2026-04-06 07:00:00,68975.8,69209.2,68829.2,69107.5,43.22709133
2026-04-06 08:00:00,69108.7,69351.2,69080.4,69220.7,36.63203627
2026-04-06 09:00:00,69220.8,70268.3,69216.1,69726.6,141.42822872
2026-04-06 10:00:00,69726.7,69975.7,69697.9,69763.7,65.3122863
2026-04-06 11:00:00,69763.6,69767.2,69566.1,69612.0,48.50682774
2026-04-06 12:00:00,69612.1,69630.3,69325.5,69358.4,129.18871396
2026-04-06 13:00:00,69358.4,69547.6,69236.1,69424.5,94.87815433
2026-04-06 14:00:00,69425.6,69811.7,69174.7,69654.7,140.75209426
2026-04-06 15:00:00,69654.7,69971.8,69525.5,69965.9,115.85596256
2026-04-06 16:00:00,69965.9,70343.5,69785.2,69792.4,171.87852971
2026-04-06 17:00:00,69799.2,69820.6,69284.9,69579.8,78.09882234
2026-04-06 18:00:00,69579.7,69972.7,69483.6,69889.3,54.48697641
2026-04-06 19:00:00,69889.4,69898.8,69590.3,69735.7,42.92669001
2026-04-06 20:00:00,69741.0,69973.1,69613.2,69820.9,54.10746592
2026-04-06 21:00:00,69821.0,69821.0,69428.9,69511.1,36.92352341
2026-04-06 22:00:00,69511.0,69580.1,68817.9,68817.9,79.84600386
2026-04-06 23:00:00,68817.9,68906.8,68317.6,68851.0,121.17169074
2026-04-07 00:00:00,68850.9,69126.3,68730.9,68776.8,81.58066207
2026-04-07 01:00:00,68776.8,68893.7,68352.0,68406.7,73.0544397
2026-04-07 02:00:00,68406.6,68716.9,68283.6,68679.7,44.26224341
2026-04-07 03:00:00,68677.0,68798.6,68625.8,68780.1,55.15034832
2026-04-07 04:00:00,68780.1,68980.0,68548.3,68850.9,38.73023527
2026-04-07 05:00:00,68851.0,68862.7,68613.0,68662.6,38.3771168
2026-04-07 06:00:00,68662.6,68662.6,68439.2,68570.7,45.0441109
2026-04-07 07:00:00,68570.9,68706.0,68501.0,68622.5,29.39351764
2026-04-07 08:00:00,68622.5,68980.9,68595.7,68935.9,57.64155836
2026-04-07 09:00:00,68939.1,69240.8,68934.6,69142.0,54.95069805
2026-04-07 10:00:00,69142.1,69199.9,68206.6,68232.4,137.72930707
2026-04-07 11:00:00,68232.3,68460.9,68071.8,68345.7,91.59400185
2026-04-07 12:00:00,68345.8,68621.9,68081.5,68394.8,134.49483521
2026-04-07 13:00:00,68394.9,68632.6,68200.0,68237.3,104.24712046
2026-04-07 14:00:00,68231.4,68253.5,67769.6,67861.6,123.60424343
2026-04-07 15:00:00,67861.6,68264.8,67731.2,68162.4,98.80091561
2026-04-07 16:00:00,68162.5,68445.0,68084.5,68231.2,76.72238535
2026-04-07 17:00:00,68227.5,69003.7,68196.0,68696.0,77.03375443
2026-04-07 18:00:00,68696.1,68768.3,68353.8,68440.1,56.11291639
2026-04-07 19:00:00,68440.1,69086.9,68354.7,69012.9,137.73000151
2026-04-07 20:00:00,69016.4,69534.4,69016.4,69320.5,106.82106531
2026-04-07 21:00:00,69320.6,70224.0,69308.4,69915.9,212.00115465
2026-04-07 22:00:00,69915.9,71528.5,69915.9,71509.8,374.40809389
2026-04-07 23:00:00,71514.2,72753.8,71190.8,71924.5,379.60290028
2026-04-08 00:00:00,71919.8,72109.0,71539.5,71702.6,144.19498293
2026-04-08 01:00:00,71705.1,71752.4,71454.8,71469.3,64.02785911
2026-04-08 02:00:00,71475.5,71721.8,71238.7,71360.2,78.30881645
2026-04-08 03:00:00,71360.3,71477.1,71273.6,71292.3,47.42903332
2026-04-08 04:00:00,71292.3,71677.9,71290.6,71563.5,58.56449543
2026-04-08 05:00:00,71560.3,71829.7,71556.7,71727.2,48.35528107
2026-04-08 06:00:00,71731.7,71947.4,71580.7,71724.9,54.262490710749304
2026-04-08 07:00:00,71725.0,71904.8,71579.8,71633.5,44.21761266
2026-04-08 08:00:00,71633.6,71826.0,71633.5,71801.7,37.52320468
2026-04-08 09:00:00,71801.8,71955.1,71590.3,71684.6,34.65746641
2026-04-08 10:00:00,71684.6,71788.6,71455.5,71471.9,34.40431093
2026-04-08 11:00:00,71469.7,71726.6,71401.6,71681.4,71.78280469
2026-04-08 12:00:00,71687.4,72168.0,71578.8,72071.5,69.84211604
2026-04-08 13:00:00,72071.6,72858.1,71505.9,71604.6,241.55057817
2026-04-08 14:00:00,71602.6,71749.4,70709.0,70900.1,169.09483415
2026-04-08 15:00:00,70909.3,71351.2,70826.2,71310.1,88.11630178
2026-04-08 16:00:00,71310.2,71690.2,71258.3,71602.1,65.41713675
2026-04-08 17:00:00,71602.2,71959.1,71498.3,71894.8,70.19982453
2026-04-08 18:00:00,71894.8,71894.8,71082.0,71097.2,98.19644206
2026-04-08 19:00:00,71097.2,71371.2,71020.6,71335.2,67.7172997
2026-04-08 20:00:00,71320.4,71481.0,71273.2,71369.4,22.18969258
2026-04-08 21:00:00,71369.5,71750.9,71330.6,71547.8,43.41107699
2026-04-08 22:00:00,71561.7,71567.5,71072.6,71072.6,36.7756157
2026-04-08 23:00:00,71070.0,71212.1,70908.0,71075.4,44.58972287
2026-04-09 00:00:00,71075.4,71142.3,70654.5,70817.1,54.4367074
2026-04-09 01:00:00,70817.0,70955.8,70472.3,70924.7,49.98915029
2026-04-09 02:00:00,70924.8,71195.8,70817.7,71061.0,34.78998264
2026-04-09 03:00:00,71061.2,71122.2,70853.2,70986.5,29.36796925
2026-04-09 04:00:00,70993.6,71008.8,70740.5,70780.8,30.76055368
2026-04-09 05:00:00,70780.8,71081.3,70701.5,70981.0,24.82486801
2026-04-09 06:00:00,70981.0,71076.0,70805.9,71028.6,32.51343649
2026-04-09 07:00:00,71028.6,71113.9,70951.5,70974.8,32.08641497
2026-04-09 08:00:00,70974.8,71388.1,70873.8,71258.2,54.99100686
2026-04-09 09:00:00,71252.1,71583.6,71105.9,71531.7,81.15142908
2026-04-09 10:00:00,71531.8,71534.3,71279.6,71279.6,38.59343741
2026-04-09 11:00:00,71278.2,71348.9,71047.3,71149.3,64.83381781
2026-04-09 12:00:00,71149.4,71329.8,71043.2,71269.6,49.67891134
2026-04-09 13:00:00,71282.0,71360.4,70636.0,70811.1,131.98344298
2026-04-09 14:00:00,70805.4,71249.2,70524.1,71121.4,100.69910649
2026-04-09 15:00:00,71121.5,72352.5,70932.2,72144.8,210.95628882
2026-04-09 16:00:00,72144.8,72399.8,71734.1,72086.0,129.90210589
2026-04-09 17:00:00,72084.5,72550.7,72074.0,72345.3,121.81693597
2026-04-09 18:00:00,72345.4,72375.6,71746.3,71883.5,107.80666057
2026-04-09 19:00:00,71883.5,72303.7,71721.1,72116.2,106.22206985
2026-04-09 20:00:00,72102.6,72453.9,71987.8,72418.5,73.6382499
2026-04-09 21:00:00,72414.9,72700.2,72154.7,72264.9,88.50811529
2026-04-09 22:00:00,72265.1,73142.9,71940.0,71940.0,176.47817048
2026-04-09 23:00:00,71939.7,72025.5,71589.0,71809.3,103.10263661
2026-04-10 00:00:00,71791.9,72034.3,71590.2,71955.9,95.7216443
2026-04-10 01:00:00,71976.9,72393.2,71672.3,72158.9,119.44756214
2026-04-10 02:00:00,72158.9,72294.7,71928.4,71959.3,43.21519161
2026-04-10 03:00:00,71966.5,72023.0,71816.1,71879.5,44.21773389
2026-04-10 04:00:00,71879.6,72218.2,71831.2,72128.5,46.16476979
2026-04-10 05:00:00,72122.9,72281.6,72015.1,72131.5,42.9553847
2026-04-10 06:00:00,72131.6,72176.2,71797.1,71813.6,36.04317294
2026-04-10 07:00:00,71813.7,71849.4,71432.0,71487.8,47.58946186
2026-04-10 08:00:00,71487.9,71767.0,71430.5,71613.2,64.09726986
2026-04-10 09:00:00,71613.3,71872.0,71597.3,71788.8,45.75591992
2026-04-10 10:00:00,71788.9,71927.9,71709.2,71907.0,33.62271432
2026-04-10 11:00:00,71907.1,72265.3,71903.3,72129.6,61.86367835
2026-04-10 12:00:00,72129.7,72456.8,72007.7,72251.8,126.62703309
2026-04-10 13:00:00,72253.5,72413.8,71910.6,72324.1,78.7202196
2026-04-10 14:00:00,72313.9,73150.9,72240.6,72913.7,225.1902667
2026-04-10 15:00:00,72913.7,73294.1,72366.2,72453.9,113.97802917
2026-04-10 16:00:00,72462.4,73068.2,72400.1,72992.3,89.54097636
2026-04-10 17:00:00,72992.3,73143.0,72803.0,73126.1,54.34423009
2026-04-10 18:00:00,73126.1,73162.7,72882.7,73109.7,52.34602613
2026-04-10 19:00:00,73109.8,73266.9,72906.9,73254.0,56.54329664
2026-04-10 20:00:00,73244.1,73445.8,73052.4,73361.0,82.99695366
2026-04-10 21:00:00,73361.0,73365.0,72941.5,73196.6,49.21669646
2026-04-10 22:00:00,73196.7,73250.0,72735.0,72871.9,51.66010631
2026-04-10 23:00:00,72871.9,72964.3,72792.4,72956.9,28.11470811
2026-04-11 00:00:00,72957.0,72957.0,72796.8,72835.7,30.69310237
2026-04-11 01:00:00,72835.7,73007.7,72679.4,72961.2,27.01428357
2026-04-11 02:00:00,72961.2,73106.0,72914.6,72968.6,34.84527744
2026-04-11 03:00:00,72974.4,73086.6,72822.0,72869.9,30.19708628
2026-04-11 04:00:00,72871.8,72958.7,72691.6,72809.2,35.71600614
2026-04-11 05:00:00,72811.9,72841.4,72680.3,72724.9,21.5385037
2026-04-11 06:00:00,72725.0,72777.7,72623.5,72763.1,27.9976317
2026-04-11 07:00:00,72765.9,72839.4,72676.0,72742.7,31.56875762
2026-04-11 08:00:00,72742.8,72805.1,72640.2,72681.2,24.89462988
2026-04-11 09:00:00,72669.6,72916.7,72632.1,72910.0,28.16974996
2026-04-11 10:00:00,72910.1,72917.3,72772.8,72844.5,23.68515862
2026-04-11 11:00:00,72844.5,72911.9,72821.6,72911.0,16.0505356
2026-04-11 12:00:00,72911.0,72985.0,72815.5,72931.4,23.21014554
2026-04-11 13:00:00,72931.4,72931.4,72519.1,72660.1,77.52627332
2026-04-11 14:00:00,72660.1,72768.2,72605.0,72714.6,26.81612021
2026-04-11 15:00:00,72704.9,72895.6,72680.5,72867.0,34.21448251
2026-04-11 16:00:00,72867.1,73229.5,72822.3,73038.4,74.533019
2026-04-11 17:00:00,73038.4,73176.7,72944.2,73097.5,40.03324751
2026-04-11 18:00:00,73099.5,73733.8,73037.3,73537.2,124.7493132
2026-04-11 19:00:00,73551.2,73801.1,73467.7,73676.9,108.95422819
2026-04-11 20:00:00,73677.0,73689.0,73222.8,73292.0,108.85197825
2026-04-11 21:00:00,73292.1,73541.0,73203.1,73426.4,64.11277169
2026-04-11 22:00:00,73426.3,73571.7,73237.6,73374.9,67.9929194
2026-04-11 23:00:00,73375.0,73375.0,72915.2,73040.4,53.81131811
2026-04-12 00:00:00,73040.4,73113.9,72870.2,73074.8,40.540264477498845
2026-04-12 01:00:00,73074.9,73131.9,71321.1,71648.8,310.94947973
2026-04-12 02:00:00,71648.7,71993.7,71361.1,71773.8,138.12995865
2026-04-12 03:00:00,71766.0,71866.4,71602.1,71611.4,85.08992827
2026-04-12 04:00:00,71602.5,71694.6,71447.6,71478.1,49.03280409
2026-04-12 05:00:00,71478.0,71785.4,71424.2,71713.9,46.49800502
2026-04-12 06:00:00,71710.2,71761.4,71642.1,71657.4,22.9430154
2026-04-12 07:00:00,71656.2,71750.0,71586.0,71668.6,27.13147288
2026-04-12 08:00:00,71668.7,71780.7,71590.0,71636.5,28.98672679
2026-04-12 09:00:00,71636.5,71636.5,71515.5,71536.8,24.28951993
2026-04-12 10:00:00,71536.9,71687.9,71353.5,71450.6,33.7603989
2026-04-12 11:00:00,71450.7,71540.2,71419.1,71474.3,28.89126796
2026-04-12 12:00:00,71474.3,71500.0,71083.7,71089.4,102.68599024
2026-04-12 13:00:00,71083.6,71151.9,70866.3,70890.4,157.74176485
2026-04-12 14:00:00,70890.9,71097.0,70702.7,70744.4,91.93131513
2026-04-12 15:00:00,70744.4,70936.2,70609.5,70888.0,75.85522823
2026-04-12 16:00:00,70888.1,70954.9,70823.3,70935.3,37.75887426
2026-04-12 17:00:00,70935.3,71200.8,70899.1,71137.3,56.37317841
2026-04-12 18:00:00,71137.1,71206.1,71048.3,71131.9,46.40524081
2026-04-12 19:00:00,71131.9,71219.1,71074.8,71085.6,30.98877776
2026-04-12 20:00:00,71079.2,71440.0,70959.0,71336.8,61.34343241
2026-04-12 21:00:00,71336.9,71451.8,71164.8,71367.3,52.42969707
2026-04-12 22:00:00,71367.3,71371.5,70505.3,70906.5,171.53123525
2026-04-12 23:00:00,70898.8,70905.9,70572.0,70742.3,46.97217927
2026-04-13 00:00:00,70742.4,71254.0,70617.0,71170.7,84.41041472
2026-04-13 01:00:00,71170.7,71226.6,71031.4,71201.3,56.88827556
2026-04-13 02:00:00,71201.2,71271.0,70986.6,71080.7,55.58194735
2026-04-13 03:00:00,71080.8,71163.9,70924.1,70988.0,43.53178228
2026-04-13 04:00:00,70985.5,71148.6,70854.6,70893.7,42.58891426
2026-04-13 05:00:00,70893.7,70930.0,70679.5,70882.9,45.07649902
2026-04-13 06:00:00,70883.0,71108.0,70883.0,71029.6,34.23544168
2026-04-13 07:00:00,71031.1,71072.0,70691.4,70825.5,46.05076589
2026-04-13 08:00:00,70825.5,70865.7,70571.2,70692.3,56.08525986
2026-04-13 09:00:00,70692.3,70907.2,70682.1,70794.4,30.50032951
2026-04-13 10:00:00,70794.5,70851.2,70685.2,70750.9,35.95189575
2026-04-13 11:00:00,70750.9,70992.9,70745.5,70929.8,53.46802098
2026-04-13 12:00:00,70929.8,71217.3,70763.1,71079.8,77.69981433
2026-04-13 13:00:00,71079.8,71700.8,70824.7,71663.3,242.55041364
2026-04-13 14:00:00,71663.3,72405.8,71390.2,72405.8,241.8151908
2026-04-13 15:00:00,72405.8,72468.0,71662.3,71876.8,164.30944283
2026-04-13 16:00:00,71874.0,72436.3,71693.3,72207.4,174.71526905
2026-04-13 17:00:00,72207.4,72603.6,72069.8,72155.2,123.63046376
2026-04-13 18:00:00,72155.3,72462.3,72060.8,72435.2,60.785424
2026-04-13 19:00:00,72435.2,73482.3,72303.3,73324.6,237.28103926
2026-04-13 20:00:00,73320.7,73386.3,73021.1,73147.5,121.51496993
2026-04-13 21:00:00,73147.6,73369.4,73073.4,73180.7,47.5714939
2026-04-13 22:00:00,73180.8,74738.8,73172.2,74615.1,354.55581009
2026-04-13 23:00:00,74615.1,74883.2,74403.2,74410.8,210.93028205
2026-04-14 00:00:00,74410.8,74510.4,74113.4,74151.7,84.37255607
2026-04-14 01:00:00,74151.9,74430.1,73983.2,74385.4,66.07621786
2026-04-14 02:00:00,74378.0,74579.6,74276.6,74331.2,55.60674203
2026-04-14 03:00:00,74331.3,74495.5,74251.8,74443.7,44.8564006
2026-04-14 04:00:00,74450.0,74514.1,74358.6,74388.6,34.51100333
2026-04-14 05:00:00,74388.7,74433.9,74162.6,74203.5,42.08597139
2026-04-14 06:00:00,74203.7,74544.8,74203.7,74528.6,43.66771931
2026-04-14 07:00:00,74528.6,74927.5,74432.0,74548.3,93.84904358
2026-04-14 08:00:00,74550.9,74910.2,74459.8,74750.0,86.36838355
2026-04-14 09:00:00,74749.9,74830.8,74441.5,74501.8,64.87642794
2026-04-14 10:00:00,74501.8,74610.3,74337.8,74342.0,62.01945041514724
2026-04-14 11:00:00,74342.0,74453.6,74311.2,74384.1,45.96192831
2026-04-14 12:00:00,74384.1,74486.8,74271.0,74453.4,80.38753691
2026-04-14 13:00:00,74453.4,75532.8,74414.0,75527.2,258.27265342
2026-04-14 14:00:00,75527.2,76040.9,75022.5,75022.5,286.18184268
2026-04-14 15:00:00,75022.5,75445.6,74578.7,75332.4,184.07496189
2026-04-14 16:00:00,75332.4,75700.0,74534.6,74665.4,122.37185644
2026-04-14 17:00:00,74650.8,74953.3,74262.9,74746.1,115.12165232
2026-04-14 18:00:00,74750.0,74814.7,73849.6,74096.3,138.55705726
2026-04-14 19:00:00,74096.3,74545.2,73899.5,74233.9,108.33079524
2026-04-14 20:00:00,74234.0,74436.9,74016.5,74107.2,58.93307769
2026-04-14 21:00:00,74107.2,74329.1,73954.5,74281.5,60.47956086
2026-04-14 22:00:00,74280.2,74380.3,73810.9,74037.5,87.76247006
2026-04-14 23:00:00,74035.5,74239.2,74005.9,74141.5,74.30747582
2026-04-15 00:00:00,74141.5,74682.3,74122.2,74562.5,98.41280682
2026-04-15 01:00:00,74562.5,74786.2,74500.4,74620.4,65.12754672
2026-04-15 02:00:00,74617.5,74695.3,74189.8,74322.0,52.5769936
2026-04-15 03:00:00,74329.0,74370.5,74176.0,74346.1,50.95848925
2026-04-15 04:00:00,74346.1,74440.6,74261.8,74345.2,51.25860165
2026-04-15 05:00:00,74335.6,74443.3,73876.1,74027.6,72.29620235
2026-04-15 06:00:00,74027.5,74054.6,73869.0,73897.3,35.51728393
2026-04-15 07:00:00,73895.0,74013.8,73520.4,73734.2,79.98020464
2026-04-15 08:00:00,73736.3,74187.4,73680.0,74111.5,57.87683825
2026-04-15 09:00:00,74111.5,74181.7,73912.9,74009.6,41.75741094
2026-04-15 10:00:00,74009.8,74251.8,73796.3,73861.2,64.12084816
2026-04-15 11:00:00,73861.2,74258.1,73861.2,74200.9,74.19993699
2026-04-15 12:00:00,74201.0,74465.4,74052.0,74275.6,80.00082539
2026-04-15 13:00:00,74270.1,74437.3,73824.9,74063.4,127.16445472
2026-04-15 14:00:00,74057.4,74505.0,73825.7,74146.5,128.06711143
2026-04-15 15:00:00,74146.5,74294.4,73591.1,73844.9,111.21244951
2026-04-15 16:00:00,73839.1,74173.6,73761.6,73936.4,95.48672235
2026-04-15 17:00:00,73936.5,74236.0,73915.4,74130.5,83.56218975
2026-04-15 18:00:00,74130.6,74400.0,74068.6,74395.1,82.3154297
2026-04-15 19:00:00,74395.2,75285.3,74357.6,75007.9,152.00316756
2026-04-15 20:00:00,75007.9,75035.0,74515.1,74844.5,100.66581322
2026-04-15 21:00:00,74844.5,74858.5,74551.5,74748.7,51.39462152
2026-04-15 22:00:00,74742.3,75426.7,74742.3,74957.3,105.27836201
2026-04-15 23:00:00,74967.6,74967.6,74626.4,74810.8,61.76759226936692
2026-04-16 00:00:00,74817.2,74871.0,74454.6,74814.2,68.94145193
2026-04-16 01:00:00,74806.8,74806.9,74455.3,74652.3,45.41504379
2026-04-16 02:00:00,74657.0,75267.0,74603.5,74892.9,80.48672624
2026-04-16 03:00:00,74885.6,75153.5,74871.0,74887.4,49.643898
2026-04-16 04:00:00,74887.4,75172.9,74731.7,74954.3,73.06143332
2026-04-16 05:00:00,74952.0,75134.0,74903.7,75048.0,43.02365151
2026-04-16 06:00:00,75049.0,75113.4,74857.7,75040.2,56.98669435
2026-04-16 07:00:00,75032.7,75080.0,74637.5,74717.2,55.11233268
2026-04-16 08:00:00,74717.2,74751.0,74517.1,74676.5,65.77625088
2026-04-16 09:00:00,74676.5,74905.1,74590.3,74595.1,49.08343296
2026-04-16 10:00:00,74595.2,74656.9,74284.6,74311.7,65.34329602
2026-04-16 11:00:00,74313.8,74582.7,74288.3,74575.5,80.59567559
2026-04-16 12:00:00,74575.6,74865.4,74575.5,74618.3,54.10157288
2026-04-16 13:00:00,74617.9,75023.9,73311.3,73782.9,203.73194938
2026-04-16 14:00:00,73789.7,74189.6,73426.1,73973.2,210.64536807
2026-04-16 15:00:00,73969.7,74874.9,73937.7,74692.1,158.94514224
2026-04-16 16:00:00,74692.1,74929.9,74067.1,74170.2,108.05087727
2026-04-16 17:00:00,74170.2,74436.1,73902.4,74336.7,99.06187334
2026-04-16 18:00:00,74336.7,75089.3,74239.1,75025.1,95.89871119
2026-04-16 19:00:00,75025.2,75410.0,74729.0,75347.7,126.74076518
2026-04-16 20:00:00,75347.6,75516.0,75003.3,75221.3,87.13438786
2026-04-16 21:00:00,75221.3,75281.1,74787.6,74939.0,78.75670957
2026-04-16 22:00:00,74939.0,75117.3,74834.8,74863.0,58.31033139
2026-04-16 23:00:00,74863.1,75175.7,74843.6,75146.4,59.32601851
2026-04-17 00:00:00,75146.5,75149.5,74884.8,74947.8,35.37954918
2026-04-17 01:00:00,74940.4,75036.3,74574.0,74751.9,46.19688234
2026-04-17 02:00:00,74752.0,74797.5,74541.7,74702.3,33.37310045
2026-04-17 03:00:00,74702.3,74844.3,74602.7,74617.0,35.38172052
2026-04-17 04:00:00,74617.1,74856.7,74595.1,74785.3,19.70019401
2026-04-17 05:00:00,74785.4,74805.1,74557.2,74645.9,38.89053754
2026-04-17 06:00:00,74646.0,74939.1,74603.2,74934.2,48.5579953
2026-04-17 07:00:00,74936.0,75091.4,74933.1,75081.1,42.33645377
2026-04-17 08:00:00,75075.3,75872.6,74993.5,75768.0,121.46798148
2026-04-17 09:00:00,75776.2,76361.9,75525.0,75778.7,229.80069359
2026-04-17 10:00:00,75778.8,75888.2,75101.0,75274.4,122.93239917
2026-04-17 11:00:00,75274.4,75603.5,75250.0,75589.4,56.95265283
2026-04-17 12:00:00,75589.4,76265.2,75541.0,76234.4,161.39963533
2026-04-17 13:00:00,76241.6,77422.0,76065.0,77330.7,501.47817071
2026-04-17 14:00:00,77345.5,78061.1,77000.0,77888.4,376.01764677
2026-04-17 15:00:00,77894.6,77988.3,77440.2,77774.0,229.05083026
2026-04-17 16:00:00,77781.7,78353.3,77704.1,77858.8,144.27996368
2026-04-17 17:00:00,77858.8,77924.0,77108.8,77523.3,149.41699838138948
2026-04-17 18:00:00,77521.3,77570.1,77100.0,77168.4,125.97924277
2026-04-17 19:00:00,77172.3,77479.7,77008.0,77396.8,82.67812642457166
2026-04-17 20:00:00,77404.6,77611.8,77163.0,77349.9,40.10463552
2026-04-17 21:00:00,77337.5,77499.9,77286.3,77455.0,39.21928526
2026-04-17 22:00:00,77448.6,77522.1,77271.2,77308.0,48.31874284
2026-04-17 23:00:00,77308.0,77308.0,76920.0,77073.0,47.06218526
2026-04-18 00:00:00,77073.0,77252.5,76984.1,77162.1,41.03889303
2026-04-18 01:00:00,77181.3,77329.1,77112.5,77216.9,25.48665889
2026-04-18 02:00:00,77217.0,77414.9,77129.8,77288.7,24.5013241
2026-04-18 03:00:00,77288.8,77299.6,76969.0,77007.3,33.81539249
2026-04-18 04:00:00,77011.2,77165.2,76896.1,77139.0,47.92894587
2026-04-18 05:00:00,77114.6,77280.4,77114.5,77140.7,31.33824473
2026-04-18 06:00:00,77140.7,77212.9,77061.5,77135.5,22.25785208
2026-04-18 07:00:00,77131.4,77131.4,76896.1,77000.4,28.04687164
2026-04-18 08:00:00,77000.5,77045.3,76505.0,76741.0,78.84838925
2026-04-18 09:00:00,76740.7,76740.7,76415.9,76605.1,50.91396981
2026-04-18 10:00:00,76605.0,76605.1,76142.4,76189.9,88.72415619
2026-04-18 11:00:00,76189.9,76190.0,75773.7,76048.0,131.11475432
2026-04-18 12:00:00,76048.1,76304.6,76048.0,76200.7,68.78263754
2026-04-18 13:00:00,76200.5,76212.4,75803.1,76132.3,86.48972805
2026-04-18 14:00:00,76132.3,76294.0,75982.2,76261.1,35.01916673
2026-04-18 15:00:00,76261.2,76374.8,76019.9,76168.7,42.31306004
2026-04-18 16:00:00,76168.8,76213.9,75700.0,75946.5,79.80742654
2026-04-18 17:00:00,75946.5,75960.2,75772.5,75829.5,46.13492565
2026-04-18 18:00:00,75829.6,75844.3,75444.4,75650.9,86.74803011
2026-04-18 19:00:00,75650.9,75796.0,75570.8,75652.0,49.46052497
2026-04-18 20:00:00,75652.1,75837.9,75612.4,75745.3,36.77467629
2026-04-18 21:00:00,75749.0,75842.1,75602.7,75816.7,36.77390723
2026-04-18 22:00:00,75816.8,75871.8,75610.8,75816.5,33.36232033
2026-04-18 23:00:00,75816.6,75893.8,75697.7,75697.7,16.6425686
2026-04-19 00:00:00,75697.7,75843.0,75562.5,75680.8,29.47286113
2026-04-19 01:00:00,75680.8,75796.2,75469.8,75622.4,29.09078713
2026-04-19 02:00:00,75622.4,75722.1,75413.4,75505.8,31.46322611
2026-04-19 03:00:00,75499.6,75637.4,75366.0,75516.3,30.65198581
2026-04-19 04:00:00,75516.4,75779.6,75423.4,75668.8,40.45703961
2026-04-19 05:00:00,75668.8,75685.4,75521.0,75551.9,17.95534656
2026-04-19 06:00:00,75552.0,75552.0,75293.0,75398.1,40.09765914
2026-04-19 07:00:00,75398.0,75398.0,74887.7,75260.3,88.4186697
2026-04-19 08:00:00,75249.7,75305.6,75084.2,75262.9,43.32486037
2026-04-19 09:00:00,75262.9,75273.4,74923.1,75019.6,47.87132671
2026-04-19 10:00:00,75019.6,75242.9,74940.9,75223.7,33.16774958
2026-04-19 11:00:00,75223.8,75632.1,75217.2,75604.7,56.67668709
2026-04-19 12:00:00,75604.8,75705.5,75436.1,75574.8,62.55605324
2026-04-19 13:00:00,75574.9,76245.8,75558.1,75930.5,94.19459148
2026-04-19 14:00:00,75930.5,76150.9,75683.1,76024.8,62.1129997
2026-04-19 15:00:00,76024.8,76153.7,75414.0,75843.7,81.90623568
2026-04-19 16:00:00,75851.7,75861.0,75308.8,75384.3,68.38751914
2026-04-19 17:00:00,75384.3,75387.5,74645.8,74784.1,118.99262297
2026-04-19 18:00:00,74799.1,74913.0,74607.5,74774.8,98.65478184
2026-04-19 19:00:00,74774.9,75079.0,74774.9,74984.3,72.96972057
2026-04-19 20:00:00,74970.2,74970.2,74427.0,74635.7,83.27506892
2026-04-19 21:00:00,74635.8,74816.0,74375.4,74432.7,70.49247303
2026-04-19 22:00:00,74428.6,74428.6,73774.1,74047.0,189.90593121
2026-04-19 23:00:00,74047.0,74052.0,73801.1,73801.3,71.23161176
2026-04-20 00:00:00,73801.3,74358.6,73721.8,74282.4,95.6549812
2026-04-20 01:00:00,74275.4,74746.0,74220.1,74596.4,68.02473775
2026-04-20 02:00:00,74596.5,74628.0,74311.0,74418.8,46.34827099
2026-04-20 03:00:00,74418.8,74640.2,74367.6,74634.5,39.16087169
2026-04-20 04:00:00,74634.5,74639.7,74440.3,74571.8,21.95804563
2026-04-20 05:00:00,74569.5,74569.5,74108.2,74272.8,37.99552092
2026-04-20 06:00:00,74272.9,74895.3,74265.0,74793.1,64.24864296
2026-04-20 07:00:00,74793.2,75571.5,74673.7,74831.5,146.27283859
2026-04-20 08:00:00,74839.1,75000.1,74617.8,74736.1,78.69646045
2026-04-20 09:00:00,74735.6,75240.0,74703.5,75057.1,66.69583127
2026-04-20 10:00:00,75057.2,75411.7,75006.6,75026.8,71.13052427
2026-04-20 11:00:00,75027.9,75281.8,74961.0,75197.8,60.15072217
2026-04-20 12:00:00,75195.4,75650.4,75073.1,75299.3,92.46959714
2026-04-20 13:00:00,75299.4,75425.0,74863.2,75276.1,169.80377222
2026-04-20 14:00:00,75259.1,75760.0,74924.2,75034.3,162.76549784
2026-04-20 15:00:00,75034.4,75776.7,74712.3,75717.5,153.96243572
2026-04-20 16:00:00,75717.6,75722.7,75306.2,75330.8,65.46682191
2026-04-20 17:00:00,75338.5,75978.3,75300.0,75894.9,92.69987125
2026-04-20 18:00:00,75898.5,76461.3,75898.5,76423.7,149.96120773
2026-04-20 19:00:00,76426.4,76475.5,76151.3,76297.3,71.82305212
2026-04-20 20:00:00,76297.3,76563.8,76122.5,76272.8,76.40495582
2026-04-20 21:00:00,76272.7,76363.6,75788.5,75956.2,73.10589866
2026-04-20 22:00:00,75956.2,76146.0,75907.5,75972.7,46.52252927
2026-04-20 23:00:00,75972.8,75972.8,75628.9,75844.3,50.25331837
2026-04-21 00:00:00,75843.3,76096.0,75682.1,76093.3,58.36583904
2026-04-21 01:00:00,76093.4,76278.8,75869.5,75929.5,59.02191615
2026-04-21 02:00:00,75929.5,75935.1,75584.1,75589.3,53.26704884
2026-04-21 03:00:00,75584.1,75727.8,75490.1,75718.3,31.02417488
2026-04-21 04:00:00,75718.3,75820.1,75608.7,75814.4,25.20352512
2026-04-21 05:00:00,75814.4,75983.4,75787.7,75809.3,26.18153814
2026-04-21 06:00:00,75809.4,76134.4,75701.4,75983.8,41.77713204
2026-04-21 07:00:00,75983.9,76305.2,75818.9,76100.4,79.90765224
2026-04-21 08:00:00,76100.5,76916.0,76070.0,76514.2,79.98787482261038
2026-04-21 09:00:00,76514.3,76587.6,76165.6,76354.4,59.99083839
2026-04-21 10:00:00,76365.1,76874.8,76357.0,76750.1,64.7632411
2026-04-21 11:00:00,76750.1,76755.3,76337.8,76451.1,100.32792047
2026-04-21 12:00:00,76451.1,76528.0,75715.0,76018.4,138.57551672
2026-04-21 13:00:00,76021.8,76187.1,75740.7,75905.6,172.73526821
2026-04-21 14:00:00,75909.4,76588.2,75633.0,75681.3,193.03693421
2026-04-21 15:00:00,75681.2,75978.0,75422.0,75828.1,175.4181954
2026-04-21 16:00:00,75828.2,76183.0,75756.3,75780.8,113.5122969
2026-04-21 17:00:00,75779.3,75912.9,75053.2,75543.5,191.74730112
2026-04-21 18:00:00,75547.5,75663.0,75306.5,75606.8,110.40939487
2026-04-21 19:00:00,75606.7,75907.6,74824.0,75020.8,163.1840875
2026-04-21 20:00:00,75020.9,75851.3,74985.4,75716.1,146.48182829
2026-04-21 21:00:00,75689.8,75769.6,75442.3,75547.2,39.04498606
2026-04-21 22:00:00,75544.5,75640.4,75285.8,75639.7,52.64032335
2026-04-21 23:00:00,75639.6,76427.6,75618.7,76325.6,73.255947054659
2026-04-22 00:00:00,76336.3,76500.0,76217.8,76372.0,67.51005614312137
2026-04-22 01:00:00,76371.9,76412.0,76128.8,76291.5,57.82520068
2026-04-22 02:00:00,76297.1,77634.4,76217.7,77599.1,204.63137564
2026-04-22 03:00:00,77604.2,77720.4,77394.2,77522.4,103.31557399
2026-04-22 04:00:00,77522.4,77699.9,77357.9,77523.3,59.67705583
2026-04-22 05:00:00,77520.0,78436.9,77451.1,77982.3,231.95922312
2026-04-22 06:00:00,77982.3,78029.8,77897.0,78000.9,47.91682705
2026-04-22 07:00:00,78000.9,78114.9,77820.8,78006.7,64.48418470831297
2026-04-22 08:00:00,78006.7,78204.6,77942.5,78010.6,62.59480317
2026-04-22 09:00:00,78010.5,78189.8,77963.0,78008.7,49.67555872
2026-04-22 10:00:00,78008.8,78174.1,77953.7,78159.2,50.41345151
2026-04-22 11:00:00,78159.2,78400.0,78093.5,78298.5,65.68353748
2026-04-22 12:00:00,78298.6,78510.0,78116.2,78241.4,117.41503246
2026-04-22 13:00:00,78236.5,78843.0,78168.6,78835.3,170.34153903
2026-04-22 14:00:00,78843.0,79181.6,78568.1,79034.2,275.49622891
2026-04-22 15:00:00,79031.5,79400.0,78838.0,79278.1,202.66702535
2026-04-22 16:00:00,79278.1,79467.4,78652.2,78743.6,215.63524282154518
2026-04-22 17:00:00,78744.0,79049.0,78710.0,78909.1,67.49695821
2026-04-22 18:00:00,78909.1,79165.5,78831.9,79028.6,59.13593272
2026-04-22 19:00:00,79040.3,79068.6,78700.8,78849.4,90.10781645
2026-04-22 20:00:00,78847.8,78918.6,78414.6,78426.4,84.38077583
2026-04-22 21:00:00,78442.7,78830.9,78431.9,78764.1,40.78360584
2026-04-22 22:00:00,78764.0,78825.5,78458.5,78621.7,45.73867447
2026-04-22 23:00:00,78610.9,78610.9,78159.9,78181.0,55.79556039
2026-04-23 00:00:00,78180.9,78577.2,77595.7,78426.7,139.8338375
2026-04-23 01:00:00,78426.8,78470.9,78076.0,78354.0,58.82500561801789
2026-04-23 02:00:00,78359.4,78360.8,77768.0,77938.3,73.7380856
2026-04-23 03:00:00,77935.0,78031.8,77475.6,77751.2,79.70917167
2026-04-23 04:00:00,77751.2,77950.0,77678.5,77928.9,44.65942818
2026-04-23 05:00:00,77919.8,78109.4,77779.6,78026.8,48.25200943
2026-04-23 06:00:00,78040.9,78343.7,78040.8,78208.5,57.06944517
2026-04-23 07:00:00,78208.6,78246.8,77976.7,78053.6,46.01943834
2026-04-23 08:00:00,78053.7,78176.7,77729.4,77860.0,57.99925366
2026-04-23 09:00:00,77860.1,77860.1,77446.9,77658.3,57.32206366
2026-04-23 10:00:00,77653.3,77716.0,77139.6,77403.0,124.32371603
2026-04-23 11:00:00,77403.0,77749.7,77370.1,77697.3,61.41280575
2026-04-23 12:00:00,77697.3,77868.2,77526.0,77868.2,105.62905468
2026-04-23 13:00:00,77868.2,77916.0,77400.0,77536.8,151.19759839
2026-04-23 14:00:00,77527.8,78206.6,77421.4,78184.5,136.9877271
2026-04-23 15:00:00,78184.5,78664.9,77984.5,78381.4,105.62301365
2026-04-23 16:00:00,78381.4,78513.6,78035.9,78103.9,65.98863896
2026-04-23 17:00:00,78097.0,78183.2,76969.4,77775.3,238.53119333
2026-04-23 18:00:00,77775.4,78141.0,77679.5,77699.1,125.03606181
2026-04-23 19:00:00,77679.6,77895.3,77600.0,77708.1,96.72780969
2026-04-23 20:00:00,77718.1,78056.9,77646.8,77889.8,58.18450375
2026-04-23 21:00:00,77889.9,78072.9,77795.7,77873.6,30.10351436
2026-04-23 22:00:00,77864.6,78331.7,77864.6,78238.0,60.74080251
2026-04-23 23:00:00,78238.1,78294.9,78028.5,78250.7,39.61779105
2026-04-24 00:00:00,78250.6,78492.0,78166.3,78412.3,49.40556153
2026-04-24 01:00:00,78412.3,78451.2,77951.0,78429.5,67.51123952
2026-04-24 02:00:00,78429.6,78568.5,78066.1,78128.6,133.62349748
2026-04-24 03:00:00,78124.0,78172.6,77555.0,77733.0,83.21729912
2026-04-24 04:00:00,77733.1,77850.6,77481.0,77662.8,42.96772212
2026-04-24 05:00:00,77662.8,78053.8,77457.6,77949.3,35.07308604
2026-04-24 06:00:00,77949.4,77978.7,77762.8,77790.2,21.81370958
2026-04-24 07:00:00,77790.1,77847.4,77546.1,77649.9,32.09855738
2026-04-24 08:00:00,77650.0,78007.8,77573.1,77786.3,57.28498753
2026-04-24 09:00:00,77786.3,77804.4,77410.4,77533.3,59.1310165
2026-04-24 10:00:00,77533.4,77782.9,77443.7,77753.5,37.74812593
2026-04-24 11:00:00,77757.5,78371.2,77753.6,78225.7,142.38389305
2026-04-24 12:00:00,78225.7,78341.5,78007.1,78266.6,77.7944048
2026-04-24 13:00:00,78266.7,78466.9,77913.0,78086.4,124.18293853
2026-04-24 14:00:00,78086.3,78086.3,77678.7,78034.1,104.11937432
2026-04-24 15:00:00,78034.1,78235.0,77574.1,78043.2,128.37408775263265
2026-04-24 16:00:00,78049.9,78070.1,77585.9,77778.9,79.13918836
2026-04-24 17:00:00,77774.1,77833.1,77491.3,77680.0,76.84610192
2026-04-24 18:00:00,77684.0,77719.5,77369.5,77620.8,88.39829468
2026-04-24 19:00:00,77620.8,77750.4,77534.1,77628.9,45.82544609
2026-04-24 20:00:00,77629.0,77763.2,77457.5,77722.0,41.14612741
2026-04-24 21:00:00,77722.1,77756.2,77541.5,77541.5,34.04950272
2026-04-24 22:00:00,77541.5,77611.9,77272.1,77341.1,104.62229983
2026-04-24 23:00:00,77341.3,77465.1,77340.5,77439.6,23.14457115
2026-04-25 00:00:00,77439.5,77499.7,77314.3,77455.8,18.29605466
2026-04-25 01:00:00,77462.7,77622.7,77437.4,77547.7,17.99334497
2026-04-25 02:00:00,77547.8,77647.7,77503.9,77610.4,12.42852037
2026-04-25 03:00:00,77610.5,77711.5,77555.2,77671.0,23.16663338
2026-04-25 04:00:00,77671.0,77698.5,77602.3,77622.1,9.18237917
2026-04-25 05:00:00,77622.2,77622.2,77483.6,77515.5,12.34080788
2026-04-25 06:00:00,77515.5,77581.6,77484.8,77509.1,18.88511588
2026-04-25 07:00:00,77502.2,77568.0,77451.1,77508.2,25.50679335
2026-04-25 08:00:00,77501.3,77663.0,77491.6,77647.5,17.84477147
2026-04-25 09:00:00,77647.6,77775.4,77587.1,77717.0,20.05294255
2026-04-25 10:00:00,77717.1,77883.9,77717.1,77793.6,40.48845539
2026-04-25 11:00:00,77793.7,77793.7,77611.5,77678.4,29.64560693
2026-04-25 12:00:00,77678.4,77710.4,77540.8,77562.1,33.58758723
2026-04-25 13:00:00,77562.2,77710.5,77556.5,77688.7,44.15515579
2026-04-25 14:00:00,77688.8,77746.9,77634.2,77650.9,30.39674256
2026-04-25 15:00:00,77651.0,77716.0,77319.1,77332.5,39.23820826
2026-04-25 16:00:00,77331.0,77451.9,77147.1,77403.9,54.56539722
2026-04-25 17:00:00,77403.9,77403.9,77210.6,77244.9,24.47527963
2026-04-25 18:00:00,77244.9,77384.8,77213.8,77294.0,32.56819543
2026-04-25 19:00:00,77294.0,77339.1,77200.0,77320.8,26.18805029
2026-04-25 20:00:00,77320.8,77478.4,77307.2,77478.4,19.36586443
2026-04-25 21:00:00,77478.4,77526.5,77408.4,77523.3,21.27661275
2026-04-25 22:00:00,77525.1,77629.6,77490.0,77542.1,23.07844378
2026-04-25 23:00:00,77551.4,77637.0,77520.2,77616.3,19.0328683
2026-04-26 00:00:00,77616.4,77626.5,77438.0,77500.6,19.34011602
2026-04-26 01:00:00,77500.6,77552.9,77442.3,77450.3,15.20236847
2026-04-26 02:00:00,77450.3,77579.6,77446.2,77509.6,13.52330057
2026-04-26 03:00:00,77516.8,77536.4,77313.7,77397.7,18.63816602
2026-04-26 04:00:00,77386.3,77802.9,77373.9,77765.9,34.10756551
2026-04-26 05:00:00,77765.9,78188.0,77703.6,77976.5,93.889164
2026-04-26 06:00:00,77976.5,78037.2,77894.7,77991.7,24.30622517
2026-04-26 07:00:00,77991.7,78122.2,77953.3,78097.4,16.33676609
2026-04-26 08:00:00,78097.5,78198.5,78015.9,78028.8,26.26955626
2026-04-26 09:00:00,78028.7,78050.8,77927.0,77999.4,33.85117407
2026-04-26 10:00:00,77999.4,78049.4,77951.4,77995.0,16.83180828
2026-04-26 11:00:00,77994.9,78147.3,77994.9,78089.3,27.29596103
2026-04-26 12:00:00,78089.3,78097.7,77768.5,77829.0,42.36348201
2026-04-26 13:00:00,77823.5,77979.5,77789.0,77972.5,37.18141028
2026-04-26 14:00:00,77972.4,78165.5,77869.9,78089.0,46.4004876
2026-04-26 15:00:00,78092.7,78118.8,77990.0,78033.1,34.37107421
2026-04-26 16:00:00,78033.1,78082.1,77927.9,77927.9,18.50011234
2026-04-26 17:00:00,77926.8,78050.6,77848.5,78010.8,26.40322674
2026-04-26 18:00:00,78010.9,78353.4,77981.7,78282.7,62.23476866
2026-04-26 19:00:00,78279.3,78488.0,78014.8,78218.9,72.4871607
2026-04-26 20:00:00,78218.9,78379.4,78154.6,78195.5,29.92678606
2026-04-26 21:00:00,78189.9,78938.4,77847.0,78417.9,128.74687744
2026-04-26 22:00:00,78417.9,78837.3,77962.2,78313.3,175.59465761
2026-04-26 23:00:00,78313.2,78889.2,78038.1,78639.1,138.56031354
2026-04-27 00:00:00,78639.1,79352.6,78400.0,79306.0,107.76159775
2026-04-27 01:00:00,79305.9,79468.9,78722.4,79276.8,111.5639606565415
2026-04-27 02:00:00,79276.8,79296.8,79030.0,79126.7,40.49187708
2026-04-27 03:00:00,79122.8,79310.3,79070.3,79103.9,48.00887683
2026-04-27 04:00:00,79103.9,79164.4,78876.9,78919.0,47.65672474
2026-04-27 05:00:00,78919.1,78934.5,77588.0,77787.9,186.27910056
2026-04-27 06:00:00,77787.9,77877.1,77472.0,77711.8,77.02409251
2026-04-27 07:00:00,77711.8,77742.3,77572.8,77611.0,63.13299092
2026-04-27 08:00:00,77610.9,77819.2,77562.3,77811.7,47.47942208
2026-04-27 09:00:00,77811.8,77982.8,77707.1,77906.4,45.54527239
2026-04-27 10:00:00,77902.9,77940.5,77788.1,77852.0,21.45647404
2026-04-27 11:00:00,77850.0,77887.0,77743.5,77845.8,30.74874323
2026-04-27 12:00:00,77845.1,77885.4,77628.3,77669.0,46.14232664
2026-04-27 13:00:00,77669.1,77962.4,77571.3,77747.4,83.37680517
2026-04-27 14:00:00,77747.3,78266.3,77680.7,77806.1,75.6995055
2026-04-27 15:00:00,77814.0,77830.2,76576.4,76806.1,202.21051948
2026-04-27 16:00:00,76798.8,76861.2,76557.1,76618.0,78.80273879
2026-04-27 17:00:00,76624.1,76934.9,76624.1,76745.8,80.54334771
2026-04-27 18:00:00,76736.2,76899.1,76666.9,76832.8,49.79175267
2026-04-27 19:00:00,76832.7,76894.2,76453.4,76875.0,74.14910261
2026-04-27 20:00:00,76867.5,77068.9,76842.9,76963.9,41.44000213
2026-04-27 21:00:00,76963.8,76977.3,76781.0,76781.1,28.50126413
2026-04-27 22:00:00,76781.1,77077.2,76755.2,77063.0,53.12760312
2026-04-27 23:00:00,77063.0,77455.5,77016.0,77369.3,52.82781337
2026-04-28 00:00:00,77369.4,77474.9,77213.2,77385.9,45.38643449
2026-04-28 01:00:00,77377.1,77398.8,77035.9,77085.1,44.96807113
2026-04-28 02:00:00,77087.2,77223.0,76683.6,76896.3,50.5805365
2026-04-28 03:00:00,76889.6,76896.3,76683.6,76815.0,33.20425007
2026-04-28 04:00:00,76813.6,76959.9,76690.0,76886.5,40.37977731
2026-04-28 05:00:00,76886.6,77148.1,76809.0,76886.6,45.58236821
2026-04-28 06:00:00,76886.6,77026.9,76592.9,76705.8,42.8251247
2026-04-28 07:00:00,76704.9,76920.3,76432.4,76871.6,55.36765977
2026-04-28 08:00:00,76871.6,76994.5,76741.5,76862.6,35.22909426
2026-04-28 09:00:00,76856.5,76860.6,76494.6,76596.5,36.74152694
2026-04-28 10:00:00,76595.9,76691.1,76482.7,76617.1,29.49709698
2026-04-28 11:00:00,76620.6,76638.1,76124.4,76224.9,61.01507658
2026-04-28 12:00:00,76238.4,76429.3,76167.0,76373.1,70.83622791
2026-04-28 13:00:00,76380.5,76410.0,75971.9,76199.7,125.8171267
2026-04-28 14:00:00,76194.0,76204.5,75666.4,75946.8,126.7094478
2026-04-28 15:00:00,75954.2,76081.9,75836.8,76063.6,71.8114083
2026-04-28 16:00:00,76063.7,76221.9,75885.7,76124.8,58.29061543
2026-04-28 17:00:00,76124.8,76265.0,75963.6,76193.9,49.88590697
2026-04-28 18:00:00,76193.9,76265.0,76130.6,76235.2,51.026632
2026-04-28 19:00:00,76235.3,76377.3,76063.4,76321.5,29.58188148
2026-04-28 20:00:00,76321.6,76460.1,76321.6,76460.0,37.42272689
2026-04-28 21:00:00,76460.1,76473.7,76257.3,76356.4,29.47242384
2026-04-28 22:00:00,76356.4,76445.0,76212.2,76232.4,26.57608278
2026-04-28 23:00:00,76232.4,76364.1,76187.5,76334.7,22.16673474
2026-04-29 00:00:00,76334.8,76550.2,76270.5,76496.9,37.30141407
2026-04-29 01:00:00,76499.0,76650.0,76189.7,76561.8,44.87515153
2026-04-29 02:00:00,76561.9,76654.1,76402.7,76526.6,30.15121335
2026-04-29 03:00:00,76523.7,77119.8,76516.0,76999.9,36.63945722
2026-04-29 04:00:00,77000.0,77446.2,76885.1,77275.0,40.72826078
2026-04-29 05:00:00,77272.3,77320.2,77187.0,77289.8,23.53445903
2026-04-29 06:00:00,77289.8,77330.0,76934.0,77023.0,51.16456053
2026-04-29 07:00:00,77023.1,77182.6,77014.2,77055.7,22.6239155
2026-04-29 08:00:00,77057.7,77150.3,76969.5,77044.4,16.28343401
2026-04-29 09:00:00,77042.6,77785.7,76969.4,77640.8,52.36414072
2026-04-29 10:00:00,77640.8,77894.6,77554.9,77626.7,76.68674313
2026-04-29 11:00:00,77631.6,77692.2,77486.0,77591.6,53.26608272
2026-04-29 12:00:00,77589.1,77597.6,76993.2,77147.9,103.86828052
2026-04-29 13:00:00,77147.8,77247.2,76433.2,76789.0,133.35383602
2026-04-29 14:00:00,76784.1,76874.8,76492.2,76564.6,83.12191013
2026-04-29 15:00:00,76573.8,76631.5,75712.5,75916.0,161.29741549
2026-04-29 16:00:00,75920.0,76130.4,75703.1,75799.3,106.66175826
2026-04-29 17:00:00,75799.3,76184.8,75799.3,76184.8,80.91325855
2026-04-29 18:00:00,76184.8,76263.0,74957.5,75515.7,253.90486553
2026-04-29 19:00:00,75512.2,75589.3,75300.0,75561.9,80.12807325
2026-04-29 20:00:00,75562.0,75856.0,75490.1,75676.9,90.3998463
2026-04-29 21:00:00,75677.0,76095.7,75604.7,75925.8,54.64470668
2026-04-29 22:00:00,75925.7,76001.8,75818.9,75927.2,37.65927553
2026-04-29 23:00:00,75925.1,75990.0,75693.6,75783.4,41.2238348
2026-04-30 00:00:00,75783.4,76329.0,75655.0,76262.7,52.9379947
2026-04-30 01:00:00,76260.6,76469.2,76179.5,76235.0,44.58414824
2026-04-30 02:00:00,76235.0,76356.9,75502.2,75710.3,61.27569123
2026-04-30 03:00:00,75710.3,75989.8,75662.7,75937.4,31.05213678
2026-04-30 04:00:00,75937.4,75966.7,75419.3,75496.5,45.86823272
2026-04-30 05:00:00,75496.6,75755.6,75330.6,75608.5,36.8091644
2026-04-30 06:00:00,75608.6,75867.9,75583.6,75762.8,32.80053168
2026-04-30 07:00:00,75762.8,76178.2,75712.8,76171.1,46.07097346
2026-04-30 08:00:00,76171.1,76216.2,76027.5,76064.0,30.0257862
2026-04-30 09:00:00,76064.0,76345.0,76014.7,76108.4,37.41884812
2026-04-30 10:00:00,76106.7,76171.4,75978.8,76036.6,31.27446058
2026-04-30 11:00:00,76036.6,76251.9,75869.3,76062.1,58.20021609984364
2026-04-30 12:00:00,76062.2,76412.4,76040.2,76302.6,50.37664235
2026-04-30 13:00:00,76303.6,76663.8,76110.1,76412.1,61.66109045
2026-04-30 14:00:00,76412.2,76588.3,76089.0,76295.6,90.46423059
2026-04-30 15:00:00,76295.7,76654.6,76156.0,76471.1,73.49140834476424
2026-04-30 16:00:00,76465.9,76480.7,76224.3,76262.5,32.73059999
2026-04-30 17:00:00,76262.5,76331.7,76109.5,76248.2,44.44267865
2026-04-30 18:00:00,76248.0,76472.9,76205.3,76345.1,26.17527854
2026-04-30 19:00:00,76344.6,76510.3,76303.0,76413.4,37.12653078
2026-04-30 20:00:00,76406.4,76567.0,76314.4,76485.7,45.90278376
2026-04-30 21:00:00,76485.8,76529.5,76232.7,76232.7,38.35977382
2026-04-30 22:00:00,76232.7,76447.5,76205.0,76231.4,21.26319988
2026-04-30 23:00:00,76231.5,76380.6,76216.5,76336.1,25.38784761
2026-05-01 00:00:00,76336.1,76585.9,76314.6,76451.3,32.9462129
2026-05-01 01:00:00,76459.0,76775.8,76443.5,76689.5,28.98037408
2026-05-01 02:00:00,76689.5,76745.0,76534.9,76595.1,23.79209734
2026-05-01 03:00:00,76595.0,77448.2,76564.2,77123.2,102.29686783
2026-05-01 04:00:00,77123.2,77208.6,76939.8,77041.6,46.95037498
2026-05-01 05:00:00,77041.5,77190.2,77035.5,77164.6,21.75260206
2026-05-01 06:00:00,77164.6,77176.1,76882.0,77000.5,30.52096369
2026-05-01 07:00:00,76989.4,77144.7,76956.4,77131.1,33.93805207
2026-05-01 08:00:00,77131.2,77500.0,77046.4,77376.4,44.09151707
2026-05-01 09:00:00,77376.4,77388.4,77198.8,77273.3,28.58179081
2026-05-01 10:00:00,77270.5,77432.0,77158.9,77300.0,40.16349374
2026-05-01 11:00:00,77300.0,77599.9,77267.2,77461.0,36.4727264
2026-05-01 12:00:00,77461.0,78170.0,77399.5,77889.2,131.74962487
2026-05-01 13:00:00,77889.2,78916.2,77889.2,78741.3,159.50744083282638
2026-05-01 14:00:00,78741.2,78876.3,78059.6,78361.3,95.24931312
2026-05-01 15:00:00,78358.4,78734.6,78180.8,78445.5,93.88158292
2026-05-01 16:00:00,78445.4,78689.0,78175.3,78215.8,75.1981371
2026-05-01 17:00:00,78215.7,78590.5,78132.4,78555.5,52.70001254981198
2026-05-01 18:00:00,78561.5,78625.0,78377.3,78425.6,62.68934789
2026-05-01 19:00:00,78425.7,78549.5,78314.4,78364.0,32.03505215319541
2026-05-01 20:00:00,78364.1,78430.9,77759.0,77879.0,52.77150881
2026-05-01 21:00:00,77879.1,78206.7,77857.5,78206.7,42.66049867
2026-05-01 22:00:00,78206.7,78411.8,78135.7,78148.7,30.81208943
2026-05-01 23:00:00,78148.7,78250.1,78033.1,78229.8,23.74139408
2026-05-02 00:00:00,78229.9,78396.0,78167.9,78351.2,28.75858769
2026-05-02 01:00:00,78351.2,78436.7,78300.9,78340.0,17.72098504
2026-05-02 02:00:00,78344.4,78517.2,78258.1,78360.8,20.89037307
2026-05-02 03:00:00,78360.9,78520.0,78235.1,78413.8,29.16483722
2026-05-02 04:00:00,78413.9,78451.3,78120.6,78175.0,33.82306648
2026-05-02 05:00:00,78175.0,78250.2,78038.0,78205.7,28.36229962
2026-05-02 06:00:00,78188.8,78360.0,78149.0,78328.7,33.91937101098939
2026-05-02 07:00:00,78328.6,78346.6,78210.1,78223.9,21.62627028
2026-05-02 08:00:00,78224.0,78359.9,78161.9,78315.3,18.38288255
2026-05-02 09:00:00,78315.4,78396.5,78226.1,78297.1,34.78378579
2026-05-02 10:00:00,78297.2,78323.9,78229.7,78254.8,17.63549389
2026-05-02 11:00:00,78254.8,78254.8,78104.7,78149.6,16.92869732
2026-05-02 12:00:00,78149.7,78267.5,78112.5,78212.0,18.8388978
2026-05-02 13:00:00,78212.0,78427.7,78212.0,78374.4,25.26346845
2026-05-02 14:00:00,78374.5,78488.0,78317.1,78421.5,36.21155485
2026-05-02 15:00:00,78421.5,78487.1,78364.6,78487.0,15.98699613
2026-05-02 16:00:00,78487.0,78588.0,78425.7,78456.0,34.798417795
2026-05-02 17:00:00,78456.0,78487.3,78375.0,78390.7,22.35391838
2026-05-02 18:00:00,78390.7,78486.6,78306.8,78459.3,27.93383095
2026-05-02 19:00:00,78459.3,78514.6,78439.5,78477.9,17.92713781
2026-05-02 20:00:00,78481.7,78481.7,78410.1,78447.9,9.74771286
2026-05-02 21:00:00,78448.0,79149.8,78439.9,78718.9,92.65700099
2026-05-02 22:00:00,78718.9,78866.0,78605.2,78828.1,43.91838048
2026-05-02 23:00:00,78828.1,78828.1,78629.5,78686.5,20.71560644
2026-05-03 00:00:00,78686.5,78762.6,78481.7,78534.5,32.09846322
2026-05-03 01:00:00,78534.5,78534.5,78139.0,78239.7,43.13668125
2026-05-03 02:00:00,78239.1,78317.9,78112.4,78169.4,32.50875113
2026-05-03 03:00:00,78169.3,78220.2,78112.5,78199.3,20.98489306
2026-05-03 04:00:00,78199.4,78236.6,78115.4,78158.1,12.75825574
2026-05-03 05:00:00,78155.0,78263.0,78154.9,78246.6,13.55022113
2026-05-03 06:00:00,78246.7,78336.3,78082.4,78284.0,22.51379248
2026-05-03 07:00:00,78284.0,78451.2,78284.0,78356.6,44.45201041
2026-05-03 08:00:00,78356.6,78496.3,78356.5,78383.1,19.44847181
2026-05-03 09:00:00,78383.1,78600.0,78352.7,78528.0,35.92717825
2026-05-03 10:00:00,78528.0,78529.7,78400.7,78400.7,16.42517017
2026-05-03 11:00:00,78400.8,78850.0,78376.7,78655.6,58.92137378
2026-05-03 12:00:00,78655.6,78879.9,78655.6,78733.6,132.91684142
2026-05-03 13:00:00,78733.7,78757.9,78586.1,78657.9,37.81369569
2026-05-03 14:00:00,78657.9,78776.9,78610.5,78738.9,30.09021349
2026-05-03 15:00:00,78732.8,78814.6,78619.5,78658.7,33.14559262863645
2026-05-03 16:00:00,78658.7,78771.6,78589.2,78653.1,18.3326753
2026-05-03 17:00:00,78643.9,78815.0,78550.4,78723.2,32.1460785
2026-05-03 18:00:00,78723.2,78749.3,78626.0,78734.8,16.86340873
2026-05-03 19:00:00,78734.8,78844.0,78672.2,78761.6,20.65982643
2026-05-03 20:00:00,78761.5,79266.5,78724.7,78907.8,74.88453854
2026-05-03 21:00:00,78907.8,79050.6,78653.3,78826.3,41.15353962
2026-05-03 22:00:00,78826.4,79435.6,78826.4,79170.8,110.28902911
2026-05-03 23:00:00,79167.7,79287.8,78494.9,78565.4,73.89871647
2026-05-04 00:00:00,78569.6,78600.0,78293.2,78553.0,64.43326185
2026-05-04 01:00:00,78557.0,79847.7,78420.5,79763.6,163.88213387
2026-05-04 02:00:00,79769.7,80402.3,79542.1,80157.6,229.78551161376055
2026-05-04 03:00:00,80162.7,80443.5,79922.5,80309.4,95.51122025
2026-05-04 04:00:00,80309.5,80614.4,80230.0,80329.0,97.71648273
2026-05-04 05:00:00,80329.0,80392.2,79949.0,80021.3,54.19298138
2026-05-04 06:00:00,80021.1,80041.6,79497.8,79861.7,68.7154084
2026-05-04 07:00:00,79861.8,79945.5,79674.3,79697.1,36.34083736
2026-05-04 08:00:00,79697.7,79806.1,79601.6,79704.7,40.11147825
2026-05-04 09:00:00,79699.0,79925.5,79645.4,79834.9,39.2723353
2026-05-04 10:00:00,79835.0,79883.6,78219.5,78938.6,312.49097957
2026-05-04 11:00:00,78951.8,79122.0,78705.4,78799.4,84.03561091
2026-05-04 12:00:00,78799.4,79025.1,78721.8,78868.6,43.93005431
2026-05-04 13:00:00,78862.1,79119.8,78580.2,78791.0,123.61250569
2026-05-04 14:00:00,78791.7,80544.4,78502.5,80204.1,261.45007389980987
2026-05-04 15:00:00,80204.1,80360.1,79322.1,80037.6,322.80508653
2026-05-04 16:00:00,80021.8,80392.9,79625.1,80038.6,169.37606196
2026-05-04 17:00:00,80022.6,80764.6,80022.6,80386.4,146.47762901113157
2026-05-04 18:00:00,80386.5,80433.8,80032.9,80117.3,76.61189057
2026-05-04 19:00:00,80117.3,80140.2,79892.6,80055.5,48.89257149
2026-05-04 20:00:00,80049.1,80149.9,79895.1,79941.2,41.40517911
2026-05-04 21:00:00,79941.3,80386.9,79941.3,80262.3,44.98565474
2026-05-04 22:00:00,80262.2,80397.9,80060.0,80070.6,36.61576649
2026-05-04 23:00:00,80058.6,80058.6,79759.4,79861.3,43.26099362
2026-05-05 00:00:00,79861.3,80181.8,79803.9,80174.7,40.35972562
2026-05-05 01:00:00,80178.2,80385.0,80080.4,80348.2,43.74348628
2026-05-05 02:00:00,80349.8,80895.8,80303.6,80556.8,79.92397745
2026-05-05 03:00:00,80558.8,81077.0,80460.1,80883.5,71.43116451
2026-05-05 04:00:00,80882.5,80979.9,80725.9,80905.0,111.58735527
2026-05-05 05:00:00,80902.2,81326.9,80838.7,80964.1,89.91891029376454
2026-05-05 06:00:00,80964.0,81007.2,80794.0,80976.9,51.96081674
2026-05-05 07:00:00,80976.9,81135.9,80839.3,80872.7,126.12833776
2026-05-05 08:00:00,80861.6,80897.3,80728.0,80811.6,37.21632044
2026-05-05 09:00:00,80819.7,80819.8,80528.5,80584.3,39.81510441
2026-05-05 10:00:00,80584.4,80835.7,80535.2,80830.6,38.05344038
2026-05-05 11:00:00,80830.5,81100.0,80784.1,81030.7,45.38757507
2026-05-05 12:00:00,81022.6,81317.0,80929.3,81284.7,42.7244686
2026-05-05 13:00:00,81284.7,81719.1,81197.6,81332.0,209.58215977
2026-05-05 14:00:00,81332.0,81489.7,80944.2,81324.5,217.17384773
2026-05-05 15:00:00,81332.4,81684.9,81230.9,81527.0,123.09667814
2026-05-05 16:00:00,81527.7,81619.9,81060.1,81294.4,99.72093913
2026-05-05 17:00:00,81294.4,81471.1,81192.7,81272.2,40.51681007
2026-05-05 18:00:00,81272.2,81611.7,81272.2,81519.7,45.32817675
2026-05-05 19:00:00,81519.7,81684.9,81414.5,81607.9,31.12467873
2026-05-05 20:00:00,81607.8,81776.4,81519.5,81652.1,73.72764965
2026-05-05 21:00:00,81652.1,81801.1,81311.1,81413.1,62.26590622
2026-05-05 22:00:00,81416.5,81609.7,80824.1,81118.8,150.45270186
2026-05-05 23:00:00,81118.8,81234.2,80800.0,80918.6,67.65474797884805
2026-05-06 00:00:00,80913.0,81269.1,80741.9,81044.9,121.80731665
2026-05-06 01:00:00,81044.8,81531.1,81003.3,81437.3,68.39199427
2026-05-06 02:00:00,81446.2,81450.9,81054.0,81365.2,35.22555677
2026-05-06 03:00:00,81365.3,81754.6,81365.3,81584.3,63.82580822
2026-05-06 04:00:00,81584.3,81647.8,81277.3,81336.1,42.63289144
2026-05-06 05:00:00,81321.7,81349.0,81059.6,81326.3,43.3497738
2026-05-06 06:00:00,81318.4,81525.0,81210.0,81487.1,33.57767133
2026-05-06 07:00:00,81487.1,81618.1,81315.2,81374.3,41.35614632
2026-05-06 08:00:00,81374.2,81993.6,81332.3,81943.8,90.95831489
2026-05-06 09:00:00,81943.8,82058.9,81679.3,81990.8,125.93901695
2026-05-06 10:00:00,81990.9,82382.5,81948.6,82274.0,107.27415526
2026-05-06 11:00:00,82274.0,82839.8,82246.7,82517.0,105.69920252
2026-05-06 12:00:00,82517.0,82540.1,82160.2,82223.1,86.7762784
2026-05-06 13:00:00,82223.2,82223.2,81605.8,81677.2,137.61655125
2026-05-06 14:00:00,81669.2,81981.4,81143.4,81522.2,133.03467615
2026-05-06 15:00:00,81508.6,81826.8,81319.7,81707.2,70.32963459
2026-05-06 16:00:00,81707.2,81895.5,81428.3,81622.1,89.02001728
2026-05-06 17:00:00,81622.1,81706.5,81400.0,81455.5,60.92585279
2026-05-06 18:00:00,81455.5,81563.9,81273.9,81355.5,72.67346554
2026-05-06 19:00:00,81355.4,81519.3,81200.0,81470.3,48.72126479
2026-05-06 20:00:00,81466.7,81707.8,81302.5,81429.5,41.03952004
2026-05-06 21:00:00,81429.5,81630.5,81302.4,81533.8,45.73443092
2026-05-06 22:00:00,81546.1,81546.1,81247.3,81342.8,41.84720408
2026-05-06 23:00:00,81342.8,81448.8,80997.7,81448.0,44.77114729
2026-05-07 00:00:00,81448.0,81488.7,80975.6,81014.0,39.21392219
2026-05-07 01:00:00,81010.1,81290.7,80850.0,81180.3,51.37655183
2026-05-07 02:00:00,81172.2,81186.1,80882.2,81126.7,52.84501001
2026-05-07 03:00:00,81123.1,81123.1,80841.5,80844.6,34.83351794
2026-05-07 04:00:00,80844.6,80992.2,80746.3,80982.7,48.42803193
2026-05-07 05:00:00,80982.8,81169.6,80982.7,81085.5,29.0035815
2026-05-07 06:00:00,81085.4,81443.7,80885.2,81443.7,50.38964485
2026-05-07 07:00:00,81443.6,81699.0,81393.3,81525.4,52.93049467
2026-05-07 08:00:00,81525.4,81596.1,81206.4,81221.2,52.62461894
2026-05-07 09:00:00,81228.6,81228.6,80863.1,80929.4,47.93397083
2026-05-07 10:00:00,80929.4,81018.0,80586.1,80855.9,58.05297297
2026-05-07 11:00:00,80863.4,81050.7,80785.3,80865.1,48.2902157
2026-05-07 12:00:00,80870.4,81189.0,80848.2,81166.6,47.58210472
2026-05-07 13:00:00,81163.7,81165.7,80250.0,80508.5,108.61600318
2026-05-07 14:00:00,80503.0,80686.8,80057.0,80175.7,126.35488416
2026-05-07 15:00:00,80175.7,80281.1,79707.3,79890.9,128.90316043
2026-05-07 16:00:00,79901.6,80026.8,79714.8,79798.4,76.74030202
2026-05-07 17:00:00,79803.8,80137.9,79498.2,80089.8,89.81947177
2026-05-07 18:00:00,80089.8,80269.9,79997.3,80205.4,75.84768118
2026-05-07 19:00:00,80200.0,80221.3,79931.1,80143.8,58.99021481
2026-05-07 20:00:00,80143.8,80384.5,79858.2,79876.2,58.45335404
2026-05-07 21:00:00,79876.1,79935.7,79658.6,79724.0,60.64131337
2026-05-07 22:00:00,79724.0,79990.9,79582.6,79922.9,63.9210151
2026-05-07 23:00:00,79922.8,80063.0,79867.0,80003.8,35.12985834
2026-05-08 00:00:00,80006.2,80138.0,79730.5,79822.9,48.74518163
2026-05-08 01:00:00,79827.8,79902.8,79611.3,79739.5,32.85056685
2026-05-08 02:00:00,79739.5,79754.9,79351.9,79488.1,64.18872747
2026-05-08 03:00:00,79488.0,79664.7,79197.7,79572.7,45.96668926
2026-05-08 04:00:00,79572.8,79750.0,79552.1,79659.4,19.03523447
2026-05-08 05:00:00,79659.4,79779.5,79599.5,79613.0,23.07611197
2026-05-08 06:00:00,79601.8,79653.6,79413.0,79523.5,27.38929875
2026-05-08 07:00:00,79523.5,79730.6,79252.1,79682.7,49.74246391
2026-05-08 08:00:00,79682.8,79984.0,79667.8,79883.0,44.442153
2026-05-08 09:00:00,79883.0,80053.6,79787.0,79869.6,46.53028363
2026-05-08 10:00:00,79869.7,80270.3,79776.6,80201.4,54.49523524
2026-05-08 11:00:00,80211.6,80324.0,80124.7,80222.6,45.67638167
2026-05-08 12:00:00,80222.6,80505.0,79968.1,80037.7,61.8258754
2026-05-08 13:00:00,80037.6,80096.2,79554.4,79654.7,97.43343488
2026-05-08 14:00:00,79654.7,80435.8,79654.7,80142.1,105.80487177
2026-05-08 15:00:00,80142.1,80198.6,79625.4,80152.9,67.01300405
2026-05-08 16:00:00,80152.9,80189.4,79742.1,79800.1,60.92654007
2026-05-08 17:00:00,79800.1,80260.7,79741.0,80054.3,72.12465366
2026-05-08 18:00:00,80071.0,80298.2,80071.0,80081.7,60.4552041
2026-05-08 19:00:00,80081.7,80186.5,79953.5,80171.1,32.39090093
2026-05-08 20:00:00,80183.1,80293.1,80086.7,80135.3,22.46095544
2026-05-08 21:00:00,80135.3,80261.3,80117.2,80260.8,29.20834724
2026-05-08 22:00:00,80257.3,80411.3,80240.0,80280.4,27.21906009
2026-05-08 23:00:00,80280.1,80295.1,80115.6,80196.7,19.13924988
2026-05-09 00:00:00,80196.6,80237.0,80135.2,80235.1,14.23169216
2026-05-09 01:00:00,80230.2,80444.0,80221.8,80326.3,21.87131927
2026-05-09 02:00:00,80326.3,80480.2,80326.3,80419.6,25.42388492
2026-05-09 03:00:00,80419.6,80549.7,80312.5,80386.5,21.21016278
2026-05-09 04:00:00,80386.7,80664.5,80366.3,80387.8,34.35452479
2026-05-09 05:00:00,80387.8,80483.6,80351.6,80386.5,15.38713299
2026-05-09 06:00:00,80386.5,80437.1,80200.3,80262.5,23.43771077
2026-05-09 07:00:00,80262.6,80297.5,80135.6,80229.6,24.8255193
2026-05-09 08:00:00,80229.7,80450.6,80216.3,80403.1,22.8541806
2026-05-09 09:00:00,80403.1,80412.5,80208.6,80235.8,15.82862783
2026-05-09 10:00:00,80235.9,80350.1,80171.5,80262.6,19.76097773
2026-05-09 11:00:00,80262.6,80372.6,80257.1,80345.4,13.43208745
2026-05-09 12:00:00,80344.4,80415.9,80274.0,80402.8,23.23675545
2026-05-09 13:00:00,80402.9,80417.4,80320.5,80394.2,14.38421147
2026-05-09 14:00:00,80394.2,80437.1,80251.1,80332.0,43.88682877
2026-05-09 15:00:00,80327.5,80596.6,80230.3,80518.9,34.71138367
2026-05-09 16:00:00,80519.0,80797.3,80480.3,80620.3,41.53300813
2026-05-09 17:00:00,80620.3,80918.9,80620.2,80814.7,49.23237291
2026-05-09 18:00:00,80814.7,81080.4,80783.5,80901.4,48.71478
2026-05-09 19:00:00,80901.4,80950.9,80771.4,80923.5,37.9120171
2026-05-09 20:00:00,80926.6,80931.5,80737.9,80796.5,17.628941
2026-05-09 21:00:00,80800.4,80886.9,80739.1,80775.4,20.29428328
2026-05-09 22:00:00,80775.4,80822.8,80669.3,80765.2,20.18730591
2026-05-09 23:00:00,80765.1,80847.4,80615.9,80689.8,15.86649825
2026-05-10 00:00:00,80679.4,80768.4,80624.8,80679.8,27.27911317
2026-05-10 01:00:00,80679.9,80690.6,80567.7,80686.4,22.72349923
2026-05-10 02:00:00,80686.4,80792.4,80610.8,80778.6,16.60257989
2026-05-10 03:00:00,80778.6,80877.2,80711.4,80770.2,18.01311904
2026-05-10 04:00:00,80770.2,80844.1,80732.7,80764.9,14.81216902
2026-05-10 05:00:00,80761.8,80810.2,80684.2,80696.3,19.54735482
2026-05-10 06:00:00,80696.3,80752.9,80655.7,80732.6,15.20888492
2026-05-10 07:00:00,80732.5,80798.1,80712.3,80732.7,17.22109319
2026-05-10 08:00:00,80732.8,80902.1,80713.0,80831.8,16.74208461345105
2026-05-10 09:00:00,80835.4,80914.6,80750.7,80803.9,16.71248872
2026-05-10 10:00:00,80803.9,80879.3,80688.7,80879.2,33.89614775
2026-05-10 11:00:00,80875.4,80969.0,80736.3,80826.3,23.3305146
2026-05-10 12:00:00,80826.1,80947.1,80783.6,80929.7,23.600047
2026-05-10 13:00:00,80925.7,80995.9,80862.6,80970.5,23.70807295
2026-05-10 14:00:00,80970.4,80996.5,80809.1,80974.5,30.78793739
2026-05-10 15:00:00,80974.5,81428.5,80930.7,81405.0,71.52019617
2026-05-10 16:00:00,81405.1,81490.0,81191.9,81370.4,69.54661686
2026-05-10 17:00:00,81370.5,81578.3,81222.4,81476.9,52.54398019
2026-05-10 18:00:00,81484.2,81490.8,81229.1,81271.2,35.52395379
2026-05-10 19:00:00,81271.1,81483.4,81146.4,81427.5,30.37097859
2026-05-10 20:00:00,81427.5,81461.5,80285.5,80732.2,116.19316986
2026-05-10 21:00:00,80732.7,80940.0,80577.7,80716.3,63.58070556
2026-05-10 22:00:00,80715.3,82162.9,80655.8,82037.8,167.3778374936796
2026-05-10 23:00:00,82050.8,82464.4,82050.8,82219.7,107.55329772
2026-05-11 00:00:00,82210.3,82378.0,81280.3,81470.3,86.9975402
2026-05-11 01:00:00,81459.4,81746.0,81285.6,81498.8,63.64734979
2026-05-11 02:00:00,81498.9,81561.3,81126.3,81174.6,42.3041571
2026-05-11 03:00:00,81174.6,81184.6,80533.6,80739.1,57.11940973
2026-05-11 04:00:00,80739.1,80878.6,80642.8,80818.0,27.80953048
2026-05-11 05:00:00,80810.0,80978.1,80763.9,80847.0,21.9877948
2026-05-11 06:00:00,80840.2,81051.4,80754.9,80829.1,27.94705033
2026-05-11 07:00:00,80829.2,80836.8,80681.4,80742.0,24.65983996
2026-05-11 08:00:00,80742.1,80859.8,80622.9,80765.4,30.46524607
2026-05-11 09:00:00,80752.1,80998.2,80752.1,80961.9,32.31818
2026-05-11 10:00:00,80961.9,81204.0,80940.5,80944.5,43.98748732
2026-05-11 11:00:00,80944.5,81197.9,80906.2,81197.9,26.23392798
2026-05-11 12:00:00,81198.2,81358.0,81027.8,81060.7,52.9381234
2026-05-11 13:00:00,81060.8,81333.2,80760.7,81062.8,76.75114851
2026-05-11 14:00:00,81062.8,81249.9,80461.2,80951.0,102.6879711
2026-05-11 15:00:00,80951.1,81452.7,80834.1,81445.4,67.66042663
2026-05-11 16:00:00,81445.5,81900.0,81346.3,81576.0,97.97042219
2026-05-11 17:00:00,81576.1,82063.1,81363.1,81927.0,73.66576465
2026-05-11 18:00:00,81927.0,82135.5,81833.5,81852.7,68.44727195
2026-05-11 19:00:00,81853.8,82107.2,81746.1,81965.9,78.04583303
2026-05-11 20:00:00,81965.4,82091.0,81766.0,81821.9,50.08940469
2026-05-11 21:00:00,81821.9,81909.5,81596.7,81827.5,32.90547837
2026-05-11 22:00:00,81827.5,81971.2,81735.7,81836.2,38.92858251
2026-05-11 23:00:00,81836.1,81836.1,81600.8,81743.1,23.15796225
2026-05-12 00:00:00,81743.1,81791.6,81490.5,81548.2,44.27472199
2026-05-12 01:00:00,81547.8,81626.3,80724.9,81192.7,111.39547062308623
2026-05-12 02:00:00,81187.6,81329.9,81077.2,81257.8,32.21460887
2026-05-12 03:00:00,81257.6,81300.3,81027.7,81055.9,29.96533718
2026-05-12 04:00:00,81055.8,81307.2,81000.4,81225.0,28.72782034
2026-05-12 05:00:00,81225.1,81304.0,81180.7,81224.4,22.27616409
2026-05-12 06:00:00,81220.9,81301.6,81017.0,81021.5,33.66845405
2026-05-12 07:00:00,81021.4,81135.4,80813.8,80858.5,49.97150987
2026-05-12 08:00:00,80858.6,80967.9,80756.7,80845.9,49.16496498
2026-05-12 09:00:00,80837.7,80969.4,80728.3,80841.3,35.09885793
2026-05-12 10:00:00,80842.5,80850.0,80605.8,80666.6,35.8821072
2026-05-12 11:00:00,80670.2,80783.5,80499.6,80783.5,33.01008264
2026-05-12 12:00:00,80784.1,81007.8,80620.7,80884.9,60.12957776
2026-05-12 13:00:00,80884.9,80926.7,80400.0,80463.7,73.42131182
2026-05-12 14:00:00,80463.7,80886.8,80400.1,80538.9,86.77708044
2026-05-12 15:00:00,80541.7,80659.4,80191.9,80338.9,69.37589536
2026-05-12 16:00:00,80346.9,80428.2,79855.8,80000.0,94.65374271
2026-05-12 17:00:00,80000.1,80587.9,79953.2,80520.5,57.77656884
2026-05-12 18:00:00,80520.5,80755.4,80425.4,80670.6,36.79063831
2026-05-12 19:00:00,80670.5,80867.4,80667.8,80822.4,47.36889975
2026-05-12 20:00:00,80822.4,80877.1,80639.7,80698.7,25.07730258
2026-05-12 21:00:00,80698.8,80734.5,80500.4,80581.2,22.31097628
2026-05-12 22:00:00,80581.3,80794.7,80581.3,80653.1,16.0222217
2026-05-12 23:00:00,80653.1,80713.4,80439.1,80500.8,19.37888478
2026-05-13 00:00:00,80500.8,80762.1,80418.3,80713.6,24.48102191
2026-05-13 01:00:00,80713.7,81191.7,80678.6,81002.3,40.6846647
2026-05-13 02:00:00,81002.3,81271.6,80940.4,81043.5,18.0216143
2026-05-13 03:00:00,81038.8,81288.0,80982.3,81257.1,19.82532548
2026-05-13 04:00:00,81257.2,81283.0,81121.0,81229.7,18.43349872
2026-05-13 05:00:00,81229.8,81245.0,81000.8,81023.3,16.514088100341457
2026-05-13 06:00:00,81023.3,81151.9,80967.8,80979.2,15.70752678
2026-05-13 07:00:00,80975.4,81046.4,80885.9,81024.6,17.17919563
2026-05-13 08:00:00,81024.6,81200.0,80942.8,81192.3,19.73771132
2026-05-13 09:00:00,81192.4,81313.9,81131.6,81289.2,28.87003881
2026-05-13 10:00:00,81289.2,81294.2,80802.4,80810.5,31.57913583
2026-05-13 11:00:00,80806.6,80848.1,80500.9,80507.1,39.84097144
2026-05-13 12:00:00,80507.2,80594.3,79855.9,80197.3,94.82435207
2026-05-13 13:00:00,80199.9,80345.9,79587.4,79654.2,91.71698163
2026-05-13 14:00:00,79658.9,79896.0,79489.5,79760.2,78.01390711816212
2026-05-13 15:00:00,79763.0,79857.7,78817.5,78834.2,150.11956667
2026-05-13 16:00:00,78834.1,79231.6,78771.9,79109.9,102.79186126
2026-05-13 17:00:00,79112.8,79563.0,79104.9,79517.2,61.38961682
2026-05-13 18:00:00,79521.3,79799.9,79521.3,79601.4,49.82376361
2026-05-13 19:00:00,79601.3,79642.0,79392.9,79641.9,48.81812186
2026-05-13 20:00:00,79642.0,79759.6,79621.5,79703.8,28.34936995
2026-05-13 21:00:00,79703.8,79707.1,79346.5,79392.3,35.01379638
2026-05-13 22:00:00,79392.4,79476.8,79236.5,79429.0,35.73345782
2026-05-13 23:00:00,79429.0,79500.0,79234.5,79319.9,43.01410546
2026-05-14 00:00:00,79323.3,79678.5,79311.9,79590.0,34.75990306
2026-05-14 01:00:00,79581.5,79685.8,79417.8,79604.2,35.97699427
2026-05-14 02:00:00,79608.5,79674.9,79225.8,79370.2,32.07790533
2026-05-14 03:00:00,79370.2,79457.7,78927.7,79049.9,56.29197593
2026-05-14 04:00:00,79053.0,79473.6,78985.2,79452.1,25.39440976
2026-05-14 05:00:00,79448.2,79995.8,79367.7,79822.0,53.54191861
2026-05-14 06:00:00,79822.1,79952.7,79772.1,79807.6,38.15315872
2026-05-14 07:00:00,79807.7,79940.0,79706.8,79754.3,41.80535253
2026-05-14 08:00:00,79754.3,79939.2,79645.8,79826.7,41.06764609
2026-05-14 09:00:00,79826.7,79913.8,79579.8,79642.8,34.67365288
2026-05-14 10:00:00,79641.8,79759.1,79414.7,79579.2,47.6020562
2026-05-14 11:00:00,79579.2,79611.8,79232.2,79256.1,38.573412667293375
2026-05-14 12:00:00,79250.4,79788.4,79234.7,79776.0,41.64929245
2026-05-14 13:00:00,79775.9,80059.9,79675.1,79719.4,87.08726596
2026-05-14 14:00:00,79679.7,81014.9,79555.4,80967.1,137.60163044
2026-05-14 15:00:00,80971.6,81328.5,80820.9,81301.6,119.81496655282714
2026-05-14 16:00:00,81301.6,81901.7,81087.1,81891.1,178.37938593
2026-05-14 17:00:00,81888.4,82045.3,81278.9,81679.9,104.57777563712997
2026-05-14 18:00:00,81673.7,81950.0,81447.6,81583.9,96.66695654
2026-05-14 19:00:00,81589.0,81716.0,81332.0,81430.5,61.679644351445646
2026-05-14 20:00:00,81431.2,81610.6,81180.7,81419.9,44.11585882
2026-05-14 21:00:00,81420.0,81533.8,81273.4,81399.4,34.25672733
2026-05-14 22:00:00,81399.5,81558.8,81338.6,81456.5,35.86475316
2026-05-14 23:00:00,81456.4,81456.4,81065.4,81099.6,44.83139848
2026-05-15 00:00:00,81100.2,81663.5,81077.8,81521.3,45.39875796
2026-05-15 01:00:00,81520.7,81617.0,81117.4,81137.2,48.64706056
2026-05-15 02:00:00,81137.1,81348.9,80759.3,81293.8,99.93841613
2026-05-15 03:00:00,81307.4,81344.1,80935.2,81061.2,35.06819266
2026-05-15 04:00:00,81064.9,81102.5,80706.5,80730.8,38.92850885223804
2026-05-15 05:00:00,80730.8,80885.2,80323.2,80370.8,58.26514371
2026-05-15 06:00:00,80368.7,80635.9,80320.9,80591.7,34.62783318
2026-05-15 07:00:00,80591.8,81004.7,80573.0,80824.8,45.87413946
2026-05-15 08:00:00,80824.9,80829.8,80426.0,80653.8,70.34388582
2026-05-15 09:00:00,80653.9,80690.0,80381.4,80494.9,55.82298433
2026-05-15 10:00:00,80494.9,80770.1,80420.5,80717.0,56.51133585
2026-05-15 11:00:00,80717.0,80758.8,80597.6,80630.3,45.08234388
2026-05-15 12:00:00,80630.3,80648.5,80350.2,80387.3,96.55446223
2026-05-15 13:00:00,80387.3,80387.3,78682.1,78756.8,227.11488805
2026-05-15 14:00:00,78757.9,79341.6,78651.6,79162.8,218.96707411
2026-05-15 15:00:00,79161.6,79364.8,79019.8,79154.8,62.29788711
2026-05-15 16:00:00,79154.8,79388.4,79134.8,79295.1,68.01900589
2026-05-15 17:00:00,79295.2,79499.9,79227.0,79451.2,48.92586205
2026-05-15 18:00:00,79462.6,79563.9,79180.0,79282.4,53.60209774
2026-05-15 19:00:00,79282.4,79292.5,79048.4,79146.7,38.16962025
2026-05-15 20:00:00,79142.5,79222.1,79002.3,79120.7,32.97134329
2026-05-15 21:00:00,79120.7,79198.4,78910.0,78965.0,32.22985403
2026-05-15 22:00:00,78965.0,79145.1,78965.0,79112.6,17.6370527
2026-05-15 23:00:00,79112.6,79157.6,79075.7,79105.8,14.68010411
2026-05-16 00:00:00,79109.3,79228.0,79074.2,79096.4,16.43428976
2026-05-16 01:00:00,79110.1,79186.9,79010.9,79169.2,17.73076708
2026-05-16 02:00:00,79157.9,79206.9,79078.9,79153.2,14.43478092
2026-05-16 03:00:00,79153.2,79181.4,79065.0,79090.0,12.9295823
2026-05-16 04:00:00,79090.0,79136.3,78867.5,79038.2,27.12288134
2026-05-16 05:00:00,79038.3,79041.1,78931.4,79035.8,15.73840945
2026-05-16 06:00:00,79036.6,79058.2,78472.3,78645.0,55.10582941179768
2026-05-16 07:00:00,78645.1,78648.6,78070.4,78385.9,108.96057621
2026-05-16 08:00:00,78371.1,78536.4,78340.0,78419.5,30.30551458
2026-05-16 09:00:00,78419.5,78437.7,77908.5,78088.9,70.66704568
2026-05-16 10:00:00,78087.0,78109.5,77652.1,77964.7,84.87501967
2026-05-16 11:00:00,77967.6,78196.2,77967.6,78088.0,27.59335881
2026-05-16 12:00:00,78088.1,78132.9,77926.8,78014.1,30.79966017
2026-05-16 13:00:00,78014.1,78016.1,77837.6,78016.1,34.94978814
2026-05-16 14:00:00,78020.0,78346.9,77895.6,78134.4,40.57503999
2026-05-16 15:00:00,78134.3,78292.1,78079.0,78241.2,24.93948045
2026-05-16 16:00:00,78241.1,78376.4,78121.6,78204.0,56.33165262
2026-05-16 17:00:00,78204.1,78325.6,78179.8,78203.7,23.29524502
2026-05-16 18:00:00,78203.7,78332.0,78146.7,78232.7,37.96891854
2026-05-16 19:00:00,78232.7,78303.1,78211.9,78257.5,17.70194447
2026-05-16 20:00:00,78257.6,78315.6,78200.0,78251.2,21.89091503
2026-05-16 21:00:00,78251.3,78306.9,78206.0,78258.2,28.92711516
2026-05-16 22:00:00,78258.2,78276.9,78170.9,78183.2,13.51843554
2026-05-16 23:00:00,78183.1,78268.1,78127.2,78140.8,20.35489702
2026-05-17 00:00:00,78140.8,78245.0,77804.2,77949.0,29.18972244
2026-05-17 01:00:00,77949.5,78114.6,77725.5,77733.6,57.24806361
2026-05-17 02:00:00,77729.1,77934.9,77729.1,77897.2,23.20033209
2026-05-17 03:00:00,77897.0,78087.7,77888.5,78030.1,17.20450748
2026-05-17 04:00:00,78030.2,78202.0,78000.0,78169.7,19.86116326
2026-05-17 05:00:00,78166.0,78322.0,78106.4,78124.4,18.24210221
2026-05-17 06:00:00,78124.5,78200.5,78021.8,78099.4,14.92609929
2026-05-17 07:00:00,78099.5,78206.4,78055.4,78174.7,14.53862684
2026-05-17 08:00:00,78174.8,78198.7,78033.9,78092.4,12.89287625
2026-05-17 09:00:00,78092.4,78298.6,78083.8,78250.1,15.86422385
2026-05-17 10:00:00,78250.1,78599.1,78246.3,78462.0,37.65577874
2026-05-17 11:00:00,78462.1,78475.0,78303.0,78414.6,29.50231981
2026-05-17 12:00:00,78414.6,78554.5,78329.3,78365.9,26.56532101
2026-05-17 13:00:00,78365.8,78367.1,78175.9,78204.8,25.81666015
2026-05-17 14:00:00,78204.8,78221.5,77837.5,78053.5,44.04390099
2026-05-17 15:00:00,78053.6,78125.2,77922.1,78059.6,32.96160634
2026-05-17 16:00:00,78059.6,78190.4,78035.6,78039.6,28.93737174
2026-05-17 17:00:00,78051.1,78096.8,77864.3,78096.3,54.75123545
2026-05-17 18:00:00,78096.2,78283.9,78012.3,78279.9,34.23063743
2026-05-17 19:00:00,78280.0,78480.0,78223.0,78426.6,28.76109135
2026-05-17 20:00:00,78426.7,78441.4,78249.3,78283.7,21.89609328
2026-05-17 21:00:00,78283.6,78492.8,78237.2,78408.1,33.05793762
2026-05-17 22:00:00,78408.0,78410.5,77826.9,77997.7,80.18248066
2026-05-17 23:00:00,77997.7,78004.9,76719.5,77467.4,201.65189667
2026-05-18 00:00:00,77457.3,77477.7,76921.0,77206.4,127.37931927
2026-05-18 01:00:00,77207.8,77295.6,76754.0,77112.7,117.30890328
2026-05-18 02:00:00,77118.7,77224.5,76712.9,76836.1,53.54610674
2026-05-18 03:00:00,76836.4,77020.4,76820.1,76930.9,46.2685399
2026-05-18 04:00:00,76930.9,77068.8,76777.5,77040.6,28.67916053
2026-05-18 05:00:00,77040.6,77077.7,76882.1,76926.2,29.26525006
2026-05-18 06:00:00,76926.2,76968.9,76591.3,76912.7,53.96565888
2026-05-18 07:00:00,76919.1,77085.5,76770.0,77073.1,41.75704449
2026-05-18 08:00:00,77073.2,77185.8,76884.5,77034.2,41.60527063
2026-05-18 09:00:00,77034.1,77045.2,76871.4,76935.3,38.67805709
2026-05-18 10:00:00,76935.3,76954.2,76712.2,76771.7,55.98568052
2026-05-18 11:00:00,76771.8,77398.4,76664.3,77281.8,113.90987766675849
2026-05-18 12:00:00,77281.9,77792.9,77280.5,77636.9,136.01531664
2026-05-18 13:00:00,77636.9,77636.9,76694.7,76942.5,153.56346441
2026-05-18 14:00:00,76942.5,76958.5,76235.1,76392.6,204.45363993
2026-05-18 15:00:00,76392.6,76483.5,76055.5,76404.8,195.6465946
2026-05-18 16:00:00,76410.0,76660.9,76215.4,76406.0,115.20857836
2026-05-18 17:00:00,76405.5,76750.7,76361.4,76700.1,62.9315621
2026-05-18 18:00:00,76700.0,76700.0,76136.7,76254.0,66.51609839
2026-05-18 19:00:00,76244.8,76987.9,76230.1,76925.4,106.62212457
2026-05-18 20:00:00,76925.4,77180.5,76879.2,76909.4,61.94558213
2026-05-18 21:00:00,76909.4,77182.4,76794.1,77098.5,49.72663435
2026-05-18 22:00:00,77098.5,77228.8,76931.5,77076.6,56.55899049
2026-05-18 23:00:00,77076.5,77157.0,76943.6,77008.9,26.00731032
2026-05-19 00:00:00,77009.0,77411.0,76946.0,77143.6,86.12747874
2026-05-19 01:00:00,77139.5,77155.9,76666.5,76666.5,70.55952984
2026-05-19 02:00:00,76666.4,76992.9,76478.1,76622.5,60.25138606
2026-05-19 03:00:00,76620.3,76866.8,76586.1,76782.0,31.68238603
2026-05-19 04:00:00,76782.0,76946.5,76704.1,76913.8,37.80873056
2026-05-19 05:00:00,76913.8,77000.8,76644.3,76912.6,37.45596732
2026-05-19 06:00:00,76910.6,77100.0,76891.9,77029.5,46.2680346
2026-05-19 07:00:00,77026.2,77283.3,76977.3,77230.6,45.10742037
2026-05-19 08:00:00,77230.6,77313.2,76972.1,77039.4,46.77838411
2026-05-19 09:00:00,77039.5,77074.0,76705.9,76827.1,46.15008046
2026-05-19 10:00:00,76827.1,77100.6,76703.0,77031.7,38.13759841
2026-05-19 11:00:00,77031.7,77072.7,76638.1,76713.1,41.73762967
2026-05-19 12:00:00,76713.1,76981.0,76642.0,76935.3,36.65352198
2026-05-19 13:00:00,76935.3,77047.6,76591.0,76866.2,80.80303199
2026-05-19 14:00:00,76874.4,77010.1,76146.3,76399.0,118.70394163570877
2026-05-19 15:00:00,76392.1,76676.2,76337.5,76511.0,66.54560461
2026-05-19 16:00:00,76511.0,76918.4,76408.6,76892.6,64.3095605
2026-05-19 17:00:00,76892.6,77018.7,76755.7,76849.9,42.48494831
2026-05-19 18:00:00,76849.9,76941.1,76735.9,76799.0,30.78967319
2026-05-19 19:00:00,76799.1,77070.2,76763.8,76821.1,93.49695909
2026-05-19 20:00:00,76821.0,77038.4,76821.0,77032.6,24.67945903
2026-05-19 21:00:00,77032.6,77042.6,76968.1,76982.3,20.29697807
2026-05-19 22:00:00,76982.2,76982.2,76649.9,76715.2,29.17675616
2026-05-19 23:00:00,76712.4,76985.8,76673.1,76835.2,20.81843918
2026-05-20 00:00:00,76835.3,76898.4,76524.0,76782.3,41.26025578819363
2026-05-20 01:00:00,76786.3,76933.7,76533.2,76819.3,42.68936554
2026-05-20 02:00:00,76819.3,76913.6,76606.4,76686.8,29.02631471
2026-05-20 03:00:00,76688.5,76833.3,76613.9,76725.2,30.05434158
2026-05-20 04:00:00,76725.2,76832.8,76684.6,76779.2,20.52706265
2026-05-20 05:00:00,76779.2,77315.5,76779.2,77204.5,53.389743
2026-05-20 06:00:00,77201.1,77418.2,77193.7,77409.8,24.78319882
2026-05-20 07:00:00,77412.5,77473.9,77245.0,77284.0,28.77542286
2026-05-20 08:00:00,77284.1,77635.0,77208.6,77462.6,30.680950683996475
2026-05-20 09:00:00,77462.7,77544.5,77362.7,77486.9,29.57020755
2026-05-20 10:00:00,77486.9,77664.2,77486.8,77513.1,20.5967261
2026-05-20 11:00:00,77513.1,77560.0,77324.2,77387.8,30.84814473
2026-05-20 12:00:00,77387.8,77746.5,77367.6,77620.1,35.97903447
2026-05-20 13:00:00,77620.1,77650.9,76972.6,77201.7,105.5345285
2026-05-20 14:00:00,77206.8,77568.0,76885.8,77453.2,117.76463957
2026-05-20 15:00:00,77443.2,77850.0,77302.0,77455.5,101.90212836
2026-05-20 16:00:00,77455.5,77553.3,77014.4,77333.2,49.88760929
2026-05-20 17:00:00,77333.2,77707.0,77220.9,77560.5,65.15657544491908
2026-05-20 18:00:00,77556.8,77631.3,77393.1,77415.5,73.79413103
2026-05-20 19:00:00,77415.6,77704.0,77350.0,77670.7,40.23126919
2026-05-20 20:00:00,77670.7,77767.1,77475.6,77718.3,48.9903963
2026-05-20 21:00:00,77714.7,77768.0,77504.3,77504.4,29.95656014
2026-05-20 22:00:00,77504.3,77509.7,77235.9,77509.7,48.25080234
2026-05-20 23:00:00,77509.6,77558.0,77393.8,77552.2,21.0563557
2026-05-21 00:00:00,77552.2,78071.1,77528.5,77971.7,43.36053302
2026-05-21 01:00:00,77971.7,78176.6,77808.0,77863.3,52.31087802
2026-05-21 02:00:00,77863.3,78104.9,77825.7,77963.7,37.34493327
2026-05-21 03:00:00,77963.8,78103.2,77907.6,78089.6,14.76204289
2026-05-21 04:00:00,78087.6,78170.0,77968.6,78040.9,24.00664568
2026-05-21 05:00:00,78037.8,78152.2,77714.1,77833.5,30.77020869
2026-05-21 06:00:00,77833.5,77881.0,77539.8,77625.8,32.2870437
2026-05-21 07:00:00,77624.7,77913.8,77531.5,77887.4,36.00091003
2026-05-21 08:00:00,77887.4,78201.9,77887.4,77925.8,46.29413509
2026-05-21 09:00:00,77925.7,77990.7,77641.2,77641.2,22.92871571
2026-05-21 10:00:00,77640.7,77689.8,77197.3,77206.7,59.71780818
2026-05-21 11:00:00,77206.7,77383.9,77158.8,77200.2,45.2899831
2026-05-21 12:00:00,77200.3,77378.2,77089.5,77285.2,62.10090534
2026-05-21 13:00:00,77285.3,77362.0,76726.9,77126.1,116.88354029
2026-05-21 14:00:00,77125.4,77247.9,76782.7,76987.6,91.66021686
2026-05-21 15:00:00,76987.6,77416.6,76902.3,77266.6,72.68567159
2026-05-21 16:00:00,77270.4,77348.5,77011.7,77201.0,75.20266332
2026-05-21 17:00:00,77201.0,78089.3,77180.1,77870.2,164.4732928
2026-05-21 18:00:00,77870.2,77927.0,77252.9,77400.6,140.49078109
2026-05-21 19:00:00,77400.6,77822.2,77367.2,77701.3,56.750290308237794
2026-05-21 20:00:00,77701.4,77799.0,77649.3,77708.0,25.02898235
2026-05-21 21:00:00,77708.1,77819.4,77645.3,77674.3,37.74600882
2026-05-21 22:00:00,77674.3,77757.3,77557.7,77637.1,33.95398589
2026-05-21 23:00:00,77637.1,77755.0,77549.5,77625.7,31.18528772
2026-05-22 00:00:00,77625.7,77638.1,77379.5,77383.8,38.68667838
2026-05-22 01:00:00,77383.7,77672.8,77333.3,77623.0,22.6270231
2026-05-22 02:00:00,77623.0,77739.8,77601.7,77679.8,40.85829213
2026-05-22 03:00:00,77677.0,77816.7,77677.0,77779.1,26.90155156
2026-05-22 04:00:00,77779.2,77899.0,77640.2,77662.8,24.38101764
2026-05-22 05:00:00,77662.9,77728.9,77461.7,77488.1,23.7294771
2026-05-22 06:00:00,77488.1,77535.7,77369.0,77423.5,25.70576316
2026-05-22 07:00:00,77423.6,77550.1,77285.2,77401.6,19.18774724
2026-05-22 08:00:00,77401.6,77544.6,77222.0,77268.2,29.96098609
2026-05-22 09:00:00,77268.2,77366.4,77200.8,77306.8,37.61680375
2026-05-22 10:00:00,77306.8,77368.3,77263.6,77313.7,19.25793142
2026-05-22 11:00:00,77313.7,77426.9,77174.3,77426.8,37.24658016
2026-05-22 12:00:00,77426.9,77580.2,77396.8,77528.8,39.45057982
2026-05-22 13:00:00,77528.8,77541.0,77129.7,77286.6,76.89238061
2026-05-22 14:00:00,77286.5,77286.5,76762.0,76784.2,103.76397663
2026-05-22 15:00:00,76784.2,77034.4,76577.3,76796.0,66.65075804
2026-05-22 16:00:00,76796.0,76999.0,76772.8,76950.2,34.54972407
2026-05-22 17:00:00,76950.3,77095.0,76749.6,76749.7,50.30268453
2026-05-22 18:00:00,76749.9,76903.0,76098.9,76529.6,72.58407891
2026-05-22 19:00:00,76529.6,76587.4,75669.4,75858.9,139.32356818535914
2026-05-22 20:00:00,75861.0,76081.2,75820.7,75986.6,45.07511675
2026-05-22 21:00:00,75986.6,76089.9,75937.5,75982.0,35.94740336
2026-05-22 22:00:00,75982.0,75984.3,75559.9,75745.5,40.05275339
2026-05-22 23:00:00,75745.5,75884.1,75371.2,75542.3,57.936891731937486
2026-05-23 00:00:00,75542.6,75637.7,75223.0,75363.2,72.67407671
2026-05-23 01:00:00,75363.3,75506.6,75355.6,75496.2,29.7349808
2026-05-23 02:00:00,75496.1,75592.7,75422.7,75575.1,48.28243079
2026-05-23 03:00:00,75575.1,75671.2,75569.5,75636.0,15.63665302
2026-05-23 04:00:00,75636.0,75654.4,75515.1,75539.8,15.31837467
2026-05-23 05:00:00,75542.0,75561.4,75476.0,75487.9,16.15483153
2026-05-23 06:00:00,75488.0,75509.9,75399.7,75403.4,29.52649874
2026-05-23 07:00:00,75403.5,75444.6,74268.6,74611.3,183.65374439806916
2026-05-23 08:00:00,74611.3,74755.3,74354.3,74686.4,75.07393819552753
2026-05-23 09:00:00,74686.4,74761.0,74621.3,74662.5,34.43210684
2026-05-23 10:00:00,74662.6,74792.5,74662.6,74720.4,24.37663598
2026-05-23 11:00:00,74720.5,74871.0,74720.4,74800.2,17.63597106
2026-05-23 12:00:00,74800.1,74801.6,74663.0,74763.1,20.92612618
2026-05-23 13:00:00,74763.0,75252.6,74759.1,75213.1,47.12486212
2026-05-23 14:00:00,75213.1,75692.8,75107.4,75538.9,65.3416017
2026-05-23 15:00:00,75538.8,75675.3,75400.0,75519.5,44.94294717
2026-05-23 16:00:00,75519.5,75633.0,75411.6,75435.7,36.14837989
2026-05-23 17:00:00,75435.7,75523.2,75376.1,75487.6,29.2496466
2026-05-23 18:00:00,75487.6,75984.1,75471.4,75847.6,46.39265332
2026-05-23 19:00:00,75850.8,76008.6,75781.1,75987.7,38.4461814
2026-05-23 20:00:00,75987.8,77289.9,75953.7,77279.5,151.97257644
2026-05-23 21:00:00,77278.3,77399.6,76541.8,76804.6,132.32846166
2026-05-23 22:00:00,76804.6,76894.9,76403.2,76584.9,50.17896084
2026-05-23 23:00:00,76584.8,76819.9,76535.1,76746.8,44.30406482
2026-05-24 00:00:00,76746.7,76933.6,76633.2,76836.3,27.72312511
2026-05-24 01:00:00,76836.3,76918.9,76756.3,76883.8,24.64980922
2026-05-24 02:00:00,76883.8,76953.9,76699.4,76820.3,14.68446994
2026-05-24 03:00:00,76820.3,76999.0,76732.2,76741.8,26.20205205
2026-05-24 04:00:00,76741.8,76855.1,76728.8,76778.4,13.77085563
2026-05-24 05:00:00,76778.3,76863.2,76646.8,76819.0,16.72411843
2026-05-24 06:00:00,76818.9,77066.0,76718.3,76986.2,19.84357766
2026-05-24 07:00:00,76986.2,77022.6,76786.0,76805.2,18.91565868
2026-05-24 08:00:00,76805.2,76859.1,76731.4,76833.6,11.40928298
2026-05-24 09:00:00,76833.6,77048.5,76813.7,77026.1,20.27520701
2026-05-24 10:00:00,77026.2,77530.3,76927.0,77195.8,69.93328152
2026-05-24 11:00:00,77192.4,77352.0,77188.0,77324.0,18.745308
2026-05-24 12:00:00,77324.1,77326.7,77036.9,77118.1,31.4255031
2026-05-24 13:00:00,77118.0,77122.7,76679.7,76803.0,38.0878692544032
2026-05-24 14:00:00,76803.0,76838.9,76197.4,76462.6,83.66239772
2026-05-24 15:00:00,76462.6,76543.7,76361.0,76382.1,33.53694729
2026-05-24 16:00:00,76382.1,76734.7,76378.1,76675.1,38.72225764
2026-05-24 17:00:00,76675.1,76790.5,76563.7,76693.2,30.15535334
2026-05-24 18:00:00,76693.2,76787.8,76600.0,76669.4,20.52401517
2026-05-24 19:00:00,76669.5,76793.8,76610.5,76774.0,31.00029013
2026-05-24 20:00:00,76777.8,76799.0,76619.0,76671.7,27.59691866
2026-05-24 21:00:00,76673.2,76759.0,76112.0,76146.9,70.91682314
2026-05-24 22:00:00,76146.9,77009.9,76139.4,76802.9,99.81345052
2026-05-24 23:00:00,76802.9,77232.3,76802.9,77059.0,59.41501713
2026-05-25 00:00:00,77059.9,77287.2,77059.9,77148.3,32.457368
2026-05-25 01:00:00,77159.9,77259.7,76920.8,76943.3,48.8499635
2026-05-25 02:00:00,76943.3,77480.6,76943.3,77115.4,37.64708722
2026-05-25 03:00:00,77115.3,77176.6,77016.0,77030.1,25.21274786
2026-05-25 04:00:00,77030.2,77462.0,77000.0,77398.7,39.08496224
2026-05-25 05:00:00,77398.7,77500.0,77329.6,77414.3,33.3956084
2026-05-25 06:00:00,77414.3,77645.5,77228.2,77426.2,46.56524903
2026-05-25 07:00:00,77426.2,77529.5,77182.1,77413.5,32.53066356
2026-05-25 08:00:00,77413.5,77473.0,77284.1,77460.3,37.16399724
2026-05-25 09:00:00,77460.4,77696.3,77430.8,77606.4,38.20953362
2026-05-25 10:00:00,77606.3,77689.5,77499.0,77548.0,21.2267570582682
2026-05-25 11:00:00,77548.1,77548.1,77334.0,77363.6,29.5927289
2026-05-25 12:00:00,77363.6,77443.8,77293.1,77365.6,38.56381258
2026-05-25 13:00:00,77365.6,77460.3,77287.9,77342.1,21.93075053
2026-05-25 14:00:00,77342.2,77779.8,77305.8,77714.4,55.93294848
2026-05-25 15:00:00,77714.4,77903.8,77561.1,77632.0,42.52082229
2026-05-25 16:00:00,77632.0,77815.1,77520.3,77736.2,40.50640898
2026-05-25 17:00:00,77736.3,77799.0,77555.6,77577.2,51.281916
2026-05-25 18:00:00,77575.9,77664.9,77552.6,77553.0,28.57190659
2026-05-25 19:00:00,77553.1,77553.1,77356.0,77453.9,30.69183768
2026-05-25 20:00:00,77450.6,77512.1,77226.2,77281.8,27.35599005
2026-05-25 21:00:00,77281.8,77394.1,77281.8,77370.7,25.1359044
2026-05-25 22:00:00,77373.0,77455.4,77049.4,77123.6,44.60943333
2026-05-25 23:00:00,77123.6,77374.2,77075.4,77325.9,17.25485867
2026-05-26 00:00:00,77326.0,77348.5,76577.5,76794.3,41.66661822
2026-05-26 01:00:00,76789.2,76889.1,76600.0,76756.8,37.30037657
2026-05-26 02:00:00,76756.9,76816.7,76519.9,76655.0,29.80224864
2026-05-26 03:00:00,76660.4,76711.5,76482.0,76668.8,18.17856031
2026-05-26 04:00:00,76668.9,76822.0,76609.8,76758.1,21.60550424
2026-05-26 05:00:00,76758.2,76992.1,76710.2,76928.4,33.50655093
2026-05-26 06:00:00,76928.3,77058.7,76768.8,76906.4,23.0870857
2026-05-26 07:00:00,76908.4,76928.9,76610.0,76726.8,24.64574236
2026-05-26 08:00:00,76726.9,76858.0,76696.4,76732.6,23.4020488
2026-05-26 09:00:00,76732.6,76818.8,76648.0,76676.7,29.59376511
2026-05-26 10:00:00,76676.8,77626.9,76589.0,77435.9,80.50361638
2026-05-26 11:00:00,77436.0,77508.8,77179.1,77188.3,36.65412345
2026-05-26 12:00:00,77188.3,77234.2,76885.2,77135.5,48.69778367
2026-05-26 13:00:00,77135.5,77462.7,76700.0,77229.9,92.93635984
2026-05-26 14:00:00,77231.7,78075.9,76732.1,76909.3,181.10264391
2026-05-26 15:00:00,76906.7,77020.4,76269.4,76516.1,184.19490438
2026-05-26 16:00:00,76516.2,76720.1,76204.9,76559.4,94.71879246
2026-05-26 17:00:00,76559.3,76649.4,75860.9,75929.9,108.92279486
2026-05-26 18:00:00,75930.0,76274.9,75780.8,75838.0,69.83217846354393
2026-05-26 19:00:00,75842.7,76098.0,75801.7,76039.2,64.76223322
2026-05-26 20:00:00,76043.4,76176.2,75984.1,76098.0,36.21610691
2026-05-26 21:00:00,76108.2,76112.8,75844.7,75890.7,23.55662137
2026-05-26 22:00:00,75893.8,76003.7,75671.2,75743.7,29.05348465
2026-05-26 23:00:00,75743.7,75991.4,75743.7,75932.5,19.46640395
2026-05-27 00:00:00,75932.5,76086.9,75883.8,76086.8,25.44339192
2026-05-27 01:00:00,76086.9,76107.6,75819.0,75877.4,35.59835638
2026-05-27 02:00:00,75877.4,75892.1,75668.5,75877.1,31.20677019
2026-05-27 03:00:00,75877.0,75966.0,75603.5,75667.4,37.01887958
2026-05-27 04:00:00,75661.9,75702.9,75310.3,75574.4,53.36923124
2026-05-27 05:00:00,75574.4,75726.3,75574.0,75697.9,43.46935564
2026-05-27 06:00:00,75698.0,75895.5,75673.9,75834.3,46.79465431
2026-05-27 07:00:00,75834.6,75970.4,75760.0,75965.4,57.42494682
2026-05-27 08:00:00,75965.4,76062.3,75836.2,75864.0,65.51825154
2026-05-27 09:00:00,75864.1,75969.8,75702.8,75904.7,66.77093513
2026-05-27 10:00:00,75904.7,76031.1,75865.1,75891.4,27.26070315
2026-05-27 11:00:00,75891.5,76018.3,75749.5,75765.9,54.83232783
2026-05-27 12:00:00,75768.4,76172.1,75568.6,75678.2,76.21711057
2026-05-27 13:00:00,75678.3,75755.3,74865.9,75074.8,159.34502305
2026-05-27 14:00:00,75074.8,75261.8,74773.7,75037.8,108.13161138
2026-05-27 15:00:00,75037.8,75509.8,74981.8,75327.9,88.03519092
2026-05-27 16:00:00,75327.9,75405.9,75000.0,75301.8,64.18337241
2026-05-27 17:00:00,75301.8,75339.2,74691.3,74864.0,78.14154091
2026-05-27 18:00:00,74863.9,75033.2,74665.0,75029.7,56.3856883
2026-05-27 19:00:00,75029.8,75105.1,74950.1,75063.6,46.59485285
2026-05-27 20:00:00,75063.6,75422.4,75059.5,75276.2,33.37442233
2026-05-27 21:00:00,75274.8,75274.8,74352.1,74479.2,85.4013326
2026-05-27 22:00:00,74483.7,74771.7,74274.5,74426.7,79.16625704
2026-05-27 23:00:00,74426.6,74575.0,74246.0,74451.7,57.80070102
2026-05-28 00:00:00,74451.6,74582.5,74368.2,74567.7,49.85208104
2026-05-28 01:00:00,74567.7,74586.3,74154.6,74335.8,59.93851498
2026-05-28 02:00:00,74338.7,74399.1,74117.5,74282.2,41.10290322
2026-05-28 03:00:00,74282.3,74375.4,73076.0,73263.9,229.50533891
2026-05-28 04:00:00,73263.8,73263.9,72739.2,73178.8,158.01395902
2026-05-28 05:00:00,73178.8,73178.8,72908.2,72989.1,56.3768628
2026-05-28 06:00:00,72990.0,73207.8,72752.3,73199.7,67.14848494
2026-05-28 07:00:00,73199.7,73507.4,73152.8,73495.4,53.87304018
2026-05-28 08:00:00,73495.5,73499.2,73209.8,73329.9,37.05944486
2026-05-28 09:00:00,73329.9,73564.2,73263.4,73542.7,43.64878623
2026-05-28 10:00:00,73539.6,73617.6,73349.8,73407.0,37.88059671
2026-05-28 11:00:00,73407.1,73529.6,73321.2,73501.1,43.92594707
2026-05-28 12:00:00,73501.2,73580.1,73254.2,73534.1,57.20635104
2026-05-28 13:00:00,73534.1,73577.7,72772.1,73027.9,151.40086888
2026-05-28 14:00:00,73027.9,73574.3,72594.9,73027.1,242.58479884
2026-05-28 15:00:00,73027.1,73171.2,72700.1,72932.9,101.80232176
2026-05-28 16:00:00,72932.8,73430.5,72740.7,73430.0,80.46954533
2026-05-28 17:00:00,73430.0,73733.0,73310.1,73549.9,75.71557254
2026-05-28 18:00:00,73549.8,73741.0,73516.2,73648.9,45.17459134
2026-05-28 19:00:00,73648.9,73648.9,73378.6,73416.0,105.69201665
2026-05-28 20:00:00,73415.9,73723.0,73242.9,73578.7,83.15796883
2026-05-28 21:00:00,73578.8,73924.4,73558.7,73824.1,53.33646451
2026-05-28 22:00:00,73819.3,73940.6,73450.2,73464.6,40.66993238
2026-05-28 23:00:00,73464.6,73717.5,73464.6,73621.9,25.57880903
2026-05-29 00:00:00,73621.0,73860.4,73621.0,73714.1,29.77988217
2026-05-29 01:00:00,73714.1,73865.1,73464.1,73589.6,36.52689797
2026-05-29 02:00:00,73589.6,73640.6,73185.4,73228.8,42.1010677
2026-05-29 03:00:00,73228.9,73457.2,73228.9,73295.5,21.69375052
2026-05-29 04:00:00,73299.1,73507.8,73204.9,73502.9,27.28669142
2026-05-29 05:00:00,73502.8,73717.3,73494.1,73705.7,33.18686115
2026-05-29 06:00:00,73703.6,73930.8,73636.8,73778.6,32.30069693
2026-05-29 07:00:00,73778.7,73821.6,73369.7,73525.3,31.36666502
2026-05-29 08:00:00,73525.3,73830.5,73520.2,73652.6,39.2202753
2026-05-29 09:00:00,73652.6,73900.0,73648.3,73745.5,28.65921393
2026-05-29 10:00:00,73745.5,73745.5,73580.3,73645.6,26.6954411
2026-05-29 11:00:00,73640.0,73699.0,73345.3,73481.1,41.1619226
2026-05-29 12:00:00,73481.1,73481.1,73204.6,73296.2,54.12637311
2026-05-29 13:00:00,73296.2,73353.7,72900.1,73136.8,104.85693976
2026-05-29 14:00:00,73136.8,73200.3,72514.1,73094.0,159.05672027
2026-05-29 15:00:00,73094.1,74195.2,73000.0,73807.0,284.58213985
2026-05-29 16:00:00,73807.1,74126.9,73565.1,74055.1,106.60618032
2026-05-29 17:00:00,74054.1,74328.2,73925.5,73988.6,159.20865942
2026-05-29 18:00:00,73988.6,74067.7,73184.8,73372.7,117.85309564
2026-05-29 19:00:00,73372.6,73733.7,73248.9,73522.6,106.74860925
2026-05-29 20:00:00,73522.5,73761.8,73512.2,73673.4,29.6832627
2026-05-29 21:00:00,73673.5,73849.1,73410.4,73416.0,46.71976606
2026-05-29 22:00:00,73416.0,73575.3,73380.5,73489.8,53.02383549
2026-05-29 23:00:00,73489.7,73513.0,73322.9,73469.0,30.97540318
2026-05-30 00:00:00,73469.0,73590.5,73416.9,73513.6,39.424336
2026-05-30 01:00:00,73510.8,73671.9,73481.5,73669.5,32.47559145
2026-05-30 02:00:00,73669.6,73792.5,73619.7,73792.5,22.72851837
2026-05-30 03:00:00,73792.5,73805.8,73532.0,73532.1,43.46408328
2026-05-30 04:00:00,73532.0,73579.8,73216.6,73413.6,49.75202232
2026-05-30 05:00:00,73412.2,73647.4,73353.6,73601.1,43.02917015
2026-05-30 06:00:00,73604.7,73722.2,73533.9,73586.4,34.83922367
2026-05-30 07:00:00,73586.5,73587.9,73493.2,73549.3,30.40667896
2026-05-30 08:00:00,73549.3,73569.1,73508.4,73526.4,27.02967658
2026-05-30 09:00:00,73527.1,73624.6,73509.0,73615.3,22.59057354
2026-05-30 10:00:00,73615.4,73689.7,73596.6,73654.9,26.13277186
2026-05-30 11:00:00,73655.9,73657.9,73575.2,73604.1,24.7703664
2026-05-30 12:00:00,73604.1,73725.6,73603.1,73707.5,38.95375558
2026-05-30 13:00:00,73707.5,73849.2,73687.1,73837.4,34.08037495
2026-05-30 14:00:00,73837.5,74105.4,73824.8,73935.3,58.28552016
2026-05-30 15:00:00,73935.4,74046.4,73838.4,73922.0,41.30876007
2026-05-30 16:00:00,73924.0,73979.1,73883.2,73936.8,65.589778
2026-05-30 17:00:00,73936.8,74031.4,73808.8,74027.9,71.38377496
2026-05-30 18:00:00,74027.9,74148.6,73958.7,74053.6,30.49881864
2026-05-30 19:00:00,74053.6,74083.0,73981.2,74019.3,24.89317361
2026-05-30 20:00:00,74019.3,74023.8,73933.9,73983.5,19.96053395
2026-05-30 21:00:00,73983.5,74063.5,73940.9,73989.9,38.85288735
2026-05-30 22:00:00,73993.2,73993.2,73796.3,73885.8,35.85493812
2026-05-30 23:00:00,73885.7,74001.9,73790.5,73884.5,27.31414914
2026-05-31 00:00:00,73884.5,74050.0,73860.2,74041.4,32.86826748
2026-05-31 01:00:00,74041.4,74272.2,74029.4,74059.0,32.02656952
2026-05-31 02:00:00,74059.0,74253.6,73890.0,74091.2,48.63366304
2026-05-31 03:00:00,74092.3,74225.5,74069.7,74155.9,20.52209306
2026-05-31 04:00:00,74156.0,74228.4,74106.7,74180.9,12.79634179
2026-05-31 05:00:00,74181.0,74215.8,74061.5,74071.4,11.14359407
2026-05-31 06:00:00,74064.1,74102.0,74000.6,74057.8,20.02643088
2026-05-31 07:00:00,74057.8,74057.8,73836.7,73877.9,35.18987061
2026-05-31 08:00:00,73877.9,73993.2,73855.2,73953.6,39.73040298
2026-05-31 09:00:00,73953.6,74038.6,73820.0,73841.8,29.725803137069395
2026-05-31 10:00:00,73841.8,73907.6,73740.5,73905.3,32.01770233
2026-05-31 11:00:00,73905.3,73976.3,73905.2,73950.3,19.37344479
2026-05-31 12:00:00,73950.4,73999.3,73871.8,73921.8,24.13328775
2026-05-31 13:00:00,73921.8,74030.9,73815.6,73877.1,16.25022748
2026-05-31 14:00:00,73877.2,73877.2,73506.2,73606.1,76.23505118
2026-05-31 15:00:00,73606.1,73784.5,73598.0,73655.0,21.22921576
2026-05-31 16:00:00,73655.1,73735.1,73402.4,73526.9,43.68707228
2026-05-31 17:00:00,73526.8,73740.5,73463.3,73710.2,26.14703161
2026-05-31 18:00:00,73710.1,73713.8,73581.9,73609.0,25.26624687
2026-05-31 19:00:00,73609.0,73652.5,73451.4,73556.6,21.1495633
2026-05-31 20:00:00,73556.7,73763.3,73556.7,73740.2,30.37325068
2026-05-31 21:00:00,73743.3,73916.9,73621.9,73896.5,43.88190869
2026-05-31 22:00:00,73896.5,74003.6,73679.8,73953.5,38.05667554
2026-05-31 23:00:00,73953.5,74200.0,73503.0,73678.0,42.56228824
2026-06-01 00:00:00,73678.0,74087.6,73661.2,73884.0,39.83306894
2026-06-01 01:00:00,73883.9,73916.4,73288.7,73294.2,44.46744904
2026-06-01 02:00:00,73294.2,73885.4,73223.0,73799.5,44.11335536
2026-06-01 03:00:00,73799.5,74017.5,73731.0,73769.1,34.09268716
2026-06-01 04:00:00,73769.1,73842.8,73350.0,73535.8,30.81292366
2026-06-01 05:00:00,73535.8,73538.5,73332.8,73349.3,29.14567361
2026-06-01 06:00:00,73349.3,73369.7,72965.4,73142.3,54.21306062
2026-06-01 07:00:00,73142.3,73205.5,72707.6,72815.7,67.66795662
2026-06-01 08:00:00,72815.8,72930.7,72622.5,72903.7,71.41581583
2026-06-01 09:00:00,72903.7,73104.9,72824.2,72882.7,71.3141476994828
2026-06-01 10:00:00,72884.2,72909.1,72598.2,72750.1,82.04099456
2026-06-01 11:00:00,72751.6,72764.8,72279.9,72483.3,94.78518215
2026-06-01 12:00:00,72483.3,72608.3,71904.7,72217.5,176.20075549
2026-06-01 13:00:00,72217.6,72234.4,71383.2,71704.9,290.44439529
2026-06-01 14:00:00,71704.9,71883.6,71416.0,71565.1,164.82920989
2026-06-01 15:00:00,71565.0,71672.0,71067.4,71125.1,186.47254851
2026-06-01 16:00:00,71125.1,71585.6,70684.6,71555.4,196.5173941
2026-06-01 17:00:00,71555.3,71790.7,71463.3,71641.4,115.52082594
2026-06-01 18:00:00,71639.9,71685.5,71369.8,71496.1,74.65096296
2026-06-01 19:00:00,71496.2,71666.0,71382.6,71593.9,59.74219886
2026-06-01 20:00:00,71594.0,71694.6,71420.0,71445.8,45.87227983
2026-06-01 21:00:00,71445.8,71454.4,70947.2,71040.4,86.58708461
2026-06-01 22:00:00,71040.4,71457.3,70828.9,71402.4,100.1591555
2026-06-01 23:00:00,71402.4,71573.0,71172.8,71404.5,181.12087534
2026-06-02 00:00:00,71404.5,71411.2,71097.3,71280.8,50.46102731
2026-06-02 01:00:00,71280.8,71366.6,70612.2,70650.1,88.15858219
2026-06-02 02:00:00,70650.1,70869.4,70100.3,70844.1,137.83463518
2026-06-02 03:00:00,70850.8,71036.0,70801.2,70957.1,51.01709015
2026-06-02 04:00:00,70953.7,71040.0,70713.2,70804.9,43.49080014
2026-06-02 05:00:00,70804.9,70842.2,70269.1,70269.2,99.31901094
2026-06-02 06:00:00,70269.3,70444.3,69960.0,70110.2,92.17212835
2026-06-02 07:00:00,70110.3,70270.1,69751.4,70118.7,119.27343495
2026-06-02 08:00:00,70118.7,70180.0,69709.4,69822.6,74.96334729
2026-06-02 09:00:00,69835.2,69846.0,69329.8,69428.2,171.52110887
2026-06-02 10:00:00,69428.2,69757.5,69351.2,69653.5,94.3687158265811
2026-06-02 11:00:00,69653.4,69658.8,69400.8,69462.5,66.6893381
2026-06-02 12:00:00,69457.6,69543.1,68991.5,69020.6,135.08957644
2026-06-02 13:00:00,69015.5,69174.7,68761.9,68805.7,205.1987338
2026-06-02 14:00:00,68805.7,68839.2,67628.2,68023.5,318.42212809
2026-06-02 15:00:00,68023.4,68092.6,67060.0,67296.7,334.23516417
2026-06-02 16:00:00,67296.7,68129.9,67218.2,67410.5,206.21145912
2026-06-02 17:00:00,67412.5,67841.1,67369.6,67483.4,111.80087552
2026-06-02 18:00:00,67483.5,67650.0,67124.6,67345.6,98.90457381
2026-06-02 19:00:00,67344.8,67511.3,66432.8,67312.6,221.7894105
2026-06-02 20:00:00,67319.0,67690.0,66912.1,67589.1,122.44269756718579
2026-06-02 21:00:00,67592.3,67927.9,67409.7,67567.5,88.73045554
2026-06-02 22:00:00,67567.4,67567.4,66239.9,66383.0,212.20205589
2026-06-02 23:00:00,66383.0,66873.8,66202.8,66760.9,222.31031325
2026-06-03 00:00:00,66761.0,67196.0,66649.5,66931.5,148.94217127
2026-06-03 01:00:00,66931.6,67046.2,66475.7,66915.5,99.70741635
2026-06-03 02:00:00,66914.9,66932.9,66590.3,66619.0,92.21858026
2026-06-03 03:00:00,66618.9,66658.8,65455.0,65847.7,288.9056149
2026-06-03 04:00:00,65850.0,66618.9,65831.7,66467.9,159.95253648
2026-06-03 05:00:00,66468.0,67395.9,66468.0,67326.1,218.76136508
2026-06-03 06:00:00,67326.0,67514.4,66957.1,66980.8,127.89811473
2026-06-03 07:00:00,66980.9,67331.9,66869.7,67224.7,71.54180044
2026-06-03 08:00:00,67224.6,67261.1,66973.2,67027.4,70.53962981
2026-06-03 09:00:00,67027.5,67321.4,66651.2,67076.2,108.71032658
2026-06-03 10:00:00,67073.2,67471.5,67064.1,67286.8,77.72990095
2026-06-03 11:00:00,67286.9,67365.9,67052.8,67069.5,54.95297928
2026-06-03 12:00:00,67069.5,67164.6,66784.0,67082.1,106.55749067
2026-06-03 13:00:00,67082.1,67249.0,66636.8,66907.1,180.4851707
2026-06-03 14:00:00,66907.1,66997.3,66650.0,66860.3,155.29929312
2026-06-03 15:00:00,66860.3,66898.6,66079.5,66079.6,184.3895243979642
2026-06-03 16:00:00,66079.6,66367.8,65563.0,66065.3,213.31096248133866
2026-06-03 17:00:00,66065.3,66182.7,65706.8,65963.4,120.33025576497057
2026-06-03 18:00:00,65967.9,66159.0,65750.0,66033.5,88.26665281
2026-06-03 19:00:00,66033.5,66051.6,65251.0,65462.7,135.23450653
2026-06-03 20:00:00,65462.7,65600.4,64756.3,65009.3,202.403795
2026-06-03 21:00:00,65003.9,65853.0,64956.2,65765.8,160.48196005
2026-06-03 22:00:00,65765.8,65853.0,64782.3,64917.0,177.75296626
2026-06-03 23:00:00,64917.1,64982.4,64092.2,64150.0,200.0720911
2026-06-04 00:00:00,64150.0,64431.9,63003.6,63345.7,298.20506227
2026-06-04 01:00:00,63347.9,63511.8,62111.8,62184.1,410.2044208297609
2026-06-04 02:00:00,62184.1,63623.0,61378.6,63232.6,466.6001774045519
2026-06-04 03:00:00,63232.6,64534.2,63218.8,64365.1,181.30057855
2026-06-04 04:00:00,64365.1,64766.5,64274.1,64405.7,103.50745258
2026-06-04 05:00:00,64400.4,64400.4,63657.0,63961.1,127.08169388
2026-06-04 06:00:00,63961.1,64485.9,63896.1,64037.2,99.0975507945781
2026-06-04 07:00:00,64041.6,64071.7,63487.5,63605.2,122.96371967
2026-06-04 08:00:00,63605.3,63901.0,63250.0,63630.3,155.94909035
2026-06-04 09:00:00,63630.4,63646.9,62720.1,63267.1,199.85138009
2026-06-04 10:00:00,63270.4,63276.3,62306.4,62427.7,277.93700696
2026-06-04 11:00:00,62425.3,62841.8,62205.4,62547.3,200.0390184271886
2026-06-04 12:00:00,62553.3,63972.4,62395.5,63759.3,276.20081196
2026-06-04 13:00:00,63772.0,64245.0,63071.0,64227.7,263.84828104
2026-06-04 14:00:00,64228.5,64495.5,63793.6,63958.8,157.750153417456
2026-06-04 15:00:00,63954.0,64401.3,63699.9,63896.6,150.26767089
2026-06-04 16:00:00,63896.6,63925.5,63459.2,63560.5,96.5776041
2026-06-04 17:00:00,63559.2,63718.9,62950.2,63544.2,159.58038178
2026-06-04 18:00:00,63544.1,64101.5,63145.1,63815.5,148.4818537
2026-06-04 19:00:00,63815.5,64163.1,63545.1,63630.2,127.70927167
2026-06-04 20:00:00,63625.1,63655.5,63192.0,63639.7,82.63244486
2026-06-04 21:00:00,63634.6,63881.6,63115.4,63289.8,89.38211765
2026-06-04 22:00:00,63289.8,63773.9,63199.1,63743.6,126.88982093
2026-06-04 23:00:00,63740.0,63919.8,63381.1,63887.0,79.90029275
2026-06-05 00:00:00,63886.9,63975.4,63393.0,63423.0,86.91174677
2026-06-05 01:00:00,63422.9,63570.5,63047.0,63382.3,135.01309171
2026-06-05 02:00:00,63376.0,63443.3,62598.6,62619.7,129.47915428
2026-06-05 03:00:00,62619.7,62887.3,62342.5,62731.2,117.88321965
2026-06-05 04:00:00,62735.7,63651.1,62493.7,63623.4,200.180163
2026-06-05 05:00:00,63623.4,63694.0,62282.0,62331.0,235.67993581
2026-06-05 06:00:00,62330.9,62632.7,61145.1,61953.5,516.21207234
2026-06-05 07:00:00,61947.5,63117.2,61383.6,63109.8,317.11024421
2026-06-05 08:00:00,63109.9,63117.1,62291.5,62459.4,93.75215446
2026-06-05 09:00:00,62459.9,63268.6,62442.1,62862.6,124.58418916
2026-06-05 10:00:00,62862.7,62939.2,62376.2,62544.3,85.54571064
2026-06-05 11:00:00,62539.7,62647.6,61962.3,61962.3,101.45500137
2026-06-05 12:00:00,61962.4,62450.0,61627.0,61965.7,211.20713489
2026-06-05 13:00:00,61959.6,62331.5,60746.5,60748.3,265.04225868
2026-06-05 14:00:00,60746.4,61235.9,60339.3,60866.4,387.55584647
2026-06-05 15:00:00,60874.1,61126.9,60058.3,60450.8,324.94682668
2026-06-05 16:00:00,60430.4,61565.9,59833.0,61406.2,628.23846396
2026-06-05 17:00:00,61406.2,61518.9,60662.0,60824.1,186.31441419
2026-06-05 18:00:00,60821.0,60956.8,59150.1,59410.6,401.21694185
2026-06-05 19:00:00,59404.2,60459.3,59136.7,60309.1,303.57087555
2026-06-05 20:00:00,60303.9,61809.4,59948.1,61629.0,278.55967313
2026-06-05 21:00:00,61619.5,62004.9,61452.5,61680.7,179.9122283
2026-06-05 22:00:00,61674.1,61972.2,61220.4,61579.4,209.57490614
2026-06-05 23:00:00,61597.6,61784.1,60519.6,61056.5,172.37304633916943
2026-06-06 00:00:00,61067.0,61525.8,61055.8,61275.6,80.35123712
2026-06-06 01:00:00,61275.7,61381.9,60961.6,61078.3,72.6642355
2026-06-06 02:00:00,61058.2,61183.8,60682.9,60964.1,76.22237224
2026-06-06 03:00:00,60939.8,60973.2,60523.7,60693.3,78.63030341
2026-06-06 04:00:00,60693.3,60871.7,59499.7,60100.0,188.45346361
2026-06-06 05:00:00,60100.0,61076.7,59624.0,60955.1,229.03719326
2026-06-06 06:00:00,60964.0,61281.5,60690.6,60782.0,88.56745308
2026-06-06 07:00:00,60795.0,61229.9,60736.6,60998.5,75.41479741
2026-06-06 08:00:00,61011.8,61497.8,60884.9,61269.4,60.93945223
2026-06-06 09:00:00,61259.2,61322.4,60894.0,60975.1,38.90664925
2026-06-06 10:00:00,60975.1,60978.5,60203.4,60597.6,104.96039652
2026-06-06 11:00:00,60583.8,60968.7,60548.2,60803.8,75.48201956
2026-06-06 12:00:00,60803.9,61188.2,60651.1,61026.0,82.04493394
2026-06-06 13:00:00,61036.2,61103.1,60709.9,60811.7,43.63718066
2026-06-06 14:00:00,60811.8,61017.1,60779.8,60792.4,37.15544326
2026-06-06 15:00:00,60792.4,60932.7,60397.4,60785.0,55.86977507
2026-06-06 16:00:00,60785.0,60971.4,60480.3,60780.4,62.37135864
2026-06-06 17:00:00,60784.6,60849.5,60507.1,60588.6,48.38210386
2026-06-06 18:00:00,60588.7,60753.3,60406.2,60642.9,46.79727182
2026-06-06 19:00:00,60642.9,60787.6,60537.1,60598.8,35.27929458
2026-06-06 20:00:00,60598.8,60765.8,60524.1,60711.1,32.52480426
2026-06-06 21:00:00,60711.1,61000.0,60707.3,60756.8,47.61796052
2026-06-06 22:00:00,60752.1,60816.4,60434.4,60540.7,45.753623442488305
2026-06-06 23:00:00,60540.7,60948.9,60540.7,60899.3,38.63587858
2026-06-07 00:00:00,60884.1,60990.2,60750.0,60785.1,34.00194762
2026-06-07 01:00:00,60785.1,61663.1,60763.9,61474.7,98.11639106
2026-06-07 02:00:00,61482.7,61564.0,61179.7,61504.1,28.844847664107885
2026-06-07 03:00:00,61501.2,61773.4,61418.5,61706.2,45.85664748
2026-06-07 04:00:00,61698.9,61907.5,61486.9,61898.5,22.868136548760944
2026-06-07 05:00:00,61896.2,62179.5,61659.5,61750.6,57.37647994
2026-06-07 06:00:00,61750.7,62271.0,61619.6,62111.0,55.252133717035356
2026-06-07 07:00:00,62106.5,62417.7,61994.6,62402.7,69.75471814
2026-06-07 08:00:00,62404.2,62955.9,62256.3,62862.3,85.50906831
2026-06-07 09:00:00,62862.4,62904.5,62409.1,62541.7,52.24603246
2026-06-07 10:00:00,62541.7,62575.4,62302.6,62381.7,29.71928175
2026-06-07 11:00:00,62381.7,62764.1,62367.8,62623.2,38.66568033
2026-06-07 12:00:00,62630.0,62648.9,61583.2,61919.6,153.83024604
2026-06-07 13:00:00,61900.0,61905.1,61664.6,61712.9,45.18993014
2026-06-07 14:00:00,61705.5,62310.0,61705.4,61906.5,61.5185123
2026-06-07 15:00:00,61903.8,62213.0,61677.9,62087.9,50.52005018
2026-06-07 16:00:00,62091.7,62323.4,61964.2,62079.1,61.85047259
2026-06-07 17:00:00,62083.1,62328.5,62044.7,62161.2,44.03746546
2026-06-07 18:00:00,62161.2,62293.2,62017.4,62026.6,27.33804584
2026-06-07 19:00:00,62035.4,62035.4,61185.4,61329.9,133.13287815
2026-06-07 20:00:00,61326.8,61962.4,61225.5,61875.7,62.75501755
2026-06-07 21:00:00,61887.0,62003.3,61656.3,61776.8,37.87570385
2026-06-07 22:00:00,61792.3,64271.9,61729.3,62868.9,272.55470312
2026-06-07 23:00:00,62862.1,63451.8,62807.7,63329.8,70.81427079
2026-06-08 00:00:00,63335.8,63862.6,63144.2,63634.1,58.41382418
2026-06-08 01:00:00,63640.7,63646.8,62727.8,63210.6,88.78173557
2026-06-08 02:00:00,63221.7,63263.2,62916.7,63130.2,53.04734517
2026-06-08 03:00:00,63128.6,63450.0,62973.0,63126.5,25.93767373
2026-06-08 04:00:00,63128.5,63171.6,62662.5,62680.1,38.51518577
2026-06-08 05:00:00,62680.1,62828.1,62414.0,62766.0,49.55297772
2026-06-08 06:00:00,62766.6,63144.3,62736.3,62991.1,38.46368281
2026-06-08 07:00:00,62982.7,63350.0,62813.9,63290.9,67.58944076
2026-06-08 08:00:00,63284.6,63284.7,62990.1,63134.8,39.61633158
2026-06-08 09:00:00,63134.8,63578.0,63132.3,63502.3,61.60862566
2026-06-08 10:00:00,63502.4,63559.2,63100.0,63157.9,60.92722423
2026-06-08 11:00:00,63152.3,63880.5,63053.1,63480.0,73.23060555
2026-06-08 12:00:00,63492.8,63941.0,62712.5,63873.0,139.19778063
2026-06-08 13:00:00,63877.4,63945.3,63365.6,63760.1,108.3397245
2026-06-08 14:00:00,63772.2,64084.4,63578.2,63971.4,100.68166341
2026-06-08 15:00:00,63968.3,64207.8,63714.3,63775.9,122.14135293
2026-06-08 16:00:00,63775.9,64045.5,63467.6,63528.6,66.24629217
2026-06-08 17:00:00,63528.6,63649.1,63279.7,63549.2,87.95796291
2026-06-08 18:00:00,63549.2,63689.6,63341.9,63473.3,40.72639564
2026-06-08 19:00:00,63468.1,63598.5,63360.2,63374.7,46.22971137
2026-06-08 20:00:00,63381.0,63482.8,63163.3,63482.8,42.6873677
2026-06-08 21:00:00,63482.9,63850.0,63482.9,63732.9,41.52760282
2026-06-08 22:00:00,63722.6,63722.6,63216.2,63442.7,32.05603188
2026-06-08 23:00:00,63443.8,63599.6,62988.5,63080.4,36.93664638
2026-06-09 00:00:00,63087.2,63180.8,62425.9,62567.1,125.46526216
2026-06-09 01:00:00,62566.6,62875.0,62554.2,62772.5,57.20652248
2026-06-09 02:00:00,62763.8,62873.0,62549.2,62868.0,30.29058344
2026-06-09 03:00:00,62868.9,62968.9,62700.4,62873.3,44.73873839723106
2026-06-09 04:00:00,62874.8,63429.8,62750.2,63249.1,67.16213779
2026-06-09 05:00:00,63242.7,63525.7,63119.4,63347.5,24.38507964
2026-06-09 06:00:00,63357.0,63515.4,63233.7,63300.0,27.2760419
2026-06-09 07:00:00,63300.0,63444.7,63012.5,63197.4,54.81698602
2026-06-09 08:00:00,63197.5,63205.3,62777.2,62847.0,81.735035
2026-06-09 09:00:00,62853.3,62950.8,62588.5,62718.5,55.77754385
2026-06-09 10:00:00,62718.6,62839.1,62593.5,62793.7,41.32690608
2026-06-09 11:00:00,62784.9,62805.0,62500.0,62715.4,59.8686835
2026-06-09 12:00:00,62715.5,62900.2,62434.4,62645.3,57.21392777
2026-06-09 13:00:00,62642.1,62743.3,62154.5,62279.9,90.1195391
2026-06-09 14:00:00,62279.9,62394.1,61155.8,61540.9,179.58978967
2026-06-09 15:00:00,61542.1,61710.2,61040.0,61131.4,117.46607066
2026-06-09 16:00:00,61129.1,61484.9,60775.1,61387.5,246.69613442
2026-06-09 17:00:00,61395.0,61886.7,61395.0,61690.9,88.18610363
2026-06-09 18:00:00,61691.0,61964.3,61601.6,61789.8,63.74583787
2026-06-09 19:00:00,61789.8,62103.7,61722.3,62102.7,50.00917952
2026-06-09 20:00:00,62101.7,62275.0,61955.4,62158.3,42.1354444
2026-06-09 21:00:00,62164.4,62181.0,61696.6,61758.5,44.94832734
2026-06-09 22:00:00,61763.8,61971.9,61666.4,61719.0,23.07930216
2026-06-09 23:00:00,61719.1,61880.5,61558.6,61727.2,28.29112392
2026-06-10 00:00:00,61727.2,61930.0,61452.0,61930.0,43.96850675
2026-06-10 01:00:00,61919.9,61972.0,61596.3,61716.1,42.83594639
2026-06-10 02:00:00,61730.6,61844.1,61242.3,61302.6,55.35053681
2026-06-10 03:00:00,61303.1,61591.1,61290.6,61547.2,26.85248559
2026-06-10 04:00:00,61547.1,61562.2,61197.1,61288.5,31.71145514
2026-06-10 05:00:00,61294.6,61396.4,61084.3,61351.7,34.50533982
2026-06-10 06:00:00,61351.7,61521.6,61146.0,61476.6,37.47764012
2026-06-10 07:00:00,61470.9,61797.4,61439.2,61679.3,46.15142507
2026-06-10 08:00:00,61686.3,61736.4,61166.5,61258.0,73.41184083
2026-06-10 09:00:00,61264.6,61422.9,60727.3,61334.5,85.58849245918866
2026-06-10 10:00:00,61336.2,61454.1,61157.3,61384.6,47.44657005
2026-06-10 11:00:00,61384.7,61434.3,60864.1,61039.7,100.50635014
2026-06-10 12:00:00,61039.8,61942.0,60965.3,61571.3,165.37454167
2026-06-10 13:00:00,61567.9,62445.0,61444.9,62145.8,186.95061139
2026-06-10 14:00:00,62147.9,62262.4,61818.6,62199.8,132.27559099
2026-06-10 15:00:00,62199.9,62853.5,61856.3,62642.9,219.28008408
2026-06-10 16:00:00,62642.2,62647.8,61932.6,62213.9,169.54253254
2026-06-10 17:00:00,62225.6,62363.0,61656.0,61966.3,149.79290905
2026-06-10 18:00:00,61972.5,62162.7,61611.1,61887.3,87.2417658
2026-06-10 19:00:00,61889.8,62066.5,61681.3,61941.4,75.61211146
2026-06-10 20:00:00,61943.7,61952.1,61689.3,61805.4,59.16701867
2026-06-10 21:00:00,61805.5,61805.5,61180.8,61357.5,108.93383525
2026-06-10 22:00:00,61364.2,61575.2,61108.1,61381.1,103.88849758
2026-06-10 23:00:00,61386.5,61608.9,61168.0,61519.2,57.62547516
2026-06-11 00:00:00,61519.0,61980.0,61519.0,61818.3,97.67924202
2026-06-11 01:00:00,61821.3,62372.8,61821.3,62214.5,119.1268715
2026-06-11 02:00:00,62213.0,62300.0,61947.3,62149.0,99.14576421
2026-06-11 03:00:00,62149.1,62863.0,62008.5,62695.4,110.48774703
2026-06-11 04:00:00,62689.2,62853.4,62551.1,62729.3,46.88602058
2026-06-11 05:00:00,62726.2,62726.2,62558.0,62610.0,32.82243066
2026-06-11 06:00:00,62618.6,63004.3,62549.2,62770.0,65.69783732841327
2026-06-11 07:00:00,62760.8,62843.3,62610.2,62724.3,36.96184173
2026-06-11 08:00:00,62724.3,63050.3,62724.3,62958.5,43.60698764
2026-06-11 09:00:00,62958.7,62992.0,62794.8,62924.9,39.51246006
2026-06-11 10:00:00,62929.5,63223.1,62803.4,63144.2,77.88173388
2026-06-11 11:00:00,63141.1,63259.4,63038.0,63104.3,85.42127537
2026-06-11 12:00:00,63103.3,63197.6,62505.7,63012.7,215.22520266
2026-06-11 13:00:00,63000.2,63237.3,62680.5,63084.8,98.05499575
2026-06-11 14:00:00,63085.6,63107.3,62740.0,62740.0,94.54142948
2026-06-11 15:00:00,62740.1,62887.2,62529.0,62750.6,93.98548226361207
2026-06-11 16:00:00,62750.6,62846.0,62556.1,62582.2,72.89646636
2026-06-11 17:00:00,62582.1,63649.5,62352.2,63637.4,264.02648285
2026-06-11 18:00:00,63639.8,63789.0,63330.4,63462.2,127.82590099
2026-06-11 19:00:00,63462.2,63929.2,63400.0,63611.0,144.90020450765584
2026-06-11 20:00:00,63609.7,63662.9,63276.9,63398.5,66.22976839
2026-06-11 21:00:00,63398.4,63603.2,63396.0,63521.7,34.86214238
2026-06-11 22:00:00,63521.7,63672.2,63467.2,63502.8,31.7225583
2026-06-11 23:00:00,63502.7,63728.9,63361.3,63632.1,56.47505294
2026-06-12 00:00:00,63632.1,63790.0,63525.1,63649.1,64.58312236
2026-06-12 01:00:00,63649.1,63649.1,63293.8,63425.8,55.94137514
2026-06-12 02:00:00,63425.9,63778.8,63425.8,63619.7,52.87922844
2026-06-12 03:00:00,63619.6,63653.0,63355.2,63525.9,39.91196501
2026-06-12 04:00:00,63527.6,63865.6,63428.4,63706.3,52.30014939
2026-06-12 05:00:00,63706.4,63726.6,63313.2,63361.0,49.00068187
2026-06-12 06:00:00,63360.9,63418.5,62845.8,62984.3,71.91560786
2026-06-12 07:00:00,62984.3,63208.0,62958.5,63100.1,62.13160918
2026-06-12 08:00:00,63101.6,63614.0,63100.0,63470.1,73.95312615
2026-06-12 09:00:00,63467.7,63951.9,63437.0,63754.9,77.22910905
2026-06-12 10:00:00,63754.8,63843.6,63581.6,63696.4,59.11678741
2026-06-12 11:00:00,63699.1,63883.5,63685.3,63760.9,71.103083
2026-06-12 12:00:00,63756.3,63772.5,63380.4,63465.2,75.69573145
2026-06-12 13:00:00,63465.2,63537.0,63059.7,63233.9,148.26054657
2026-06-12 14:00:00,63234.8,64004.9,63196.0,64003.1,148.64580611
2026-06-12 15:00:00,64003.2,64392.7,63556.1,63602.1,172.93125064
2026-06-12 16:00:00,63593.0,64003.7,63516.5,63984.5,213.05848474
2026-06-12 17:00:00,63984.6,64114.7,63744.2,63865.8,69.28221026
2026-06-12 18:00:00,63871.1,63937.1,63684.2,63691.7,56.95078626
2026-06-12 19:00:00,63691.8,63827.5,63591.9,63591.9,57.42156971
2026-06-12 20:00:00,63592.0,63705.2,63401.8,63446.8,66.0913791
2026-06-12 21:00:00,63448.8,63629.5,63441.2,63475.7,48.80392373
2026-06-12 22:00:00,63475.8,63670.3,63469.5,63511.3,53.51336894
2026-06-12 23:00:00,63509.3,63582.9,63427.6,63582.5,37.25473385
2026-06-13 00:00:00,63578.9,63643.1,63511.5,63603.9,39.25885756
2026-06-13 01:00:00,63606.7,63845.2,63606.7,63828.6,44.72638709
2026-06-13 02:00:00,63831.9,63832.9,63560.3,63658.5,34.60613304
2026-06-13 03:00:00,63657.9,63722.9,63420.3,63534.7,32.35111374
2026-06-13 04:00:00,63534.8,63646.5,63489.8,63514.6,18.46112072
2026-06-13 05:00:00,63516.0,63602.7,63500.2,63593.3,36.10887133
2026-06-13 06:00:00,63593.4,63745.4,63557.7,63741.9,29.15101673
2026-06-13 07:00:00,63737.1,63890.9,63680.8,63846.8,59.74630546
2026-06-13 08:00:00,63850.0,63920.1,63768.5,63810.8,50.31355847
2026-06-13 09:00:00,63807.9,63867.2,63750.3,63751.0,43.59235881
2026-06-13 10:00:00,63751.0,63914.6,63731.5,63840.6,39.15690885
2026-06-13 11:00:00,63844.3,63974.0,63842.7,63970.0,30.48803899
2026-06-13 12:00:00,63970.0,64216.9,63921.1,64139.8,57.83764247
2026-06-13 13:00:00,64139.8,64248.9,64063.6,64112.7,70.46981228
2026-06-13 14:00:00,64107.2,64241.2,64093.5,64228.6,49.97315236
2026-06-13 15:00:00,64228.7,64346.0,64193.5,64304.3,55.9435686
2026-06-13 16:00:00,64304.3,64313.8,63919.3,64030.5,88.84451222
2026-06-13 17:00:00,64030.6,64121.8,63941.0,63976.7,40.02506745
2026-06-13 18:00:00,63976.8,64285.1,63976.7,64164.6,36.38414836
2026-06-13 19:00:00,64164.6,64350.3,64157.1,64301.5,35.55334425
2026-06-13 20:00:00,64304.0,64304.0,64237.0,64285.5,18.53050103
2026-06-13 21:00:00,64289.8,64773.0,64228.8,64475.0,46.64746658
2026-06-13 22:00:00,64464.6,64561.2,64385.5,64465.2,25.31863242
2026-06-13 23:00:00,64461.1,64597.8,64393.6,64453.7,24.70406872
2026-06-14 00:00:00,64453.6,64587.1,64382.9,64558.8,35.98051565
2026-06-14 01:00:00,64561.5,64715.2,64510.6,64574.2,34.94919599
2026-06-14 02:00:00,64574.3,64638.5,64479.9,64494.0,23.05283126
2026-06-14 03:00:00,64491.9,64546.2,64470.9,64546.1,22.52882713
2026-06-14 04:00:00,64546.2,64566.5,64331.5,64339.1,30.11034926
2026-06-14 05:00:00,64339.1,64413.3,64296.5,64352.6,20.83167613
2026-06-14 06:00:00,64354.6,64486.8,64252.2,64291.9,52.86259237
2026-06-14 07:00:00,64291.9,64447.5,64230.2,64430.7,32.07531009
2026-06-14 08:00:00,64430.6,64517.8,64394.9,64456.5,27.349213280208087
2026-06-14 09:00:00,64456.4,64615.0,64323.3,64615.0,35.33176383
2026-06-14 10:00:00,64615.0,64667.4,64500.9,64525.6,26.28681798
2026-06-14 11:00:00,64525.6,64648.3,64458.8,64546.9,33.72237169
2026-06-14 12:00:00,64546.9,64565.5,64302.1,64332.2,46.00012369
2026-06-14 13:00:00,64332.3,64403.5,64252.1,64320.9,44.41270221
2026-06-14 14:00:00,64320.9,64348.5,63869.0,63985.1,79.53869579
2026-06-14 15:00:00,63990.9,64152.6,63983.8,64027.7,58.62088947
2026-06-14 16:00:00,64017.9,64208.5,63931.5,63946.9,44.20624589
2026-06-14 17:00:00,63943.7,64024.7,63694.0,63738.0,77.40626646
2026-06-14 18:00:00,63738.0,63818.5,63682.6,63818.5,63.33957587
2026-06-14 19:00:00,63818.5,63859.4,63738.1,63799.9,16.97837057
2026-06-14 20:00:00,63804.7,64088.0,63793.0,64007.2,59.63154141
2026-06-14 21:00:00,64007.3,65672.7,64007.3,65309.5,245.23915819068938
2026-06-14 22:00:00,65317.7,65586.1,64948.1,65419.2,189.52936840564678
2026-06-14 23:00:00,65419.3,65804.9,65263.6,65750.3,140.28462739
2026-06-15 00:00:00,65750.1,65922.5,65493.5,65626.7,107.03138483
2026-06-15 01:00:00,65626.7,65740.3,65361.1,65505.2,44.49638071
2026-06-15 02:00:00,65518.8,65777.5,65426.0,65465.2,48.75717583
2026-06-15 03:00:00,65469.5,66014.7,65438.7,65926.3,56.32721784
2026-06-15 04:00:00,65932.8,65932.8,65642.3,65646.2,31.58064214
2026-06-15 05:00:00,65646.2,65878.6,65619.5,65867.0,30.24599197
2026-06-15 06:00:00,65867.0,65975.1,65784.7,65820.2,37.41443972
2026-06-15 07:00:00,65820.2,66019.0,65640.8,65678.7,47.140725
2026-06-15 08:00:00,65678.8,65803.2,65627.6,65669.0,53.15642173
2026-06-15 09:00:00,65669.0,65787.3,65513.6,65602.7,52.2825798
2026-06-15 10:00:00,65602.8,65984.8,65589.1,65922.8,78.38184501
2026-06-15 11:00:00,65922.9,66390.2,65856.4,66245.5,141.67946749
2026-06-15 12:00:00,66245.5,66607.9,66114.7,66572.7,99.33516272
2026-06-15 13:00:00,66572.7,66958.6,66416.9,66451.0,143.00829244730073
2026-06-15 14:00:00,66450.9,66678.5,66308.6,66608.4,72.9924285
2026-06-15 15:00:00,66599.2,67296.1,66590.7,67296.1,114.51409771
2026-06-15 16:00:00,67296.2,67298.4,67096.4,67163.3,72.68748267
2026-06-15 17:00:00,67163.3,67163.3,66685.1,66861.1,87.97435111
2026-06-15 18:00:00,66857.1,66947.5,66718.2,66765.6,50.33364098
2026-06-15 19:00:00,66758.9,66890.3,66354.9,66606.9,70.58172035
2026-06-15 20:00:00,66605.5,66687.2,66492.9,66523.5,52.38850869
2026-06-15 21:00:00,66523.5,66570.1,66340.1,66375.6,38.161392700948674
2026-06-15 22:00:00,66375.5,66475.5,66097.3,66207.0,67.65882762
2026-06-15 23:00:00,66207.0,66365.8,66118.7,66323.2,27.37845015
2026-06-16 00:00:00,66323.2,66460.2,66231.6,66247.4,22.5887515
2026-06-16 01:00:00,66247.5,66415.9,66247.5,66346.4,30.60400645
2026-06-16 02:00:00,66346.5,66361.3,65691.4,65741.5,69.82385422
2026-06-16 03:00:00,65741.6,66162.3,65654.1,66159.6,56.6790598
2026-06-16 04:00:00,66159.5,66275.8,65803.2,65838.4,48.56467989
2026-06-16 05:00:00,65838.5,66148.6,65838.5,66058.1,32.47701401
2026-06-16 06:00:00,66058.1,66569.0,66058.1,66444.5,47.17493295
2026-06-16 07:00:00,66447.6,66529.3,66310.3,66377.3,46.32785185
2026-06-16 08:00:00,66377.3,66991.0,66346.8,66894.7,89.10198333
2026-06-16 09:00:00,66899.9,66926.2,66476.1,66510.6,64.20512887
2026-06-16 10:00:00,66510.6,66779.6,66486.8,66514.3,52.16175918
2026-06-16 11:00:00,66512.8,66658.9,66369.2,66479.0,59.72438623
2026-06-16 12:00:00,66489.3,66821.9,66369.3,66430.1,67.2842707
2026-06-16 13:00:00,66430.1,66465.3,65939.6,66046.8,112.62064118
2026-06-16 14:00:00,66043.8,66269.3,65356.2,65655.0,128.61087644
2026-06-16 15:00:00,65655.1,65998.2,65614.4,65873.3,75.66095989
2026-06-16 16:00:00,65869.9,65954.6,65702.4,65755.7,109.72088076
2026-06-16 17:00:00,65755.8,66016.9,65712.8,65984.6,81.35963885
2026-06-16 18:00:00,65984.7,66250.0,65799.4,65845.1,60.16965208
2026-06-16 19:00:00,65845.1,65845.1,65557.1,65663.9,88.87910938
2026-06-16 20:00:00,65663.9,65868.3,65589.6,65859.1,77.36188583
2026-06-16 21:00:00,65859.1,65937.7,65654.9,65778.5,47.87316951
2026-06-16 22:00:00,65778.5,65891.1,65680.2,65783.0,26.28144442
2026-06-16 23:00:00,65782.9,65835.9,65624.7,65679.8,25.42656236
2026-06-17 00:00:00,65679.9,65846.7,65679.9,65710.0,27.53162224
2026-06-17 01:00:00,65710.0,65953.3,65476.5,65945.8,41.1616567
2026-06-17 02:00:00,65939.5,66133.4,65788.3,65898.6,37.97201855031689
2026-06-17 03:00:00,65909.5,65909.5,65708.4,65850.1,25.206986085704706
2026-06-17 04:00:00,65850.2,66050.8,65793.8,65892.9,16.18460496
2026-06-17 05:00:00,65892.9,65981.3,65743.6,65832.8,29.06217408
2026-06-17 06:00:00,65832.8,65900.4,65576.5,65625.5,30.94570651
2026-06-17 07:00:00,65625.6,65716.5,65256.0,65543.6,102.19871787
2026-06-17 08:00:00,65541.9,65578.2,64841.5,64926.9,120.5345072
2026-06-17 09:00:00,64926.9,65086.6,64844.2,64918.7,53.80629408
2026-06-17 10:00:00,64918.8,65002.6,64768.6,64802.5,49.79620316
2026-06-17 11:00:00,64802.6,64872.2,64565.1,64815.7,64.05775526
2026-06-17 12:00:00,64815.7,65109.4,64595.1,65046.1,66.73517611
2026-06-17 13:00:00,65043.7,65373.5,64846.2,65283.3,91.11092552
2026-06-17 14:00:00,65271.9,65459.8,64776.1,65100.5,135.36814465644463
2026-06-17 15:00:00,65100.6,65853.6,64982.9,65753.8,87.12233682
2026-06-17 16:00:00,65753.8,66436.2,65719.6,65865.8,116.3038185
2026-06-17 17:00:00,65865.9,66189.3,65791.0,66095.9,102.38692485
2026-06-17 18:00:00,66089.3,66238.8,64804.1,65514.2,444.53226
2026-06-17 19:00:00,65504.8,65659.7,64037.1,64307.8,263.57085389
2026-06-17 20:00:00,64300.1,64489.6,64188.9,64435.6,66.06388034
2026-06-17 21:00:00,64435.6,64454.9,64138.5,64256.2,57.336061988477766
2026-06-17 22:00:00,64261.2,64434.4,63922.8,64293.6,46.67264608
2026-06-17 23:00:00,64293.6,64522.5,64245.8,64513.1,31.15731124
2026-06-18 00:00:00,64508.8,64706.6,64459.2,64467.2,31.07468139
2026-06-18 01:00:00,64471.9,64813.0,64466.3,64544.7,41.41862775
2026-06-18 02:00:00,64551.7,64772.9,64488.6,64683.6,85.41914746
2026-06-18 03:00:00,64682.4,64682.4,64271.0,64286.9,97.05172949
2026-06-18 04:00:00,64286.9,64345.0,63834.9,63889.6,115.22997119
2026-06-18 05:00:00,63881.9,64025.2,63700.8,64004.6,77.34589025
2026-06-18 06:00:00,63995.8,64128.0,63857.8,64077.7,76.71879966
2026-06-18 07:00:00,64086.7,64510.0,64015.4,64507.1,69.36506711
2026-06-18 08:00:00,64507.1,64650.4,64379.1,64402.8,66.17740814
2026-06-18 09:00:00,64402.9,64473.0,64193.7,64200.4,32.24689017
2026-06-18 10:00:00,64200.3,64226.0,63911.0,64080.7,48.9880742
2026-06-18 11:00:00,64080.7,64199.8,63884.8,63971.6,43.35848963
2026-06-18 12:00:00,63971.7,64403.1,63922.4,64378.9,62.09499883
2026-06-18 13:00:00,64378.8,64447.9,63800.0,63986.8,118.3802989
2026-06-18 14:00:00,63986.8,64207.0,63576.6,63816.4,136.22247459
2026-06-18 15:00:00,63816.0,63829.1,62301.3,62370.2,332.23011942
2026-06-18 16:00:00,62370.2,62814.8,62346.6,62693.0,122.43629747
2026-06-18 17:00:00,62696.6,62754.9,62271.3,62601.9,165.36095432
2026-06-18 18:00:00,62603.7,62962.7,62573.0,62709.1,114.97976217
2026-06-18 19:00:00,62709.1,63007.9,62633.2,62945.6,100.39528781
2026-06-18 20:00:00,62950.9,63274.5,62950.9,63089.9,91.64261496
2026-06-18 21:00:00,63089.8,63123.8,62866.9,62968.6,51.5607909
2026-06-18 22:00:00,62967.7,62997.6,62744.4,62882.2,32.49327572
2026-06-18 23:00:00,62882.3,62993.5,62751.8,62956.3,29.16545367
2026-06-19 00:00:00,62956.4,63092.4,62843.3,63026.3,42.45810452
2026-06-19 01:00:00,63026.3,63107.8,62848.5,63023.9,31.1516846
2026-06-19 02:00:00,63023.9,63114.7,62887.8,63007.8,24.61366535
2026-06-19 03:00:00,63007.8,63037.5,62384.7,62774.9,112.5070213
2026-06-19 04:00:00,62776.7,62920.0,62416.5,62454.8,44.4518972
2026-06-19 05:00:00,62454.8,62743.1,62452.2,62735.3,38.00663824
2026-06-19 06:00:00,62735.3,62917.9,62731.6,62897.0,30.50453425
2026-06-19 07:00:00,62897.0,62924.2,62504.0,62625.9,67.54947722
2026-06-19 08:00:00,62625.9,62775.9,62534.0,62600.4,53.08876983
2026-06-19 09:00:00,62603.6,62659.8,62310.4,62384.5,78.2578511
2026-06-19 10:00:00,62384.6,62593.9,62380.0,62540.3,62.43882707
2026-06-19 11:00:00,62534.0,62691.9,62447.5,62637.9,87.62283405
2026-06-19 12:00:00,62637.9,62875.9,62355.5,62834.0,143.32611543
2026-06-19 13:00:00,62834.1,63404.9,62668.2,63214.0,127.34755892
2026-06-19 14:00:00,63209.8,63412.2,63012.6,63204.4,80.00095511
2026-06-19 15:00:00,63204.4,63286.7,63022.2,63216.6,72.10366523
2026-06-19 16:00:00,63216.6,63395.7,62925.0,62971.2,85.30920296
2026-06-19 17:00:00,62974.4,63231.9,62872.9,63202.7,79.40609667
2026-06-19 18:00:00,63196.6,63200.8,62987.1,63115.5,48.07798704
2026-06-19 19:00:00,63113.6,63147.4,62941.0,63029.4,52.73372005
2026-06-19 20:00:00,63031.4,63282.6,62961.7,63252.0,34.20542596
2026-06-19 21:00:00,63252.0,63278.6,63057.8,63073.7,45.65732136
2026-06-19 22:00:00,63073.7,63373.5,63054.7,63317.0,58.0583992
2026-06-19 23:00:00,63320.7,63669.2,63276.6,63543.9,80.75431718
2026-06-20 00:00:00,63543.9,63779.9,63470.6,63530.3,70.35638181
2026-06-20 01:00:00,63530.4,63618.5,63405.3,63579.4,32.16064332
2026-06-20 02:00:00,63580.2,63580.2,63339.9,63340.1,32.23417618
2026-06-20 03:00:00,63340.1,63511.1,63320.2,63480.4,18.71248211
2026-06-20 04:00:00,63479.7,63614.3,63402.6,63581.4,34.11792695
2026-06-20 05:00:00,63585.3,63917.9,63543.3,63681.7,50.56626211
2026-06-20 06:00:00,63681.8,63758.3,63642.7,63746.4,31.01409133
2026-06-20 07:00:00,63741.5,63799.4,63592.5,63652.2,33.75134705
2026-06-20 08:00:00,63654.2,63670.5,63392.0,63419.6,48.53537502
2026-06-20 09:00:00,63419.7,63784.2,63419.7,63730.4,45.84695375
2026-06-20 10:00:00,63730.3,63771.4,63595.7,63674.0,33.27718265
2026-06-20 11:00:00,63674.0,63796.4,63619.8,63686.3,36.85098044
2026-06-20 12:00:00,63686.3,63790.9,63544.7,63657.0,56.32238962
2026-06-20 13:00:00,63657.0,63657.0,63273.8,63399.6,52.70911576
2026-06-20 14:00:00,63399.7,64154.3,63191.0,63952.9,165.43934227
2026-06-20 15:00:00,63952.6,64377.2,63840.6,64147.8,106.07848677
2026-06-20 16:00:00,64156.5,64169.3,63907.7,64030.1,42.38208323
2026-06-20 17:00:00,64030.0,64041.5,63730.7,63844.3,70.61079903
2026-06-20 18:00:00,63847.4,63927.9,63783.3,63809.0,24.66722866
2026-06-20 19:00:00,63809.0,63974.0,63798.2,63941.5,18.41787879
2026-06-20 20:00:00,63941.5,63983.0,63856.7,63924.8,17.15779005
2026-06-20 21:00:00,63931.0,64098.9,63923.2,64018.6,30.4934627
2026-06-20 22:00:00,64018.5,64358.8,63981.4,64274.2,45.72004219582058
2026-06-20 23:00:00,64274.3,64338.3,64254.7,64300.6,29.492966
2026-06-21 00:00:00,64296.1,64320.2,64236.4,64292.0,30.330095565691266
2026-06-21 01:00:00,64292.1,64319.8,64215.5,64246.8,34.88118955
2026-06-21 02:00:00,64246.8,64272.5,64222.7,64242.5,6.75642295
2026-06-21 03:00:00,64242.6,64473.6,64228.4,64423.8,40.21625709
2026-06-21 04:00:00,64419.8,64583.1,64264.3,64277.6,35.530792
2026-06-21 05:00:00,64277.6,64363.4,64222.0,64251.2,29.32380396
2026-06-21 06:00:00,64251.2,64321.9,64193.1,64294.5,26.71163609
2026-06-21 07:00:00,64294.5,64294.5,64168.9,64194.9,32.27396434
2026-06-21 08:00:00,64192.5,64227.9,63897.3,64015.1,32.31935282
2026-06-21 09:00:00,64015.2,64253.6,63957.8,64204.3,41.76626553
2026-06-21 10:00:00,64205.8,64404.8,64205.7,64360.9,49.46862599
2026-06-21 11:00:00,64367.1,64481.7,64114.1,64170.4,69.2412453
2026-06-21 12:00:00,64178.1,64234.2,63958.9,64198.1,63.00644826
2026-06-21 13:00:00,64185.2,64189.9,64019.3,64147.0,28.51484856
2026-06-21 14:00:00,64147.0,64155.1,64001.1,64147.8,38.37276372
2026-06-21 15:00:00,64147.8,64364.1,64115.6,64220.0,41.90452214
2026-06-21 16:00:00,64220.1,64255.5,64041.2,64144.3,36.98421856
2026-06-21 17:00:00,64144.3,64219.8,64076.8,64148.3,24.86031153
2026-06-21 18:00:00,64147.2,64240.0,63944.5,64203.8,37.10369352
2026-06-21 19:00:00,64203.9,64291.5,64160.4,64196.9,39.69890379
2026-06-21 20:00:00,64199.9,64261.2,63698.6,63846.4,45.41009571
2026-06-21 21:00:00,63849.0,63961.3,63503.2,63810.0,97.52149417
2026-06-21 22:00:00,63805.0,63866.4,63575.0,63801.6,69.49533529
2026-06-21 23:00:00,63793.6,63794.8,63273.2,63311.1,94.92360795
2026-06-22 00:00:00,63315.3,64087.8,63315.3,63895.0,94.50029175
2026-06-22 01:00:00,63905.6,64813.6,63852.7,64629.3,139.29447072
2026-06-22 02:00:00,64606.0,64664.1,64255.0,64258.2,38.59514819
2026-06-22 03:00:00,64261.9,64455.7,63906.1,63971.1,68.52222232
2026-06-22 04:00:00,63983.2,64114.9,63874.5,64103.3,26.188942264501698
2026-06-22 05:00:00,64103.3,64333.1,64085.0,64244.8,35.84416707
2026-06-22 06:00:00,64244.9,64331.7,63947.6,63990.3,41.67597886
2026-06-22 07:00:00,63990.4,64395.2,63967.3,64217.2,34.19414751
2026-06-22 08:00:00,64217.2,64353.1,64042.5,64171.3,43.9394566
2026-06-22 09:00:00,64171.3,64260.6,64050.8,64148.1,25.15175954
2026-06-22 10:00:00,64148.2,64275.2,64073.6,64140.8,40.05351363
2026-06-22 11:00:00,64140.8,64773.1,64094.8,64654.7,153.21760978
2026-06-22 12:00:00,64654.8,65211.0,64575.9,65149.5,155.02927386
2026-06-22 13:00:00,65149.6,65585.9,64950.0,65575.5,153.73600795
2026-06-22 14:00:00,65583.2,65624.1,64831.3,64976.7,144.2959615
2026-06-22 15:00:00,64976.7,65147.5,64755.0,64838.8,92.15067942
2026-06-22 16:00:00,64840.7,64861.8,64520.3,64725.0,124.62833585
2026-06-22 17:00:00,64725.0,64772.7,64383.9,64607.1,63.5034856
2026-06-22 18:00:00,64607.8,64733.7,64318.4,64335.9,61.25032509
2026-06-22 19:00:00,64338.3,64505.7,64273.1,64472.3,72.76574733
2026-06-22 20:00:00,64474.2,64663.6,64351.9,64434.1,48.94231043
2026-06-22 21:00:00,64434.1,64481.1,64147.6,64312.9,53.57866656
2026-06-22 22:00:00,64313.0,64399.6,63806.7,63973.2,111.17184668
2026-06-22 23:00:00,63973.1,64059.1,63882.2,64027.7,47.32647746
2026-06-23 00:00:00,64024.1,64161.7,63836.4,64152.5,49.55282456
2026-06-23 01:00:00,64156.5,64278.4,63894.1,64158.7,55.00500679
2026-06-23 02:00:00,64151.9,64266.2,64039.8,64198.1,31.34788442
2026-06-23 03:00:00,64198.1,64198.1,63965.7,64067.0,29.33488446
2026-06-23 04:00:00,64067.1,64094.4,63613.8,63628.0,68.55377738
2026-06-23 05:00:00,63632.7,63736.1,63360.1,63403.9,104.31220978
2026-06-23 06:00:00,63404.0,63404.0,62579.1,62933.4,226.45124287
2026-06-23 07:00:00,62933.5,63091.0,62863.7,62877.4,49.1310618
2026-06-23 08:00:00,62879.9,62946.7,61933.3,62384.4,253.85427371
2026-06-23 09:00:00,62384.5,62512.4,62347.7,62385.4,52.26882385
2026-06-23 10:00:00,62385.4,62585.9,62244.5,62329.7,63.83821059
2026-06-23 11:00:00,62329.8,62643.6,62329.4,62514.5,52.64061248
2026-06-23 12:00:00,62519.1,62562.9,62190.8,62260.8,58.97376916
2026-06-23 13:00:00,62260.9,62538.1,61964.4,62474.1,188.47393485
2026-06-23 14:00:00,62477.0,62850.0,62402.8,62492.6,150.89961
2026-06-23 15:00:00,62492.5,62508.4,62202.0,62489.6,109.41650968
2026-06-23 16:00:00,62489.6,62830.4,62425.2,62558.4,130.22327684
2026-06-23 17:00:00,62553.7,62690.0,62331.5,62364.6,56.19791956
2026-06-23 18:00:00,62364.7,62447.9,62101.2,62241.9,86.11945243
2026-06-23 19:00:00,62241.9,62481.5,62231.4,62394.1,60.52353577
2026-06-23 20:00:00,62390.7,62533.9,62378.9,62469.8,32.45591602
2026-06-23 21:00:00,62469.9,62656.3,62469.9,62594.6,41.51903499
2026-06-23 22:00:00,62594.6,62777.6,62521.8,62588.1,42.36148581
2026-06-23 23:00:00,62588.0,62798.9,62495.8,62726.7,41.8005952
2026-06-24 00:00:00,62726.7,63023.0,62726.6,63002.2,51.0582275
2026-06-24 01:00:00,63007.3,63110.8,62776.1,62929.2,43.98203791
2026-06-24 02:00:00,62929.2,63012.7,62611.6,62634.4,55.5427356
2026-06-24 03:00:00,62629.6,62827.0,62467.5,62725.4,54.13426258
2026-06-24 04:00:00,62734.9,62800.0,62533.5,62751.1,37.32125408
2026-06-24 05:00:00,62751.2,63071.7,62707.4,62890.9,70.49899933
2026-06-24 06:00:00,62890.9,62916.6,62736.1,62794.0,102.79708477
2026-06-24 07:00:00,62794.1,62853.5,62611.0,62656.7,100.27111417
2026-06-24 08:00:00,62662.2,62812.6,62606.2,62803.3,41.22050055
2026-06-24 09:00:00,62803.3,62803.3,62636.5,62683.4,26.47627634
2026-06-24 10:00:00,62683.3,62683.4,62419.2,62447.7,59.32647669
2026-06-24 11:00:00,62447.7,63237.7,62322.0,62922.7,141.59991662
2026-06-24 12:00:00,62922.8,62977.3,62587.0,62619.8,81.05213373
2026-06-24 13:00:00,62624.7,62636.0,61256.1,61336.4,385.33754225
2026-06-24 14:00:00,61336.3,61458.6,60880.0,61111.0,300.28289973
2026-06-24 15:00:00,61120.4,61142.8,60263.2,60273.5,294.0389473
2026-06-24 16:00:00,60273.5,60680.5,59631.0,59860.1,420.44473623
2026-06-24 17:00:00,59859.3,60061.6,59116.1,59409.2,293.54954518
2026-06-24 18:00:00,59409.3,59926.5,59312.7,59603.1,146.06460515
2026-06-24 19:00:00,59607.7,59988.8,59527.5,59974.0,104.95101974785968
2026-06-24 20:00:00,59958.1,61210.0,59851.4,60957.9,301.22769434
2026-06-24 21:00:00,60957.9,61140.3,60666.7,61116.4,81.96749962
2026-06-24 22:00:00,61103.3,61269.0,60811.4,60876.0,41.67245296
2026-06-24 23:00:00,60875.9,61109.4,60831.1,61079.1,23.08432974
2026-06-25 00:00:00,61081.6,61157.9,60733.0,60823.0,55.97929923
2026-06-25 01:00:00,60823.1,60985.5,60722.8,60924.0,41.71760942
2026-06-25 02:00:00,60921.9,60960.6,60701.7,60788.8,45.26986253
2026-06-25 03:00:00,60795.6,60907.8,60686.1,60881.6,36.50188225
2026-06-25 04:00:00,60882.9,61406.0,60792.2,61358.7,43.47894106
2026-06-25 05:00:00,61358.7,61812.6,61280.0,61598.2,134.66152785
2026-06-25 06:00:00,61598.2,61851.6,61598.2,61728.5,39.50092469
2026-06-25 07:00:00,61728.6,61956.3,61666.0,61908.3,57.5471587
2026-06-25 08:00:00,61914.2,61922.6,61677.1,61699.8,44.78978765
2026-06-25 09:00:00,61715.4,61788.5,61608.7,61736.1,40.36775677
2026-06-25 10:00:00,61734.6,61750.8,61258.4,61265.2,64.72466999
2026-06-25 11:00:00,61265.2,61413.9,61060.5,61279.1,135.6560072
2026-06-25 12:00:00,61279.1,61740.9,61075.1,61245.2,162.88551754
2026-06-25 13:00:00,61242.4,61364.6,58121.0,58310.6,596.65079193
2026-06-25 14:00:00,58316.1,60484.5,58316.1,59475.4,602.65699175
2026-06-25 15:00:00,59478.6,59649.7,58876.7,59554.2,252.95215221
2026-06-25 16:00:00,59571.0,60061.9,59158.1,59308.3,134.95085206
2026-06-25 17:00:00,59307.6,59729.6,59138.1,59679.8,125.08621834
2026-06-25 18:00:00,59686.9,59787.0,59361.1,59507.8,105.70659326
2026-06-25 19:00:00,59517.3,59517.3,59176.5,59314.9,120.5648832
2026-06-25 20:00:00,59318.7,59743.7,59318.7,59457.7,72.64169585
2026-06-25 21:00:00,59457.8,60254.0,59452.8,60206.6,52.24255074
2026-06-25 22:00:00,60205.4,60205.4,59745.0,59842.3,58.67525479
2026-06-25 23:00:00,59842.2,60185.5,59746.0,59792.8,46.83795531517081
2026-06-26 00:00:00,59796.7,59899.9,59639.9,59669.4,56.12679258
2026-06-26 01:00:00,59669.4,59788.8,59229.6,59429.8,55.01426166
2026-06-26 02:00:00,59429.8,59449.3,58363.7,58557.5,175.55366307
2026-06-26 03:00:00,58575.0,60118.5,58337.0,60041.1,220.10858834
2026-06-26 04:00:00,60037.5,60242.6,59841.6,59918.7,75.10330905
2026-06-26 05:00:00,59918.7,60043.3,59736.6,59942.0,44.67750513
2026-06-26 06:00:00,59942.1,60451.6,59703.1,60323.8,77.21178937
2026-06-26 07:00:00,60323.9,60762.6,60281.9,60530.1,100.99597992
2026-06-26 08:00:00,60528.0,60571.8,60154.0,60241.0,60.38049048
2026-06-26 09:00:00,60241.0,60256.4,59594.1,59734.9,63.17788296
2026-06-26 10:00:00,59732.1,59852.7,59242.1,59317.3,89.55472114
2026-06-26 11:00:00,59317.4,59587.1,59270.7,59416.8,75.15196972
2026-06-26 12:00:00,59416.7,60001.9,58976.2,59185.2,191.52208279
2026-06-26 13:00:00,59191.1,60210.0,58500.0,60171.6,288.79080542
2026-06-26 14:00:00,60168.6,60292.0,59392.3,59595.2,139.27641741
2026-06-26 15:00:00,59599.8,60500.0,59584.9,60333.7,200.2036459
2026-06-26 16:00:00,60324.2,60587.1,59973.1,60041.8,129.98779507
2026-06-26 17:00:00,60041.8,60286.5,59952.1,60022.4,60.6584455
2026-06-26 18:00:00,60022.4,60158.5,59562.9,59672.4,46.86017375
2026-06-26 19:00:00,59669.3,60097.6,59619.4,59750.7,73.87706043
2026-06-26 20:00:00,59753.8,59993.9,59577.1,59718.5,83.34660535
2026-06-26 21:00:00,59718.6,60049.9,59679.8,59912.4,34.46328964
2026-06-26 22:00:00,59912.4,60080.1,59754.2,60044.8,37.49658474
2026-06-26 23:00:00,60044.1,60116.6,59932.2,60099.6,25.79051725
2026-06-27 00:00:00,60099.7,60195.1,59875.6,60056.5,27.75341941
2026-06-27 01:00:00,60060.9,60066.2,59931.3,59948.2,14.62036199
2026-06-27 02:00:00,59947.5,60374.6,59923.4,60288.7,61.96007555
2026-06-27 03:00:00,60288.8,60410.1,60169.6,60309.7,38.51734006
2026-06-27 04:00:00,60304.8,60477.6,60220.9,60234.5,31.05781569
2026-06-27 05:00:00,60238.3,60310.4,60141.4,60238.1,32.4781644
2026-06-27 06:00:00,60238.2,60494.2,60119.5,60371.9,54.42318061
2026-06-27 07:00:00,60372.0,60579.0,60302.2,60549.0,61.06160899
2026-06-27 08:00:00,60549.0,60549.0,60376.1,60460.1,49.30400673
2026-06-27 09:00:00,60460.2,60517.6,60295.1,60421.1,46.96553805
2026-06-27 10:00:00,60417.5,60486.8,60375.7,60415.8,19.07395586
2026-06-27 11:00:00,60415.9,60447.3,60192.4,60364.2,34.33770838
2026-06-27 12:00:00,60364.3,60428.7,60253.2,60422.1,25.30323509
2026-06-27 13:00:00,60422.1,60665.4,60391.2,60584.0,51.32365431
2026-06-27 14:00:00,60584.0,60726.8,60512.9,60614.9,34.51745801
2026-06-27 15:00:00,60615.0,60940.1,60572.0,60843.4,59.49670244
2026-06-27 16:00:00,60843.5,60854.5,60681.0,60806.4,27.60762826
2026-06-27 17:00:00,60806.5,60818.0,60425.4,60526.7,63.59270636
2026-06-27 18:00:00,60526.8,60569.8,60452.5,60562.8,18.17093645
2026-06-27 19:00:00,60562.7,60601.7,60081.3,60176.0,60.52148128
2026-06-27 20:00:00,60176.1,60302.5,60176.1,60297.2,13.384178300377743
2026-06-27 21:00:00,60298.8,60480.1,60146.4,60199.1,19.36700216
2026-06-27 22:00:00,60197.6,60260.0,59858.2,60231.6,39.69168459
2026-06-27 23:00:00,60231.7,60317.0,59954.1,60028.5,32.10218896
2026-06-28 00:00:00,60028.6,60190.5,60018.8,60143.8,18.8897905
2026-06-28 01:00:00,60149.3,60269.6,59992.5,60214.0,27.58536907
2026-06-28 02:00:00,60214.1,60335.0,60064.5,60165.6,13.96641382
2026-06-28 03:00:00,60158.1,60276.2,60158.0,60202.0,19.26907385
2026-06-28 04:00:00,60202.1,60229.5,60096.4,60134.2,19.22415597
2026-06-28 05:00:00,60134.8,60138.1,59753.2,59989.0,47.7098584
2026-06-28 06:00:00,59989.1,60031.7,59810.0,60002.7,38.54840916
2026-06-28 07:00:00,60000.6,60265.6,60000.5,60222.3,47.64916665
2026-06-28 08:00:00,60222.3,60549.5,60146.2,60371.8,43.57233723
2026-06-28 09:00:00,60368.8,60467.9,60250.1,60259.0,26.34896042
2026-06-28 10:00:00,60259.0,60294.3,60072.3,60162.5,23.97297143
2026-06-28 11:00:00,60162.5,60373.1,60115.8,60338.6,53.99009323
2026-06-28 12:00:00,60338.6,60450.0,60186.7,60293.2,45.48156939
2026-06-28 13:00:00,60291.6,60291.6,59964.0,60065.9,56.60802189
2026-06-28 14:00:00,60065.9,60247.3,60012.9,60033.0,39.84034788
2026-06-28 15:00:00,60029.2,60124.7,59818.8,59885.7,54.63531765
2026-06-28 16:00:00,59885.8,59937.8,59588.7,59693.3,59.39780243
2026-06-28 17:00:00,59688.3,59847.4,59408.1,59587.0,94.85873826
2026-06-28 18:00:00,59584.1,59701.8,59501.5,59611.2,36.65074551
2026-06-28 19:00:00,59610.8,59683.7,59275.4,59481.3,65.39374454
2026-06-28 20:00:00,59481.2,59771.3,59477.8,59659.1,61.87166346
2026-06-28 21:00:00,59659.2,59796.7,59333.6,59435.9,37.62496799
2026-06-28 22:00:00,59442.5,59908.9,58902.1,59067.2,86.43468159
2026-06-28 23:00:00,59067.1,59846.9,59003.6,59578.6,46.76544782
2026-06-29 00:00:00,59579.5,59701.9,59011.9,59675.0,75.44736318
2026-06-29 01:00:00,59687.9,59701.2,59206.7,59436.5,43.57548583
2026-06-29 02:00:00,59441.2,59807.5,58903.6,59753.9,54.19680252
2026-06-29 03:00:00,59754.1,60225.9,59754.1,60047.2,59.65411675
2026-06-29 04:00:00,60045.4,60053.2,59746.1,59830.7,17.51181193
2026-06-29 05:00:00,59830.6,60101.0,59386.3,60101.0,43.40098021
2026-06-29 06:00:00,60101.6,60338.0,60049.5,60074.0,36.40965532
2026-06-29 07:00:00,60073.9,60182.8,59933.1,60030.6,65.12824882
2026-06-29 08:00:00,60025.6,60098.5,59744.6,59841.0,54.16548243
2026-06-29 09:00:00,59840.9,60104.7,59781.9,60055.0,83.29235944
2026-06-29 10:00:00,60055.1,60311.6,60055.1,60088.2,57.69942799
2026-06-29 11:00:00,60088.1,60225.0,59797.9,59972.0,86.83276341
2026-06-29 12:00:00,59962.3,60775.2,59602.1,59945.0,314.84937929
2026-06-29 13:00:00,59945.1,60336.8,59333.1,59571.9,181.46990483
2026-06-29 14:00:00,59578.4,59694.3,59005.8,59462.8,151.54413688
2026-06-29 15:00:00,59472.9,59949.0,59093.4,59821.6,157.65007949
2026-06-29 16:00:00,59827.2,60000.0,59578.6,59888.6,67.76323695
2026-06-29 17:00:00,59885.5,60674.1,59885.5,60403.6,184.85580293
2026-06-29 18:00:00,60409.0,60511.1,60186.4,60292.9,75.42384415
2026-06-29 19:00:00,60293.0,60552.5,60152.5,60424.8,67.06184106
2026-06-29 20:00:00,60430.6,60544.9,60293.7,60294.1,72.14811429
2026-06-29 21:00:00,60295.5,60586.6,60261.1,60482.7,24.55113881
2026-06-29 22:00:00,60482.7,60519.5,60342.5,60349.2,34.39897245
2026-06-29 23:00:00,60349.2,60374.6,60198.0,60258.4,46.39913286
2026-06-30 00:00:00,60258.4,60275.8,59695.2,59838.5,52.88859454
2026-06-30 01:00:00,59838.5,60045.0,59775.9,59940.0,42.56091578
2026-06-30 02:00:00,59942.3,60040.3,59751.1,59948.0,30.59955798
2026-06-30 03:00:00,59942.5,60024.4,59600.0,59627.5,29.14748467
2026-06-30 04:00:00,59620.5,59695.1,59426.9,59492.9,53.91634741
2026-06-30 05:00:00,59493.0,59657.3,59365.2,59656.1,79.64890831
2026-06-30 06:00:00,59656.1,59719.3,59515.8,59597.4,75.47424529
2026-06-30 07:00:00,59597.5,59634.7,59442.8,59526.1,72.08058001
2026-06-30 08:00:00,59524.4,59553.5,59180.0,59313.6,118.53457516
2026-06-30 09:00:00,59305.1,59415.5,59239.2,59370.6,108.83111706
2026-06-30 10:00:00,59370.6,59418.0,59284.0,59331.2,46.67786498
2026-06-30 11:00:00,59331.0,59411.8,59121.8,59186.5,72.60555431
2026-06-30 12:00:00,59186.5,59189.4,58390.1,58408.2,141.25967103
2026-06-30 13:00:00,58408.3,58803.0,58238.0,58739.6,199.30611609
2026-06-30 14:00:00,58739.6,59274.7,58434.0,58481.0,168.13960669
2026-06-30 15:00:00,58481.0,58787.0,58196.6,58379.3,117.55984105
2026-06-30 16:00:00,58390.7,58635.4,58258.1,58497.1,93.93595895
2026-06-30 17:00:00,58497.2,58616.7,58313.5,58415.1,51.84579317
2026-06-30 18:00:00,58415.2,58701.4,58352.1,58684.0,49.78935532
2026-06-30 19:00:00,58677.5,58834.2,58583.7,58821.2,63.16775636
2026-06-30 20:00:00,58801.0,58872.9,58641.0,58728.8,39.50318971
2026-06-30 21:00:00,58728.9,58766.3,58507.3,58634.0,34.14642581
2026-06-30 22:00:00,58639.2,58798.0,58511.9,58605.3,16.82775242
2026-06-30 23:00:00,58605.4,58663.4,58547.7,58631.5,21.6385125
2026-07-01 00:00:00,58631.5,58748.7,58311.1,58569.0,47.70917139
2026-07-01 01:00:00,58569.1,59014.3,57808.4,58768.2,225.15905079
2026-07-01 02:00:00,58768.1,59175.3,58670.8,59086.7,83.46871947
2026-07-01 03:00:00,59086.8,59324.5,58856.7,59196.3,104.92771013
2026-07-01 04:00:00,59196.4,59461.6,59063.2,59332.4,52.08135366
2026-07-01 05:00:00,59332.6,59378.6,59125.1,59154.8,64.17236668
2026-07-01 06:00:00,59154.8,59157.6,58542.3,58755.4,97.29700957
2026-07-01 07:00:00,58755.4,58829.2,58605.4,58770.2,63.00339588
2026-07-01 08:00:00,58770.2,58985.3,58500.1,58973.3,49.24146541
2026-07-01 09:00:00,58977.9,59089.5,58838.9,58946.1,87.14631926
2026-07-01 10:00:00,58946.1,58949.2,58625.1,58658.5,74.72059292
2026-07-01 11:00:00,58664.0,58752.5,58556.4,58622.1,58.330116628168064
2026-07-01 12:00:00,58622.1,58678.5,58328.8,58527.7,104.8109355
2026-07-01 13:00:00,58522.9,59517.5,58522.9,59503.0,205.36103364
2026-07-01 14:00:00,59488.8,60082.7,59274.0,59536.3,155.11618507
2026-07-01 15:00:00,59539.7,60530.1,59513.3,60141.4,201.78973845
2026-07-01 16:00:00,60148.9,60252.2,59853.7,59908.2,57.21185038
2026-07-01 17:00:00,59911.5,60230.8,59779.6,60187.6,54.80769615
2026-07-01 18:00:00,60187.6,60291.0,60015.9,60171.7,47.1625853
2026-07-01 19:00:00,60163.9,60353.8,59989.4,60030.9,83.11164651
2026-07-01 20:00:00,60031.0,60195.7,59871.3,60125.7,45.98720493
2026-07-01 21:00:00,60125.7,60843.2,60125.5,60815.7,132.13280412
2026-07-01 22:00:00,60817.1,61323.2,60344.0,60477.0,153.694859607739
2026-07-01 23:00:00,60474.4,60474.4,59983.1,60020.1,62.39656654
2026-07-02 00:00:00,60026.1,60028.8,59593.8,59749.6,85.58962502
2026-07-02 01:00:00,59749.7,60329.0,59724.9,60175.6,47.4615347
2026-07-02 02:00:00,60175.6,60493.2,60022.0,60425.2,36.51213696
2026-07-02 03:00:00,60432.9,61119.6,60305.6,61062.3,78.72895416
2026-07-02 04:00:00,61055.3,61058.8,60733.3,60785.7,42.55508129
2026-07-02 05:00:00,60785.8,60876.1,60488.8,60505.0,55.05646421
2026-07-02 06:00:00,60505.0,60656.4,60265.4,60280.0,44.00431109
2026-07-02 07:00:00,60279.9,60311.3,60111.0,60151.6,72.29840977
2026-07-02 08:00:00,60151.7,60553.9,60136.0,60513.8,80.66894285
2026-07-02 09:00:00,60513.9,61430.2,60376.4,61184.6,260.34910065
2026-07-02 10:00:00,61183.8,61350.7,61047.6,61264.3,84.11850837
2026-07-02 11:00:00,61264.3,61388.9,61131.1,61357.6,72.23456461
2026-07-02 12:00:00,61355.1,61614.8,61153.2,61544.5,116.26710423
2026-07-02 13:00:00,61544.5,62054.9,61508.9,61938.1,150.89544382
2026-07-02 14:00:00,61938.2,62201.4,61407.2,61698.8,115.57195965
2026-07-02 15:00:00,61698.9,61848.0,61434.4,61612.2,57.441418430029515
2026-07-02 16:00:00,61618.1,61795.2,61141.6,61683.6,107.84230514
2026-07-02 17:00:00,61683.6,61959.0,61626.3,61666.5,62.26135233
2026-07-02 18:00:00,61666.5,61867.4,61663.6,61760.4,49.38583661539913
2026-07-02 19:00:00,61760.4,61760.5,61419.1,61475.8,61.55973682
2026-07-02 20:00:00,61470.1,61594.2,61339.6,61580.9,42.48518061
2026-07-02 21:00:00,61578.1,61649.7,61514.5,61584.1,24.48141995
2026-07-02 22:00:00,61584.0,61588.4,61387.0,61469.8,30.30819442
2026-07-02 23:00:00,61464.0,61607.4,61352.2,61558.6,21.82972835
2026-07-03 00:00:00,61556.5,61576.5,61230.0,61307.6,38.53434067
2026-07-03 01:00:00,61300.3,61726.0,61277.2,61581.7,29.90919773
2026-07-03 02:00:00,61581.8,61658.8,61288.3,61433.6,41.97536232
2026-07-03 03:00:00,61433.6,61575.5,61317.3,61432.0,33.68876856
2026-07-03 04:00:00,61432.1,61520.2,61331.7,61445.1,31.17844187
2026-07-03 05:00:00,61444.3,61799.9,61431.4,61698.6,23.292691590740418
2026-07-03 06:00:00,61698.7,61850.0,61613.9,61711.0,24.10731962
2026-07-03 07:00:00,61711.1,61861.7,61663.9,61757.8,33.19259911
2026-07-03 08:00:00,61757.8,61899.1,61551.5,61582.5,29.52640099
2026-07-03 09:00:00,61582.5,61785.6,61510.0,61720.2,38.29449993
2026-07-03 10:00:00,61716.5,62041.0,61671.4,61917.7,68.51709944
2026-07-03 11:00:00,61917.7,62106.2,61838.9,62022.8,63.81754499
2026-07-03 12:00:00,62023.2,62177.9,61877.0,61980.2,69.66004407
2026-07-03 13:00:00,61980.2,62284.5,61944.4,62114.2,52.11520685
2026-07-03 14:00:00,62111.5,62282.2,61707.8,62173.1,103.69900391
2026-07-03 15:00:00,62173.1,62410.0,61823.9,61926.8,125.17944621
2026-07-03 16:00:00,61926.8,62128.7,61914.4,62104.9,59.02067957
2026-07-03 17:00:00,62110.1,62289.0,62070.9,62196.6,31.52492872
2026-07-03 18:00:00,62201.0,62253.2,62117.7,62207.2,31.81311456
2026-07-03 19:00:00,62207.3,62321.4,62151.2,62206.8,47.23328753
2026-07-03 20:00:00,62206.8,62914.7,62186.0,62775.1,137.37531037
2026-07-03 21:00:00,62781.0,62960.0,62514.6,62738.9,31.09337201
2026-07-03 22:00:00,62734.2,62746.0,62535.7,62575.8,34.17778613
2026-07-03 23:00:00,62575.9,62706.3,62532.4,62584.5,30.58592541
2026-07-04 00:00:00,62584.4,62950.0,62584.4,62758.9,51.19506548
2026-07-04 01:00:00,62758.9,62758.9,62405.9,62474.7,37.42872883
2026-07-04 02:00:00,62474.7,62576.6,62431.5,62524.0,23.00314812
2026-07-04 03:00:00,62536.7,62751.2,62486.6,62625.6,31.49523035
2026-07-04 04:00:00,62625.7,62748.8,62593.2,62691.2,35.13209269
2026-07-04 05:00:00,62685.1,62685.1,62434.2,62466.8,23.9496444
2026-07-04 06:00:00,62466.8,62555.7,62327.5,62492.0,40.01989446
2026-07-04 07:00:00,62492.0,62625.5,62461.3,62570.8,40.92301507
2026-07-04 08:00:00,62568.9,62665.7,62508.4,62551.6,40.41502384
2026-07-04 09:00:00,62549.2,62578.3,62412.6,62490.7,36.97038756
2026-07-04 10:00:00,62490.8,62535.5,62443.3,62505.3,33.02044249
2026-07-04 11:00:00,62505.2,62552.1,62461.7,62482.5,26.11922762
2026-07-04 12:00:00,62482.6,62688.0,62482.5,62661.2,36.22309404
2026-07-04 13:00:00,62661.3,62771.1,62544.0,62586.9,34.5494365
2026-07-04 14:00:00,62586.9,62731.0,62584.8,62693.1,34.89677142
2026-07-04 15:00:00,62699.5,63082.9,62694.1,62934.5,93.49118694
2026-07-04 16:00:00,62934.5,62966.8,62782.1,62922.2,40.60012841
2026-07-04 17:00:00,62922.2,63431.8,62799.5,63277.1,85.54354003
2026-07-04 18:00:00,63277.1,63346.7,63095.9,63168.7,24.49975972
2026-07-04 19:00:00,63168.7,63462.7,63119.4,63295.4,36.24731032
2026-07-04 20:00:00,63292.5,63391.3,63154.8,63233.1,25.63074976
2026-07-04 21:00:00,63233.1,63454.3,63200.5,63302.0,25.9073731
2026-07-04 22:00:00,63301.9,63309.5,63159.5,63189.1,28.44221534
2026-07-04 23:00:00,63191.2,63234.9,62928.5,63142.2,47.17817802
2026-07-05 00:00:00,63142.3,63142.3,62889.8,62983.5,39.87873552
2026-07-05 01:00:00,62985.9,63043.8,62798.1,62899.1,27.22812103
2026-07-05 02:00:00,62888.0,62921.6,62598.1,62693.4,26.16307196
2026-07-05 03:00:00,62696.7,62792.0,62659.3,62769.1,11.41671742
2026-07-05 04:00:00,62769.1,62954.1,62710.8,62813.0,24.58449878
2026-07-05 05:00:00,62806.2,62807.8,62651.1,62741.8,29.42605855
2026-07-05 06:00:00,62738.9,62819.8,62666.3,62777.9,34.78218098
2026-07-05 07:00:00,62778.0,63056.9,62714.2,63016.2,58.03203644
2026-07-05 08:00:00,63016.3,63105.2,62884.3,62909.0,34.75764086
2026-07-05 09:00:00,62909.1,62923.8,62437.1,62620.9,46.24727209
2026-07-05 10:00:00,62623.6,62753.4,62537.8,62753.3,24.86217311
2026-07-05 11:00:00,62753.4,62809.1,62601.7,62651.6,27.51406513
2026-07-05 12:00:00,62651.5,62771.0,62559.7,62736.6,36.07040462
2026-07-05 13:00:00,62736.6,62816.1,62641.0,62791.4,34.99911737
2026-07-05 14:00:00,62791.4,62816.9,62651.6,62814.2,31.17408216
2026-07-05 15:00:00,62814.2,62940.4,62672.4,62736.9,48.2263555
2026-07-05 16:00:00,62737.0,62773.7,62597.6,62635.5,37.19305668
2026-07-05 17:00:00,62636.7,62817.6,62596.8,62623.3,35.11304272
2026-07-05 18:00:00,62623.4,62876.9,62613.7,62816.3,35.68841333
2026-07-05 19:00:00,62816.3,62878.4,62722.7,62776.5,21.51442543
2026-07-05 20:00:00,62774.1,62839.0,62702.1,62741.6,24.41353669
2026-07-05 21:00:00,62741.7,63223.6,62610.2,63096.2,46.54308119
2026-07-05 22:00:00,63092.1,63946.2,63002.2,63737.4,116.36044121
2026-07-05 23:00:00,63737.3,63993.2,63570.4,63649.9,43.88161339
2026-07-06 00:00:00,63641.0,63773.9,63345.1,63758.4,46.22533224
2026-07-06 01:00:00,63757.9,63916.7,63550.0,63574.7,26.20159611
2026-07-06 02:00:00,63574.8,63672.6,63370.4,63453.1,38.28295524
2026-07-06 03:00:00,63453.1,63494.6,63138.7,63298.9,25.33859861
2026-07-06 04:00:00,63299.0,63400.1,63190.9,63260.9,24.38078827
2026-07-06 05:00:00,63270.2,63271.2,62951.4,63115.1,45.74841223
2026-07-06 06:00:00,63115.2,63149.6,62974.1,62989.7,26.051811114695116
2026-07-06 07:00:00,62988.0,63126.2,62892.0,63095.0,26.6001966
2026-07-06 08:00:00,63095.0,63248.9,62839.7,62906.9,33.1237465
2026-07-06 09:00:00,62907.0,62915.8,62628.8,62667.7,50.67273104
2026-07-06 10:00:00,62667.8,63032.9,62665.3,62819.7,67.9756481
2026-07-06 11:00:00,62821.6,63002.8,62481.0,62488.0,74.705786
2026-07-06 12:00:00,62480.9,62488.3,61678.5,61753.9,206.19710618
2026-07-06 13:00:00,61753.9,62038.4,61314.1,61775.5,209.32100022
2026-07-06 14:00:00,61775.5,62406.9,61714.2,62043.7,101.35349356
2026-07-06 15:00:00,62043.7,63552.3,62043.7,63545.0,200.87389465
2026-07-06 16:00:00,63544.9,63862.6,63378.1,63731.1,112.04955281
2026-07-06 17:00:00,63731.2,63973.9,63566.0,63584.0,67.73489275
2026-07-06 18:00:00,63584.0,63888.6,63560.7,63701.9,37.80442129
2026-07-06 19:00:00,63702.0,63892.8,63654.9,63741.9,32.03359015
2026-07-06 20:00:00,63731.7,63893.1,63591.7,63825.9,28.05948139
2026-07-06 21:00:00,63825.9,64701.0,63809.8,64472.2,120.72789925
2026-07-06 22:00:00,64481.2,64505.0,64152.7,64244.5,27.15024547
2026-07-06 23:00:00,64244.5,64340.3,64025.1,64039.1,36.37014227
2026-07-07 00:00:00,64041.4,64313.8,64003.1,64196.5,40.84645232
2026-07-07 01:00:00,64196.5,64196.5,63783.1,63833.1,59.27847976
2026-07-07 02:00:00,63835.5,63899.6,63284.1,63320.5,64.11643361
2026-07-07 03:00:00,63320.5,63414.7,63157.3,63188.0,44.97727339
2026-07-07 04:00:00,63187.9,63283.9,63067.6,63096.9,39.32066743
2026-07-07 05:00:00,63097.0,63261.1,62799.8,63129.9,41.55087247
2026-07-07 06:00:00,63124.9,63400.0,62992.8,63344.4,31.94197173
2026-07-07 07:00:00,63344.4,63447.5,63076.3,63087.1,35.01895601
2026-07-07 08:00:00,63087.2,63184.0,62983.1,63108.4,57.940526418405675
2026-07-07 09:00:00,63108.4,63344.0,63061.8,63251.7,84.62144572
2026-07-07 10:00:00,63251.8,63459.9,63231.2,63275.5,70.7574268
2026-07-07 11:00:00,63275.4,63466.1,63110.9,63403.3,79.13090275
2026-07-07 12:00:00,63403.4,63874.9,63396.7,63481.8,60.94777589
2026-07-07 13:00:00,63481.8,63481.8,62992.0,63049.6,84.58156624
2026-07-07 14:00:00,63065.1,63629.2,62676.7,63565.2,108.32352114
2026-07-07 15:00:00,63563.4,64108.6,63379.0,63938.2,110.67501755
2026-07-07 16:00:00,63935.5,64242.1,63812.7,63991.1,68.2476943
2026-07-07 17:00:00,63987.7,64234.9,63894.1,64183.9,33.76870092
2026-07-07 18:00:00,64183.9,64194.5,63670.2,63682.7,51.38686725
2026-07-07 19:00:00,63681.5,63902.2,63385.3,63826.6,54.74981582
2026-07-07 20:00:00,63826.6,63907.4,63619.1,63699.0,30.45391543
2026-07-07 21:00:00,63699.1,63866.4,63317.1,63425.5,39.02298244
2026-07-07 22:00:00,63425.4,63663.0,63212.3,63549.1,30.83495879
2026-07-07 23:00:00,63549.1,63711.0,63322.4,63361.9,20.96752016
2026-07-08 00:00:00,63361.0,63758.0,63305.7,63611.6,36.60898771
2026-07-08 01:00:00,63611.7,63648.3,62925.2,63052.8,46.87034504
2026-07-08 02:00:00,63035.8,63066.5,62541.7,62983.7,59.98825994
2026-07-08 03:00:00,62990.2,63097.9,62702.7,62763.9,20.49497181
2026-07-08 04:00:00,62769.1,62908.7,62682.7,62807.5,21.74084441
2026-07-08 05:00:00,62806.1,62880.0,62559.1,62638.9,23.71860626
2026-07-08 06:00:00,62638.9,62749.9,62483.5,62663.1,32.77791791
2026-07-08 07:00:00,62663.1,62898.7,62556.0,62885.9,38.81320079
2026-07-08 08:00:00,62885.8,62939.4,61863.7,62021.8,127.1900506
2026-07-08 09:00:00,62022.0,62166.0,61746.0,62055.4,88.04637208
2026-07-08 10:00:00,62055.4,62192.5,61903.8,62182.7,54.97563557
2026-07-08 11:00:00,62182.7,62395.5,62053.8,62299.9,52.65578147
2026-07-08 12:00:00,62299.9,62425.0,61964.3,61964.4,60.47431749
2026-07-08 13:00:00,61964.4,62095.3,61642.3,61938.6,123.7216009
2026-07-08 14:00:00,61944.1,62177.2,61720.5,61890.4,119.47345389
2026-07-08 15:00:00,61899.0,61925.6,61548.9,61707.2,97.57191309
2026-07-08 16:00:00,61701.8,62149.3,61693.6,62111.6,55.43277053
2026-07-08 17:00:00,62111.6,62392.7,62033.6,62105.7,36.02192059
2026-07-08 18:00:00,62099.4,62353.9,62038.0,62180.3,45.25032806
2026-07-08 19:00:00,62180.4,62293.6,62066.5,62281.4,33.49683954
2026-07-08 20:00:00,62273.5,62310.4,62079.9,62105.0,38.94607231
2026-07-08 21:00:00,62105.1,62253.6,61964.1,62192.6,53.60141397
2026-07-08 22:00:00,62192.7,62353.7,62177.0,62335.3,16.80480449
2026-07-08 23:00:00,62335.4,62353.9,62177.8,62290.4,35.21012194
2026-07-09 00:00:00,62290.4,62305.7,62055.1,62126.5,27.42254909
2026-07-09 01:00:00,62126.5,62648.3,61843.8,61910.5,81.65776823
2026-07-09 02:00:00,61910.6,62120.0,61701.9,61786.2,33.8845499
2026-07-09 03:00:00,61790.8,62063.0,61731.4,61974.2,30.21389613
2026-07-09 04:00:00,61974.1,62457.2,61962.8,62455.2,43.72415389
2026-07-09 05:00:00,62452.5,62623.1,62235.7,62586.6,56.2060264
2026-07-09 06:00:00,62586.7,62972.9,62485.8,62951.7,100.88353011
2026-07-09 07:00:00,62950.1,63270.6,62795.3,62995.0,103.53895201
2026-07-09 08:00:00,62995.1,63087.6,62845.7,62895.9,65.16812527
2026-07-09 09:00:00,62893.9,62994.7,62780.7,62948.1,64.35690028
2026-07-09 10:00:00,62948.1,63056.5,62676.5,62782.0,68.75360347
2026-07-09 11:00:00,62782.0,62819.3,62613.8,62781.3,62.75890813
2026-07-09 12:00:00,62781.3,62948.8,62461.2,62610.9,235.2352235
2026-07-09 13:00:00,62610.9,63230.0,62510.0,63021.7,91.50282128
2026-07-09 14:00:00,63034.5,63140.5,62666.5,63011.1,67.78226947
2026-07-09 15:00:00,63011.2,63252.8,62812.0,62864.9,60.87851824
2026-07-09 16:00:00,62865.0,62992.2,62559.2,62700.9,36.42619801
2026-07-09 17:00:00,62700.3,63161.0,62672.8,63136.9,64.55063735
2026-07-09 18:00:00,63139.4,63492.7,63075.4,63211.4,104.06381848
2026-07-09 19:00:00,63211.5,63374.4,63149.8,63246.9,46.9996606
2026-07-09 20:00:00,63246.9,63320.8,63171.1,63299.5,28.67367649
2026-07-09 21:00:00,63306.9,63392.2,63210.5,63264.5,35.32045866
2026-07-09 22:00:00,63264.6,63409.6,63210.5,63216.2,37.79428135
2026-07-09 23:00:00,63216.2,63322.8,63058.3,63229.6,60.09522943
2026-07-10 00:00:00,63229.6,63248.4,62915.0,63108.7,44.27942862
2026-07-10 01:00:00,63108.8,63947.2,62956.4,63748.7,78.30136028
2026-07-10 02:00:00,63750.7,64042.4,63688.6,63964.1,58.37569712
2026-07-10 03:00:00,63964.2,64045.0,63816.8,63949.4,33.81958647
2026-07-10 04:00:00,63949.5,64169.9,63856.0,64045.8,36.67961211
2026-07-10 05:00:00,64045.9,64197.5,63942.4,64114.8,53.27730865
2026-07-10 06:00:00,64114.9,64161.5,63833.3,63852.8,31.70936441
2026-07-10 07:00:00,63854.5,64009.5,63803.2,63974.2,33.1267337
2026-07-10 08:00:00,63974.2,64385.5,63969.6,64236.9,76.41109817
2026-07-10 09:00:00,64224.3,64481.1,64090.4,64385.5,54.82950062
2026-07-10 10:00:00,64385.5,64497.2,64273.9,64399.7,42.63174603
2026-07-10 11:00:00,64399.7,64479.7,64332.9,64425.9,56.65287585
2026-07-10 12:00:00,64431.1,64611.7,64268.9,64287.0,64.34396586
2026-07-10 13:00:00,64287.1,64695.9,64151.2,64482.8,65.48032086
2026-07-10 14:00:00,64482.8,64514.4,63790.8,63909.3,106.13580181
2026-07-10 15:00:00,63904.8,64208.5,63892.1,64030.3,48.21102289
2026-07-10 16:00:00,64035.3,64221.2,63823.0,64144.8,38.81640298
2026-07-10 17:00:00,64137.2,64154.9,63820.5,63822.8,26.66546174
2026-07-10 18:00:00,63822.9,64005.0,63738.8,63805.1,42.90715356
2026-07-10 19:00:00,63800.8,64042.4,63776.7,63929.8,44.15958754
2026-07-10 20:00:00,63925.9,63927.1,63656.1,63839.6,56.18027272
2026-07-10 21:00:00,63839.7,64096.3,63835.5,64012.5,24.96632867
2026-07-10 22:00:00,64012.5,64170.2,63973.0,64115.4,56.91390501
2026-07-10 23:00:00,64115.5,64206.4,64017.6,64160.0,30.36077283
2026-07-11 00:00:00,64161.3,64168.8,64026.4,64119.3,23.67244455
2026-07-11 01:00:00,64119.4,64312.5,64003.7,64015.7,34.00816669
2026-07-11 02:00:00,64015.5,64164.3,63985.2,64158.5,24.49855407
2026-07-11 03:00:00,64158.4,64192.9,64061.5,64154.5,19.68465961
2026-07-11 04:00:00,64154.5,64212.5,64078.6,64151.4,15.76689525
2026-07-11 05:00:00,64151.5,64222.7,64120.1,64173.6,22.16398197
2026-07-11 06:00:00,64173.7,64280.7,64119.5,64221.3,22.69729527
2026-07-11 07:00:00,64221.3,64258.3,64150.0,64161.5,19.26130924
2026-07-11 08:00:00,64161.6,64310.4,64151.6,64272.0,14.33820352
2026-07-11 09:00:00,64271.9,64298.2,64157.4,64172.2,26.61747684
2026-07-11 10:00:00,64169.2,64215.4,64144.6,64195.6,22.40213984
2026-07-11 11:00:00,64201.4,64223.3,64179.2,64212.1,33.35012278
2026-07-11 12:00:00,64212.1,64242.8,64142.1,64197.0,20.43288397
2026-07-11 13:00:00,64197.0,64273.8,64175.3,64242.9,20.66465673
2026-07-11 14:00:00,64243.0,64511.9,64242.9,64352.2,31.78954471
2026-07-11 15:00:00,64352.2,64494.2,63914.9,64176.5,89.96508166
2026-07-11 16:00:00,64176.6,64277.9,64090.4,64181.5,20.71779999
2026-07-11 17:00:00,64181.6,64400.0,64165.5,64317.2,19.26219877
2026-07-11 18:00:00,64316.4,64396.5,64288.1,64327.0,21.77765864
2026-07-11 19:00:00,64327.1,64340.6,64233.3,64287.7,18.83755861
2026-07-11 20:00:00,64287.7,64463.9,64287.1,64381.9,17.77739854
2026-07-11 21:00:00,64382.0,64430.0,64334.7,64350.0,14.24129499
2026-07-11 22:00:00,64350.1,64423.4,64143.0,64200.5,24.19119231
2026-07-11 23:00:00,64200.6,64251.9,63819.9,63822.0,46.5095217
2026-07-12 00:00:00,63821.0,63920.1,63706.5,63828.3,28.38199368881325
2026-07-12 01:00:00,63828.4,64175.0,63816.8,64134.2,26.6088596
2026-07-12 02:00:00,64134.1,64135.6,64032.3,64079.8,42.77071246
2026-07-12 03:00:00,64075.4,64217.4,64033.0,64214.7,23.16864876
2026-07-12 04:00:00,64214.8,64244.4,63935.0,63993.6,26.3738661
2026-07-12 05:00:00,63993.7,64018.6,63901.8,63965.7,20.04066952
2026-07-12 06:00:00,63961.9,63961.9,63641.2,63762.3,32.85662884
2026-07-12 07:00:00,63762.4,63906.4,63740.4,63883.6,14.8434881
2026-07-12 08:00:00,63883.6,64100.3,63883.6,63982.5,24.26693835
2026-07-12 09:00:00,63982.6,64049.5,63757.0,63959.5,43.74514188
2026-07-12 10:00:00,63959.6,63959.6,63841.5,63862.3,11.74780923
2026-07-12 11:00:00,63864.3,64029.9,63824.6,64014.8,36.74991164
2026-07-12 12:00:00,64014.7,64137.9,63973.4,64022.7,24.56233916
2026-07-12 13:00:00,64022.6,64102.6,63988.3,64024.3,31.7516648
2026-07-12 14:00:00,64024.3,64293.0,63960.4,64202.2,26.20801214
2026-07-12 15:00:00,64202.2,64262.1,64113.7,64174.1,42.11280842
2026-07-12 16:00:00,64175.5,64208.2,64032.5,64172.1,38.48148142
2026-07-12 17:00:00,64172.2,64174.8,64021.7,64076.6,18.08407385
2026-07-12 18:00:00,64076.6,64149.8,64009.6,64145.3,19.0364677
2026-07-12 19:00:00,64145.4,64271.9,64145.3,64226.6,26.39641246
2026-07-12 20:00:00,64226.6,64252.7,64172.7,64195.3,14.09246634
2026-07-12 21:00:00,64195.3,64228.6,63880.1,63916.2,35.81869804
2026-07-12 22:00:00,63916.2,63924.7,63663.2,63889.9,34.30191093
2026-07-12 23:00:00,63886.4,63916.2,63727.7,63781.7,21.26385118
2026-07-13 00:00:00,63781.6,64426.0,63567.7,64083.2,77.08921227
2026-07-13 01:00:00,64064.5,64064.5,63400.1,63414.0,54.52501682
2026-07-13 02:00:00,63415.3,63544.2,63240.0,63369.3,65.34679549
2026-07-13 03:00:00,63369.4,63387.0,62733.2,62809.3,88.51449891
2026-07-13 04:00:00,62809.3,62906.9,62621.6,62671.7,66.15207408
2026-07-13 05:00:00,62674.4,62911.2,62508.2,62798.5,66.53402204
2026-07-13 06:00:00,62798.5,62882.0,62711.5,62804.0,27.18454133
2026-07-13 07:00:00,62804.0,63058.0,62750.9,62987.3,50.02878019
2026-07-13 08:00:00,62987.3,63283.9,62942.7,63201.4,56.45807036
2026-07-13 09:00:00,63201.6,63203.5,63086.6,63093.7,27.91472262
2026-07-13 10:00:00,63093.7,63144.6,62862.8,62864.1,54.30392277
2026-07-13 11:00:00,62864.1,63128.4,62864.1,62904.9,42.85948223
2026-07-13 12:00:00,62904.9,62992.0,62566.5,62622.9,55.12174079
2026-07-13 13:00:00,62623.0,62761.0,62163.9,62320.5,113.69097181
2026-07-13 14:00:00,62315.4,62799.8,62101.8,62791.7,110.82490137
2026-07-13 15:00:00,62789.5,62979.0,62562.3,62614.3,58.7455978
2026-07-13 16:00:00,62614.3,62625.9,62208.4,62271.0,65.89429882
2026-07-13 17:00:00,62271.0,62368.8,61903.2,61905.5,67.58183286
2026-07-13 18:00:00,61905.6,62103.1,61830.0,62021.0,62.67379077
2026-07-13 19:00:00,62021.0,62293.9,61989.4,62293.8,41.40463373
2026-07-13 20:00:00,62286.7,62327.0,62051.8,62208.6,41.99396435
2026-07-13 21:00:00,62208.7,62217.4,61891.2,62064.1,29.04788602
2026-07-13 22:00:00,62064.0,62223.3,61914.3,61925.4,38.43088531
2026-07-13 23:00:00,61925.6,62349.7,61883.3,62336.8,53.22595968
2026-07-14 00:00:00,62336.8,62662.0,62272.3,62550.7,57.68180192
2026-07-14 01:00:00,62559.0,62639.7,62463.9,62530.0,32.07315741
2026-07-14 02:00:00,62530.1,62633.0,62315.3,62543.3,26.393644
2026-07-14 03:00:00,62543.4,62598.2,62316.4,62572.0,37.1577319
2026-07-14 04:00:00,62570.1,62765.7,62543.5,62745.8,17.90752939
2026-07-14 05:00:00,62745.7,62870.8,62693.3,62726.7,35.31309605
2026-07-14 06:00:00,62726.7,62768.1,62565.2,62625.7,37.09735542
2026-07-14 07:00:00,62624.6,62659.3,62513.8,62551.2,29.21667675
2026-07-14 08:00:00,62551.1,62797.6,62500.0,62701.5,36.61606232
2026-07-14 09:00:00,62710.7,62741.5,62537.2,62627.1,36.11414496
2026-07-14 10:00:00,62630.0,62904.5,62608.8,62795.4,49.58675348
2026-07-14 11:00:00,62795.5,62926.0,62716.8,62842.9,35.39071022
2026-07-14 12:00:00,62842.9,63973.1,62783.8,63958.9,198.81298028
2026-07-14 13:00:00,63962.3,64180.9,63694.4,63834.7,98.81990063
2026-07-14 14:00:00,63836.3,64348.7,63563.0,64302.0,100.86816093
2026-07-14 15:00:00,64302.0,64953.0,64188.0,64745.3,160.61072396
2026-07-14 16:00:00,64745.4,64897.4,64613.2,64723.9,63.57648332
2026-07-14 17:00:00,64724.0,64724.0,64275.7,64618.0,89.20039528
2026-07-14 18:00:00,64618.1,64651.1,64473.2,64569.8,56.62213484
2026-07-14 19:00:00,64569.9,64710.0,64483.2,64561.9,35.38784626
2026-07-14 20:00:00,64566.1,64599.9,64414.5,64564.7,31.98358138
2026-07-14 21:00:00,64564.8,64890.0,64524.8,64674.6,36.16356107
2026-07-14 22:00:00,64674.6,65100.0,64510.0,64861.3,99.01898617
2026-07-14 23:00:00,64859.4,65045.8,64770.0,65030.3,33.43935092
2026-07-15 00:00:00,65038.0,65060.5,64769.0,64822.2,34.79081712
2026-07-15 01:00:00,64822.2,64854.8,64646.0,64672.4,36.07878276625608
2026-07-15 02:00:00,64672.4,64757.8,64484.3,64493.2,21.16418173
2026-07-15 03:00:00,64493.3,64842.1,64493.2,64790.5,31.81761491
2026-07-15 04:00:00,64788.0,64883.4,64712.9,64744.6,23.7087487
2026-07-15 05:00:00,64744.6,64966.7,64603.9,64934.5,30.21430196
2026-07-15 06:00:00,64943.1,65279.9,64801.6,64809.7,73.9626093
2026-07-15 07:00:00,64809.7,64873.8,64475.6,64547.3,61.24970345
2026-07-15 08:00:00,64547.2,64788.3,64547.2,64763.9,50.63128688
2026-07-15 09:00:00,64763.9,64913.0,64650.1,64663.3,49.82965068
2026-07-15 10:00:00,64663.4,64843.5,64608.1,64656.4,31.42345461
2026-07-15 11:00:00,64656.5,64750.0,64608.5,64729.4,28.90543547
2026-07-15 12:00:00,64729.5,65244.9,64600.0,65154.0,135.69083113
2026-07-15 13:00:00,65154.0,65564.3,64884.8,65114.1,134.57674588
2026-07-15 14:00:00,65118.5,65516.8,65067.6,65399.1,101.47618179
2026-07-15 15:00:00,65399.1,65597.3,65261.3,65420.9,56.91529663
2026-07-15 16:00:00,65424.1,65468.9,64785.2,65118.9,99.74308537
2026-07-15 17:00:00,65128.0,65188.1,64971.9,65052.6,80.6393336
2026-07-15 18:00:00,65052.5,65146.6,64844.2,64859.2,45.33218421
2026-07-15 19:00:00,64864.7,64998.2,64736.2,64972.7,32.22749023
2026-07-15 20:00:00,64972.6,65061.9,64897.5,64966.7,59.95063807
2026-07-15 21:00:00,64966.8,65013.9,64787.4,64822.4,41.83548632
2026-07-15 22:00:00,64822.4,64990.7,64767.4,64865.9,33.3381631
2026-07-15 23:00:00,64861.6,64934.8,64689.0,64749.2,29.02301866
2026-07-16 00:00:00,64749.1,64844.8,64500.0,64586.1,38.12978224
2026-07-16 01:00:00,64586.4,64832.1,64399.6,64731.8,56.09974319
2026-07-16 02:00:00,64731.9,64733.2,64577.8,64641.9,27.65947101
2026-07-16 03:00:00,64641.8,64744.7,64553.5,64616.2,22.17751706
2026-07-16 04:00:00,64620.8,64695.2,64542.7,64640.2,18.54134726
2026-07-16 05:00:00,64638.9,64998.5,64607.2,64917.5,26.07577586
2026-07-16 06:00:00,64917.6,64980.6,64629.1,64769.2,45.20563776
2026-07-16 07:00:00,64769.1,64774.4,64083.1,64233.0,62.65451534
2026-07-16 08:00:00,64233.0,64363.3,63888.1,64123.6,99.77017822
2026-07-16 09:00:00,64119.3,64186.7,64012.3,64086.8,39.6771934
2026-07-16 10:00:00,64086.8,64266.0,64075.1,64215.3,22.18091378
2026-07-16 11:00:00,64215.4,64266.2,64092.4,64250.3,42.53958161
2026-07-16 12:00:00,64244.9,64248.0,63859.2,63963.4,55.24139734
2026-07-16 13:00:00,63963.4,64474.9,63956.3,64375.7,51.86278961
2026-07-16 14:00:00,64375.7,64850.7,64328.2,64537.4,83.24943354
2026-07-16 15:00:00,64537.3,64900.0,64313.0,64703.0,61.60121457
2026-07-16 16:00:00,64708.2,64711.0,64329.1,64480.5,56.35175212
2026-07-16 17:00:00,64480.6,64480.6,63989.5,64071.8,44.27096916
2026-07-16 18:00:00,64071.8,64335.2,64052.1,64248.6,46.63057862
2026-07-16 19:00:00,64243.5,64301.9,64145.8,64269.6,34.1626922
2026-07-16 20:00:00,64261.1,64275.6,64107.4,64123.8,34.61154201
2026-07-16 21:00:00,64115.9,64241.3,64103.3,64161.9,31.67573053
2026-07-16 22:00:00,64162.0,64235.8,63950.0,63963.4,56.58505921
2026-07-16 23:00:00,63963.5,64006.3,63750.0,63833.5,43.07171707
2026-07-17 00:00:00,63833.5,63909.2,63615.4,63884.1,46.39815405
2026-07-17 01:00:00,63888.0,64067.0,63478.9,63546.5,50.04751541
2026-07-17 02:00:00,63546.4,63663.8,63393.0,63485.7,64.36038455
2026-07-17 03:00:00,63492.2,63719.7,63487.2,63569.6,35.47400393
2026-07-17 04:00:00,63568.8,63579.3,63317.0,63487.8,40.12312415
2026-07-17 05:00:00,63483.2,63483.2,62808.7,62835.1,56.70169057
2026-07-17 06:00:00,62841.6,63001.3,62712.5,62949.3,60.70238444
2026-07-17 07:00:00,62952.9,62984.3,62802.4,62830.8,49.85673384
2026-07-17 08:00:00,62830.8,62941.0,62664.8,62897.4,53.28165294
2026-07-17 09:00:00,62897.0,63070.9,62864.6,62992.9,57.86585213
2026-07-17 10:00:00,62993.1,63198.3,62993.1,63178.2,35.44465129
2026-07-17 11:00:00,63178.1,63356.6,63064.4,63292.4,36.77768333
2026-07-17 12:00:00,63292.4,63343.2,63066.6,63093.8,62.69568488
2026-07-17 13:00:00,63095.9,63178.9,62538.3,63151.2,80.69950436
2026-07-17 14:00:00,63151.2,63513.0,63071.0,63177.5,118.48325743
2026-07-17 15:00:00,63177.1,63457.4,62861.2,63457.4,88.06586547
2026-07-17 16:00:00,63457.5,63704.4,63310.0,63593.1,77.65108504
2026-07-17 17:00:00,63593.2,64228.1,63593.2,64055.2,55.80752157
2026-07-17 18:00:00,64054.8,64390.1,63897.9,64257.4,47.41464562
2026-07-17 19:00:00,64254.3,64261.6,63981.8,64166.0,43.91000172
2026-07-17 20:00:00,64155.0,64194.2,63960.4,64119.4,39.93217848
2026-07-17 21:00:00,64119.5,64217.1,64071.1,64105.5,22.92185741
2026-07-17 22:00:00,64105.5,64147.5,63918.4,63983.8,28.18012911
2026-07-17 23:00:00,63983.8,64009.7,63883.7,63929.5,20.67754793
2026-07-18 00:00:00,63930.5,64014.3,63888.5,63900.0,23.00387438
2026-07-18 01:00:00,63904.6,63998.6,63885.3,63949.1,15.35196816
2026-07-18 02:00:00,63949.0,64031.7,63926.3,63956.9,21.82930339
2026-07-18 03:00:00,63956.9,64019.9,63926.5,64014.7,17.44195055
2026-07-18 04:00:00,64014.8,64014.8,63944.0,63966.7,13.71705968
2026-07-18 05:00:00,63968.0,64002.5,63926.1,63959.8,9.29443738
2026-07-18 06:00:00,63965.0,64008.2,63946.7,63981.8,29.56926799
2026-07-18 07:00:00,63981.9,64025.9,63981.8,64007.1,11.15255555
2026-07-18 08:00:00,64006.5,64023.0,63958.9,64002.3,12.01892474
2026-07-18 09:00:00,64002.3,64009.2,63924.6,63986.6,13.24424421
2026-07-18 10:00:00,63986.7,64013.2,63980.2,64009.5,13.859938
2026-07-18 11:00:00,64009.6,64092.1,64009.5,64058.9,26.58792278
2026-07-18 12:00:00,64059.0,64258.5,64051.1,64205.0,33.93305645513345
2026-07-18 13:00:00,64197.5,64206.8,63963.8,64106.4,28.84589763
2026-07-18 14:00:00,64106.4,64195.4,64097.1,64124.8,20.772987955538056
2026-07-18 15:00:00,64124.8,64157.8,64032.2,64119.5,27.4727697
2026-07-18 16:00:00,64119.5,64312.1,64086.2,64299.7,75.18762033
2026-07-18 17:00:00,64301.7,64488.0,64275.7,64483.6,32.84794281
2026-07-18 18:00:00,64483.6,64663.0,64460.9,64513.0,46.58832832
2026-07-18 19:00:00,64513.0,64598.6,64477.6,64561.0,24.71554494
2026-07-18 20:00:00,64557.7,64742.5,64514.3,64696.3,60.89757343
2026-07-18 21:00:00,64696.2,64844.9,64616.1,64734.9,45.25832605
2026-07-18 22:00:00,64734.8,64872.6,64713.5,64808.7,26.99810392
2026-07-18 23:00:00,64805.0,64843.2,64714.5,64833.9,23.47448456
2026-07-19 00:00:00,64837.0,64901.2,64772.3,64783.0,25.03857
2026-07-19 01:00:00,64783.0,64786.3,64765.6,64769.8,15.70329136
2026-07-19 02:00:00,64769.9,64966.6,64697.8,64824.0,39.50693021
2026-07-19 03:00:00,64824.1,64837.6,64626.6,64706.9,20.51117448
2026-07-19 04:00:00,64707.0,64795.9,64615.0,64717.1,18.46771264
2026-07-19 05:00:00,64717.2,64812.8,64672.1,64722.8,15.99001552
2026-07-19 06:00:00,64722.9,64758.5,64695.1,64710.4,17.78632223
2026-07-19 07:00:00,64710.5,64782.1,64670.1,64707.2,26.46979189
2026-07-19 08:00:00,64709.1,64744.9,64629.5,64706.7,24.40367336
2026-07-19 09:00:00,64706.7,64718.7,64493.8,64511.3,21.97887877
2026-07-19 10:00:00,64511.3,64694.6,64478.7,64581.4,22.00004873
2026-07-19 11:00:00,64585.8,64635.2,64445.2,64466.9,25.02446415
2026-07-19 12:00:00,64466.9,64466.9,64279.3,64441.7,46.93242425
2026-07-19 13:00:00,64441.8,64515.8,64306.6,64485.2,28.47718159
2026-07-19 14:00:00,64485.2,64656.7,64420.7,64596.2,28.88367483
2026-07-19 15:00:00,64596.1,64620.6,64499.9,64574.8,29.5204598
2026-07-19 16:00:00,64574.8,64644.8,64505.6,64536.8,23.09982416
2026-07-19 17:00:00,64536.9,64754.0,64400.0,64547.2,43.51672574
2026-07-19 18:00:00,64547.3,64551.2,64282.1,64410.1,49.25497997
2026-07-19 19:00:00,64421.0,64459.5,64345.5,64457.7,38.16039197
2026-07-19 20:00:00,64457.8,64552.1,64457.8,64529.6,23.62291836
2026-07-19 21:00:00,64535.8,64558.6,64347.3,64413.2,33.02799982
2026-07-19 22:00:00,64413.2,64892.5,64341.3,64672.6,64.93287145
2026-07-19 23:00:00,64672.7,64773.7,64566.1,64722.3,42.25064481
2026-07-20 00:00:00,64730.6,65099.9,64414.4,64549.5,69.64632184
2026-07-20 01:00:00,64554.6,65025.5,64503.3,64622.6,41.24958635
2026-07-20 02:00:00,64622.5,64963.9,64581.0,64828.3,65.63651621
2026-07-20 03:00:00,64828.3,64922.1,64647.8,64865.9,36.57443676
2026-07-20 04:00:00,64865.9,64870.0,64538.5,64541.2,38.26396213
2026-07-20 05:00:00,64546.5,64558.9,64085.7,64126.5,76.58284979
2026-07-20 06:00:00,64131.5,64219.2,63766.4,63918.7,90.52163433
2026-07-20 07:00:00,63923.0,64306.6,63897.0,64275.8,59.27309169
2026-07-20 08:00:00,64275.8,64362.1,63843.7,64055.7,115.97526411
2026-07-20 09:00:00,64055.7,64288.0,64016.9,64202.6,53.28312551
2026-07-20 10:00:00,64202.7,64414.0,64165.6,64303.4,39.57180172
2026-07-20 11:00:00,64303.3,65072.7,64270.9,65003.3,115.88595303987294
2026-07-20 12:00:00,65003.2,65005.1,64601.1,64650.5,101.00037997
2026-07-20 13:00:00,64650.4,64774.4,64212.0,64347.9,134.84465015
2026-07-20 14:00:00,64347.9,64581.8,64082.6,64417.8,94.06808685
2026-07-20 15:00:00,64421.4,65016.0,64415.1,65005.3,73.68084145
