datetime,open,high,low,close,volume
2025-07-19 00:00:00,117919.8,118372.7,117611.4,118323.8,290.75818389
2025-07-19 04:00:00,118323.8,118358.3,118050.0,118166.1,178.47882982
2025-07-19 08:00:00,118166.1,118493.2,117943.1,118322.6,178.70883788
2025-07-19 12:00:00,118322.6,118322.6,117640.5,118059.4,333.86691685
2025-07-19 16:00:00,118059.3,118155.7,117599.6,118008.6,299.32524296
2025-07-19 20:00:00,118008.6,118147.4,117278.1,117848.3,315.80088963
2025-07-20 00:00:00,117848.3,118160.0,117665.7,117959.9,275.44049679
2025-07-20 04:00:00,117960.0,118223.5,117766.8,118017.0,249.75362522
2025-07-20 08:00:00,118017.0,118269.8,117822.4,117873.1,273.42187511
2025-07-20 12:00:00,117873.1,118794.8,117720.9,118670.1,448.60137315
2025-07-20 16:00:00,118670.4,118850.0,117955.0,118155.3,477.46460957
2025-07-20 20:00:00,118155.4,118259.7,116467.7,117263.9,604.53770447
2025-07-21 00:00:00,117263.9,118605.6,116529.5,118393.3,744.47630415
2025-07-21 04:00:00,118393.2,119647.5,118184.8,119350.1,441.14668572
2025-07-21 08:00:00,119350.1,119495.0,118071.1,118071.1,427.01635086
2025-07-21 12:00:00,118071.1,119224.2,117770.8,118327.7,621.73069605
2025-07-21 16:00:00,118327.8,118398.4,116655.1,116751.3,647.84766232
2025-07-21 20:00:00,116760.4,117624.8,116653.9,117381.0,332.96980659
2025-07-22 00:00:00,117381.1,117948.3,116109.0,117202.9,615.01962623
2025-07-22 04:00:00,117209.2,118578.4,116555.0,117979.3,505.5499266
2025-07-22 08:00:00,117979.8,119177.0,117489.8,119140.8,441.48340621
2025-07-22 12:00:00,119140.9,119567.4,117550.0,118894.7,748.20996192
2025-07-22 16:00:00,118895.0,120206.5,118390.0,119281.4,646.91886902
2025-07-22 20:00:00,119281.5,120235.8,119206.2,119953.4,367.06881296
2025-07-23 00:00:00,119953.4,120099.6,118527.9,118599.9,323.05413311
2025-07-23 04:00:00,118600.0,118995.0,118300.3,118351.6,254.15178251
2025-07-23 08:00:00,118351.5,118615.0,117844.7,118532.7,390.75997693
2025-07-23 12:00:00,118532.8,118751.0,117314.2,118569.9,744.34956605
2025-07-23 16:00:00,118569.9,118569.9,117332.4,118385.0,628.21817459
2025-07-23 20:00:00,118386.5,118747.3,117380.6,118747.2,450.04316138
2025-07-24 00:00:00,118747.3,119261.4,118471.7,118490.0,299.22463907
2025-07-24 04:00:00,118490.1,118570.5,117110.2,118415.0,642.72469202
2025-07-24 08:00:00,118415.0,118802.9,117960.8,118597.1,414.63821051
2025-07-24 12:00:00,118597.1,119464.3,117824.9,119087.7,707.98649938
2025-07-24 16:00:00,119092.0,119397.5,118354.4,118918.6,491.45716698
2025-07-24 20:00:00,118936.0,119004.5,118150.0,118325.0,300.92250329
2025-07-25 00:00:00,118330.0,118445.0,115344.2,115430.8,990.69798465
2025-07-25 04:00:00,115420.5,116136.3,114735.0,115315.0,878.45547239
2025-07-25 08:00:00,115315.1,116770.2,115013.8,116540.0,1065.46867243
2025-07-25 12:00:00,116540.1,116650.0,114911.3,115720.8,1296.95592728
2025-07-25 16:00:00,115720.8,116999.9,115452.1,116701.6,730.47883416
2025-07-25 20:00:00,116695.0,117630.0,116582.2,117619.2,368.44689043
2025-07-26 00:00:00,117612.1,117745.2,117137.5,117492.1,341.25112788
2025-07-26 04:00:00,117490.4,117544.9,117316.3,117316.3,161.9706357
2025-07-26 08:00:00,117316.3,118200.0,117316.3,117775.9,237.19315074
2025-07-26 12:00:00,117775.9,118221.2,117766.4,118128.9,264.64613656
2025-07-26 16:00:00,118129.0,118291.8,117940.3,118227.4,197.81124143
2025-07-26 20:00:00,118227.3,118299.3,117880.4,117915.0,252.9352427
2025-07-27 00:00:00,117917.2,118378.9,117829.8,118185.9,234.4124538
2025-07-27 04:00:00,118185.9,118444.1,118067.7,118092.5,272.16786587
2025-07-27 08:00:00,118092.4,118285.6,117855.1,118066.2,187.76888948
2025-07-27 12:00:00,118066.3,118583.1,117889.9,118577.2,331.19125783
2025-07-27 16:00:00,118577.1,119535.0,118577.1,118960.8,730.33056973
2025-07-27 20:00:00,118960.8,119752.2,118717.4,119411.2,450.11914809
2025-07-28 00:00:00,119414.6,119795.0,118961.0,119274.9,383.8129783
2025-07-28 04:00:00,119274.9,119671.4,118761.1,118897.1,242.14368185
2025-07-28 08:00:00,118897.1,119105.0,118481.7,118818.1,264.98396595
2025-07-28 12:00:00,118820.0,119083.1,117914.1,118175.7,582.56034893
2025-07-28 16:00:00,118175.7,118369.6,117412.8,118075.8,413.95691313
2025-07-28 20:00:00,118075.0,118331.0,117491.7,118055.1,316.20390071
2025-07-29 00:00:00,118055.1,118788.2,117445.0,118750.0,450.61602112
2025-07-29 04:00:00,118751.1,119264.0,118417.0,118881.8,283.74970427
2025-07-29 08:00:00,118881.7,119049.2,118164.7,118580.6,279.3132664
2025-07-29 12:00:00,118580.6,119065.5,117268.0,117390.0,569.22466693
2025-07-29 16:00:00,117390.0,118048.0,116960.9,117528.4,464.17447853
2025-07-29 20:00:00,117528.4,117984.5,117091.6,117935.0,353.03691033
2025-07-30 00:00:00,117935.0,118247.5,117424.2,118165.1,259.07481331
2025-07-30 04:00:00,118165.1,118411.4,117668.7,118123.6,212.16518296
2025-07-30 08:00:00,118123.6,118470.3,117361.9,117566.2,373.23666188
2025-07-30 12:00:00,117567.0,118770.5,117358.7,117986.0,682.01616474
2025-07-30 16:00:00,117987.0,118036.9,115781.7,116929.5,746.86834747
2025-07-30 20:00:00,116925.6,117908.2,116891.8,117839.2,321.02850705
2025-07-31 00:00:00,117839.1,118595.1,117788.0,118448.2,251.34358473
2025-07-31 04:00:00,118460.0,118908.3,118283.8,118653.9,175.46299533
2025-07-31 08:00:00,118653.9,118750.0,118300.0,118350.9,180.89056036
2025-07-31 12:00:00,118351.0,118699.0,117821.8,118299.9,586.38052608
2025-07-31 16:00:00,118300.0,118871.4,116764.4,116787.3,591.62213661
2025-07-31 20:00:00,116786.6,116990.1,115486.9,115770.2,460.62541183
2025-08-01 00:00:00,115770.1,116057.0,114312.5,115657.9,771.69766937
2025-08-01 04:00:00,115657.9,115915.7,114633.1,115084.6,421.96612102
2025-08-01 08:00:00,115082.0,115339.3,114108.8,115305.8,626.82014262
2025-08-01 12:00:00,115305.7,116007.6,113961.8,115357.0,1020.41200284
2025-08-01 16:00:00,115356.0,115686.0,113224.6,113324.0,834.31473799
2025-08-01 20:00:00,113320.7,114095.5,112730.9,113298.7,632.69011847
2025-08-02 00:00:00,113298.7,113905.6,113198.5,113905.6,248.37501384
2025-08-02 04:00:00,113905.8,114050.4,113464.1,113981.4,191.8151991
2025-08-02 08:00:00,113981.4,114039.0,113444.9,113791.0,268.92807704
2025-08-02 12:00:00,113791.0,113791.0,112820.0,112831.2,251.74061278
2025-08-02 16:00:00,112831.3,113411.9,111988.6,112222.6,583.20598469
2025-08-02 20:00:00,112222.7,113049.1,112069.9,112547.1,353.96246965
2025-08-03 00:00:00,112555.6,113723.9,111918.6,113606.6,383.96582676
2025-08-03 04:00:00,113606.6,113719.3,113361.0,113697.9,185.58146885
2025-08-03 08:00:00,113697.9,114248.9,113555.0,113871.2,229.19603329
2025-08-03 12:00:00,113871.3,114097.6,113588.0,113945.9,255.88964573
2025-08-03 16:00:00,113946.0,114776.5,113774.9,114297.0,293.56480092
2025-08-03 20:00:00,114297.0,114611.5,114065.0,114204.1,245.44964957
2025-08-04 00:00:00,114204.1,114999.9,114109.2,114589.0,527.43300053
2025-08-04 04:00:00,114588.9,114782.6,114169.0,114673.3,219.8873744
2025-08-04 08:00:00,114673.3,114764.3,114220.1,114493.0,222.68045673
2025-08-04 12:00:00,114493.0,115465.7,114121.1,114825.4,513.88681639
2025-08-04 16:00:00,114826.0,115717.7,114734.1,114765.8,742.96895877135
2025-08-04 20:00:00,114765.7,115334.2,114624.3,115055.8,309.58337356
2025-08-05 00:00:00,115055.8,115109.1,114258.7,114258.8,597.96136114
2025-08-05 04:00:00,114258.8,114501.2,113724.0,113974.7,310.81311621
2025-08-05 08:00:00,113964.2,115087.1,113929.6,114827.6,354.03724405
2025-08-05 12:00:00,114827.7,114893.0,112653.8,112934.0,760.06772934
2025-08-05 16:00:00,112933.9,113756.3,112815.7,113611.0,701.02157451
2025-08-05 20:00:00,113611.0,114217.7,113279.0,114129.6,343.28726332
2025-08-06 00:00:00,114129.7,114132.8,113401.4,113521.1,342.29110876
2025-08-06 04:00:00,113521.0,114407.9,113355.0,114227.2,278.55530929
2025-08-06 08:00:00,114227.1,114399.6,113727.4,114220.9,299.88495334
2025-08-06 12:00:00,114221.0,115521.6,113580.1,115409.7,515.12433039
2025-08-06 16:00:00,115411.7,115698.3,114930.5,115250.9,324.31105808
2025-08-06 20:00:00,115250.9,115260.1,114787.7,114979.7,81.69968763
2025-08-07 00:00:00,114979.7,115181.2,114400.4,114549.9,157.28946122
2025-08-07 04:00:00,114549.9,114861.0,114262.3,114786.0,368.19777593
2025-08-07 08:00:00,114786.0,116800.0,114785.9,116501.7,461.20031738
2025-08-07 12:00:00,116501.7,116780.0,116023.9,116689.4,426.23020487
2025-08-07 16:00:00,116689.3,117513.5,115625.9,117460.7,357.82283687
2025-08-07 20:00:00,117460.7,117620.4,117000.0,117458.7,380.40708859
2025-08-08 00:00:00,117458.7,117631.2,116698.0,116748.3,646.88242917
2025-08-08 04:00:00,116748.3,116975.0,116401.5,116828.5,350.76041621
2025-08-08 08:00:00,116828.0,116923.9,116318.3,116897.9,291.88979519
2025-08-08 12:00:00,116898.0,117257.9,115890.9,116210.8,1144.26740991
2025-08-08 16:00:00,116210.0,116886.0,115999.8,116445.3,559.02779751
2025-08-08 20:00:00,116445.2,116979.9,116301.7,116667.3,261.15591839
2025-08-09 00:00:00,116667.3,116747.0,116344.3,116390.1,247.96625085
2025-08-09 04:00:00,116390.0,116976.2,116368.0,116755.9,534.77905178
2025-08-09 08:00:00,116755.9,117919.5,116746.8,117099.4,506.62952883
2025-08-09 12:00:00,117099.5,117223.0,116709.1,116882.5,388.73101269
2025-08-09 16:00:00,116885.9,116941.4,116511.7,116537.0,362.07859005
2025-08-09 20:00:00,116537.0,117019.9,116392.2,116464.2,384.4449101
2025-08-10 00:00:00,116464.2,118518.1,116462.1,118493.5,391.6490451
2025-08-10 04:00:00,118493.6,118726.9,117474.4,117804.2,455.12987369
2025-08-10 08:00:00,117804.2,118503.5,117608.4,118317.4,546.53804062
2025-08-10 12:00:00,118317.4,119100.0,118234.0,118811.0,713.02295795
2025-08-10 16:00:00,118810.9,118943.0,118400.0,118663.1,358.97296388
2025-08-10 20:00:00,118663.1,119310.1,118077.3,119291.0,567.10154774
2025-08-11 00:00:00,119291.0,122132.9,118985.1,121715.3,597.73095426
2025-08-11 04:00:00,121715.3,122298.7,121451.1,121518.4,428.367579
2025-08-11 08:00:00,121518.5,121796.5,120281.5,120558.1,710.83191981
2025-08-11 12:00:00,120558.0,120649.0,119367.1,120315.9,850.86873518
2025-08-11 16:00:00,120316.0,120786.9,118621.1,119088.1,843.96165745
2025-08-11 20:00:00,119088.2,119181.9,118083.0,118688.6,386.21265436
2025-08-12 00:00:00,118688.6,119282.4,118600.2,118855.7,492.84009623
2025-08-12 04:00:00,118855.7,119158.0,118441.7,118982.6,398.7388339
2025-08-12 08:00:00,118982.6,119048.7,118222.6,118521.1,736.01870298
2025-08-12 12:00:00,118521.1,119949.0,118285.7,119923.4,1251.28498479
2025-08-12 16:00:00,119923.4,120170.0,119178.1,119653.4,914.9284098
2025-08-12 20:00:00,119646.8,120308.5,119466.1,120119.1,457.2726235
2025-08-13 00:00:00,120119.1,120181.7,119093.0,119486.0,618.59460057
2025-08-13 04:00:00,119486.0,119826.0,118937.8,119580.4,577.36114214
2025-08-13 08:00:00,119580.4,120715.0,119451.9,120569.9,677.43789254
2025-08-13 12:00:00,120569.3,122192.7,120107.1,120920.5,1272.53160983
2025-08-13 16:00:00,120920.5,122833.9,120920.5,122738.0,793.38060647
2025-08-13 20:00:00,122738.0,123651.4,122293.9,123293.4,886.54425312
2025-08-14 00:00:00,123293.4,124447.7,123234.4,123360.4,789.50326608
2025-08-14 04:00:00,123355.9,123430.1,121303.0,121735.0,862.75622187
2025-08-14 08:00:00,121734.9,122023.7,120695.3,120943.0,786.0049189
2025-08-14 12:00:00,120943.0,121153.7,117500.0,118255.0,2284.66716249
2025-08-14 16:00:00,118255.1,118525.0,117110.6,117937.6,1066.099326
2025-08-14 20:00:00,117937.6,118525.4,117321.2,118293.4,676.86789056
2025-08-15 00:00:00,118293.5,119079.0,118041.2,118959.9,872.36126946
2025-08-15 04:00:00,118959.9,119210.5,118638.3,118956.0,480.94021967
2025-08-15 08:00:00,118956.0,119145.9,118606.3,119010.2,608.78193033
2025-08-15 12:00:00,119010.3,119099.9,116763.4,117281.2,1472.20893497
2025-08-15 16:00:00,117273.0,117883.1,116802.0,116922.4,891.20993452
2025-08-15 20:00:00,116922.9,117764.8,116870.4,117336.0,357.70780166
2025-08-16 00:00:00,117336.0,117894.4,117224.4,117431.5,369.58860222
2025-08-16 04:00:00,117431.5,117888.5,117286.9,117604.0,422.28355094
2025-08-16 08:00:00,117604.1,117705.6,117136.0,117373.2,536.54640335
2025-08-16 12:00:00,117373.3,117821.9,117330.6,117681.6,427.32908539
2025-08-16 16:00:00,117681.6,117814.5,117632.8,117678.2,260.76746724
2025-08-16 20:00:00,117678.2,117694.1,117217.7,117383.0,201.78544428
2025-08-17 00:00:00,117382.3,117750.4,117178.6,117687.5,256.46515329
2025-08-17 04:00:00,117687.4,118226.8,117687.4,118000.6,316.91773441
2025-08-17 08:00:00,118000.6,118472.2,117929.3,118309.4,321.8850583
2025-08-17 12:00:00,118309.5,118574.3,118088.5,118246.9,296.40461662
2025-08-17 16:00:00,118247.0,118310.5,117311.0,117561.2,354.46112407
2025-08-17 20:00:00,117561.3,117984.5,117374.8,117404.3,416.26730319
2025-08-18 00:00:00,117404.3,117535.9,115013.0,115331.2,1246.75063474
2025-08-18 04:00:00,115331.1,115716.3,114881.9,115211.1,780.62825137
2025-08-18 08:00:00,115211.1,115410.8,114658.9,114952.0,556.5183687
2025-08-18 12:00:00,114951.9,116169.6,114792.3,116144.4,866.28327842
2025-08-18 16:00:00,116144.5,116786.6,115844.3,116308.1,653.28594663
2025-08-18 20:00:00,116308.1,116970.7,115990.8,116228.4,434.88984986
2025-08-19 00:00:00,116228.5,116717.3,114799.3,114815.9,806.33387837
2025-08-19 04:00:00,114815.9,115463.5,114365.3,114977.2,558.70823498
2025-08-19 08:00:00,114977.3,115646.5,114806.1,115517.5,409.55686293
2025-08-19 12:00:00,115517.5,115875.7,113577.1,113769.1,1131.24145011
2025-08-19 16:00:00,113769.7,113879.9,112820.4,113133.7,1185.74834126
2025-08-19 20:00:00,113133.7,113585.0,112744.3,112880.0,559.01700878
2025-08-20 00:00:00,112879.9,113634.4,112580.0,113530.9,844.34386395
2025-08-20 04:00:00,113531.0,113836.4,113440.7,113479.7,550.80982162
2025-08-20 08:00:00,113479.8,114021.1,113060.9,113660.4,555.89859971
2025-08-20 12:00:00,113660.5,114420.4,112380.5,113351.2,1281.98091039
2025-08-20 16:00:00,113351.3,114443.7,113270.6,114267.3,956.08682344
2025-08-20 20:00:00,114267.3,114607.1,113999.9,114256.9,582.24850096
2025-08-21 00:00:00,114256.9,114803.0,113904.8,113963.0,876.37125093
2025-08-21 04:00:00,113963.0,114027.8,113583.0,113899.1,419.3776743
2025-08-21 08:00:00,113899.0,113985.0,113000.0,113152.0,400.00864135
2025-08-21 12:00:00,113151.3,113970.0,112606.7,112791.1,933.09117846
2025-08-21 16:00:00,112791.1,112961.6,112013.0,112186.4,892.68393154
2025-08-21 20:00:00,112186.5,112869.2,112067.4,112496.5,455.9198695
2025-08-22 00:00:00,112496.5,113504.0,112343.2,112918.7,613.09338383
2025-08-22 04:00:00,112918.7,113382.4,112717.2,113095.0,527.63094602
2025-08-22 08:00:00,113095.0,113318.1,112181.1,112318.2,466.23378651
2025-08-22 12:00:00,112318.3,117287.5,111687.0,116361.9,1914.76035065
2025-08-22 16:00:00,116362.0,117399.6,116116.0,116643.3,1107.69667717
2025-08-22 20:00:00,116645.9,117157.0,116558.8,116921.6,427.66265304
2025-08-23 00:00:00,116921.6,117014.4,115463.0,115571.0,655.98279056
2025-08-23 04:00:00,115571.0,116030.0,115558.9,115792.0,494.16059657
2025-08-23 08:00:00,115794.0,115861.3,115222.3,115285.7,320.85540622
2025-08-23 12:00:00,115285.7,115465.3,114569.6,114820.0,420.27085034
2025-08-23 16:00:00,114820.0,115174.8,114691.3,115123.0,361.1737337
2025-08-23 20:00:00,115123.0,115413.6,115016.1,115413.6,224.70579178
2025-08-24 00:00:00,115413.5,115662.4,114955.0,115032.8,480.22514489
2025-08-24 04:00:00,115032.8,115268.9,114848.4,114887.8,408.33202337
2025-08-24 08:00:00,114887.8,115044.6,114601.5,114728.8,420.72285828
2025-08-24 12:00:00,114728.8,114853.0,114359.7,114414.0,480.8089722
2025-08-24 16:00:00,114414.0,114895.0,110547.1,112594.3,1388.99832758
2025-08-24 20:00:00,112594.3,113688.0,111654.8,113463.6,1034.48247471
2025-08-25 00:00:00,113463.6,113662.0,112172.9,112922.1,1563.55929571
2025-08-25 04:00:00,112922.1,113057.9,111292.2,111516.2,1245.26514418
2025-08-25 08:00:00,111516.3,111833.2,110942.0,111211.7,1057.21675027
2025-08-25 12:00:00,111211.7,112569.9,110578.9,112191.7,1690.44971135
2025-08-25 16:00:00,112191.7,112936.4,110663.2,110696.4,2149.7821324
2025-08-25 20:00:00,110696.5,111092.6,109274.0,110112.8,1414.85236021
2025-08-26 00:00:00,110112.9,110112.9,108680.0,109875.3,1138.65125071
2025-08-26 04:00:00,109877.3,110534.9,109766.4,110299.7,600.23091685
2025-08-26 08:00:00,110299.8,110443.4,109573.0,109872.5,669.92192015
2025-08-26 12:00:00,109872.5,110820.3,109393.6,109667.9,1417.63939672
2025-08-26 16:00:00,109668.0,111156.9,109449.9,111116.6,1108.33241825
2025-08-26 20:00:00,111115.9,112376.9,110920.7,111764.6,870.60036867
2025-08-27 00:00:00,111764.6,111824.5,110928.7,111424.3,984.52216122
2025-08-27 04:00:00,111424.3,111735.3,110653.5,110722.5,530.21679814
2025-08-27 08:00:00,110722.5,111373.5,110363.9,111325.4,511.86230757
2025-08-27 12:00:00,111325.4,112618.8,111019.8,112013.5,1187.83292314
2025-08-27 16:00:00,112013.5,112590.2,111546.0,112082.7,888.45541531
2025-08-27 20:00:00,112082.7,112445.2,110937.9,111259.3,1143.45701574
2025-08-28 00:00:00,111259.2,112029.0,110877.9,112001.2,805.16817228
2025-08-28 04:00:00,112001.2,113358.0,111947.0,113133.0,363.26771278
2025-08-28 08:00:00,113126.7,113353.1,112830.7,112903.0,313.92553277
2025-08-28 12:00:00,112903.1,113466.8,112391.7,112623.6,1152.34567917
2025-08-28 16:00:00,112623.7,113162.0,111897.5,111897.6,854.73876172
2025-08-28 20:00:00,111897.6,112578.0,111872.9,112572.6,538.50080734
2025-08-29 00:00:00,112572.7,112635.1,111317.0,111710.2,707.73469235
2025-08-29 04:00:00,111710.3,111844.1,109912.4,110026.0,695.92422042
2025-08-29 08:00:00,110026.0,110268.0,109422.0,110082.8,627.66872523
2025-08-29 12:00:00,110082.9,111511.2,108105.3,108399.3,1344.43197266
2025-08-29 16:00:00,108389.3,108827.7,107937.1,108217.4,560.73016961
2025-08-29 20:00:00,108217.5,108544.8,107465.7,108366.0,439.2597577
2025-08-30 00:00:00,108366.1,108420.4,107342.4,108420.3,411.33851892
2025-08-30 04:00:00,108420.4,108665.8,108119.9,108509.0,257.72112742
2025-08-30 08:00:00,108508.9,108772.5,108406.0,108684.7,141.18350889
2025-08-30 12:00:00,108681.8,108918.8,108211.7,108876.7,249.51617415
2025-08-30 16:00:00,108869.9,108900.0,108627.9,108826.4,136.13689575
2025-08-30 20:00:00,108826.5,108831.9,108476.9,108806.2,116.57828614
2025-08-31 00:00:00,108806.2,109478.8,108805.0,109217.9,262.66210523
2025-08-31 04:00:00,109218.0,109231.5,108527.9,108703.1,146.11428695
2025-08-31 08:00:00,108703.1,109096.7,108314.1,108386.4,233.53997383
2025-08-31 12:00:00,108386.3,108841.3,108189.2,108806.6,370.22331179
2025-08-31 16:00:00,108806.6,109229.5,108552.5,108919.9,269.20965453
2025-08-31 20:00:00,108920.0,109233.4,108073.4,108244.9,313.50624535
2025-09-01 00:00:00,108244.9,108471.0,107393.5,107659.9,650.58874808
2025-09-01 04:00:00,107659.9,109421.6,107260.0,109421.6,535.52428201
2025-09-01 08:00:00,109421.7,109900.0,108186.3,108770.9,428.93237481
2025-09-01 12:00:00,108771.0,109512.8,108575.0,108779.0,454.10654518
2025-09-01 16:00:00,108779.0,109326.3,108402.0,109215.2,346.08247963
2025-09-01 20:00:00,109215.3,109434.9,107442.5,109237.4,540.2277110980419
2025-09-02 00:00:00,109237.4,110607.6,108887.9,110324.0,648.05774603
2025-09-02 04:00:00,110324.0,110606.6,109789.6,110211.0,444.16122068
2025-09-02 08:00:00,110212.0,110683.1,109560.9,109721.1,429.03472222
2025-09-02 12:00:00,109721.1,111766.5,108394.0,110828.9,964.1119659
2025-09-02 16:00:00,110828.9,111118.3,110193.2,110805.6,606.57649559
2025-09-02 20:00:00,110805.6,111528.0,110721.1,111228.1,373.39685818
2025-09-03 00:00:00,111228.1,111760.6,110900.0,111047.4,312.30042935
2025-09-03 04:00:00,111047.3,111141.0,110539.5,111099.7,365.05658643
2025-09-03 08:00:00,111099.7,111709.3,110889.9,111438.2,266.38384522
2025-09-03 12:00:00,111438.3,112526.3,111031.6,112224.2,825.55933099
2025-09-03 16:00:00,112224.1,112575.3,111687.7,112198.3,388.08199
2025-09-03 20:00:00,112197.4,112247.4,111619.2,111700.0,152.56262339
2025-09-04 00:00:00,111700.1,112180.1,111144.1,111144.1,480.98689381
2025-09-04 04:00:00,111145.1,111320.9,110291.8,110468.8,441.17578901
2025-09-04 08:00:00,110468.8,111137.4,110417.1,110806.8,247.15232231
2025-09-04 12:00:00,110806.8,111116.1,109329.8,109512.6,506.89963969
2025-09-04 16:00:00,109512.6,110187.0,109363.9,109794.2,256.01751646
2025-09-04 20:00:00,109794.3,111755.0,109752.0,110723.4,243.47239609
2025-09-05 00:00:00,110725.2,111480.9,110431.4,111308.1,260.76295791
2025-09-05 04:00:00,111308.1,112984.9,111148.9,112954.5,309.24856593
2025-09-05 08:00:00,112954.6,112989.5,112138.7,112352.7,278.39941941
2025-09-05 12:00:00,112352.7,113382.4,110279.0,110713.0,1370.6574516
2025-09-05 16:00:00,110713.0,111610.5,110219.5,111602.5,312.78725165
2025-09-05 20:00:00,111602.5,111693.7,110386.2,110654.1,315.24390156
2025-09-06 00:00:00,110660.1,111302.4,110561.2,111082.3,134.51677094
2025-09-06 04:00:00,111082.2,111082.3,110705.4,110824.3,70.43687077
2025-09-06 08:00:00,110824.3,110961.0,110673.3,110781.2,84.1547829
2025-09-06 12:00:00,110781.3,110996.3,110360.0,110382.7,136.44781848
2025-09-06 16:00:00,110382.7,110396.1,109970.8,110032.2,216.38285246
2025-09-06 20:00:00,110032.2,110271.8,110032.1,110181.2,69.62587443
2025-09-07 00:00:00,110181.2,110733.8,110181.2,110632.6,94.6444951
2025-09-07 04:00:00,110632.6,110910.0,110469.9,110744.9,102.89629719
2025-09-07 08:00:00,110745.0,111360.8,110720.2,111286.8,204.51258372
2025-09-07 12:00:00,111286.9,111412.1,111041.9,111327.8,150.07544995
2025-09-07 16:00:00,111327.8,111365.0,110863.1,111252.9,152.07639533
2025-09-07 20:00:00,111253.0,111591.7,111001.3,111137.9,203.53065025
2025-09-08 00:00:00,111137.7,111364.0,110626.0,111043.4,401.46958615
2025-09-08 04:00:00,111043.5,111603.3,110911.4,111274.8,214.04987041
2025-09-08 08:00:00,111274.8,112186.1,111250.5,112051.1,313.97135152
2025-09-08 12:00:00,112051.1,112909.4,111846.2,112620.0,389.88586577
2025-09-08 16:00:00,112620.1,112667.2,111981.0,112089.0,252.28448188
2025-09-08 20:00:00,112090.0,112500.0,111895.9,112069.4,150.28991481
2025-09-09 00:00:00,112069.4,112098.6,111122.0,111706.9,240.09298537
2025-09-09 04:00:00,111707.0,113274.4,111630.1,112989.9,472.06860528
2025-09-09 08:00:00,112989.9,113162.7,112408.9,112430.0,327.66204689
2025-09-09 12:00:00,112430.4,112939.0,110767.3,110879.6,748.0996269
2025-09-09 16:00:00,110876.6,111382.8,110784.6,111305.0,282.24894073
2025-09-09 20:00:00,111305.0,111726.0,111095.1,111531.4,292.30375394
2025-09-10 00:00:00,111539.0,111567.9,110925.9,111535.4,241.27747981
2025-09-10 04:00:00,111535.4,112590.1,111372.0,112532.5,204.67709289
2025-09-10 08:00:00,112532.6,112834.9,112105.2,112292.0,254.65640347
2025-09-10 12:00:00,112292.1,114274.3,112292.1,113827.3,757.36030993
2025-09-10 16:00:00,113827.2,114072.2,113143.5,113564.2,407.10053657
2025-09-10 20:00:00,113570.8,114030.3,113533.1,113954.9,258.73366678
2025-09-11 00:00:00,113955.0,114420.1,113675.7,114401.9,147.04098454
2025-09-11 04:00:00,114400.1,114456.9,113959.1,114089.5,172.50595381
2025-09-11 08:00:00,114089.6,114196.0,113778.4,113994.4,176.00011465
2025-09-11 12:00:00,113994.4,114702.4,113430.1,114182.1,613.75857323
2025-09-11 16:00:00,114182.0,114599.9,114089.8,114420.0,254.51439479
2025-09-11 20:00:00,114420.0,115469.1,114250.8,115469.0,210.60761997
2025-09-12 00:00:00,115469.0,116311.2,115050.0,115194.0,286.94843763
2025-09-12 04:00:00,115194.0,115646.4,115077.0,115082.0,272.98682291
2025-09-12 08:00:00,115082.1,115257.5,114873.0,114906.2,246.39294339
2025-09-12 12:00:00,114906.3,115486.3,114691.3,115110.0,325.77398473
2025-09-12 16:00:00,115110.0,116659.2,115030.9,116645.1,385.4324431
2025-09-12 20:00:00,116631.9,116632.0,115772.0,116026.0,266.18307911
2025-09-13 00:00:00,116026.0,116288.3,115599.8,115969.9,172.54859145
2025-09-13 04:00:00,115970.0,115970.0,115663.5,115786.0,79.1115286
2025-09-13 08:00:00,115786.0,116165.1,115780.1,115976.5,87.82222879
2025-09-13 12:00:00,115976.5,116047.5,115601.7,115765.9,200.00998569
2025-09-13 16:00:00,115766.0,115808.0,115104.6,115781.7,246.24420777
2025-09-13 20:00:00,115789.9,115983.9,115789.8,115909.9,69.73569965
2025-09-14 00:00:00,115909.9,116100.0,115650.9,115676.7,154.83904006
2025-09-14 04:00:00,115676.7,115936.0,115468.5,115806.7,128.428632
2025-09-14 08:00:00,115806.7,116165.3,115749.1,115791.8,99.90932946
2025-09-14 12:00:00,115791.8,115875.0,115164.5,115225.7,201.06708288
2025-09-14 16:00:00,115224.1,115655.5,115193.8,115620.0,85.91310092
2025-09-14 20:00:00,115630.0,116086.3,115140.6,115279.6,147.1969257
2025-09-15 00:00:00,115279.3,115574.0,114827.4,115447.1,235.33168597
2025-09-15 04:00:00,115447.1,116750.9,115407.1,115803.4,300.55312376
2025-09-15 08:00:00,115803.5,115806.7,114634.9,115066.7,268.38703729
2025-09-15 12:00:00,115063.6,115086.6,114392.0,114868.0,280.21011641
2025-09-15 16:00:00,114845.2,115563.2,114600.7,115295.4,244.22183688
2025-09-15 20:00:00,115303.0,115595.8,115201.8,115356.3,106.61958768
2025-09-16 00:00:00,115356.4,115519.9,114950.5,115307.3,101.0562126
2025-09-16 04:00:00,115307.3,115996.3,114945.1,115827.4,182.36348213
2025-09-16 08:00:00,115829.0,115979.9,115207.0,115288.0,156.46937255
2025-09-16 12:00:00,115288.0,115899.6,114717.5,115899.6,246.88860312
2025-09-16 16:00:00,115899.7,116857.1,115608.2,116794.5,310.78360615
2025-09-16 20:00:00,116796.8,116943.0,116590.0,116789.0,147.58766249
2025-09-17 00:00:00,116789.1,117069.8,116374.4,116374.4,154.05295536
2025-09-17 04:00:00,116374.5,117279.1,116166.3,117161.7,242.77514965
2025-09-17 08:00:00,117161.7,117185.7,116259.1,116261.2,188.30006742
2025-09-17 12:00:00,116261.2,116519.0,115449.5,115878.6,256.87595639
2025-09-17 16:00:00,115878.6,116315.3,114735.0,115644.9,663.33749881
2025-09-17 20:00:00,115645.0,116978.2,115317.9,116444.3,246.12707311
2025-09-18 00:00:00,116444.3,117886.1,116092.9,117572.5,280.33855999
2025-09-18 04:00:00,117581.7,117749.1,116896.0,117087.9,206.32755731
2025-09-18 08:00:00,117088.0,117400.0,117012.5,117053.1,166.59230614
2025-09-18 12:00:00,117053.2,117837.1,116977.4,117587.0,326.13207573
2025-09-18 16:00:00,117587.1,117900.8,117198.0,117464.5,208.10184433
2025-09-18 20:00:00,117464.5,117652.1,116635.3,117075.1,154.03946172
2025-09-19 00:00:00,117075.1,117458.6,116877.4,116978.4,157.10960723
2025-09-19 04:00:00,116978.5,117090.0,116635.3,116914.1,163.04157469
2025-09-19 08:00:00,116914.1,117089.6,116306.4,116390.6,149.42652426
2025-09-19 12:00:00,116390.6,116523.8,115467.7,115886.4,282.82670878
2025-09-19 16:00:00,115886.5,116137.4,115112.9,115121.6,157.50775221
2025-09-19 20:00:00,115121.6,115648.0,115100.0,115632.3,80.133075
2025-09-20 00:00:00,115632.3,115722.9,115411.3,115439.3,53.82445436
2025-09-20 04:00:00,115439.3,115980.9,115411.0,115973.9,53.27519882
2025-09-20 08:00:00,115974.0,115974.0,115676.0,115899.7,71.87470631
2025-09-20 12:00:00,115899.7,116118.4,115806.2,115984.3,74.92944076
2025-09-20 16:00:00,115984.3,116078.0,115703.0,115703.1,71.7943135
2025-09-20 20:00:00,115703.1,115940.0,115624.0,115678.2,51.47718516
2025-09-21 00:00:00,115678.3,115731.8,115453.0,115666.7,61.582759393713296
2025-09-21 04:00:00,115666.8,115820.5,115491.7,115820.5,55.11485918
2025-09-21 08:00:00,115820.5,115820.6,115338.0,115607.1,78.21316516
2025-09-21 12:00:00,115607.2,115747.2,115475.8,115536.3,67.11863414
2025-09-21 16:00:00,115536.4,115667.6,115212.4,115489.6,87.79583706
2025-09-21 20:00:00,115489.7,115545.5,115200.0,115235.0,97.0111436
2025-09-22 00:00:00,115245.3,115379.3,114148.9,114650.2,369.84457382
2025-09-22 04:00:00,114650.3,114650.3,111655.9,112519.9,827.29043653
2025-09-22 08:00:00,112519.9,112975.7,112180.0,112878.1,502.94722079
2025-09-22 12:00:00,112878.1,113421.1,112390.1,112824.6,511.87780706
2025-09-22 16:00:00,112824.7,112887.7,111947.0,112120.0,421.61973002
2025-09-22 20:00:00,112119.9,112976.9,111976.9,112659.0,302.34544866
2025-09-23 00:00:00,112659.1,112833.0,111479.8,112331.0,534.52727153
2025-09-23 04:00:00,112331.0,113112.0,111876.2,113095.3,742.98790559
2025-09-23 08:00:00,113095.2,113284.3,112690.1,112971.5,418.21238862
2025-09-23 12:00:00,112971.4,113290.3,112494.0,112878.5,663.39017012
2025-09-23 16:00:00,112878.5,112957.9,111540.7,111640.6,726.04312763
2025-09-23 20:00:00,111640.6,112221.9,111463.5,111998.8,362.74699052
2025-09-24 00:00:00,111998.9,112498.5,111688.0,111688.0,415.49949909
2025-09-24 04:00:00,111688.1,112772.4,111034.6,112582.9,626.97655994
2025-09-24 08:00:00,112583.0,113141.9,112411.7,113024.1,309.76209891
2025-09-24 12:00:00,113024.2,113888.1,112799.7,113341.0,481.39982897
2025-09-24 16:00:00,113341.0,113939.5,113164.0,113418.9,387.49739897
2025-09-24 20:00:00,113418.9,113638.5,113210.9,113302.7,265.04574195
2025-09-25 00:00:00,113304.0,113509.4,112234.0,112558.0,854.02887194
2025-09-25 04:00:00,112557.0,112612.4,111455.8,111763.1,740.68134859
2025-09-25 08:00:00,111763.0,112239.9,111283.2,111339.9,417.3774435
2025-09-25 12:00:00,111339.9,111723.9,110619.2,111580.0,937.8305429
2025-09-25 16:00:00,111580.0,111671.7,108621.9,109351.3,815.4356757738312
2025-09-25 20:00:00,109359.2,109685.0,108765.8,109006.8,458.94880296
2025-09-26 00:00:00,108994.4,109792.1,108811.8,109576.0,831.26429949
2025-09-26 04:00:00,109576.0,109622.5,108913.7,109316.1,560.95382264
2025-09-26 08:00:00,109319.2,109687.2,108626.4,109129.4,616.53325525
2025-09-26 12:00:00,109129.4,109773.3,108777.1,109022.4,1402.5483058
2025-09-26 16:00:00,109022.4,110294.9,109022.3,109177.8,658.78305799
2025-09-26 20:00:00,109177.9,109680.1,109094.1,109649.5,247.61078861
2025-09-27 00:00:00,109649.6,109718.1,109327.9,109566.1,206.40012783
2025-09-27 04:00:00,109566.2,109734.3,109336.8,109406.8,115.86048425
2025-09-27 08:00:00,109406.9,109482.8,109072.1,109307.5,126.55970046
2025-09-27 12:00:00,109307.6,109477.0,109194.9,109393.2,154.02333422
2025-09-27 16:00:00,109393.3,109439.0,109244.9,109415.1,147.58185661
2025-09-27 20:00:00,109415.1,109699.5,109365.0,109632.0,100.02866296
2025-09-28 00:00:00,109632.1,109784.7,109339.0,109438.7,191.22418084
2025-09-28 04:00:00,109438.7,109533.9,109266.1,109513.3,64.48420922
2025-09-28 08:00:00,109513.4,109579.5,109250.7,109386.0,171.43626178
2025-09-28 12:00:00,109386.1,110024.4,109201.0,110019.3,317.18043745
2025-09-28 16:00:00,110019.3,110387.5,110008.4,110331.2,267.81958419
2025-09-28 20:00:00,110331.2,112363.4,110295.5,112164.7,555.596793
2025-09-29 00:00:00,112164.7,112308.7,111588.1,111855.4,771.94854735
2025-09-29 04:00:00,111855.9,111893.0,111567.9,111862.6,542.94544658
2025-09-29 08:00:00,111862.5,112421.2,111862.5,112099.2,446.81968987
2025-09-29 12:00:00,112099.3,114220.5,111913.1,113806.9,752.21456953
2025-09-29 16:00:00,113807.0,114379.5,113448.0,114265.0,590.43488503
2025-09-29 20:00:00,114264.5,114400.0,114020.7,114312.8,284.40050653
2025-09-30 00:00:00,114312.8,114781.5,114041.0,114369.6,560.40590009
2025-09-30 04:00:00,114369.6,114369.6,113586.3,113701.0,402.02595393
2025-09-30 08:00:00,113701.0,113736.0,112668.8,113055.7,601.74317248
2025-09-30 12:00:00,113055.7,113663.2,112855.8,113097.9,830.08487848
2025-09-30 16:00:00,113098.0,114569.5,112800.3,114348.0,610.75880586
2025-09-30 20:00:00,114354.8,114752.2,113766.3,114052.4,569.23301105
2025-10-01 00:00:00,114052.4,114543.5,113967.0,114179.6,617.68604586
2025-10-01 04:00:00,114179.7,114734.0,114151.1,114550.3,677.55662691
2025-10-01 08:00:00,114550.3,116775.7,114490.6,116775.7,780.70358624
2025-10-01 12:00:00,116775.7,117648.2,116358.2,117413.2,835.64891087
2025-10-01 16:00:00,117413.2,118186.0,116726.3,117422.9,809.75065792
2025-10-01 20:00:00,117423.0,118628.2,117163.1,118579.9,514.93738761
2025-10-02 00:00:00,118579.9,119426.3,118380.9,118728.5,925.56331769
2025-10-02 04:00:00,118728.6,118915.0,118274.0,118492.2,554.20077877
2025-10-02 08:00:00,118492.2,118909.0,118352.1,118753.8,405.84188611
2025-10-02 12:00:00,118753.8,119900.0,118520.8,119899.9,844.87213314
2025-10-02 16:00:00,119900.0,121004.7,119363.0,120835.3,1156.6328348
2025-10-02 20:00:00,120835.2,120901.8,120073.8,120528.6,682.53908777
2025-10-03 00:00:00,120528.6,120550.1,119827.1,120234.0,817.75033688
2025-10-03 04:00:00,120234.0,120312.0,119607.7,119647.7,505.52923534
2025-10-03 08:00:00,119647.8,120499.2,119244.5,120330.0,608.86364888
2025-10-03 12:00:00,120330.0,122355.6,119888.4,122257.9,1189.35512559
2025-10-03 16:00:00,122258.0,123870.3,121485.1,122658.0,1864.70014067
2025-10-03 20:00:00,122658.1,122719.1,122012.5,122222.1,730.69992893
2025-10-04 00:00:00,122236.3,122309.0,121686.4,122227.8,559.80849321
2025-10-04 04:00:00,122227.8,122793.2,122218.0,122325.4,555.23292631
2025-10-04 08:00:00,122325.5,122529.5,121958.4,121981.4,503.88943699
2025-10-04 12:00:00,121981.5,122501.9,121717.8,121791.5,403.46887189
2025-10-04 16:00:00,121791.5,121966.5,121515.4,121943.0,222.41840707
2025-10-04 20:00:00,121944.0,122405.9,121871.4,122381.3,455.73040695
2025-10-05 00:00:00,122381.3,124348.9,122150.4,123769.9,707.26637446
2025-10-05 04:00:00,123769.6,125734.0,123730.6,124701.4,1491.68528705
2025-10-05 08:00:00,124701.5,124822.0,122523.5,123477.4,1227.88251075
2025-10-05 12:00:00,123477.4,123477.4,122690.4,122816.9,880.37170692
2025-10-05 16:00:00,122817.0,123455.5,122314.4,122593.5,558.7351479121659
2025-10-05 20:00:00,122593.5,123542.0,122479.6,123482.4,394.89024603
2025-10-06 00:00:00,123484.5,124359.7,123103.0,123843.3,1385.57609909
2025-10-06 04:00:00,123843.3,124162.2,123289.5,123396.5,837.68207357
2025-10-06 08:00:00,123396.6,124566.9,123396.5,124224.6,639.81730142
2025-10-06 12:00:00,124224.7,125410.5,124184.3,124910.0,1434.08657205
2025-10-06 16:00:00,124910.0,126185.4,124769.5,125410.8,768.39513264
2025-10-06 20:00:00,125410.7,125531.8,124514.7,124649.8,473.44827992
2025-10-07 00:00:00,124658.7,125081.0,124112.0,124318.8,614.64527922
2025-10-07 04:00:00,124318.8,124644.6,123562.6,123669.3,694.0114299
2025-10-07 08:00:00,123669.3,124505.1,123318.4,124443.0,755.30779586
2025-10-07 12:00:00,124443.0,125125.0,121181.2,121857.8,1797.6496198
2025-10-07 16:00:00,121850.0,122077.9,120591.8,121630.0,987.62351591
2025-10-07 20:00:00,121635.3,122292.7,121270.1,121343.4,489.78501976
2025-10-08 00:00:00,121343.4,122228.7,121225.8,121370.9,1502.66898236
2025-10-08 04:00:00,121371.0,121903.0,121072.3,121583.5,1158.48907251
2025-10-08 08:00:00,121583.9,123190.7,121525.2,122884.3,1005.33102664
2025-10-08 12:00:00,122884.3,123338.2,121665.6,122185.3,1670.36243798
2025-10-08 16:00:00,122185.3,124206.2,122126.8,123452.8,1153.98879044
2025-10-08 20:00:00,123450.0,123716.8,122800.1,123304.8,315.16009665
2025-10-09 00:00:00,123304.8,123339.6,121476.7,122037.9,904.22179274
2025-10-09 04:00:00,122038.0,122260.4,121721.9,121896.3,813.02383645
2025-10-09 08:00:00,121896.4,122817.9,121147.6,122748.4,1054.50288214
2025-10-09 12:00:00,122748.3,123749.9,120691.8,121158.4,2042.62250618
2025-10-09 16:00:00,121158.4,121478.0,119661.4,120951.9,837.03993032
2025-10-09 20:00:00,120952.2,121758.7,120849.1,121651.2,320.80333976
2025-10-10 00:00:00,121651.2,121873.6,120911.4,121042.1,919.11368335
2025-10-10 04:00:00,121042.1,121762.2,120883.0,120928.3,1041.30444995
2025-10-10 08:00:00,120928.8,121777.2,120928.7,121558.0,716.17713241
2025-10-10 12:00:00,121558.0,122515.7,118501.0,119019.9,2160.3466872
2025-10-10 16:00:00,119020.8,119471.0,115947.5,116667.7,2423.47057924
2025-10-10 20:00:00,116667.8,117195.7,102500.0,112778.9,5518.63677834
2025-10-11 00:00:00,112759.4,113315.7,111033.2,112301.6,2100.37405284
2025-10-11 04:00:00,112300.1,112950.0,110055.0,110393.9,1693.01847382
2025-10-11 08:00:00,110394.0,112369.6,110166.0,112299.9,1782.13897522
2025-10-11 12:00:00,112299.8,112520.1,111808.0,111812.5,942.10954847
2025-10-11 16:00:00,111809.2,112194.2,110874.1,111182.0,785.58217187
2025-10-11 20:00:00,111182.0,111369.9,109569.3,110649.7,1485.84840747
2025-10-12 00:00:00,110649.7,111359.3,109578.3,110677.9,1897.57648872
2025-10-12 04:00:00,110678.0,112123.8,110620.0,111520.0,874.98717489
2025-10-12 08:00:00,111520.0,112125.9,111145.4,111847.7,744.17445122
2025-10-12 12:00:00,111847.7,113754.8,111183.0,113214.4,1614.88958802
2025-10-12 16:00:00,113204.8,114702.5,113204.7,114345.6,1399.79719996
2025-10-12 20:00:00,114345.7,115751.6,114261.3,114956.2,1332.761375
2025-10-13 00:00:00,114956.3,115968.8,114630.1,114829.1,1614.09599683
2025-10-13 04:00:00,114829.2,115553.7,114420.0,115399.8,776.44299935
2025-10-13 08:00:00,115399.8,115434.1,113616.8,114184.1,684.23229891
2025-10-13 12:00:00,114184.1,115533.1,113808.3,114317.0,2032.82931946
2025-10-13 16:00:00,114317.0,115878.1,114217.8,115800.0,1352.77169729
2025-10-13 20:00:00,115795.5,115867.5,115011.5,115166.4,428.8028261
2025-10-14 00:00:00,115166.4,115409.9,113272.3,113484.9,796.30636983
2025-10-14 04:00:00,113487.4,113681.7,111371.7,111737.8,1891.0879576
2025-10-14 08:00:00,111737.7,112136.6,110024.1,111321.4,1406.11727285
2025-10-14 12:00:00,111320.7,112900.1,109868.0,112898.4,2408.83274883
2025-10-14 16:00:00,112900.0,113528.2,111705.7,112608.5,2149.32967237
2025-10-14 20:00:00,112609.8,113560.1,112231.9,113030.0,573.43475411
2025-10-15 00:00:00,113033.3,113601.2,111825.9,112016.2,1329.5412946
2025-10-15 04:00:00,112016.3,112679.4,111753.2,112579.9,765.328695
2025-10-15 08:00:00,112579.9,113519.0,111694.0,111901.8,869.53355242
2025-10-15 12:00:00,111901.8,112231.8,110387.8,110798.1,1960.05503723
2025-10-15 16:00:00,110798.1,111557.0,110170.9,111270.0,1058.08151526
2025-10-15 20:00:00,111270.0,111556.3,110501.8,110750.1,1099.65471369
2025-10-16 00:00:00,110754.7,111843.9,110362.4,111320.6,1264.63922315
2025-10-16 04:00:00,111325.8,111758.2,110564.4,110589.6,961.12331178
2025-10-16 08:00:00,110587.0,111710.9,109638.4,111404.6,1189.72295678
2025-10-16 12:00:00,111404.7,111993.2,108356.3,108555.2,2292.90895892
2025-10-16 16:00:00,108555.1,109265.9,107580.5,108190.0,2249.8825425659866
2025-10-16 20:00:00,108190.0,108500.0,107430.7,108200.9,874.90852327
2025-10-17 00:00:00,108196.3,109223.3,107934.8,109164.2,809.2929164
2025-10-17 04:00:00,109170.0,109233.0,105532.8,105618.8,1216.94710924
2025-10-17 08:00:00,105618.8,106597.5,103500.0,105696.7,2278.77690353
2025-10-17 12:00:00,105694.8,106839.5,104540.1,106803.4,2377.77537072
2025-10-17 16:00:00,106800.1,107551.8,106049.2,106450.9,1582.04158698
2025-10-17 20:00:00,106455.6,107440.1,106333.7,106445.1,528.51096055
2025-10-18 00:00:00,106445.2,107293.7,106326.1,107075.4,730.59494917
2025-10-18 04:00:00,107075.4,107491.4,106454.0,106700.0,664.48783537
2025-10-18 08:00:00,106693.4,107220.0,106630.0,107210.1,480.23721219
2025-10-18 12:00:00,107210.2,107297.7,106734.8,106939.2,372.12391833
2025-10-18 16:00:00,106939.2,107087.7,106476.5,107076.1,334.57394981
2025-10-18 20:00:00,107076.1,107334.6,106848.1,107185.7,259.82355087
2025-10-19 00:00:00,107185.6,107359.1,106750.1,107267.9,394.60046158
2025-10-19 04:00:00,107267.9,107286.6,106563.3,106777.6,256.7149919
2025-10-19 08:00:00,106777.7,108245.5,106119.5,107781.4,1416.2433488
2025-10-19 12:00:00,107790.9,108611.9,107369.4,108486.8,713.47587632
2025-10-19 16:00:00,108486.8,109445.9,108244.0,108911.8,496.79400732
2025-10-19 20:00:00,108911.8,109366.7,108475.1,108648.0,323.69073246824564
2025-10-20 00:00:00,108648.0,110420.0,107432.0,110153.8,1297.35526234
2025-10-20 04:00:00,110144.1,111400.0,109951.9,111186.4,856.02509773
2025-10-20 08:00:00,111172.1,111641.2,110618.5,111009.8,648.23147409
2025-10-20 12:00:00,111009.9,111695.3,110600.0,111133.2,719.33796163
2025-10-20 16:00:00,111137.7,111306.2,109867.1,110821.7,952.41859872
2025-10-20 20:00:00,110808.6,111259.0,110418.1,110535.9,326.95971348
2025-10-21 00:00:00,110535.9,110535.9,109078.9,109078.9,528.1733065
2025-10-21 04:00:00,109078.2,109078.2,107465.9,108086.4,934.33319751
2025-10-21 08:00:00,108086.4,108831.4,107500.0,108578.9,512.55263614
2025-10-21 12:00:00,108579.0,113552.9,107920.7,113427.6,1633.817864
2025-10-21 16:00:00,113423.2,113975.0,111345.0,111770.4,1258.21288881
2025-10-21 20:00:00,111781.7,111804.0,108071.8,108323.6,1176.71444774
2025-10-22 00:00:00,108312.5,108673.5,107856.7,108209.5,688.96553832
2025-10-22 04:00:00,108215.8,108642.5,107619.3,108319.5,468.88837631
2025-10-22 08:00:00,108319.6,108348.0,106709.8,107556.2,781.6091062
2025-10-22 12:00:00,107556.2,109158.5,107449.7,108411.8,1705.47431395
2025-10-22 16:00:00,108411.8,108800.0,107467.3,107884.6,1277.4796221
2025-10-22 20:00:00,107868.4,108061.1,106667.3,107586.5,964.25649523
2025-10-23 00:00:00,107579.2,108723.1,107503.6,108374.5,509.42731725
2025-10-23 04:00:00,108380.5,110310.6,108361.4,109264.3,492.3925667
2025-10-23 08:00:00,109264.2,109899.9,109116.0,109254.1,450.2323971
2025-10-23 12:00:00,109254.0,110121.7,108696.6,109909.1,1032.7734068
2025-10-23 16:00:00,109913.8,111304.0,109635.4,110202.8,693.07225416
2025-10-23 20:00:00,110202.8,110202.8,109349.9,110068.6,328.18437945
2025-10-24 00:00:00,110068.7,110826.2,109998.3,110456.4,371.21757185
2025-10-24 04:00:00,110456.4,111529.7,110351.8,111061.0,508.1684923
2025-10-24 08:00:00,111061.0,111477.1,110606.0,111066.3,461.71327549
2025-10-24 12:00:00,111068.9,112132.3,109703.5,110046.9,1233.1458177800469
2025-10-24 16:00:00,110047.0,110941.8,109802.2,110617.1,399.4602384
2025-10-24 20:00:00,110617.2,111137.9,110472.5,111000.4,228.41794123
2025-10-25 00:00:00,111000.4,111223.0,110673.5,111028.8,143.28800708
2025-10-25 04:00:00,111028.9,111810.0,111024.9,111494.8,211.85635921
2025-10-25 08:00:00,111494.8,111844.2,111384.5,111563.1,246.05388161
2025-10-25 12:00:00,111563.1,111929.7,111324.7,111387.0,224.41854597
2025-10-25 16:00:00,111387.0,111731.1,111165.1,111628.7,168.15204002
2025-10-25 20:00:00,111628.8,111683.0,111338.3,111652.7,154.05663313022814
2025-10-26 00:00:00,111652.8,111899.2,111269.2,111269.2,178.62592148
2025-10-26 04:00:00,111269.3,111725.9,111269.1,111725.8,115.06379711
2025-10-26 08:00:00,111725.8,113463.4,111717.0,113275.3,439.65671764
2025-10-26 12:00:00,113279.5,114028.2,113279.4,113692.2,488.32846456
2025-10-26 16:00:00,113692.2,113783.2,113286.1,113587.9,207.09794914
2025-10-26 20:00:00,113587.9,115523.3,112900.8,114551.4,529.2951138
2025-10-27 00:00:00,114551.5,115442.1,114363.1,114963.9,366.47123298
2025-10-27 04:00:00,114963.9,116395.7,114945.8,115551.0,425.5658854
2025-10-27 08:00:00,115551.0,115600.0,114815.5,115362.2,386.39929434
2025-10-27 12:00:00,115362.2,115436.9,114503.9,114960.4,504.16812701
2025-10-27 16:00:00,114962.2,115789.0,114797.6,114943.9,391.6518452
2025-10-27 20:00:00,114943.9,114943.9,113850.9,114107.7,317.63654366
2025-10-28 00:00:00,114107.7,114523.5,113590.3,113911.6,366.21702734
2025-10-28 04:00:00,113911.6,114360.1,113492.0,114193.3,340.97825211
2025-10-28 08:00:00,114193.4,114663.6,114116.7,114358.8,218.55696724
2025-10-28 12:00:00,114358.8,116104.5,114150.9,114642.4,810.28050766
2025-10-28 16:00:00,114642.4,115589.7,113524.1,113691.8,654.26807013
2025-10-28 20:00:00,113688.8,113699.9,112209.8,112900.6,754.25556137
2025-10-29 00:00:00,112900.6,112965.7,112111.0,112534.8,407.73405458
2025-10-29 04:00:00,112529.4,113571.2,112507.9,113567.5,371.64244665
2025-10-29 08:00:00,113567.9,113622.4,112736.4,113129.3,315.6108981844224
2025-10-29 12:00:00,113129.3,113625.5,111407.2,111511.5,570.06110699
2025-10-29 16:00:00,111511.5,112007.4,109228.4,110640.1,1560.94617794
2025-10-29 20:00:00,110640.1,111800.1,109738.7,110031.0,522.1100151
2025-10-30 00:00:00,110031.1,111004.9,109738.5,110765.4,511.56531405
2025-10-30 04:00:00,110762.9,111613.2,107889.8,111369.7,1103.701061
2025-10-30 08:00:00,111369.7,111439.7,109700.1,109721.0,435.30393001
2025-10-30 12:00:00,109720.5,109778.0,107333.3,107704.9,1141.86610386
2025-10-30 16:00:00,107705.0,108215.0,106314.3,106549.9,965.74894769
2025-10-30 20:00:00,106546.9,108337.5,106326.8,108314.4,514.95352261
2025-10-31 00:00:00,108314.5,110027.8,108284.0,109227.9,707.10756739
2025-10-31 04:00:00,109227.9,110200.0,109114.9,109439.4,495.56187082
2025-10-31 08:00:00,109439.4,110524.6,109213.0,110424.2,416.9571063
2025-10-31 12:00:00,110424.1,111159.1,109376.6,110213.0,1019.66451327
2025-10-31 16:00:00,110204.4,110299.9,108631.0,109811.1,923.95282267
2025-10-31 20:00:00,109819.0,109829.5,109307.4,109599.9,237.84455984
2025-11-01 00:00:00,109599.9,110312.1,109386.6,110219.5,210.8427312
2025-11-01 04:00:00,110227.0,110558.8,109944.2,110067.1,162.98313504
2025-11-01 08:00:00,110067.1,110267.4,109851.5,110126.0,171.92674951
2025-11-01 12:00:00,110126.0,110350.0,109705.5,110315.8,173.24725225
2025-11-01 16:00:00,110315.8,110517.9,110178.5,110303.3,142.92830487
2025-11-01 20:00:00,110303.4,110516.8,109862.2,110096.9,125.11713433
2025-11-02 00:00:00,110097.0,110264.4,109889.2,110052.2,130.10401983
2025-11-02 04:00:00,110052.2,111022.0,110029.5,110885.0,254.47357209967043
2025-11-02 08:00:00,110885.0,111221.1,110357.7,111187.6,270.9863102
2025-11-02 12:00:00,111187.7,111235.0,110098.3,110119.0,407.641221
2025-11-02 16:00:00,110119.0,110331.1,109727.5,110169.2,278.87905373
2025-11-02 20:00:00,110169.3,110743.6,109484.0,110548.2,284.93828967
2025-11-03 00:00:00,110548.2,110749.1,107896.7,107927.2,918.61237119
2025-11-03 04:00:00,107927.2,108058.4,107012.2,107469.7,737.61552905
2025-11-03 08:00:00,107469.8,107920.5,106738.5,107780.9,591.24567027
2025-11-03 12:00:00,107781.0,108383.6,105500.0,105745.5,1227.94147506
2025-11-03 16:00:00,105745.5,107919.7,105306.1,107086.7,1214.56597702
2025-11-03 20:00:00,107090.7,107168.5,105823.8,106580.8,882.75847668
2025-11-04 00:00:00,106580.8,107285.5,105852.9,107154.5,887.81783241
2025-11-04 04:00:00,107154.6,107288.5,104200.7,104499.5,1365.50782083
2025-11-04 08:00:00,104497.0,104693.7,103604.9,104588.8,981.3601577
2025-11-04 12:00:00,104588.9,104838.5,102934.4,103197.0,1377.61682822
2025-11-04 16:00:00,103197.0,103500.7,100001.6,100542.7,2478.6370405
2025-11-04 20:00:00,100542.7,101890.2,98935.0,101488.5,2482.40260373
2025-11-05 00:00:00,101493.7,102272.2,98965.5,102149.0,2061.9915688
2025-11-05 04:00:00,102149.0,102358.3,101500.1,101995.0,812.38391041
2025-11-05 08:00:00,101995.1,102199.0,101180.3,102075.8,995.38323609
2025-11-05 12:00:00,102066.8,103800.0,101919.6,103724.4,1515.80435727
2025-11-05 16:00:00,103729.3,104523.2,103057.7,104005.4,880.42143241
2025-11-05 20:00:00,104005.4,104557.0,103303.2,103895.8,589.69662304
2025-11-06 00:00:00,103889.7,103933.9,102730.7,103638.7,743.37663834
2025-11-06 04:00:00,103638.7,104203.0,102915.8,103189.1,799.46283121
2025-11-06 08:00:00,103187.8,103438.3,102654.3,103221.9,644.36810108
2025-11-06 12:00:00,103222.0,103624.7,101633.0,102015.5,1628.21605261
2025-11-06 16:00:00,102015.6,102386.3,100300.0,101389.8,1723.84544169
2025-11-06 20:00:00,101389.8,101646.4,100545.3,101348.6,903.14539942
2025-11-07 00:00:00,101348.6,102402.3,100750.1,101900.5,1380.79164503
2025-11-07 04:00:00,101901.0,102520.6,101590.5,102014.9,614.33608351
2025-11-07 08:00:00,102015.0,102050.0,99807.5,100410.4,886.10791356
2025-11-07 12:00:00,100410.4,101248.3,99264.6,100797.2,1974.02305765
2025-11-07 16:00:00,100797.3,103395.4,100518.4,103395.4,1339.902400266316
2025-11-07 20:00:00,103396.3,104082.1,102956.4,103342.3,588.33367174
2025-11-08 00:00:00,103342.3,103412.1,102484.1,102586.7,691.31146151
2025-11-08 04:00:00,102588.4,102836.2,101912.2,102357.4,502.04822433
2025-11-08 08:00:00,102357.5,102688.8,101703.9,101864.7,364.0105738
2025-11-08 12:00:00,101851.6,102202.2,101464.8,101719.2,406.74780943
2025-11-08 16:00:00,101719.3,102221.0,101512.1,101989.7,437.94032184
2025-11-08 20:00:00,101989.8,102496.6,101959.6,102319.5,209.88004442
2025-11-09 00:00:00,102319.4,102345.2,101400.0,101670.3,307.22809769
2025-11-09 04:00:00,101670.3,102131.7,101650.1,101943.6,192.96519707
2025-11-09 08:00:00,101943.6,102311.6,101506.1,102239.0,268.80240696
2025-11-09 12:00:00,102239.0,104198.4,102051.3,103763.2,548.67239899
2025-11-09 16:00:00,103763.3,104802.3,103327.1,104801.6,392.66725718
2025-11-09 20:00:00,104801.6,105487.1,104095.0,104730.7,400.7536602
2025-11-10 00:00:00,104719.0,106665.5,104264.9,106027.0,565.51644104
2025-11-10 04:00:00,106027.1,106537.1,105853.8,106462.3,410.27863502
2025-11-10 08:00:00,106462.3,106592.9,105838.0,106190.5,1034.84392342
2025-11-10 12:00:00,106190.5,106585.7,104678.9,105069.5,2335.09265404
2025-11-10 16:00:00,105072.5,106097.2,104783.0,105818.2,553.37324504
2025-11-10 20:00:00,105819.1,106296.5,105280.3,106004.5,291.06028087
2025-11-11 00:00:00,106004.5,107499.5,105511.9,106473.8,1552.2011328
2025-11-11 04:00:00,106473.9,106554.7,104758.3,104785.1,2810.87726648
2025-11-11 08:00:00,104785.1,105496.4,104772.6,105306.0,1478.51198689
2025-11-11 12:00:00,105306.0,105497.5,103193.3,103459.6,2782.53169653
2025-11-11 16:00:00,103459.7,103738.8,102800.0,103133.8,2761.97717026
2025-11-11 20:00:00,103133.7,103237.4,102483.2,103068.9,844.72578682
2025-11-12 00:00:00,103058.8,103443.5,102697.8,103315.2,2102.91330214
2025-11-12 04:00:00,103315.2,103648.9,103020.0,103124.1,1663.67459895
2025-11-12 08:00:00,103124.1,105204.4,103124.1,105029.6,2794.60290366
2025-11-12 12:00:00,105029.7,105325.9,101970.5,102179.4,3423.08150373
2025-11-12 16:00:00,102174.4,102288.5,100811.1,101296.3,1864.89869279
2025-11-12 20:00:00,101296.2,102000.2,101143.6,101651.0,483.80412207
2025-11-13 00:00:00,101659.7,102618.1,100933.8,102129.2,2816.22145043
2025-11-13 04:00:00,102129.2,104054.3,101661.0,103475.1,1881.02012434
2025-11-13 08:00:00,103475.1,103791.0,102553.9,102944.7,1828.95965203
2025-11-13 12:00:00,102944.7,103463.0,101197.9,101389.6,3952.75831939
2025-11-13 16:00:00,101389.6,101532.9,98143.1,98683.8,3433.51570533
2025-11-13 20:00:00,98670.7,100500.0,98000.9,99696.1,1196.03783695
2025-11-14 00:00:00,99696.2,99869.6,98718.8,99139.4,2153.60578792
2025-11-14 04:00:00,99139.4,99179.3,95939.4,97152.5,2044.27651286
2025-11-14 08:00:00,97152.5,97534.6,95700.2,96172.9,1475.18703155
2025-11-14 12:00:00,96169.2,97312.9,94500.0,96795.5,3163.32675947
2025-11-14 16:00:00,96795.5,97405.0,94805.2,95777.1,1767.15358334
2025-11-14 20:00:00,95777.8,95931.4,94018.6,94594.6,1746.60553022
2025-11-15 00:00:00,94594.6,96812.0,94581.5,96409.7,1968.73538099
2025-11-15 04:00:00,96409.7,96572.1,95917.1,96326.3,1337.15706008
2025-11-15 08:00:00,96326.4,96339.3,95635.7,95688.6,1581.07191332
2025-11-15 12:00:00,95692.2,96477.0,95578.0,96262.4,947.14431558
2025-11-15 16:00:00,96262.5,96383.4,95724.7,96008.7,742.14143506
2025-11-15 20:00:00,96008.7,96019.3,95126.6,95593.2,853.57105146
2025-11-16 00:00:00,95593.2,95967.3,94854.8,95823.9,1074.57382295
2025-11-16 04:00:00,95823.8,96178.9,95656.5,96089.5,608.17687345
2025-11-16 08:00:00,96089.6,96627.8,95512.8,95633.5,852.43611095
2025-11-16 12:00:00,95633.5,95901.0,94300.0,94572.8,1090.23576725
2025-11-16 16:00:00,94572.9,95572.8,93750.0,94020.9,2226.44606327
2025-11-16 20:00:00,94022.9,94736.2,92971.6,94256.6,1361.2633162
2025-11-17 00:00:00,94256.6,95544.0,93773.6,95494.0,1538.35121134
2025-11-17 04:00:00,95496.8,95875.0,94889.8,95648.6,1282.97690588
2025-11-17 08:00:00,95648.7,96019.6,95318.7,95568.9,1016.25284498
2025-11-17 12:00:00,95568.9,96033.1,93569.8,93962.6,2312.74363861
2025-11-17 16:00:00,93962.7,94410.6,91592.5,91678.9,2192.13827239
2025-11-17 20:00:00,91678.9,92390.4,91277.4,92207.6,1264.35184141
2025-11-18 00:00:00,92220.0,92352.1,89709.9,90850.2,2060.45895239
2025-11-18 04:00:00,90847.4,90860.0,89290.7,90509.6,1750.10766378
2025-11-18 08:00:00,90509.7,91601.9,90509.5,91523.5,1390.14840528
2025-11-18 12:00:00,91523.5,93034.1,90930.1,92911.4,2634.20359254
2025-11-18 16:00:00,92911.5,93846.2,92590.9,93187.0,1420.2177069
2025-11-18 20:00:00,93187.2,93417.4,92459.7,92962.9,817.96040799
2025-11-19 00:00:00,92962.9,92995.6,91672.5,91889.9,1377.20540651
2025-11-19 04:00:00,91889.9,92040.0,90037.2,91866.7,1476.57222371
2025-11-19 08:00:00,91866.7,91944.9,91084.1,91408.5,1184.08009799
2025-11-19 12:00:00,91408.6,92381.6,89887.3,89945.5,2143.77422066
2025-11-19 16:00:00,89951.1,90230.2,88630.7,88879.4,2046.91754107
2025-11-19 20:00:00,88879.5,91589.0,88611.4,91557.3,1590.05767742
2025-11-20 00:00:00,91557.4,92794.1,91199.9,92447.4,1320.96436138
2025-11-20 04:00:00,92447.0,93147.4,91697.6,92316.4,1458.72291678
2025-11-20 08:00:00,92316.4,92397.0,91443.7,91945.6,1005.19288325
2025-11-20 12:00:00,91945.6,92541.1,89839.2,89872.2,2219.67502195
2025-11-20 16:00:00,89870.4,89911.6,86106.2,86921.5,3215.35713608
2025-11-20 20:00:00,86921.4,88250.6,86335.8,86634.0,1314.49789428
2025-11-21 00:00:00,86629.0,87492.8,85353.7,85834.4,2321.27935606
2025-11-21 04:00:00,85834.3,86341.5,81500.0,84055.4,2609.34880046
2025-11-21 08:00:00,84055.4,84701.7,81648.4,82327.0,3140.04580149
2025-11-21 12:00:00,82319.1,85480.0,80646.7,82925.1,4036.27546192
2025-11-21 16:00:00,82925.0,85571.4,82336.2,84217.5,2525.47760179
2025-11-21 20:00:00,84210.7,85409.0,83462.6,85132.2,1774.78420416
2025-11-22 00:00:00,85133.2,85607.0,84221.6,84444.7,1558.26564194
2025-11-22 04:00:00,84444.7,84796.4,83842.3,84584.8,1425.90900579
2025-11-22 08:00:00,84584.8,84584.8,83503.6,84093.4,1803.96382534
2025-11-22 12:00:00,84093.5,84740.4,83626.9,84286.3,1696.50843409
2025-11-22 16:00:00,84286.3,84896.0,84229.0,84621.0,1309.67233543
2025-11-22 20:00:00,84621.0,85257.5,84252.2,84744.0,1246.24234518
2025-11-23 00:00:00,84744.1,86347.2,84682.1,86302.4,1579.49955495
2025-11-23 04:00:00,86302.7,86860.4,85425.0,85783.3,1221.2329644
2025-11-23 08:00:00,85780.5,86464.4,85776.2,86333.3,1102.50737449
2025-11-23 12:00:00,86333.3,87242.2,86280.6,87092.6,1509.53065078
2025-11-23 16:00:00,87092.7,87671.3,86519.0,87332.0,1510.23485316
2025-11-23 20:00:00,87332.1,88131.7,86756.4,86838.4,1624.23739157
2025-11-24 00:00:00,86838.4,88053.2,85954.5,87456.6,1978.21503588
2025-11-24 04:00:00,87456.6,87828.6,86458.3,87040.1,1667.32845283
2025-11-24 08:00:00,87040.3,87040.3,85711.7,86264.1,1580.44949465
2025-11-24 12:00:00,86264.0,86738.8,85276.4,86624.0,2492.583234221942
2025-11-24 16:00:00,86624.0,88837.0,86624.0,88327.4,2032.00780604
2025-11-24 20:00:00,88327.4,89218.9,88255.4,88302.4,1422.70572102
2025-11-25 00:00:00,88302.5,88302.5,87466.1,87821.8,1519.05066892
2025-11-25 04:00:00,87821.8,88512.2,87335.2,87386.7,1117.70444294
2025-11-25 08:00:00,87386.7,87604.6,86683.1,87364.1,1345.46018039
2025-11-25 12:00:00,87364.1,87764.7,86126.0,86984.0,1915.14445919
2025-11-25 16:00:00,86984.0,88137.0,86183.9,86883.4,1735.91577968
2025-11-25 20:00:00,86883.5,87875.3,86600.0,87370.8,1596.67322584
2025-11-26 00:00:00,87370.8,88215.0,87074.1,87116.8,1489.0484789
2025-11-26 04:00:00,87116.9,87965.0,86912.1,87929.4,1207.5716675
2025-11-26 08:00:00,87929.4,87933.7,86682.0,87092.1,780.21232566
2025-11-26 12:00:00,87092.1,87679.9,86310.1,86973.3,1492.74322698
2025-11-26 16:00:00,86974.0,90416.3,86966.9,89960.9,1738.64998415
2025-11-26 20:00:00,89961.0,90639.9,89520.2,90498.0,861.6061671
2025-11-27 00:00:00,90497.0,91897.0,90103.6,91088.9,1268.1246234
2025-11-27 04:00:00,91089.0,91543.9,90903.2,91410.8,884.39907811
2025-11-27 08:00:00,91410.8,91935.3,91233.0,91366.9,627.77312773
2025-11-27 12:00:00,91367.0,91447.0,90454.2,90954.0,1033.19926835
2025-11-27 16:00:00,90954.5,91840.0,90859.1,91527.0,840.50565171
2025-11-27 20:00:00,91527.0,91585.9,91114.8,91337.5,723.61263233
2025-11-28 00:00:00,91337.4,91412.3,90667.0,91211.0,869.1573678
2025-11-28 04:00:00,91211.1,91710.0,90875.0,90916.0,693.4018599
2025-11-28 08:00:00,90916.0,92014.3,90916.0,91443.0,1007.45253626
2025-11-28 12:00:00,91442.0,93105.6,91392.0,92368.0,1347.66085845
2025-11-28 16:00:00,92368.1,92375.4,90203.0,91156.9,1300.17592684
2025-11-28 20:00:00,91157.0,91244.0,90718.0,90895.6,598.11620581
2025-11-29 00:00:00,90895.7,91116.9,90547.0,90688.1,476.61296331
2025-11-29 04:00:00,90688.1,90927.0,90312.5,90563.0,490.20731703
2025-11-29 08:00:00,90563.1,90730.1,90387.0,90680.0,478.96489584
2025-11-29 12:00:00,90680.0,91109.5,90538.8,91066.4,452.69222571
2025-11-29 16:00:00,91066.5,91167.0,90170.9,90644.0,718.52579578
2025-11-29 20:00:00,90643.7,91046.9,90414.0,90805.1,452.60279193
2025-11-30 00:00:00,90805.1,91054.6,90478.0,90909.0,613.20646397
2025-11-30 04:00:00,90909.0,91037.8,90680.5,90965.1,332.16323386
2025-11-30 08:00:00,90965.1,91624.0,90932.1,91056.7,603.6880208
2025-11-30 12:00:00,91056.8,91967.4,91011.2,91438.0,574.65653927
2025-11-30 16:00:00,91438.0,91851.4,91163.5,91460.2,481.24775168
2025-11-30 20:00:00,91460.1,91623.0,90353.0,90365.0,625.17318312
2025-12-01 00:00:00,90360.6,90424.1,86172.8,86345.6,2755.97717192
2025-12-01 04:00:00,86345.6,86571.7,85615.0,86553.6,1409.88304823
2025-12-01 08:00:00,86551.2,86932.0,86135.6,86144.3,929.362179
2025-12-01 12:00:00,86144.3,86665.5,83827.0,84677.8,2552.78272383
2025-12-01 16:00:00,84677.8,85550.1,84048.0,85027.2,1983.6472200324768
2025-12-01 20:00:00,85027.1,86860.0,85008.3,86289.9,1581.22191169
2025-12-02 00:00:00,86289.5,87336.1,86192.9,86972.3,1668.38662269
2025-12-02 04:00:00,86972.3,87270.4,86834.1,87013.3,1335.769881
2025-12-02 08:00:00,87013.3,87605.5,86350.4,87362.6,1355.1172815
2025-12-02 12:00:00,87362.8,91182.5,87063.8,90857.0,2421.66499418
2025-12-02 16:00:00,90857.1,92296.7,90213.5,91892.0,1793.23603617
2025-12-02 20:00:00,91892.1,91997.9,90740.7,91277.8,1155.85889181
2025-12-03 00:00:00,91277.9,93076.5,91002.3,92643.3,1823.39512843
2025-12-03 04:00:00,92639.7,93955.2,92636.1,92996.3,1791.3734847
2025-12-03 08:00:00,92996.4,93379.8,92673.3,93001.7,1249.00110252
2025-12-03 12:00:00,93001.8,93682.0,91704.1,92373.3,2493.6712273
2025-12-03 16:00:00,92374.0,93499.4,91793.2,93022.3,2073.94389956
2025-12-03 20:00:00,93024.4,94152.7,92840.4,93435.9,1289.65533096
2025-12-04 00:00:00,93435.9,94072.2,92677.9,93537.4,1684.84214482
2025-12-04 04:00:00,93537.4,93583.7,92789.0,93399.2,1274.2332259
2025-12-04 08:00:00,93399.3,93615.5,92748.1,92942.8,1301.98993543
2025-12-04 12:00:00,92942.9,93249.3,91809.4,92979.0,1927.27622972
2025-12-04 16:00:00,92978.0,93167.9,90887.0,91976.5,1977.80954855
2025-12-04 20:00:00,91975.5,92709.2,91693.7,92077.9,1346.9260899
2025-12-05 00:00:00,92077.9,92688.2,91979.1,92155.3,1074.37768757
2025-12-05 04:00:00,92155.3,92484.5,91818.7,92258.1,727.20953094
2025-12-05 08:00:00,92258.0,92258.1,90988.9,91343.9,1258.83797991
2025-12-05 12:00:00,91344.6,91460.1,89895.8,90462.7,1951.88774164
2025-12-05 16:00:00,90462.6,90498.1,88088.9,89633.1,2163.92816611
2025-12-05 20:00:00,89633.1,89743.2,88916.0,89334.5,983.55619884
2025-12-06 00:00:00,89334.4,89793.3,89045.7,89676.8,1054.05094252
2025-12-06 04:00:00,89676.8,89762.1,89477.1,89592.6,795.78483492
2025-12-06 08:00:00,89592.6,89722.1,89223.7,89621.2,890.31849746
2025-12-06 12:00:00,89621.2,90280.4,89499.7,89756.2,623.32192892
2025-12-06 16:00:00,89757.2,89980.8,89264.0,89407.6,729.67126496
2025-12-06 20:00:00,89407.6,89603.2,88921.6,89227.5,910.89157867
2025-12-07 00:00:00,89232.9,89741.4,89187.7,89712.5,676.45647258
2025-12-07 04:00:00,89712.5,89783.0,89212.7,89379.1,650.18573175
2025-12-07 08:00:00,89379.1,89536.7,89057.9,89151.4,694.6161315
2025-12-07 12:00:00,89151.5,89701.9,87719.0,89548.3,1422.32711227
2025-12-07 16:00:00,89548.2,91753.3,89116.3,91414.5,1396.54163415
2025-12-07 20:00:00,91415.2,91509.6,88973.7,90395.3,1606.76440701
2025-12-08 00:00:00,90395.3,91690.9,89869.6,91079.2,1383.15594118
2025-12-08 04:00:00,91079.2,91872.5,91036.3,91564.9,922.0556702
2025-12-08 08:00:00,91564.9,92286.5,91487.9,91954.4,936.70933723
2025-12-08 12:00:00,91954.4,92118.2,89619.7,89961.6,1892.51319254
2025-12-08 16:00:00,89961.6,90513.5,89684.6,90121.0,1494.91821943
2025-12-08 20:00:00,90121.0,91373.7,90121.0,90634.4,939.8419634
2025-12-09 00:00:00,90634.4,90844.2,89821.9,90398.0,1031.82178238
2025-12-09 04:00:00,90398.1,90522.8,89529.3,90491.5,1000.66289273
2025-12-09 08:00:00,90491.7,90603.9,89916.3,90389.8,804.70462521
2025-12-09 12:00:00,90389.8,92874.4,90015.3,92700.9,1595.73203613
2025-12-09 16:00:00,92703.9,94586.1,92693.5,93800.1,1419.60452031
2025-12-09 20:00:00,93800.1,93849.5,92259.0,92691.1,1147.51424755
2025-12-10 00:00:00,92684.1,92778.8,91985.0,92415.9,733.37856574
2025-12-10 04:00:00,92415.9,92782.4,92388.9,92782.4,380.94657653
2025-12-10 08:00:00,92782.3,93258.1,91782.0,92120.4,669.85125198
2025-12-10 12:00:00,92120.5,92223.2,91568.5,92062.2,842.52639256
2025-12-10 16:00:00,92062.3,93250.0,91677.4,92954.3,1680.42661856
2025-12-10 20:00:00,92966.4,94476.5,91872.9,92019.6,1631.05875429
2025-12-11 00:00:00,92014.6,92083.0,89369.8,89879.2,1242.84381616
2025-12-11 04:00:00,89879.2,90480.0,89694.8,90273.7,594.05302599
2025-12-11 08:00:00,90273.6,90507.2,89972.8,90242.9,574.4333718699149
2025-12-11 12:00:00,90243.0,90642.9,89260.9,89877.1,1242.97610786
2025-12-11 16:00:00,89873.0,91539.0,89338.5,90839.8,1383.8918479
2025-12-11 20:00:00,90839.8,93558.1,90798.8,92512.8,1502.52876556
2025-12-12 00:00:00,92513.1,92747.3,91465.6,92283.6,1169.15648499
2025-12-12 04:00:00,92283.7,92713.9,92091.9,92427.9,527.81436349
2025-12-12 08:00:00,92428.0,92629.1,92089.5,92416.1,681.77324021
2025-12-12 12:00:00,92416.2,92654.1,89789.8,89933.6,1189.88046859
2025-12-12 16:00:00,89933.5,90665.5,89485.6,90198.8,1770.06067235
2025-12-12 20:00:00,90198.9,90392.2,89900.7,90266.0,780.75246085
2025-12-13 00:00:00,90266.1,90463.0,90123.4,90341.0,350.9770957
2025-12-13 04:00:00,90341.1,90405.6,90271.8,90330.1,213.98940539
2025-12-13 08:00:00,90330.1,90641.1,90306.4,90339.3,526.94653868
2025-12-13 12:00:00,90339.3,90474.0,89938.5,90092.7,496.24825217
2025-12-13 16:00:00,90092.7,90270.1,89922.0,90169.6,331.5144231
2025-12-13 20:00:00,90169.7,90273.6,89749.8,90238.8,376.93157746
2025-12-14 00:00:00,90238.7,90463.8,90126.7,90261.6,402.26780349
2025-12-14 04:00:00,90261.7,90328.7,90052.8,90243.4,284.77612069
2025-12-14 08:00:00,90243.4,90279.5,88672.4,89363.0,657.35941982
2025-12-14 12:00:00,89363.0,89660.0,88886.0,89023.2,998.90918878
2025-12-14 16:00:00,89023.2,89392.0,88496.2,88644.3,809.02631436
2025-12-14 20:00:00,88644.3,88813.7,87539.4,88163.0,1249.12643964
2025-12-15 00:00:00,88171.0,90025.4,88086.9,89274.4,1503.69662316
2025-12-15 04:00:00,89275.3,89909.5,89275.3,89754.0,731.81685284
2025-12-15 08:00:00,89754.1,89985.7,89574.1,89649.3,627.74126337
2025-12-15 12:00:00,89649.3,89865.4,86635.1,87038.4,1781.51431333
2025-12-15 16:00:00,87038.4,87219.4,85147.5,86150.5,1650.87612609
2025-12-15 20:00:00,86150.4,86468.3,85532.5,86430.0,854.4862654
2025-12-16 00:00:00,86430.0,86518.2,85388.6,85869.1,873.54189094
2025-12-16 04:00:00,85869.1,86608.4,85273.9,86012.1,903.1921127
2025-12-16 08:00:00,86012.1,87331.6,85935.6,87253.9,893.36838414
2025-12-16 12:00:00,87254.0,88175.0,86114.1,87982.2,2010.08682613
2025-12-16 16:00:00,87978.1,88044.9,87065.9,87586.3,1224.47015521
2025-12-16 20:00:00,87585.7,87930.9,87347.0,87861.0,575.1819851
2025-12-17 00:00:00,87861.0,87944.8,87152.6,87213.1,711.82843601
2025-12-17 04:00:00,87213.1,87384.5,86215.9,87050.1,545.62561443
2025-12-17 08:00:00,87050.1,87123.2,86236.8,86983.2,577.92120806
2025-12-17 12:00:00,86983.2,90358.5,86822.1,87228.4,1809.32266021
2025-12-17 16:00:00,87233.5,87766.2,85314.1,86018.0,1900.40462694
2025-12-17 20:00:00,86018.1,86426.4,85659.3,86243.3,702.37922651
2025-12-18 00:00:00,86243.3,86863.3,85872.2,86618.6,977.56337158
2025-12-18 04:00:00,86618.6,86896.4,86390.1,86830.2,466.1441237
2025-12-18 08:00:00,86830.3,87448.1,86696.4,87276.9,714.75124739
2025-12-18 12:00:00,87285.1,89477.0,87121.0,88515.9,2209.60734214
2025-12-18 16:00:00,88513.0,88522.4,84485.3,84487.8,1926.78055175
2025-12-18 20:00:00,84487.7,85830.9,84461.0,85514.6,1402.17360858
2025-12-19 00:00:00,85514.6,87560.8,85118.6,86887.0,1320.15160891
2025-12-19 04:00:00,86886.9,88393.0,86688.0,87950.5,1235.80215969
2025-12-19 08:00:00,87950.5,88387.4,87742.1,88190.3,841.5224029900561
2025-12-19 12:00:00,88194.7,89393.5,87520.1,87951.9,1329.00446563
2025-12-19 16:00:00,87951.8,88880.0,86846.7,87837.2,1195.95365715
2025-12-19 20:00:00,87837.2,88418.2,87610.1,88143.3,806.67601804
2025-12-20 00:00:00,88143.3,88333.1,87966.3,88223.6,359.37249944
2025-12-20 04:00:00,88222.5,88568.6,88129.1,88271.4,303.48510197
2025-12-20 08:00:00,88271.5,88427.5,88109.7,88277.5,222.74102685
2025-12-20 12:00:00,88277.5,88342.2,87803.3,88176.6,296.46369005
2025-12-20 16:00:00,88176.7,88406.3,88102.4,88226.8,155.11495437
2025-12-20 20:00:00,88226.8,88441.0,88154.5,88363.3,235.23640046
2025-12-21 00:00:00,88363.3,88423.0,87877.2,88070.6,247.08742951
2025-12-21 04:00:00,88070.7,88199.6,88054.7,88172.6,166.80754473
2025-12-21 08:00:00,88172.7,89076.4,88148.6,88606.1,850.21942096
2025-12-21 12:00:00,88606.2,88918.9,87608.0,88068.8,999.85093937
2025-12-21 16:00:00,88068.9,88600.5,87952.1,88484.1,331.72350686
2025-12-21 20:00:00,88484.1,88822.9,88098.6,88650.0,563.17835365
2025-12-22 00:00:00,88650.0,89621.8,87895.6,88776.3,1147.92583945
2025-12-22 04:00:00,88776.4,89200.0,88717.6,89174.2,652.47851088
2025-12-22 08:00:00,89174.2,90110.5,89100.6,89941.2,684.90497102
2025-12-22 12:00:00,89941.2,90585.7,89200.0,89730.4,1372.99612714
2025-12-22 16:00:00,89732.3,90118.6,87976.9,88057.4,890.3222883
2025-12-22 20:00:00,88057.4,88860.1,87929.0,88609.9,708.61250987
2025-12-23 00:00:00,88609.9,88936.7,87802.7,88177.3,763.6110215
2025-12-23 04:00:00,88177.4,88364.8,87040.9,87575.9,751.1147303
2025-12-23 08:00:00,87576.0,87880.8,87301.2,87855.8,448.52103417
2025-12-23 12:00:00,87855.8,87952.0,86602.5,87446.9,469.68336072
2025-12-23 16:00:00,87447.0,88269.9,87171.1,87759.2,423.77470658
2025-12-23 20:00:00,87753.5,88356.2,87185.7,87490.4,288.18911013
2025-12-24 00:00:00,87490.5,87835.1,86866.3,87339.6,216.4305923
2025-12-24 04:00:00,87339.6,87459.4,86800.0,86922.3,313.52279919
2025-12-24 08:00:00,86922.4,87353.7,86727.2,87209.6,422.07332556
2025-12-24 12:00:00,87209.6,87478.5,86420.1,87043.6,1230.3801484
2025-12-24 16:00:00,87043.6,87671.5,86922.8,87565.9,1037.42343843
2025-12-24 20:00:00,87566.0,88051.3,87519.5,87670.1,327.04421861
2025-12-25 00:00:00,87670.1,87963.3,87518.5,87851.9,647.77104253
2025-12-25 04:00:00,87851.9,87861.7,87667.4,87834.8,331.82892148
2025-12-25 08:00:00,87834.8,87887.5,87259.9,87518.5,369.83522886
2025-12-25 12:00:00,87518.5,88592.6,87398.8,88354.9,564.70215572
2025-12-25 16:00:00,88370.0,88470.0,87999.6,88155.5,370.6828107
2025-12-25 20:00:00,88155.6,88167.7,86962.5,87235.1,625.72506398
2025-12-26 00:00:00,87234.9,89427.7,86895.0,88840.7,1212.2253117
2025-12-26 04:00:00,88840.7,89557.9,88353.1,88463.8,335.37693925
2025-12-26 08:00:00,88463.8,88907.3,88422.9,88541.2,274.79109676
2025-12-26 12:00:00,88541.2,89052.3,86662.0,87129.1,774.07046409
2025-12-26 16:00:00,87135.2,87573.0,86825.5,87501.9,425.4627842
2025-12-26 20:00:00,87501.9,87792.1,87321.9,87368.7,180.4016224
2025-12-27 00:00:00,87368.8,87529.6,87253.0,87509.6,74.38262014
2025-12-27 04:00:00,87509.6,87697.2,87419.1,87543.6,55.98318097
2025-12-27 08:00:00,87543.6,87667.8,87371.3,87475.0,89.82959885
2025-12-27 12:00:00,87475.0,87587.5,87319.7,87545.9,81.55137012
2025-12-27 16:00:00,87550.3,87583.5,87445.7,87569.5,73.14397618
2025-12-27 20:00:00,87569.4,87982.1,87508.5,87883.5,138.39547305
2025-12-28 00:00:00,87877.6,87948.3,87715.9,87743.6,90.22706642
2025-12-28 04:00:00,87743.5,87832.4,87619.8,87729.7,75.46703033
2025-12-28 08:00:00,87729.7,88000.0,87725.3,87882.7,136.45224684
2025-12-28 12:00:00,87882.7,88082.3,87801.4,87836.9,115.81167283
2025-12-28 16:00:00,87836.9,87930.0,87447.3,87524.0,167.15278504
2025-12-28 20:00:00,87523.8,88044.6,87444.4,87949.2,183.82935721
2025-12-29 00:00:00,87949.2,90158.8,87817.2,90118.0,646.39604391
2025-12-29 04:00:00,90118.0,90397.9,89506.6,89606.1,348.83190311
2025-12-29 08:00:00,89606.1,89822.2,87572.6,87572.7,945.61453563
2025-12-29 12:00:00,87572.7,88209.8,86800.1,87684.4,373.82494084
2025-12-29 16:00:00,87681.3,87992.8,87316.8,87357.1,191.26158427
2025-12-29 20:00:00,87357.1,87592.7,87080.4,87240.0,116.51757092
2025-12-30 00:00:00,87237.2,87417.9,86829.2,87376.8,277.15488559
2025-12-30 04:00:00,87376.8,87611.4,87158.1,87496.6,387.74713719
2025-12-30 08:00:00,87496.7,88211.5,87496.7,87902.1,767.73645532
2025-12-30 12:00:00,87902.1,89151.0,87838.8,89008.7,923.58293334
2025-12-30 16:00:00,89008.8,89400.0,87974.0,88226.7,841.67292715
2025-12-30 20:00:00,88220.7,88575.0,87889.8,88497.2,243.58922012
2025-12-31 00:00:00,88497.1,88808.4,88183.4,88450.5,662.39565155
2025-12-31 04:00:00,88450.5,88635.1,88339.4,88613.5,241.32266076
2025-12-31 08:00:00,88613.5,89051.5,88386.8,89017.3,315.9871036
2025-12-31 12:00:00,89017.2,89199.5,87795.2,87943.6,711.92876659
2025-12-31 16:00:00,87947.0,88049.1,87406.5,87546.0,671.04076602
2025-12-31 20:00:00,87546.1,87872.4,87253.9,87638.5,302.0447844
2026-01-01 00:00:00,87638.6,88082.6,87633.0,87843.8,215.35610251
2026-01-01 04:00:00,87843.8,87848.9,87556.2,87627.7,174.79158379
2026-01-01 08:00:00,87627.8,88021.3,87627.7,88021.2,112.35463108
2026-01-01 12:00:00,88021.3,88120.6,87811.4,88038.2,177.5051706
2026-01-01 16:00:00,88038.2,88499.6,87888.5,88387.8,313.13332343
2026-01-01 20:00:00,88387.8,88918.4,88244.9,88832.6,280.30749326
2026-01-02 00:00:00,88832.6,89118.4,88387.6,88938.2,456.93763231
2026-01-02 04:00:00,88938.3,89082.7,88584.6,88860.4,322.14146254
2026-01-02 08:00:00,88860.5,89925.5,88798.5,89499.8,556.25869387
2026-01-02 12:00:00,89499.9,90138.6,88466.2,89412.8,1197.06545994
2026-01-02 16:00:00,89412.8,90957.6,89209.0,89904.4,2285.92655909
2026-01-02 20:00:00,89898.0,90397.9,89636.1,89995.0,796.11214271
2026-01-03 00:00:00,89995.1,90404.5,89970.5,90320.6,492.0440177401723
2026-01-03 04:00:00,90320.6,90477.7,89327.0,89582.6,1038.75531965
2026-01-03 08:00:00,89579.0,89970.5,89425.6,89753.5,710.10151297
2026-01-03 12:00:00,89753.5,90238.8,89667.1,89972.3,267.42739378
2026-01-03 16:00:00,89972.3,90213.4,89922.7,90121.8,200.30600757
2026-01-03 20:00:00,90121.8,90736.6,90013.1,90633.9,344.88851984
2026-01-04 00:00:00,90633.8,91591.5,90633.8,91240.6,568.54258731
2026-01-04 04:00:00,91240.6,91807.2,91189.3,91527.8,412.20117117
2026-01-04 08:00:00,91527.9,91617.8,91180.1,91307.5,346.21575855
2026-01-04 12:00:00,91307.4,91420.8,91031.0,91332.7,213.7448465
2026-01-04 16:00:00,91332.8,91446.6,90866.0,91141.0,282.00326473
2026-01-04 20:00:00,91141.0,91582.2,91128.1,91540.1,313.46338677
2026-01-05 00:00:00,91539.2,93384.0,91522.9,92886.1,962.98283842
2026-01-05 04:00:00,92886.1,92952.9,92164.9,92528.4,414.17351112
2026-01-05 08:00:00,92528.5,93155.3,92329.0,93125.8,683.6546915
2026-01-05 12:00:00,93125.8,94025.5,92423.3,93957.8,1688.18395762
2026-01-05 16:00:00,93957.8,94509.8,93263.7,94313.2,1913.28648356
2026-01-05 20:00:00,94313.2,94798.0,93820.7,93880.8,960.90841676
2026-01-06 00:00:00,93880.8,94161.1,93529.2,93768.5,988.92080044
2026-01-06 04:00:00,93768.5,93995.7,93146.1,93252.1,737.08125804
2026-01-06 08:00:00,93252.1,93895.1,93161.7,93840.7,728.4196993148807
2026-01-06 12:00:00,93840.8,94445.0,93356.0,93641.1,1756.0478220678096
2026-01-06 16:00:00,93641.2,93772.6,91275.8,92106.5,2052.1150729
2026-01-06 20:00:00,92104.6,93842.3,92098.5,93748.0,1381.6746382
2026-01-07 00:00:00,93748.0,93748.2,92243.0,92812.3,1358.17499963
2026-01-07 04:00:00,92812.4,92915.6,92511.5,92878.0,640.64711338
2026-01-07 08:00:00,92878.0,92956.6,91605.8,92094.3,935.8042295
2026-01-07 12:00:00,92094.4,92284.2,91025.2,91346.0,1368.241346065165
2026-01-07 16:00:00,91346.1,91788.3,90677.4,91186.8,1062.3710572018288
2026-01-07 20:00:00,91186.8,91482.0,90779.0,91368.3,719.12820155
2026-01-08 00:00:00,91368.4,91791.5,90623.1,90809.5,992.6221287385928
2026-01-08 04:00:00,90809.5,91180.2,89643.5,90551.0,1078.57327529
2026-01-08 08:00:00,90551.0,90767.8,89785.9,90224.4,1160.38590685
2026-01-08 12:00:00,90224.5,90827.3,89316.7,90789.2,1550.15058624
2026-01-08 16:00:00,90789.2,91469.6,90316.9,90938.1,1072.85270628
2026-01-08 20:00:00,90938.1,91489.3,90566.1,91105.2,929.2145801
2026-01-09 00:00:00,91105.3,91637.2,90859.1,91225.9,773.19712801
2026-01-09 04:00:00,91226.0,91239.4,90751.1,90751.2,534.04018156
2026-01-09 08:00:00,90751.1,90844.2,89700.4,90459.3,948.84362886
2026-01-09 12:00:00,90459.4,92023.5,89850.2,91176.0,1208.44620703
2026-01-09 16:00:00,91176.0,91779.5,90188.4,90331.6,850.84098307
2026-01-09 20:00:00,90331.5,90731.8,90128.5,90639.4,263.55617132
2026-01-10 00:00:00,90639.4,90785.4,90529.6,90637.5,227.09977062
2026-01-10 04:00:00,90637.5,90678.8,90409.4,90668.5,188.39933593
2026-01-10 08:00:00,90668.5,90831.4,90619.9,90720.2,222.09793824
2026-01-10 12:00:00,90720.2,90787.9,90543.3,90656.8,155.04353375
2026-01-10 16:00:00,90656.9,90737.4,90516.6,90627.4,139.07838359
2026-01-10 20:00:00,90627.4,90647.3,90406.2,90501.2,200.26305092
2026-01-11 00:00:00,90501.2,90730.7,90461.6,90730.4,158.80441918
2026-01-11 04:00:00,90730.5,90843.3,90584.6,90711.0,98.66555588
2026-01-11 08:00:00,90711.0,90807.5,90619.9,90744.1,107.46038251
2026-01-11 12:00:00,90744.1,91180.3,90713.5,90870.9,183.17605396
2026-01-11 16:00:00,90871.0,91281.1,90679.0,90693.3,178.79289423
2026-01-11 20:00:00,90693.3,91032.0,90236.3,91010.1,263.18760366
2026-01-12 00:00:00,91010.6,92519.4,90703.9,91810.4,1183.68267872
2026-01-12 04:00:00,91810.4,92278.6,91404.3,91425.5,825.61072755
2026-01-12 08:00:00,91425.5,91625.4,90372.1,90630.1,1107.66513539
2026-01-12 12:00:00,90630.2,91664.5,90128.8,91664.5,1179.27173135
2026-01-12 16:00:00,91664.5,92321.1,91006.8,91858.5,1084.80034433
2026-01-12 20:00:00,91858.4,92046.0,90940.0,91296.5,430.21227944
2026-01-13 00:00:00,91296.5,91547.1,91058.8,91409.7,276.65937464
2026-01-13 04:00:00,91409.7,92271.4,91363.4,91949.7,315.42134917
2026-01-13 08:00:00,91949.6,92663.9,91931.6,92001.9,441.52921648
2026-01-13 12:00:00,92002.0,93454.3,91782.9,93454.3,1386.97785525
2026-01-13 16:00:00,93454.4,94238.3,93082.0,94223.6,1089.27982567
2026-01-13 20:00:00,94228.3,96666.0,94076.6,95413.3,1281.82049007
2026-01-14 00:00:00,95414.0,95719.5,95152.7,95719.5,838.79755958
2026-01-14 04:00:00,95719.5,95797.2,94577.2,95214.6,726.26721313
2026-01-14 08:00:00,95214.7,95321.8,94750.2,94785.7,578.65009893
2026-01-14 12:00:00,94785.7,97100.1,94685.0,96764.6,1044.01094841
2026-01-14 16:00:00,96764.5,97778.2,96260.6,97259.8,1415.8951735995506
2026-01-14 20:00:00,97262.2,97958.2,96770.5,96945.7,659.94473706
2026-01-15 00:00:00,96945.8,96993.5,95777.5,95987.0,1073.54860922
2026-01-15 04:00:00,95987.0,96755.7,95965.8,96627.9,867.10087741
2026-01-15 08:00:00,96627.9,97191.0,96303.4,96595.5,667.03937828
2026-01-15 12:00:00,96595.5,97149.1,95453.5,96745.2,1363.02948416
2026-01-15 16:00:00,96745.2,97086.8,95189.4,95518.4,1385.82863083
2026-01-15 20:00:00,95518.4,95864.3,95136.7,95604.7,397.33335353
2026-01-16 00:00:00,95604.8,95843.6,95337.0,95354.7,474.21559945
2026-01-16 04:00:00,95354.8,95817.8,95151.4,95652.3,458.55282289
2026-01-16 08:00:00,95652.3,95860.9,95269.5,95426.4,270.705246225
2026-01-16 12:00:00,95426.5,95801.6,94287.9,94586.0,620.3043990787778
2026-01-16 16:00:00,94586.0,95241.9,94508.6,95007.0,598.01139909
2026-01-16 20:00:00,95007.0,95595.9,94686.1,95560.0,316.02176418
2026-01-17 00:00:00,95551.4,95577.9,95214.4,95374.5,179.25673074
2026-01-17 04:00:00,95374.6,95374.6,95056.1,95101.8,153.06014344
2026-01-17 08:00:00,95101.9,95316.8,95038.1,95316.8,167.75003263
2026-01-17 12:00:00,95316.8,95645.8,95206.8,95573.6,265.67346054
2026-01-17 16:00:00,95573.6,95573.6,95215.9,95295.7,185.71685771
2026-01-17 20:00:00,95295.7,95409.1,95052.1,95148.0,147.16248971
2026-01-18 00:00:00,95148.1,95247.1,94883.1,95185.6,191.0997127
2026-01-18 04:00:00,95185.6,95250.9,95018.8,95019.0,258.8348538
2026-01-18 08:00:00,95019.0,95283.5,95019.0,95179.2,225.22974971
2026-01-18 12:00:00,95179.2,95352.4,94909.0,95112.3,346.51871466
2026-01-18 16:00:00,95112.2,95514.7,95072.3,95380.5,221.68021209798664
2026-01-18 20:00:00,95380.5,95519.5,93617.4,93674.0,458.0125657
2026-01-19 00:00:00,93673.9,93673.9,91926.0,92690.2,1028.93415564
2026-01-19 04:00:00,92690.9,92849.8,92390.5,92841.7,473.32670862
2026-01-19 08:00:00,92841.6,93368.4,92706.0,93191.0,614.28467201
2026-01-19 12:00:00,93191.0,93227.3,92712.7,93069.3,513.99261308
2026-01-19 16:00:00,93069.3,93405.3,92931.5,93107.5,316.46802516
2026-01-19 20:00:00,93107.6,93342.7,92135.8,92626.9,468.33972955
2026-01-20 00:00:00,92626.8,92867.3,92266.8,92435.7,586.85016965
2026-01-20 04:00:00,92435.7,92470.8,90780.3,91178.8,1042.34310511
2026-01-20 08:00:00,91178.8,91442.6,90691.0,91217.4,555.18136275
2026-01-20 12:00:00,91217.5,91365.1,89866.1,90679.1,1540.62879441
2026-01-20 16:00:00,90679.1,90973.0,89283.9,89724.7,1192.27921869
2026-01-20 20:00:00,89724.7,89844.5,87900.0,88427.8,1147.91114354
2026-01-21 00:00:00,88427.8,89601.1,88256.4,89432.1,711.57170859
2026-01-21 04:00:00,89432.2,90119.4,89095.0,89225.1,347.0630859
2026-01-21 08:00:00,89223.1,89490.8,88698.0,88795.4,511.69643678
2026-01-21 12:00:00,88795.4,90590.0,88170.6,90290.8,1983.26075252
2026-01-21 16:00:00,90290.8,90449.8,87267.2,90348.9,2811.50181584
2026-01-21 20:00:00,90355.5,90381.0,89360.7,89457.3,880.14097756
2026-01-22 00:00:00,89457.4,90357.0,89452.0,89893.4,962.25113633
2026-01-22 04:00:00,89893.5,90215.1,89802.9,89820.1,405.51610839
2026-01-22 08:00:00,89820.2,90144.6,89767.1,89941.7,299.13614147
2026-01-22 12:00:00,89941.8,90332.1,88516.3,89008.3,1196.76514955
2026-01-22 16:00:00,89000.0,89917.7,88680.1,89781.7,1320.29741675
2026-01-22 20:00:00,89777.1,89944.7,89146.9,89563.1,457.31958382
2026-01-23 00:00:00,89554.1,89971.8,89447.3,89921.1,362.28697166
2026-01-23 04:00:00,89924.8,90082.1,89401.0,89549.4,409.66035763
2026-01-23 08:00:00,89549.4,89630.5,88868.0,89205.9,457.3744851
2026-01-23 12:00:00,89205.9,89860.9,88578.5,89753.9,1375.68990249
2026-01-23 16:00:00,89755.8,91226.8,89488.2,89983.6,1958.4726079567072
2026-01-23 20:00:00,89983.5,90155.9,89221.1,89604.7,704.10037565
2026-01-24 00:00:00,89604.8,89936.7,89429.2,89770.0,385.02560917
2026-01-24 04:00:00,89770.0,89849.0,89574.4,89620.4,127.33168625
2026-01-24 08:00:00,89620.5,89682.1,89575.7,89594.0,85.98882396
2026-01-24 12:00:00,89590.4,89590.5,89181.8,89272.8,141.16496861
2026-01-24 16:00:00,89273.0,89461.6,89171.0,89332.2,204.34628034
2026-01-24 20:00:00,89332.3,89490.6,89223.2,89234.1,183.05006794
2026-01-25 00:00:00,89234.1,89321.7,88847.1,88962.6,152.31898584
2026-01-25 04:00:00,88962.6,89090.2,88646.5,88660.0,211.79277002
2026-01-25 08:00:00,88660.1,88761.2,88135.2,88567.3,342.23276381
2026-01-25 12:00:00,88567.2,88975.5,88385.6,88453.8,396.98486631
2026-01-25 16:00:00,88453.9,88453.9,86196.3,86493.7,1866.57686836
2026-01-25 20:00:00,86493.8,87012.0,86081.8,86670.4,806.68817342
2026-01-26 00:00:00,86670.4,87958.0,86514.2,87272.1,1046.43755982
2026-01-26 04:00:00,87272.2,88074.7,87251.4,87999.9,723.90043832
2026-01-26 08:00:00,87999.9,88398.5,87608.1,87853.3,428.3353849
2026-01-26 12:00:00,87853.4,88865.6,87334.4,87644.0,1169.3898048037754
2026-01-26 16:00:00,87644.0,88538.4,87045.5,88015.5,1206.6205502182313
2026-01-26 20:00:00,88015.5,88660.2,87545.2,88347.1,539.19710752
2026-01-27 00:00:00,88347.2,88894.0,88204.1,88784.0,637.25688597
2026-01-27 04:00:00,88784.1,88999.9,88288.2,88327.2,513.2679549606765
2026-01-27 08:00:00,88327.2,88397.5,87746.9,87996.6,555.15939153
2026-01-27 12:00:00,87996.6,88460.9,87580.8,88040.6,1260.91797901
2026-01-27 16:00:00,88040.5,88818.5,87300.0,88403.2,2039.74168639
2026-01-27 20:00:00,88403.2,89522.6,88373.6,89250.1,774.23398546
2026-01-28 00:00:00,89250.1,89495.5,88994.1,89128.8,534.40165704
2026-01-28 04:00:00,89128.9,89386.4,88842.4,89142.9,411.87681628
2026-01-28 08:00:00,89142.9,90146.3,88860.4,90073.5,721.87238458
2026-01-28 12:00:00,90073.5,90484.1,88904.8,89482.5,1633.2062408888041
2026-01-28 16:00:00,89482.6,90600.9,89019.5,89409.0,1875.57587398
2026-01-28 20:00:00,89408.0,89892.2,88877.5,89288.4,900.44490057
2026-01-29 00:00:00,89300.0,89345.0,87707.1,88054.5,1159.90550126
2026-01-29 04:00:00,88054.5,88428.8,87906.0,88345.0,625.0648398
2026-01-29 08:00:00,88345.0,88497.5,87757.2,87846.4,655.40563812
2026-01-29 12:00:00,87846.5,88173.7,84378.7,84952.7,1979.4257951008938
2026-01-29 16:00:00,84952.7,85649.6,83383.2,84012.1,2498.4518735002757
2026-01-29 20:00:00,84012.2,84731.4,83833.9,84658.9,666.459436
2026-01-30 00:00:00,84658.8,85442.0,81133.4,82698.9,2011.8611853873551
2026-01-30 04:00:00,82698.9,83336.0,82066.5,82826.6,751.07135345
2026-01-30 08:00:00,82817.0,83308.5,82164.7,83152.0,698.09169343
2026-01-30 12:00:00,83152.0,83800.2,82383.2,82886.1,1580.78951432
2026-01-30 16:00:00,82881.1,84621.3,81880.3,84240.5,3604.00664518
2026-01-30 20:00:00,84240.6,84503.0,83540.6,84260.5,1902.86913812
2026-01-31 00:00:00,84260.5,84269.9,83816.7,84021.1,420.89511169
2026-01-31 04:00:00,84021.1,84146.9,83402.1,83538.3,302.4947185863265
2026-01-31 08:00:00,83538.3,83626.3,82570.1,83005.7,1255.7506041
2026-01-31 12:00:00,83005.8,83135.9,80823.7,81299.5,2035.53755616
2026-01-31 16:00:00,81299.6,82228.4,75702.8,77756.2,4998.39991331
2026-01-31 20:00:00,77756.3,79229.7,77094.7,78737.7,2753.46462232
2026-02-01 00:00:00,78737.7,79417.7,78266.8,78868.4,2349.47245896
2026-02-01 04:00:00,78868.3,79118.3,77978.1,78355.0,1828.40420215
2026-02-01 08:00:00,78355.1,79219.6,78153.7,78746.4,1461.15417386
2026-02-01 12:00:00,78746.4,78758.9,76789.3,77593.4,2729.27108068
2026-02-01 16:00:00,77594.2,78445.5,77000.1,77174.0,3053.01787283
2026-02-01 20:00:00,77173.9,77774.6,75718.4,76971.6,3992.1282729
2026-02-02 00:00:00,76971.6,78178.5,74610.5,76288.8,3985.49020883
2026-02-02 04:00:00,76306.5,76952.9,74914.2,76651.6,3690.16569024
2026-02-02 08:00:00,76653.9,77966.2,76630.9,77755.9,2486.17533484
2026-02-02 12:00:00,77756.0,79361.7,77571.9,78854.2,3078.81121349
2026-02-02 16:00:00,78854.1,79291.7,78289.4,78342.1,2379.67422237
2026-02-02 20:00:00,78342.1,78965.8,77899.1,78735.9,1389.71596289
2026-02-03 00:00:00,78735.9,79189.7,77655.5,78758.2,1767.33630327
2026-02-03 04:00:00,78758.2,78994.9,77954.9,78785.1,1309.55969305
2026-02-03 08:00:00,78788.7,79075.3,77942.2,78083.5,1410.33479964
2026-02-03 12:00:00,78083.5,78451.2,77054.9,78135.5,2588.90004668
2026-02-03 16:00:00,78134.0,78134.5,72944.8,74939.0,4309.64644331
2026-02-03 20:00:00,74938.9,76956.2,74585.9,75777.0,2708.46160771
2026-02-04 00:00:00,75776.9,76971.5,75459.0,76700.5,1696.73503511
2026-02-04 04:00:00,76700.5,76827.7,76105.1,76514.2,918.67624472
2026-02-04 08:00:00,76514.2,76598.8,75669.8,76015.8,1378.15385245
2026-02-04 12:00:00,76015.8,76261.1,73795.4,74135.8,3275.90690045
2026-02-04 16:00:00,74136.8,74238.0,72173.9,73915.4,3739.39680235
2026-02-04 20:00:00,73919.6,74138.4,71871.0,73165.8,2976.54177129
2026-02-05 00:00:00,73162.4,73333.4,71160.0,71225.9,3323.65164386
2026-02-05 04:00:00,71225.9,71619.3,70138.0,70744.6,3141.39248441
2026-02-05 08:00:00,70756.9,71970.0,69933.3,70326.5,2386.49092778
2026-02-05 12:00:00,70325.5,70865.0,66703.5,67488.4,4652.85846776
2026-02-05 16:00:00,67488.4,68690.8,65188.6,65270.1,5792.82221367
2026-02-05 20:00:00,65270.1,65698.8,62290.7,62909.9,6383.69935541
2026-02-06 00:00:00,62909.9,66016.3,60000.0,64182.4,5075.73333613
2026-02-06 04:00:00,64182.1,66821.8,63965.9,64856.7,3041.86761996
2026-02-06 08:00:00,64859.8,66760.3,64488.7,66633.8,2214.10234134
2026-02-06 12:00:00,66633.9,69195.3,66116.4,68627.1,3073.81009149
2026-02-06 16:00:00,68627.0,71500.0,68428.6,70732.0,2989.23373536
2026-02-06 20:00:00,70726.6,71750.0,69840.1,70580.3,1896.89880431
2026-02-07 00:00:00,70579.5,70922.7,69727.5,70914.3,1389.74322647
2026-02-07 04:00:00,70918.9,71690.9,67345.0,68097.7,2774.97164338
2026-02-07 08:00:00,68097.8,68795.8,67610.3,67973.3,2087.18543528
2026-02-07 12:00:00,67973.3,70040.4,67915.0,69154.5,2257.75058393
2026-02-07 16:00:00,69154.5,69905.3,68554.8,69373.7,1535.82886699
2026-02-07 20:00:00,69373.6,69734.4,68787.4,69289.4,873.92406489
2026-02-08 00:00:00,69289.4,69697.7,68889.6,69103.7,528.75031172
2026-02-08 04:00:00,69103.7,69709.2,68971.8,69706.8,307.80603391
2026-02-08 08:00:00,69706.7,71215.9,69520.1,70992.9,747.66659308
2026-02-08 12:00:00,70993.3,71554.4,70710.1,71189.0,880.10686949
2026-02-08 16:00:00,71188.9,71518.8,70256.9,71417.5,721.04853341
2026-02-08 20:00:00,71417.5,72272.8,69988.9,70330.4,901.07824277
2026-02-09 00:00:00,70329.7,71440.0,70068.1,71312.4,2039.26297645
2026-02-09 04:00:00,71312.4,71352.6,70311.9,70424.5,1379.02349581
2026-02-09 08:00:00,70424.4,70608.7,68420.6,68923.0,2105.22847802
2026-02-09 12:00:00,68923.1,69868.9,68302.6,69563.4,2581.87195968
2026-02-09 16:00:00,69563.5,71072.5,69100.3,70963.1,2130.16134215
2026-02-09 20:00:00,70956.5,71126.8,69829.2,70136.0,1330.63158312
2026-02-10 00:00:00,70136.1,70521.6,69214.2,69511.9,1251.13222257
2026-02-10 04:00:00,69511.9,69900.6,68684.1,68921.3,1295.81097184
2026-02-10 08:00:00,68921.3,69412.9,68457.8,68540.9,1009.3149761
2026-02-10 12:00:00,68535.1,69591.7,67917.1,69294.9,2402.643081679277
2026-02-10 16:00:00,69294.3,69992.0,68615.8,69064.5,2769.56828874
2026-02-10 20:00:00,69064.4,69136.9,68362.1,68841.9,1623.73518035
2026-02-11 00:00:00,68841.8,69291.3,68015.9,68189.3,1419.37818049
2026-02-11 04:00:00,68189.3,68323.8,66559.4,67032.7,1782.65568249
2026-02-11 08:00:00,67035.5,67125.1,66382.8,67053.6,1020.13583551
2026-02-11 12:00:00,67053.0,68830.4,65757.5,66519.1,2765.54468531
2026-02-11 16:00:00,66519.2,67858.4,65850.0,67588.9,2070.60481821
2026-02-11 20:00:00,67588.8,68347.4,66795.6,67076.3,1339.15764929
2026-02-12 00:00:00,67087.0,68045.0,67056.5,67582.3,882.59728985
2026-02-12 04:00:00,67582.4,67679.0,66674.4,67231.0,774.58622086
2026-02-12 08:00:00,67217.0,68302.1,66893.3,68082.4,797.53817901
2026-02-12 12:00:00,68076.0,68409.7,67011.0,67138.1,1556.0098899
2026-02-12 16:00:00,67134.8,67231.2,65117.5,65785.4,2654.14079338
2026-02-12 20:00:00,65788.4,66488.9,65218.4,66268.6,1059.01207918
2026-02-13 00:00:00,66271.5,66809.3,65874.2,66556.2,786.8702741
2026-02-13 04:00:00,66556.2,66672.2,66009.8,66207.4,579.0116294
2026-02-13 08:00:00,66209.2,67224.1,66192.1,67167.4,860.88462049
2026-02-13 12:00:00,67167.3,69305.4,66868.6,68698.6,2048.42579392
2026-02-13 16:00:00,68698.6,69476.9,68541.6,68938.9,1753.44704132
2026-02-13 20:00:00,68938.9,69079.9,68684.1,68854.0,727.46109041
2026-02-14 00:00:00,68854.0,69139.4,68769.1,68976.4,310.6493082238202
2026-02-14 04:00:00,68976.5,69342.0,68731.7,69213.8,181.94665727
2026-02-14 08:00:00,69213.7,70572.6,69213.7,70509.1,659.76142349
2026-02-14 12:00:00,70505.7,70534.8,69211.2,69782.0,959.43721044
2026-02-14 16:00:00,69782.0,69930.0,69290.0,69869.9,545.78946395
2026-02-14 20:00:00,69869.9,70250.5,69627.6,69823.0,497.18970164
2026-02-15 00:00:00,69823.0,69990.0,69255.7,69954.5,648.8274622159074
2026-02-15 04:00:00,69954.5,70926.3,69753.6,70825.9,839.20458598
2026-02-15 08:00:00,70826.0,70973.6,70186.1,70298.4,589.17610206
2026-02-15 12:00:00,70298.4,70412.2,68771.0,69099.7,1149.5259799
2026-02-15 16:00:00,69099.6,69099.7,68062.5,68290.4,1109.44678617
2026-02-15 20:00:00,68290.4,69079.1,68129.6,68820.1,716.038785366332
2026-02-16 00:00:00,68831.9,69061.7,68150.0,68424.8,703.9828839
2026-02-16 04:00:00,68424.8,68898.0,68234.1,68589.1,441.1728473991939
2026-02-16 08:00:00,68589.1,69055.7,68341.0,68812.9,562.243273295082
2026-02-16 12:00:00,68812.9,70117.9,67297.3,67535.2,1909.82489339
2026-02-16 16:00:00,67540.6,68244.0,67517.6,67913.4,825.86940696
2026-02-16 20:00:00,67913.4,68979.0,67827.1,68891.9,754.7359680618141
2026-02-17 00:00:00,68891.9,69240.3,68386.5,68475.0,841.55008615
2026-02-17 04:00:00,68475.0,68708.6,67900.2,68382.9,603.85523699
2026-02-17 08:00:00,68388.0,68479.5,67689.6,67851.8,520.16638132
2026-02-17 12:00:00,67851.8,68360.7,66620.0,67388.6,1653.74458225
2026-02-17 16:00:00,67392.1,68235.4,66889.0,67787.1,1828.12352659
2026-02-17 20:00:00,67787.7,67931.2,67391.1,67502.7,853.64700649
2026-02-18 00:00:00,67509.8,67705.5,66899.0,67629.2,596.11967288
2026-02-18 04:00:00,67629.2,68223.1,67502.6,68114.0,494.58410325
2026-02-18 08:00:00,68114.1,68469.7,67079.0,67368.2,741.16586004
2026-02-18 12:00:00,67368.3,68340.0,66718.1,67688.5,1278.19695837
2026-02-18 16:00:00,67694.0,67703.3,65857.9,66178.0,1625.04768733
2026-02-18 20:00:00,66178.0,66539.3,66049.0,66461.0,710.4150115
2026-02-19 00:00:00,66461.1,66992.1,66345.0,66981.3,592.0559461
2026-02-19 04:00:00,66981.3,67315.7,66688.1,67210.2,539.91095778
2026-02-19 08:00:00,67210.1,67210.1,66478.1,66501.6,629.9285064
2026-02-19 12:00:00,66501.5,66746.7,65636.5,66403.7,1623.58295732
2026-02-19 16:00:00,66403.6,67195.5,65900.1,67050.6,1486.14676392
2026-02-19 20:00:00,67050.5,67165.4,66652.5,66998.1,614.8894303
2026-02-20 00:00:00,67001.5,67487.7,66944.6,67365.4,559.49198576
2026-02-20 04:00:00,67365.5,68009.9,67117.8,67822.9,550.93367346
2026-02-20 08:00:00,67822.9,68313.3,67284.6,67324.0,579.59287798
2026-02-20 12:00:00,67324.0,68079.5,66453.1,67582.9,1833.84331894
2026-02-20 16:00:00,67582.9,68007.6,66950.0,67646.0,1678.14955904
2026-02-20 20:00:00,67645.9,68234.6,67520.1,68020.0,548.59732682
2026-02-21 00:00:00,68019.5,68090.6,67538.3,67664.5,308.19838449
2026-02-21 04:00:00,67664.5,67919.1,67600.0,67853.7,188.31048682
2026-02-21 08:00:00,67854.1,68314.5,67816.0,68092.4,222.59234052
2026-02-21 12:00:00,68092.4,68697.2,67921.9,68611.9,292.50352881
2026-02-21 16:00:00,68611.9,68658.2,68101.9,68540.5,264.62811731
2026-02-21 20:00:00,68541.7,68599.2,67900.0,67994.0,257.74539055
2026-02-22 00:00:00,67980.2,68220.9,67814.8,68041.3,255.59793139
2026-02-22 04:00:00,68041.4,68211.8,67888.8,68005.2,154.4270698
2026-02-22 08:00:00,68005.2,68245.0,67916.9,68214.4,115.65558487
2026-02-22 12:00:00,68214.4,68231.9,67302.9,67684.2,378.20123331
2026-02-22 16:00:00,67684.2,67702.1,67190.0,67427.8,313.50186926
2026-02-22 20:00:00,67427.8,67749.9,67346.6,67640.0,206.6624457
2026-02-23 00:00:00,67640.0,67682.4,64303.8,64938.1,1201.79465098
2026-02-23 04:00:00,64938.1,66007.0,64685.8,65959.7,579.35781602
2026-02-23 08:00:00,65959.7,66595.8,65569.1,66203.6,546.35148935
2026-02-23 12:00:00,66206.9,66503.7,65530.5,65661.2,856.33041468
2026-02-23 16:00:00,65661.0,65716.9,64085.8,64294.2,1301.84666221
2026-02-23 20:00:00,64290.4,65017.8,63877.1,64656.1,739.25935997
2026-02-24 00:00:00,64656.1,65010.1,63346.2,63591.9,1099.59003913
2026-02-24 04:00:00,63591.8,63625.6,62703.1,63197.5,1271.27855496
2026-02-24 08:00:00,63196.6,63445.6,62938.0,63228.7,747.80880308
2026-02-24 12:00:00,63228.7,64027.5,62505.6,63976.3,1380.57004444
2026-02-24 16:00:00,63974.0,64739.0,63699.5,64432.7,1157.59002062
2026-02-24 20:00:00,64432.6,64586.9,63832.1,64055.6,578.9548063794991
2026-02-25 00:00:00,64055.7,66306.8,63913.3,65391.0,1316.69953969
2026-02-25 04:00:00,65391.1,65648.1,64756.6,65027.7,743.54972962
2026-02-25 08:00:00,65027.7,65694.0,64957.5,65430.0,451.4258217
2026-02-25 12:00:00,65429.9,67569.9,65322.2,67407.3,1386.21066975
2026-02-25 16:00:00,67396.0,69549.9,67395.9,69032.9,1516.93857407
2026-02-25 20:00:00,69033.0,70000.0,67600.3,67986.9,1124.5995229346756
2026-02-26 00:00:00,67985.5,68698.0,67733.9,68222.6,770.10766897
2026-02-26 04:00:00,68222.7,68855.9,67827.2,67827.2,582.39350397
2026-02-26 08:00:00,67827.2,68712.5,67800.0,68046.3,578.92438499
2026-02-26 12:00:00,68046.3,68297.2,66766.8,67380.0,1310.95216407
2026-02-26 16:00:00,67381.5,67900.0,66503.0,67594.5,1399.64174634
2026-02-26 20:00:00,67588.7,67829.3,67150.3,67478.3,421.42077741
2026-02-27 00:00:00,67485.1,67705.6,66885.1,67609.2,635.66929111
2026-02-27 04:00:00,67609.2,68219.5,67460.6,67693.1,508.02218463
2026-02-27 08:00:00,67693.1,68145.0,65963.6,66123.5,963.29638307
2026-02-27 12:00:00,66119.6,66345.0,65664.7,66098.5,1198.08582493
2026-02-27 16:00:00,66098.5,66123.0,65116.3,65402.0,924.58185534
2026-02-27 20:00:00,65392.3,65949.2,64926.2,65876.4,482.00921327
2026-02-28 00:00:00,65872.3,66017.7,65729.1,65790.1,321.2096118
2026-02-28 04:00:00,65790.1,65815.2,63031.1,63829.2,1346.92264499
2026-02-28 08:00:00,63827.7,64305.0,63372.0,63844.2,1074.55665391
2026-02-28 12:00:00,63846.7,65359.2,63828.4,64838.4,1284.95668833
2026-02-28 16:00:00,64838.5,66651.5,64674.6,66367.6,1003.8309528336108
2026-02-28 20:00:00,66356.8,67746.5,66190.1,66972.5,1205.08337506
2026-03-01 00:00:00,66972.5,68190.9,66050.4,67501.1,1470.89507699
2026-03-01 04:00:00,67501.1,67624.4,66790.0,67138.0,767.58926636
2026-03-01 08:00:00,67138.0,67287.4,66209.1,66462.5,750.19814937
2026-03-01 12:00:00,66462.6,67354.0,66128.5,66837.9,928.63048785
2026-03-01 16:00:00,66842.4,67110.1,65730.4,65959.6,1166.38459593
2026-03-01 20:00:00,65959.5,66485.0,65035.5,65768.5,1565.01658796
2026-03-02 00:00:00,65773.9,67070.0,65758.8,66820.3,1304.35435103
2026-03-02 04:00:00,66820.4,66997.6,65550.8,66007.7,783.3920343687527
2026-03-02 08:00:00,66008.4,66721.3,65657.6,66363.1,979.91155313
2026-03-02 12:00:00,66363.0,69611.2,65273.3,69121.2,1926.52720586
2026-03-02 16:00:00,69125.2,70100.1,68574.1,68961.2,1490.8288683155122
2026-03-02 20:00:00,68961.2,69531.0,68584.0,68822.0,873.8920094
2026-03-03 00:00:00,68827.3,69254.9,68230.2,68373.2,743.76371008
2026-03-03 04:00:00,68377.6,68567.8,67803.9,68174.6,652.05778523
2026-03-03 08:00:00,68174.5,68312.2,66358.1,67031.4,1275.59831169
2026-03-03 12:00:00,67031.3,67962.0,66155.4,67724.3,2262.9689774366448
2026-03-03 16:00:00,67721.7,68997.0,67481.4,68430.0,2306.08528935
2026-03-03 20:00:00,68430.1,68891.4,67828.8,68338.7,983.080748476813
2026-03-04 00:00:00,68335.1,68899.1,67402.5,67735.6,1386.60345194
2026-03-04 04:00:00,67732.2,69633.6,67467.7,69495.4,1194.3012295232254
2026-03-04 08:00:00,69492.0,71891.6,69134.3,71109.6,1743.3456956162815
2026-03-04 12:00:00,71109.5,73467.3,70589.3,73384.6,2049.9456156354463
2026-03-04 16:00:00,73388.2,74053.9,72545.3,73610.4,1544.3641945634506
2026-03-04 20:00:00,73610.5,73714.1,72326.2,72669.2,625.90732334
2026-03-05 00:00:00,72669.2,73293.4,72337.4,72497.6,613.9468030824523
2026-03-05 04:00:00,72497.6,73081.1,71780.1,72053.6,651.5508496
2026-03-05 08:00:00,72056.7,73558.3,71768.7,72919.2,889.1959745079154
2026-03-05 12:00:00,72919.3,73059.2,71172.0,71646.9,1412.29413455
2026-03-05 16:00:00,71652.2,71652.2,70652.3,70911.6,1056.61956404
2026-03-05 20:00:00,70911.7,71554.0,70779.9,70880.9,623.06730017
2026-03-06 00:00:00,70881.2,71409.8,70382.3,71075.8,747.06600449
2026-03-06 04:00:00,71075.9,71185.5,70150.0,71059.4,622.6963131208544
2026-03-06 08:00:00,71059.5,71067.3,70200.0,70221.4,604.00695483
2026-03-06 12:00:00,70221.5,70338.7,68170.0,68508.1,1968.067781134158
2026-03-06 16:00:00,68508.1,68791.5,67749.1,68124.3,1163.7871470939085
2026-03-06 20:00:00,68124.4,68430.1,67775.0,68119.4,494.2358944
2026-03-07 00:00:00,68119.4,68543.8,68053.2,68104.1,249.05163482
2026-03-07 04:00:00,68104.1,68149.3,67449.9,67846.5,450.50794282
2026-03-07 08:00:00,67846.6,68230.3,67721.4,68009.0,272.22867202
2026-03-07 12:00:00,68008.9,68085.1,67617.4,67882.0,335.60137929
2026-03-07 16:00:00,67882.1,67942.0,66930.0,67085.7,453.38755460082444
2026-03-07 20:00:00,67085.7,67476.3,67069.2,67262.8,370.71119677
2026-03-08 00:00:00,67262.9,67484.3,66836.4,67004.2,529.02026012
2026-03-08 04:00:00,67004.2,67454.0,66535.7,67317.2,505.6279325474167
2026-03-08 08:00:00,67314.4,68191.5,67161.1,67520.8,551.4054920126002
2026-03-08 12:00:00,67520.9,67646.2,66819.7,67214.7,807.5965451868
2026-03-08 16:00:00,67214.7,67475.6,66754.5,67326.3,611.78623872
2026-03-08 20:00:00,67328.0,67517.0,65625.3,65979.2,1280.47819924
2026-03-09 00:00:00,65979.3,67663.0,65827.1,67212.1,1456.26041554
2026-03-09 04:00:00,67212.1,68064.2,66891.1,67543.8,914.13196466
2026-03-09 08:00:00,67543.8,68456.8,67347.7,67766.9,859.96291537
2026-03-09 12:00:00,67767.0,69479.7,67762.8,68868.9,1548.79888653
2026-03-09 16:00:00,68868.9,69527.3,68240.0,68992.7,1132.2858885
2026-03-09 20:00:00,68992.8,69141.7,68380.2,68438.6,540.48371598
2026-03-10 00:00:00,68438.1,70576.5,68394.1,69424.3,1001.79651127
2026-03-10 04:00:00,69424.4,70528.7,69424.4,70396.9,618.96542451
2026-03-10 08:00:00,70396.9,71296.1,70372.5,70593.9,735.22968781
2026-03-10 12:00:00,70593.8,71765.9,69202.7,71337.2,1765.7102187465953
2026-03-10 16:00:00,71343.4,71694.0,69738.7,70053.7,1341.91042745
2026-03-10 20:00:00,70047.8,70412.1,69454.5,69958.4,554.6513651
2026-03-11 00:00:00,69951.5,70174.1,69488.8,69552.1,497.3130364
2026-03-11 04:00:00,69552.1,70262.5,69419.8,69652.8,525.12600768
2026-03-11 08:00:00,69652.8,69779.9,69160.6,69176.3,507.01468536
2026-03-11 12:00:00,69176.4,71085.8,68982.0,70224.6,1672.44719164
2026-03-11 16:00:00,70231.2,71316.3,70168.6,70651.6,1062.4997027
2026-03-11 20:00:00,70644.6,70953.3,70133.0,70191.9,381.66374991
2026-03-12 00:00:00,70201.0,70354.2,69229.2,69440.7,527.1369666778764
2026-03-12 04:00:00,69440.7,69849.9,69214.0,69828.0,407.9551690328761
2026-03-12 08:00:00,69827.8,70792.6,69579.7,70429.9,752.05471808
2026-03-12 12:00:00,70433.5,70653.7,69358.1,70337.4,1243.68466944
2026-03-12 16:00:00,70337.4,70565.7,69780.7,70435.1,873.23128337
2026-03-12 20:00:00,70435.2,70730.0,70017.6,70522.8,394.77783487
2026-03-13 00:00:00,70522.8,72001.5,70389.1,71414.3,911.65894453
2026-03-13 04:00:00,71408.1,71667.0,71185.7,71616.2,450.58037825
2026-03-13 08:00:00,71616.3,72573.2,71390.9,72229.3,672.08462161
2026-03-13 12:00:00,72229.2,73900.1,71740.0,71832.8,1863.73800037
2026-03-13 16:00:00,71840.6,72239.8,70847.9,71176.0,1243.02077047
2026-03-13 20:00:00,71183.0,71480.0,70562.5,70936.2,546.38511774
2026-03-14 00:00:00,70932.0,71162.5,70480.7,71071.3,423.28039529
2026-03-14 04:00:00,71071.3,71295.1,70318.3,70594.8,389.0412919
2026-03-14 08:00:00,70594.9,70772.1,70391.4,70738.6,247.4662438
2026-03-14 12:00:00,70738.5,70935.9,70491.4,70591.0,290.99220983
2026-03-14 16:00:00,70589.9,70731.4,70498.4,70693.9,145.88164021
2026-03-14 20:00:00,70694.0,71245.1,70649.4,71208.3,216.06759541
2026-03-15 00:00:00,71208.4,71627.3,70861.0,71353.9,370.95158233
2026-03-15 04:00:00,71353.9,71794.1,71333.8,71443.8,328.7036509
2026-03-15 08:00:00,71443.8,71932.3,71443.8,71834.7,279.59563804
2026-03-15 12:00:00,71834.8,71834.8,71263.9,71483.6,417.0690363
2026-03-15 16:00:00,71483.6,71986.9,71317.1,71549.7,349.18907724
2026-03-15 20:00:00,71549.6,73194.5,71437.5,72815.3,922.45910323
2026-03-16 00:00:00,72815.2,74300.0,72285.3,73573.2,858.63946996
2026-03-16 04:00:00,73573.2,74446.6,73389.1,73453.1,932.92291267
2026-03-16 08:00:00,73455.1,73846.2,72890.0,73548.5,630.98199292
2026-03-16 12:00:00,73548.4,74499.9,72978.9,73279.9,1368.66203086
2026-03-16 16:00:00,73277.9,74424.3,73165.6,73973.9,1006.37819476
2026-03-16 20:00:00,73959.5,74914.3,73863.3,74883.8,678.96041007
2026-03-17 00:00:00,74883.8,75999.0,74268.8,74459.7,1261.6277839241645
2026-03-17 04:00:00,74459.7,74680.3,73772.6,74253.4,626.79313916
2026-03-17 08:00:00,74253.4,74450.0,73559.1,74035.6,594.80927236
2026-03-17 12:00:00,74035.7,74887.9,73398.9,73925.1,1016.40192433
2026-03-17 16:00:00,73925.2,74802.4,73873.5,74516.7,569.90001241
2026-03-17 20:00:00,74516.5,74802.5,73880.1,73899.8,325.00266188
2026-03-18 00:00:00,73909.4,74669.0,73537.6,74458.2,408.40697372
2026-03-18 04:00:00,74456.0,74489.4,73700.0,73885.4,271.54017353
2026-03-18 08:00:00,73885.5,74278.7,72804.6,72957.4,536.55325052
2026-03-18 12:00:00,72957.3,72981.8,70861.3,71472.2,1427.05506055
2026-03-18 16:00:00,71463.9,72003.4,70930.5,71064.7,936.03788769
2026-03-18 20:00:00,71067.8,71428.2,70500.0,71254.4,473.87216381
2026-03-19 00:00:00,71254.5,71606.0,70901.5,71214.9,422.60342169
2026-03-19 04:00:00,71215.0,71215.0,69479.1,70199.9,734.81350441
2026-03-19 08:00:00,70199.9,70554.6,69904.3,69947.3,470.02514476
2026-03-19 12:00:00,69947.3,70157.0,68782.1,69410.4,1142.49383216
2026-03-19 16:00:00,69403.8,70590.7,69122.0,70263.5,1004.45658246
2026-03-19 20:00:00,70267.2,70690.5,69722.1,69919.6,458.01909716
2026-03-20 00:00:00,69926.3,70805.9,69842.7,70730.8,460.41447981
2026-03-20 04:00:00,70730.8,70963.6,70212.9,70846.1,381.81442987
2026-03-20 08:00:00,70846.2,71361.6,70213.2,70477.7,587.58618026
2026-03-20 12:00:00,70478.7,70677.6,69480.0,69860.2,1070.24526695
2026-03-20 16:00:00,69860.2,70189.8,69396.1,70168.7,787.30039102
2026-03-20 20:00:00,70177.8,70919.8,69756.9,70510.8,498.38928582
2026-03-21 00:00:00,70510.8,70819.6,70444.6,70669.8,187.79418366
2026-03-21 04:00:00,70669.8,70877.7,70624.7,70716.3,180.95844245
2026-03-21 08:00:00,70717.7,70753.7,70493.0,70647.5,141.62626888221547
2026-03-21 12:00:00,70647.6,71099.9,70466.6,70633.7,200.11736369
2026-03-21 16:00:00,70633.8,70648.0,70212.6,70393.7,174.57939913
2026-03-21 20:00:00,70393.8,70513.7,68573.0,68919.5,421.53607244
2026-03-22 00:00:00,68924.8,69585.6,68232.9,69348.3,707.24803818
2026-03-22 04:00:00,69348.3,69523.8,68895.0,68918.7,295.16446986
2026-03-22 08:00:00,68918.7,68982.5,68117.5,68229.3,387.17610771
2026-03-22 12:00:00,68229.4,69001.8,68205.1,68849.2,357.5390741
2026-03-22 16:00:00,68849.2,68883.0,68151.3,68198.9,285.37868892
2026-03-22 20:00:00,68199.0,68495.7,67356.4,67865.2,759.20572509
2026-03-23 00:00:00,67865.2,68581.9,67445.8,68080.7,640.65500619
2026-03-23 04:00:00,68080.7,68900.2,67508.5,68333.2,710.68719605
2026-03-23 08:00:00,68333.2,71493.6,67920.1,70114.9,1651.09439282
2026-03-23 12:00:00,70122.2,71811.4,69671.9,70131.5,1751.42105442
2026-03-23 16:00:00,70135.8,71243.6,70135.7,70689.3,895.70389031
2026-03-23 20:00:00,70678.3,70995.9,70407.0,70903.0,335.09303004
2026-03-24 00:00:00,70903.0,71096.6,70280.0,70542.8,514.93003203
2026-03-24 04:00:00,70542.9,71400.6,70125.6,71295.3,474.78204049
2026-03-24 08:00:00,71295.4,71369.0,70851.0,71158.8,299.5427827837115
2026-03-24 12:00:00,71157.7,71187.3,69514.5,69874.0,493.3753691
2026-03-24 16:00:00,69867.5,70000.0,68901.0,69369.2,358.64723919
2026-03-24 20:00:00,69369.1,70824.3,69288.0,70556.4,322.47731466
2026-03-25 00:00:00,70556.5,71040.5,70413.8,70717.6,202.51968006638054
2026-03-25 04:00:00,70717.7,71341.9,70701.0,70923.6,189.12707868
2026-03-25 08:00:00,70927.1,72016.4,70789.9,71668.6,292.46452835
2026-03-25 12:00:00,71668.6,71958.6,70559.7,70834.0,609.92493184
2026-03-25 16:00:00,70826.9,71746.6,70688.4,70880.1,496.81710374
2026-03-25 20:00:00,70881.3,71593.9,70648.6,71333.1,190.65037596
2026-03-26 00:00:00,71329.1,71438.7,70683.4,70903.8,161.71817838
2026-03-26 04:00:00,70908.3,70908.3,69800.4,70086.0,247.24627963
2026-03-26 08:00:00,70086.0,70145.2,69192.1,69275.4,404.32905467
2026-03-26 12:00:00,69275.5,69879.9,68640.8,69082.4,528.90414704
2026-03-26 16:00:00,69082.5,69158.8,68157.2,68524.3,426.20601814
2026-03-26 20:00:00,68525.9,69472.0,68429.5,68816.7,454.32443965
2026-03-27 00:00:00,68820.6,69174.2,68532.3,68768.4,211.8800572
2026-03-27 04:00:00,68768.5,68957.3,68302.0,68528.7,235.10321603
2026-03-27 08:00:00,68537.7,68638.9,66238.8,66706.4,602.10475796
2026-03-27 12:00:00,66706.4,66778.4,65730.0,66107.1,786.92067067
2026-03-27 16:00:00,66107.1,66283.7,65554.1,66052.2,566.6206033790554
2026-03-27 20:00:00,66044.1,66419.6,65813.7,66409.4,198.87176011
2026-03-28 00:00:00,66409.4,66508.9,65928.2,66233.2,199.97315651
2026-03-28 04:00:00,66237.0,66568.6,66117.1,66563.6,150.99302825
2026-03-28 08:00:00,66563.5,66563.6,66133.1,66330.2,142.23292372
2026-03-28 12:00:00,66324.6,67291.4,66238.5,67016.5,414.70753883
2026-03-28 16:00:00,67016.5,67098.9,66700.6,66916.7,159.88656794
2026-03-28 20:00:00,66917.0,67016.0,66291.1,66391.1,214.04014268
2026-03-29 00:00:00,66384.4,67130.6,66290.7,66910.1,220.48068097
2026-03-29 04:00:00,66910.1,66940.7,66562.8,66670.5,154.8881805
2026-03-29 08:00:00,66670.6,66990.0,66415.4,66818.5,191.83524489703132
2026-03-29 12:00:00,66818.5,66874.7,66333.3,66528.6,267.41961083
2026-03-29 16:00:00,66528.6,66672.4,66156.5,66356.9,204.86488099
2026-03-29 20:00:00,66356.9,66798.8,64997.2,66015.1,610.93122185
2026-03-30 00:00:00,66017.1,67487.0,65801.5,67176.6,704.06384234
2026-03-30 04:00:00,67171.6,67800.4,67170.0,67628.0,358.02640682
2026-03-30 08:00:00,67628.0,68023.2,67368.9,67679.9,379.55252028
2026-03-30 12:00:00,67681.6,68180.0,67090.6,67627.6,627.77815518
2026-03-30 16:00:00,67627.7,67645.6,66237.7,66550.9,461.53672655
2026-03-30 20:00:00,66551.4,66999.9,66406.4,66798.4,313.99131426
2026-03-31 00:00:00,66798.8,68403.9,66549.8,67705.4,504.0922033
2026-03-31 04:00:00,67714.6,67877.7,67110.5,67366.4,428.71989138
2026-03-31 08:00:00,67366.4,67500.0,65987.0,66689.1,648.50812998
2026-03-31 12:00:00,66689.2,67770.1,66437.1,66732.2,830.76959137
2026-03-31 16:00:00,66736.9,68584.0,66736.8,67839.6,975.2539807
2026-03-31 20:00:00,67847.3,68413.0,67845.3,68282.4,316.34077433
2026-04-01 00:00:00,68280.1,68360.0,67593.7,68182.9,371.2872656949719
2026-04-01 04:00:00,68176.0,69323.5,68013.0,68695.2,460.68484423
2026-04-01 08:00:00,68695.2,68850.3,68399.0,68712.2,315.94420838
2026-04-01 12:00:00,68712.2,68955.3,67930.9,68923.6,561.37991945
2026-04-01 16:00:00,68920.6,69183.0,67948.4,68163.6,414.71945224
2026-04-01 20:00:00,68176.9,68532.7,67961.3,68118.0,225.66368185
2026-04-02 00:00:00,68118.0,68659.2,66500.0,66584.0,727.24421897
2026-04-02 04:00:00,66580.5,66934.7,66225.9,66927.8,250.81857207
2026-04-02 08:00:00,66927.7,66927.7,66160.7,66217.7,240.52018902
2026-04-02 12:00:00,66217.8,67103.0,65722.2,66857.0,698.47849638
2026-04-02 16:00:00,66857.0,67431.2,66601.0,66978.0,447.04154401
2026-04-02 20:00:00,66975.6,67106.2,66732.1,66906.7,217.5342596
2026-04-03 00:00:00,66906.8,67000.9,66279.1,66592.6,226.17712987
2026-04-03 04:00:00,66589.5,67270.1,66424.1,67047.8,177.35621396
2026-04-03 08:00:00,67047.8,67292.1,66686.2,67017.1,136.48106947
2026-04-03 12:00:00,67017.2,67380.5,66512.2,66849.0,209.56309902
2026-04-03 16:00:00,66842.8,67070.9,66758.8,66883.7,92.48876503
2026-04-03 20:00:00,66883.8,66979.7,66825.9,66963.9,73.03866242
2026-04-04 00:00:00,66964.6,66967.3,66812.8,66838.2,48.31891706
2026-04-04 04:00:00,66836.9,67052.8,66780.5,67012.7,71.37574333
2026-04-04 08:00:00,67012.8,67227.5,66914.2,67152.4,93.64408709
2026-04-04 12:00:00,67160.1,67551.6,67019.1,67378.6,116.66625869
2026-04-04 16:00:00,67378.6,67549.9,67266.1,67287.6,110.43644009322124
2026-04-04 20:00:00,67287.6,67472.9,67184.8,67302.4,84.55398748
2026-04-05 00:00:00,67302.5,67309.2,66962.0,67135.3,73.95083891
2026-04-05 04:00:00,67138.0,67188.6,66613.4,66818.5,112.19420932483493
2026-04-05 08:00:00,66818.6,67152.6,66818.5,66997.0,69.93177671
2026-04-05 12:00:00,66997.0,67841.0,66688.0,67305.0,241.28576089
2026-04-05 16:00:00,67305.0,67558.4,67174.4,67355.5,154.24709182
2026-04-05 20:00:00,67355.5,69128.6,67338.3,69018.3,322.68487817
2026-04-06 00:00:00,69023.6,69582.1,68772.7,69113.7,387.90137386
2026-04-06 04:00:00,69115.1,69356.5,68806.4,69107.5,144.82515702
2026-04-06 08:00:00,69108.7,70268.3,69080.4,69612.0,291.87937903
2026-04-06 12:00:00,69612.1,69971.8,69174.7,69965.9,480.67492511
2026-04-06 16:00:00,69965.9,70343.5,69284.9,69735.7,347.39101847
2026-04-06 20:00:00,69741.0,69973.1,68317.6,68851.0,292.04868393
2026-04-07 00:00:00,68850.9,69126.3,68283.6,68780.1,254.0476935
2026-04-07 04:00:00,68780.1,68980.0,68439.2,68622.5,151.54498061
2026-04-07 08:00:00,68622.5,69240.8,68071.8,68345.7,341.91556533
2026-04-07 12:00:00,68345.8,68632.6,67731.2,68162.4,461.14711471
2026-04-07 16:00:00,68162.5,69086.9,68084.5,69012.9,347.59905768
2026-04-07 20:00:00,69016.4,72753.8,69016.4,71924.5,1072.83321413
2026-04-08 00:00:00,71919.8,72109.0,71238.7,71292.3,333.96069181
2026-04-08 04:00:00,71292.3,71947.4,71290.6,71633.5,205.39987987074932
2026-04-08 08:00:00,71633.6,71955.1,71401.6,71681.4,178.36778671
2026-04-08 12:00:00,71687.4,72858.1,70709.0,71310.1,568.60383014
2026-04-08 16:00:00,71310.2,71959.1,71020.6,71335.2,301.53070304
2026-04-08 20:00:00,71320.4,71750.9,70908.0,71075.4,146.96610814
2026-04-09 00:00:00,71075.4,71195.8,70472.3,70986.5,168.58380958
2026-04-09 04:00:00,70993.6,71113.9,70701.5,70974.8,120.18527315
2026-04-09 08:00:00,70974.8,71583.6,70873.8,71149.3,239.56969116
2026-04-09 12:00:00,71149.4,72352.5,70524.1,72144.8,493.31774963
2026-04-09 16:00:00,72144.8,72550.7,71721.1,72116.2,465.74777228
2026-04-09 20:00:00,72102.6,73142.9,71589.0,71809.3,441.72717228
2026-04-10 00:00:00,71791.9,72393.2,71590.2,71879.5,302.60213194
2026-04-10 04:00:00,71879.6,72281.6,71432.0,71487.8,172.75278929
2026-04-10 08:00:00,71487.9,72265.3,71430.5,72129.6,205.33958245
2026-04-10 12:00:00,72129.7,73294.1,71910.6,72453.9,544.51554856
2026-04-10 16:00:00,72462.4,73266.9,72400.1,73254.0,252.77452922
2026-04-10 20:00:00,73244.1,73445.8,72735.0,72956.9,211.98846454
2026-04-11 00:00:00,72957.0,73106.0,72679.4,72869.9,122.74974966
2026-04-11 04:00:00,72871.8,72958.7,72623.5,72742.7,116.82089916
2026-04-11 08:00:00,72742.8,72917.3,72632.1,72911.0,92.80007406
2026-04-11 12:00:00,72911.0,72985.0,72519.1,72867.0,161.76702158
2026-04-11 16:00:00,72867.1,73801.1,72822.3,73676.9,348.2698079
2026-04-11 20:00:00,73677.0,73689.0,72915.2,73040.4,294.76898745
2026-04-12 00:00:00,73040.4,73131.9,71321.1,71611.4,574.7096311274988
2026-04-12 04:00:00,71602.5,71785.4,71424.2,71668.6,145.60529739
2026-04-12 08:00:00,71668.7,71780.7,71353.5,71474.3,115.92791358
2026-04-12 12:00:00,71474.3,71500.0,70609.5,70888.0,428.21429845
2026-04-12 16:00:00,70888.1,71219.1,70823.3,71085.6,171.52607124
2026-04-12 20:00:00,71079.2,71451.8,70505.3,70742.3,332.276544
2026-04-13 00:00:00,70742.4,71271.0,70617.0,70988.0,240.41241991
2026-04-13 04:00:00,70985.5,71148.6,70679.5,70825.5,167.95162085
2026-04-13 08:00:00,70825.5,70992.9,70571.2,70929.8,176.0055061
2026-04-13 12:00:00,70929.8,72468.0,70763.1,71876.8,726.3748616
2026-04-13 16:00:00,71874.0,73482.3,71693.3,73324.6,596.41219607
2026-04-13 20:00:00,73320.7,74883.2,73021.1,74410.8,734.57255597
2026-04-14 00:00:00,74410.8,74579.6,73983.2,74443.7,250.91191656
2026-04-14 04:00:00,74450.0,74927.5,74162.6,74548.3,214.11373761
2026-04-14 08:00:00,74550.9,74910.2,74311.2,74384.1,259.22619021514726
2026-04-14 12:00:00,74384.1,76040.9,74271.0,75332.4,808.9169949
2026-04-14 16:00:00,75332.4,75700.0,73849.6,74233.9,484.38136126
2026-04-14 20:00:00,74234.0,74436.9,73810.9,74141.5,281.48258443
2026-04-15 00:00:00,74141.5,74786.2,74122.2,74346.1,267.07583639
2026-04-15 04:00:00,74346.1,74443.3,73520.4,73734.2,239.05229257
2026-04-15 08:00:00,73736.3,74258.1,73680.0,74200.9,237.95503434
2026-04-15 12:00:00,74201.0,74505.0,73591.1,73844.9,446.44484105
2026-04-15 16:00:00,73839.1,75285.3,73761.6,75007.9,413.36750936
2026-04-15 20:00:00,75007.9,75426.7,74515.1,74810.8,319.10638901936693
2026-04-16 00:00:00,74817.2,75267.0,74454.6,74887.4,244.48711996
2026-04-16 04:00:00,74887.4,75172.9,74637.5,74717.2,228.18411186
2026-04-16 08:00:00,74717.2,74905.1,74284.6,74575.5,260.79865545
2026-04-16 12:00:00,74575.6,75023.9,73311.3,74692.1,627.42403257
2026-04-16 16:00:00,74692.1,75410.0,73902.4,75347.7,429.75222698
2026-04-16 20:00:00,75347.6,75516.0,74787.6,75146.4,283.52744733
2026-04-17 00:00:00,75146.5,75149.5,74541.7,74617.0,150.33125249
2026-04-17 04:00:00,74617.1,75091.4,74557.2,75081.1,149.48518062
2026-04-17 08:00:00,75075.3,76361.9,74993.5,75589.4,531.15372707
2026-04-17 12:00:00,75589.4,78061.1,75541.0,77774.0,1267.94628307
2026-04-17 16:00:00,77781.7,78353.3,77008.0,77396.8,502.35433125596114
2026-04-17 20:00:00,77404.6,77611.8,76920.0,77073.0,174.70484888
2026-04-18 00:00:00,77073.0,77414.9,76969.0,77007.3,124.84226851
2026-04-18 04:00:00,77011.2,77280.4,76896.1,77000.4,129.57191432
2026-04-18 08:00:00,77000.5,77045.3,75773.7,76048.0,349.60126957
2026-04-18 12:00:00,76048.1,76374.8,75803.1,76168.7,232.60459236
2026-04-18 16:00:00,76168.8,76213.9,75444.4,75652.0,262.15090727
2026-04-18 20:00:00,75652.1,75893.8,75602.7,75697.7,123.55347245
2026-04-19 00:00:00,75697.7,75843.0,75366.0,75516.3,120.67886018
2026-04-19 04:00:00,75516.4,75779.6,74887.7,75260.3,186.92871501
2026-04-19 08:00:00,75249.7,75632.1,74923.1,75604.7,181.04062375
2026-04-19 12:00:00,75604.8,76245.8,75414.0,75843.7,300.7698801
2026-04-19 16:00:00,75851.7,75861.0,74607.5,74984.3,359.00464452
2026-04-19 20:00:00,74970.2,74970.2,73774.1,73801.3,414.90508492
2026-04-20 00:00:00,73801.3,74746.0,73721.8,74634.5,249.18886163
2026-04-20 04:00:00,74634.5,75571.5,74108.2,74831.5,270.4750481
2026-04-20 08:00:00,74839.1,75411.7,74617.8,75197.8,276.67353816
2026-04-20 12:00:00,75195.4,75776.7,74712.3,75717.5,579.00130292
2026-04-20 16:00:00,75717.6,76475.5,75300.0,76297.3,379.95095301
2026-04-20 20:00:00,76297.3,76563.8,75628.9,75844.3,246.28670212
2026-04-21 00:00:00,75843.3,76278.8,75490.1,75718.3,201.67897891
2026-04-21 04:00:00,75718.3,76305.2,75608.7,76100.4,173.06984754
2026-04-21 08:00:00,76100.5,76916.0,76070.0,76451.1,305.0698747826104
2026-04-21 12:00:00,76451.1,76588.2,75422.0,75828.1,679.76591454
2026-04-21 16:00:00,75828.2,76183.0,74824.0,75020.8,578.85308039
2026-04-21 20:00:00,75020.9,76427.6,74985.4,76325.6,311.423084754659
2026-04-22 00:00:00,76336.3,77720.4,76128.8,77522.4,433.2822064531214
2026-04-22 04:00:00,77522.4,78436.9,77357.9,78006.7,404.037290708313
2026-04-22 08:00:00,78006.7,78400.0,77942.5,78298.5,228.36735088
2026-04-22 12:00:00,78298.6,79400.0,78116.2,79278.1,765.91982575
2026-04-22 16:00:00,79278.1,79467.4,78652.2,78849.4,432.37595020154515
2026-04-22 20:00:00,78847.8,78918.6,78159.9,78181.0,226.69861653
2026-04-23 00:00:00,78180.9,78577.2,77475.6,77751.2,352.10610038801786
2026-04-23 04:00:00,77751.2,78343.7,77678.5,78053.6,196.00032112
2026-04-23 08:00:00,78053.7,78176.7,77139.6,77697.3,301.0578391
2026-04-23 12:00:00,77697.3,78664.9,77400.0,78381.4,499.43739382
2026-04-23 16:00:00,78381.4,78513.6,76969.4,77708.1,526.28370379
2026-04-23 20:00:00,77718.1,78331.7,77646.8,78250.7,188.64661167
2026-04-24 00:00:00,78250.6,78568.5,77555.0,77733.0,333.75759765
2026-04-24 04:00:00,77733.1,78053.8,77457.6,77649.9,131.95307512
2026-04-24 08:00:00,77650.0,78371.2,77410.4,78225.7,296.54802301
2026-04-24 12:00:00,78225.7,78466.9,77574.1,78043.2,434.47080540263266
2026-04-24 16:00:00,78049.9,78070.1,77369.5,77628.9,290.20903105
2026-04-24 20:00:00,77629.0,77763.2,77272.1,77439.6,202.96250111
2026-04-25 00:00:00,77439.5,77711.5,77314.3,77671.0,71.88455338
2026-04-25 04:00:00,77671.0,77698.5,77451.1,77508.2,65.91509628
2026-04-25 08:00:00,77501.3,77883.9,77491.6,77678.4,108.03177634
2026-04-25 12:00:00,77678.4,77746.9,77319.1,77332.5,147.37769384
2026-04-25 16:00:00,77331.0,77451.9,77147.1,77320.8,137.79692257
2026-04-25 20:00:00,77320.8,77637.0,77307.2,77616.3,82.75378926
2026-04-26 00:00:00,77616.4,77626.5,77313.7,77397.7,66.70395108
2026-04-26 04:00:00,77386.3,78188.0,77373.9,78097.4,168.63972077
2026-04-26 08:00:00,78097.5,78198.5,77927.0,78089.3,104.24849964
2026-04-26 12:00:00,78089.3,78165.5,77768.5,78033.1,160.3164541
2026-04-26 16:00:00,78033.1,78488.0,77848.5,78218.9,179.62526844
2026-04-26 20:00:00,78218.9,78938.4,77847.0,78639.1,472.82863465
2026-04-27 00:00:00,78639.1,79468.9,78400.0,79103.9,307.8263123165415
2026-04-27 04:00:00,79103.9,79164.4,77472.0,77611.0,374.09290873
2026-04-27 08:00:00,77610.9,77982.8,77562.3,77845.8,145.22991174
2026-04-27 12:00:00,77845.1,78266.3,76576.4,76806.1,407.42915679
2026-04-27 16:00:00,76798.8,76934.9,76453.4,76875.0,283.28694178
2026-04-27 20:00:00,76867.5,77455.5,76755.2,77369.3,175.89668275
2026-04-28 00:00:00,77369.4,77474.9,76683.6,76815.0,174.13929219
2026-04-28 04:00:00,76813.6,77148.1,76432.4,76871.6,184.15492999
2026-04-28 08:00:00,76871.6,76994.5,76124.4,76224.9,162.48279476
2026-04-28 12:00:00,76238.4,76429.3,75666.4,76063.6,395.17421071
2026-04-28 16:00:00,76063.7,76377.3,75885.7,76321.5,188.78503588
2026-04-28 20:00:00,76321.6,76473.7,76187.5,76334.7,115.63796825
2026-04-29 00:00:00,76334.8,77119.8,76189.7,76999.9,148.96723617
2026-04-29 04:00:00,77000.0,77446.2,76885.1,77055.7,138.05119584
2026-04-29 08:00:00,77057.7,77894.6,76969.4,77591.6,198.60040058
2026-04-29 12:00:00,77589.1,77597.6,75712.5,75916.0,481.64144216
2026-04-29 16:00:00,75920.0,76263.0,74957.5,75561.9,521.60795559
2026-04-29 20:00:00,75562.0,76095.7,75490.1,75783.4,223.92766331
2026-04-30 00:00:00,75783.4,76469.2,75502.2,75937.4,189.84997095
2026-04-30 04:00:00,75937.4,76178.2,75330.6,76171.1,161.54890226
2026-04-30 08:00:00,76171.1,76345.0,75869.3,76062.1,156.91931099984365
2026-04-30 12:00:00,76062.2,76663.8,76040.2,76471.1,275.99337173476425
2026-04-30 16:00:00,76465.9,76510.3,76109.5,76413.4,140.47508796
2026-04-30 20:00:00,76406.4,76567.0,76205.0,76336.1,130.91360507
2026-05-01 00:00:00,76336.1,77448.2,76314.6,77123.2,188.01555215
2026-05-01 04:00:00,77123.2,77208.6,76882.0,77131.1,133.1619928
2026-05-01 08:00:00,77131.2,77599.9,77046.4,77461.0,149.30952802
2026-05-01 12:00:00,77461.0,78916.2,77399.5,78445.5,480.38796174282635
2026-05-01 16:00:00,78445.4,78689.0,78132.4,78364.0,222.6225496930074
2026-05-01 20:00:00,78364.1,78430.9,77759.0,78229.8,149.98549099
2026-05-02 00:00:00,78229.9,78520.0,78167.9,78413.8,96.53478302
2026-05-02 04:00:00,78413.9,78451.3,78038.0,78223.9,117.73100739098939
2026-05-02 08:00:00,78224.0,78396.5,78104.7,78149.6,87.73085955
2026-05-02 12:00:00,78149.7,78488.0,78112.5,78487.0,96.30091723
2026-05-02 16:00:00,78487.0,78588.0,78306.8,78477.9,103.013304935
2026-05-02 20:00:00,78481.7,79149.8,78410.1,78686.5,167.03870077
2026-05-03 00:00:00,78686.5,78762.6,78112.4,78199.3,128.72878866
2026-05-03 04:00:00,78199.4,78451.2,78082.4,78356.6,93.27427976
2026-05-03 08:00:00,78356.6,78850.0,78352.7,78655.6,130.72219401
2026-05-03 12:00:00,78655.6,78879.9,78586.1,78658.7,233.96634322863645
2026-05-03 16:00:00,78658.7,78844.0,78550.4,78761.6,88.00198896
2026-05-03 20:00:00,78761.5,79435.6,78494.9,78565.4,300.22582374
2026-05-04 00:00:00,78569.6,80443.5,78293.2,80309.4,553.6121275837605
2026-05-04 04:00:00,80309.5,80614.4,79497.8,79697.1,256.96570987
2026-05-04 08:00:00,79697.7,79925.5,78219.5,78799.4,475.91040403
2026-05-04 12:00:00,78799.4,80544.4,78502.5,80037.6,751.7977204298098
2026-05-04 16:00:00,80021.8,80764.6,79625.1,80055.5,441.35815303113156
2026-05-04 20:00:00,80049.1,80397.9,79759.4,79861.3,166.26759396
2026-05-05 00:00:00,79861.3,81077.0,79803.9,80883.5,235.45835386
2026-05-05 04:00:00,80882.5,81326.9,80725.9,80872.7,379.59542006376455
2026-05-05 08:00:00,80861.6,81100.0,80528.5,81030.7,160.4724403
2026-05-05 12:00:00,81022.6,81719.1,80929.3,81527.0,592.57715424
2026-05-05 16:00:00,81527.7,81684.9,81060.1,81607.9,216.69060468
2026-05-05 20:00:00,81607.8,81801.1,80800.0,80918.6,354.10100570884805
2026-05-06 00:00:00,80913.0,81754.6,80741.9,81584.3,289.25067591
2026-05-06 04:00:00,81584.3,81647.8,81059.6,81374.3,160.91648289
2026-05-06 08:00:00,81374.2,82839.8,81332.3,82517.0,429.87068962
2026-05-06 12:00:00,82517.0,82540.1,81143.4,81707.2,427.75714039
2026-05-06 16:00:00,81707.2,81895.5,81200.0,81470.3,271.3406004
2026-05-06 20:00:00,81466.7,81707.8,80997.7,81448.0,173.39230233
2026-05-07 00:00:00,81448.0,81488.7,80841.5,80844.6,178.26900197
2026-05-07 04:00:00,80844.6,81699.0,80746.3,81525.4,180.75175295
2026-05-07 08:00:00,81525.4,81596.1,80586.1,80865.1,206.90177844
2026-05-07 12:00:00,80870.4,81189.0,79707.3,79890.9,411.45615249
2026-05-07 16:00:00,79901.6,80269.9,79498.2,80143.8,301.39766978
2026-05-07 20:00:00,80143.8,80384.5,79582.6,80003.8,218.14554085
2026-05-08 00:00:00,80006.2,80138.0,79197.7,79572.7,191.75116521
2026-05-08 04:00:00,79572.8,79779.5,79252.1,79682.7,119.2431091
2026-05-08 08:00:00,79682.8,80324.0,79667.8,80222.6,191.14405354
2026-05-08 12:00:00,80222.6,80505.0,79554.4,80152.9,332.0771861
2026-05-08 16:00:00,80152.9,80298.2,79741.0,80171.1,225.89729876
2026-05-08 20:00:00,80183.1,80411.3,80086.7,80196.7,98.02761265
2026-05-09 00:00:00,80196.6,80549.7,80135.2,80386.5,82.73705913
2026-05-09 04:00:00,80386.7,80664.5,80135.6,80229.6,98.00488785
2026-05-09 08:00:00,80229.7,80450.6,80171.5,80345.4,71.87587361
2026-05-09 12:00:00,80344.4,80596.6,80230.3,80518.9,116.21917936
2026-05-09 16:00:00,80519.0,81080.4,80480.3,80923.5,177.39217814
2026-05-09 20:00:00,80926.6,80931.5,80615.9,80689.8,73.97702844
2026-05-10 00:00:00,80679.4,80877.2,80567.7,80770.2,84.61831133
2026-05-10 04:00:00,80770.2,80844.1,80655.7,80732.7,66.78950195
2026-05-10 08:00:00,80732.8,80969.0,80688.7,80826.3,90.68123568345105
2026-05-10 12:00:00,80826.1,81428.5,80783.6,81405.0,149.61625351
2026-05-10 16:00:00,81405.1,81578.3,81146.4,81427.5,187.98552943
2026-05-10 20:00:00,81427.5,82464.4,80285.5,82219.7,454.7050106336796
2026-05-11 00:00:00,82210.3,82378.0,80533.6,80739.1,250.06845682
2026-05-11 04:00:00,80739.1,81051.4,80642.8,80742.0,102.40421557
2026-05-11 08:00:00,80742.1,81204.0,80622.9,81197.9,133.00484137
2026-05-11 12:00:00,81198.2,81452.7,80461.2,81445.4,300.03766964
2026-05-11 16:00:00,81445.5,82135.5,81346.3,81965.9,318.12929182
2026-05-11 20:00:00,81965.4,82091.0,81596.7,81743.1,145.08142782
2026-05-12 00:00:00,81743.1,81791.6,80724.9,81055.9,217.85013866308623
2026-05-12 04:00:00,81055.8,81307.2,80813.8,80858.5,134.64394835
2026-05-12 08:00:00,80858.6,80969.4,80499.6,80783.5,153.15601275
2026-05-12 12:00:00,80784.1,81007.8,80191.9,80338.9,289.70386538
2026-05-12 16:00:00,80346.9,80867.4,79855.8,80822.4,236.58984961
2026-05-12 20:00:00,80822.4,80877.1,80439.1,80500.8,82.78938534
2026-05-13 00:00:00,80500.8,81288.0,80418.3,81257.1,103.01262639
2026-05-13 04:00:00,81257.2,81283.0,80885.9,81024.6,67.83430923034146
2026-05-13 08:00:00,81024.6,81313.9,80500.9,80507.1,120.0278574
2026-05-13 12:00:00,80507.2,80594.3,78817.5,78834.2,414.6748074881621
2026-05-13 16:00:00,78834.1,79799.9,78771.9,79641.9,262.82336355
2026-05-13 20:00:00,79642.0,79759.6,79234.5,79319.9,142.11072961
2026-05-14 00:00:00,79323.3,79685.8,78927.7,79049.9,159.10677859
2026-05-14 04:00:00,79053.0,79995.8,78985.2,79754.3,158.89483962
2026-05-14 08:00:00,79754.3,79939.2,79232.2,79256.1,161.91676783729338
2026-05-14 12:00:00,79250.4,81328.5,79234.7,81301.6,386.15315540282717
2026-05-14 16:00:00,81301.6,82045.3,81087.1,81430.5,441.30376245857565
2026-05-14 20:00:00,81431.2,81610.6,81065.4,81099.6,159.06873779
2026-05-15 00:00:00,81100.2,81663.5,80759.3,81061.2,229.05242731
2026-05-15 04:00:00,81064.9,81102.5,80320.9,80824.8,177.69562520223803
2026-05-15 08:00:00,80824.9,80829.8,80381.4,80630.3,227.76054988
2026-05-15 12:00:00,80630.3,80648.5,78651.6,79154.8,604.9343115
2026-05-15 16:00:00,79154.8,79563.9,79048.4,79146.7,208.71658593
2026-05-15 20:00:00,79142.5,79222.1,78910.0,79105.8,97.51835413
2026-05-16 00:00:00,79109.3,79228.0,79010.9,79090.0,61.52942006
2026-05-16 04:00:00,79090.0,79136.3,78070.4,78385.9,206.92769641179768
2026-05-16 08:00:00,78371.1,78536.4,77652.1,78088.0,213.44093874
2026-05-16 12:00:00,78088.1,78346.9,77837.6,78241.2,131.26396875
2026-05-16 16:00:00,78241.1,78376.4,78121.6,78257.5,135.29776065
2026-05-16 20:00:00,78257.6,78315.6,78127.2,78140.8,84.69136275
2026-05-17 00:00:00,78140.8,78245.0,77725.5,78030.1,126.84262562
2026-05-17 04:00:00,78030.2,78322.0,78000.0,78174.7,67.5679916
2026-05-17 08:00:00,78174.8,78599.1,78033.9,78414.6,95.91519865
2026-05-17 12:00:00,78414.6,78554.5,77837.5,78059.6,129.38748849
2026-05-17 16:00:00,78059.6,78480.0,77864.3,78426.6,146.68033597
2026-05-17 20:00:00,78426.7,78492.8,76719.5,77467.4,336.78840823
2026-05-18 00:00:00,77457.3,77477.7,76712.9,76930.9,344.50286919
2026-05-18 04:00:00,76930.9,77085.5,76591.3,77073.1,153.66711396
2026-05-18 08:00:00,77073.2,77398.4,76664.3,77281.8,250.1788859067585
2026-05-18 12:00:00,77281.9,77792.9,76055.5,76404.8,689.67901558
2026-05-18 16:00:00,76410.0,76987.9,76136.7,76925.4,351.27836342
2026-05-18 20:00:00,76925.4,77228.8,76794.1,77008.9,194.23851729
2026-05-19 00:00:00,77009.0,77411.0,76478.1,76782.0,248.62078067
2026-05-19 04:00:00,76782.0,77283.3,76644.3,77230.6,166.64015285
2026-05-19 08:00:00,77230.6,77313.2,76638.1,76713.1,172.80369265
2026-05-19 12:00:00,76713.1,77047.6,76146.3,76511.0,302.7061002157088
2026-05-19 16:00:00,76511.0,77070.2,76408.6,76821.1,231.08114109
2026-05-19 20:00:00,76821.0,77042.6,76649.9,76835.2,94.97163244
2026-05-20 00:00:00,76835.3,76933.7,76524.0,76725.2,143.03027761819362
2026-05-20 04:00:00,76725.2,77473.9,76684.6,77284.0,127.47542733
2026-05-20 08:00:00,77284.1,77664.2,77208.6,77387.8,111.69602906399648
2026-05-20 12:00:00,77387.8,77850.0,76885.8,77455.5,361.1803309
2026-05-20 16:00:00,77455.5,77707.0,77014.4,77670.7,229.0695849549191
2026-05-20 20:00:00,77670.7,77768.0,77235.9,77552.2,148.25411448
2026-05-21 00:00:00,77552.2,78176.6,77528.5,78089.6,147.7783872
2026-05-21 04:00:00,78087.6,78170.0,77531.5,77887.4,123.0648081
2026-05-21 08:00:00,77887.4,78201.9,77158.8,77200.2,174.23064208
2026-05-21 12:00:00,77200.3,77416.6,76726.9,77266.6,343.33033408
2026-05-21 16:00:00,77270.4,78089.3,77011.7,77701.3,436.9170275182378
2026-05-21 20:00:00,77701.4,77819.4,77549.5,77625.7,127.91426478
2026-05-22 00:00:00,77625.7,77816.7,77333.3,77779.1,129.07354517
2026-05-22 04:00:00,77779.2,77899.0,77285.2,77401.6,93.00400514
2026-05-22 08:00:00,77401.6,77544.6,77174.3,77426.8,124.08230142
2026-05-22 12:00:00,77426.9,77580.2,76577.3,76796.0,286.7576951
2026-05-22 16:00:00,76796.0,77095.0,75669.4,75858.9,296.76005569535914
2026-05-22 20:00:00,75861.0,76089.9,75371.2,75542.3,179.0121652319375
2026-05-23 00:00:00,75542.6,75671.2,75223.0,75636.0,166.32814132
2026-05-23 04:00:00,75636.0,75654.4,74268.6,74611.3,244.65344933806915
2026-05-23 08:00:00,74611.3,74871.0,74354.3,74800.2,151.51865207552754
2026-05-23 12:00:00,74800.1,75692.8,74663.0,75519.5,178.33553717
2026-05-23 16:00:00,75519.5,76008.6,75376.1,75987.7,150.23686121
2026-05-23 20:00:00,75987.8,77399.6,75953.7,76746.8,378.78406376
2026-05-24 00:00:00,76746.7,76999.0,76633.2,76741.8,93.25945632
2026-05-24 04:00:00,76741.8,77066.0,76646.8,76805.2,69.2542104
2026-05-24 08:00:00,76805.2,77530.3,76731.4,77324.0,120.36307951
2026-05-24 12:00:00,77324.1,77326.7,76197.4,76382.1,186.7127173644032
2026-05-24 16:00:00,76382.1,76793.8,76378.1,76774.0,120.40191628
2026-05-24 20:00:00,76777.8,77232.3,76112.0,77059.0,257.74220945
2026-05-25 00:00:00,77059.9,77480.6,76920.8,77030.1,144.16716658
2026-05-25 04:00:00,77030.2,77645.5,77000.0,77413.5,151.57648323
2026-05-25 08:00:00,77413.5,77696.3,77284.1,77363.6,126.1930168182682
2026-05-25 12:00:00,77363.6,77903.8,77287.9,77632.0,158.94833388
2026-05-25 16:00:00,77632.0,77815.1,77356.0,77453.9,151.05206925
2026-05-25 20:00:00,77450.6,77512.1,77049.4,77325.9,114.35618645
2026-05-26 00:00:00,77326.0,77348.5,76482.0,76668.8,126.94780374
2026-05-26 04:00:00,76668.9,77058.7,76609.8,76726.8,102.84488323
2026-05-26 08:00:00,76726.9,77626.9,76589.0,77188.3,170.15355374
2026-05-26 12:00:00,77188.3,78075.9,76269.4,76516.1,506.9316918
2026-05-26 16:00:00,76516.2,76720.1,75780.8,76039.2,338.2359990035439
2026-05-26 20:00:00,76043.4,76176.2,75671.2,75932.5,108.29261688
2026-05-27 00:00:00,75932.5,76107.6,75603.5,75667.4,129.26739807
2026-05-27 04:00:00,75661.9,75970.4,75310.3,75965.4,201.05818801
2026-05-27 08:00:00,75965.4,76062.3,75702.8,75765.9,214.38221765
2026-05-27 12:00:00,75768.4,76172.1,74773.7,75327.9,431.72893592
2026-05-27 16:00:00,75327.9,75405.9,74665.0,75063.6,245.30545447
2026-05-27 20:00:00,75063.6,75422.4,74246.0,74451.7,255.74271299
2026-05-28 00:00:00,74451.6,74586.3,73076.0,73263.9,380.39883815
2026-05-28 04:00:00,73263.8,73507.4,72739.2,73495.4,335.41234694
2026-05-28 08:00:00,73495.5,73617.6,73209.8,73501.1,162.51477487
2026-05-28 12:00:00,73501.2,73580.1,72594.9,72932.9,552.99434052
2026-05-28 16:00:00,72932.8,73741.0,72740.7,73416.0,307.05172586
2026-05-28 20:00:00,73415.9,73940.6,73242.9,73621.9,202.74317475
2026-05-29 00:00:00,73621.0,73865.1,73185.4,73295.5,130.10159836
2026-05-29 04:00:00,73299.1,73930.8,73204.9,73525.3,124.14091452
2026-05-29 08:00:00,73525.3,73900.0,73345.3,73481.1,135.73685293
2026-05-29 12:00:00,73481.1,74195.2,72514.1,73807.0,602.62217299
2026-05-29 16:00:00,73807.1,74328.2,73184.8,73522.6,490.41654463
2026-05-29 20:00:00,73522.5,73849.1,73322.9,73469.0,160.40226743
2026-05-30 00:00:00,73469.0,73805.8,73416.9,73532.1,138.0925291
2026-05-30 04:00:00,73532.0,73722.2,73216.6,73549.3,158.0270951
2026-05-30 08:00:00,73549.3,73689.7,73508.4,73604.1,100.52338838
2026-05-30 12:00:00,73604.1,74105.4,73603.1,73922.0,172.62841076
2026-05-30 16:00:00,73924.0,74148.6,73808.8,74019.3,192.36554521
2026-05-30 20:00:00,74019.3,74063.5,73790.5,73884.5,121.98250856
2026-05-31 00:00:00,73884.5,74272.2,73860.2,74155.9,134.0505931
2026-05-31 04:00:00,74156.0,74228.4,73836.7,73877.9,79.15623735
2026-05-31 08:00:00,73877.9,74038.6,73740.5,73950.3,120.8473532370694
2026-05-31 12:00:00,73950.4,74030.9,73506.2,73655.0,137.84778217
2026-05-31 16:00:00,73655.1,73740.5,73402.4,73556.6,116.24991406
2026-05-31 20:00:00,73556.7,74200.0,73503.0,73678.0,154.87412315
2026-06-01 00:00:00,73678.0,74087.6,73223.0,73769.1,162.5065605
2026-06-01 04:00:00,73769.1,73842.8,72707.6,72815.7,181.83961451
2026-06-01 08:00:00,72815.8,73104.9,72279.9,72483.3,319.55614023948283
2026-06-01 12:00:00,72483.3,72608.3,71067.4,71125.1,817.94690918
2026-06-01 16:00:00,71125.1,71790.7,70684.6,71593.9,446.43138186
2026-06-01 20:00:00,71594.0,71694.6,70828.9,71404.5,413.73939528
2026-06-02 00:00:00,71404.5,71411.2,70100.3,70957.1,327.47133483
2026-06-02 04:00:00,70953.7,71040.0,69751.4,70118.7,354.25537438
2026-06-02 08:00:00,70118.7,70180.0,69329.8,69462.5,407.5425100865811
2026-06-02 12:00:00,69457.6,69543.1,67060.0,67296.7,992.9456025
2026-06-02 16:00:00,67296.7,68129.9,66432.8,67312.6,638.70631895
2026-06-02 20:00:00,67319.0,67927.9,66202.8,66760.9,645.6855222471858
2026-06-03 00:00:00,66761.0,67196.0,65455.0,65847.7,629.77378278
2026-06-03 04:00:00,65850.0,67514.4,65831.7,67224.7,578.15381673
2026-06-03 08:00:00,67224.6,67471.5,66651.2,67069.5,311.93283662
2026-06-03 12:00:00,67069.5,67249.0,66079.5,66079.6,626.7314788879642
2026-06-03 16:00:00,66079.6,66367.8,65251.0,65462.7,557.1423775863092
2026-06-03 20:00:00,65462.7,65853.0,64092.2,64150.0,740.71081241
2026-06-04 00:00:00,64150.0,64534.2,61378.6,64365.1,1356.310239054313
2026-06-04 04:00:00,64365.1,64766.5,63487.5,63605.2,452.6504169245781
2026-06-04 08:00:00,63605.3,63901.0,62205.4,62547.3,833.7764958271886
2026-06-04 12:00:00,62553.3,64495.5,62395.5,63896.6,848.066917307456
2026-06-04 16:00:00,63896.6,64163.1,62950.2,63630.2,532.34911125
2026-06-04 20:00:00,63625.1,63919.8,63115.4,63887.0,378.80467619
2026-06-05 00:00:00,63886.9,63975.4,62342.5,62731.2,469.28721241
2026-06-05 04:00:00,62735.7,63694.0,61145.1,63109.8,1269.18241536
2026-06-05 08:00:00,63109.9,63268.6,61962.3,61962.3,405.33705563
2026-06-05 12:00:00,61962.4,62450.0,60058.3,60450.8,1188.75206672
2026-06-05 16:00:00,60430.4,61565.9,59136.7,60309.1,1519.34069555
2026-06-05 20:00:00,60303.9,62004.9,59948.1,61056.5,840.4198539091694
2026-06-06 00:00:00,61067.0,61525.8,60523.7,60693.3,307.86814827
2026-06-06 04:00:00,60693.3,61281.5,59499.7,60998.5,581.47290736
2026-06-06 08:00:00,61011.8,61497.8,60203.4,60803.8,280.28851756
2026-06-06 12:00:00,60803.9,61188.2,60397.4,60785.0,218.70733293
2026-06-06 16:00:00,60785.0,60971.4,60406.2,60598.8,192.8300289
2026-06-06 20:00:00,60598.8,61000.0,60434.4,60899.3,164.5322668024883
2026-06-07 00:00:00,60884.1,61773.4,60750.0,61706.2,206.8198338241079
2026-06-07 04:00:00,61698.9,62417.7,61486.9,62402.7,205.2514683457963
2026-06-07 08:00:00,62404.2,62955.9,62256.3,62623.2,206.14006285
2026-06-07 12:00:00,62630.0,62648.9,61583.2,62087.9,311.05873866
2026-06-07 16:00:00,62091.7,62328.5,61185.4,61329.9,266.35886204
2026-06-07 20:00:00,61326.8,64271.9,61225.5,63329.8,443.99969531
2026-06-08 00:00:00,63335.8,63862.6,62727.8,63126.5,226.18057865
2026-06-08 04:00:00,63128.5,63350.0,62414.0,63290.9,194.12128706
2026-06-08 08:00:00,63284.6,63880.5,62990.1,63480.0,235.38278702
2026-06-08 12:00:00,63492.8,64207.8,62712.5,63775.9,470.36052147
2026-06-08 16:00:00,63775.9,64045.5,63279.7,63374.7,241.16036209
2026-06-08 20:00:00,63381.0,63850.0,62988.5,63080.4,153.20764878
2026-06-09 00:00:00,63087.2,63180.8,62425.9,62873.3,257.70110647723106
2026-06-09 04:00:00,62874.8,63525.7,62750.2,63197.4,173.64024535
2026-06-09 08:00:00,63197.5,63205.3,62500.0,62715.4,238.70816843
2026-06-09 12:00:00,62715.5,62900.2,61040.0,61131.4,444.3893272
2026-06-09 16:00:00,61129.1,62103.7,60775.1,62102.7,448.63725544
2026-06-09 20:00:00,62101.7,62275.0,61558.6,61727.2,138.45419782
2026-06-10 00:00:00,61727.2,61972.0,61242.3,61547.2,169.00747554
2026-06-10 04:00:00,61547.1,61797.4,61084.3,61679.3,149.84586015
2026-06-10 08:00:00,61686.3,61736.4,60727.3,61039.7,306.9532534791887
2026-06-10 12:00:00,61039.8,62853.5,60965.3,62642.9,703.88082813
2026-06-10 16:00:00,62642.2,62647.8,61611.1,61941.4,482.18931885
2026-06-10 20:00:00,61943.7,61952.1,61108.1,61519.2,329.61482666
2026-06-11 00:00:00,61519.0,62863.0,61519.0,62695.4,426.43962476
2026-06-11 04:00:00,62689.2,63004.3,62549.2,62724.3,182.36813029841326
2026-06-11 08:00:00,62724.3,63259.4,62724.3,63104.3,246.42245695
2026-06-11 12:00:00,63103.3,63237.3,62505.7,62750.6,501.8071101536121
2026-06-11 16:00:00,62750.6,63929.2,62352.2,63611.0,609.6490547076559
2026-06-11 20:00:00,63609.7,63728.9,63276.9,63632.1,189.28952201
2026-06-12 00:00:00,63632.1,63790.0,63293.8,63525.9,213.31569095
2026-06-12 04:00:00,63527.6,63865.6,62845.8,63100.1,235.3480483
2026-06-12 08:00:00,63101.6,63951.9,63100.0,63760.9,281.40210561
2026-06-12 12:00:00,63756.3,64392.7,63059.7,63602.1,545.53333477
2026-06-12 16:00:00,63593.0,64114.7,63516.5,63591.9,396.71305097
2026-06-12 20:00:00,63592.0,63705.2,63401.8,63582.5,205.66340562
2026-06-13 00:00:00,63578.9,63845.2,63420.3,63534.7,150.94249143
2026-06-13 04:00:00,63534.8,63890.9,63489.8,63846.8,143.46731424
2026-06-13 08:00:00,63850.0,63974.0,63731.5,63970.0,163.55086512
2026-06-13 12:00:00,63970.0,64346.0,63921.1,64304.3,234.22417571
2026-06-13 16:00:00,64304.3,64350.3,63919.3,64301.5,200.80707228
2026-06-13 20:00:00,64304.0,64773.0,64228.8,64453.7,115.20066875
2026-06-14 00:00:00,64453.6,64715.2,64382.9,64546.1,116.51137003
2026-06-14 04:00:00,64546.2,64566.5,64230.2,64430.7,135.87992785
2026-06-14 08:00:00,64430.6,64667.4,64323.3,64546.9,122.69016678020809
2026-06-14 12:00:00,64546.9,64565.5,63869.0,64027.7,228.57241116
2026-06-14 16:00:00,64017.9,64208.5,63682.6,63799.9,201.93045879
2026-06-14 20:00:00,63804.7,65804.9,63793.0,65750.3,634.6846953963361
2026-06-15 00:00:00,65750.1,66014.7,65361.1,65926.3,256.61215921
2026-06-15 04:00:00,65932.8,66019.0,65619.5,65678.7,146.38179883
2026-06-15 08:00:00,65678.8,66390.2,65513.6,66245.5,325.50031403
2026-06-15 12:00:00,66245.5,67296.1,66114.7,67296.1,429.8499813773007
2026-06-15 16:00:00,67296.2,67298.4,66354.9,66606.9,281.57719511
2026-06-15 20:00:00,66605.5,66687.2,66097.3,66323.2,185.58717916094866
2026-06-16 00:00:00,66323.2,66460.2,65654.1,66159.6,179.69567197
2026-06-16 04:00:00,66159.5,66569.0,65803.2,66377.3,174.5444787
2026-06-16 08:00:00,66377.3,66991.0,66346.8,66479.0,265.19325761
2026-06-16 12:00:00,66489.3,66821.9,65356.2,65873.3,384.17674821
2026-06-16 16:00:00,65869.9,66250.0,65557.1,65663.9,340.12928107
2026-06-16 20:00:00,65663.9,65937.7,65589.6,65679.8,176.94306212
2026-06-17 00:00:00,65679.9,66133.4,65476.5,65850.1,131.8722835760216
2026-06-17 04:00:00,65850.2,66050.8,65256.0,65543.6,178.39120342
2026-06-17 08:00:00,65541.9,65578.2,64565.1,64815.7,288.1947597
2026-06-17 12:00:00,64815.7,65853.6,64595.1,65753.8,380.3365831064446
2026-06-17 16:00:00,65753.8,66436.2,64037.1,64307.8,926.79385724
2026-06-17 20:00:00,64300.1,64522.5,63922.8,64513.1,201.22989964847775
2026-06-18 00:00:00,64508.8,64813.0,64271.0,64286.9,254.96418609
2026-06-18 04:00:00,64286.9,64510.0,63700.8,64507.1,338.65972821
2026-06-18 08:00:00,64507.1,64650.4,63884.8,63971.6,190.77086214
2026-06-18 12:00:00,63971.7,64447.9,62301.3,62370.2,648.92789174
2026-06-18 16:00:00,62370.2,63007.9,62271.3,62945.6,503.17230177
2026-06-18 20:00:00,62950.9,63274.5,62744.4,62956.3,204.86213525
2026-06-19 00:00:00,62956.4,63114.7,62384.7,62774.9,210.73047577
2026-06-19 04:00:00,62776.7,62924.2,62416.5,62625.9,180.51254691
2026-06-19 08:00:00,62625.9,62775.9,62310.4,62637.9,281.40828205
2026-06-19 12:00:00,62637.9,63412.2,62355.5,63216.6,422.77829469
2026-06-19 16:00:00,63216.6,63395.7,62872.9,63029.4,265.52700672
2026-06-19 20:00:00,63031.4,63669.2,62961.7,63543.9,218.6754637
2026-06-20 00:00:00,63543.9,63779.9,63320.2,63480.4,153.46368342
2026-06-20 04:00:00,63479.7,63917.9,63402.6,63652.2,149.44962744
2026-06-20 08:00:00,63654.2,63796.4,63392.0,63686.3,164.51049186
2026-06-20 12:00:00,63686.3,64377.2,63191.0,64147.8,380.54933442
2026-06-20 16:00:00,64156.5,64169.3,63730.7,63941.5,156.07798971
2026-06-20 20:00:00,63941.5,64358.8,63856.7,64300.6,122.86426094582058
2026-06-21 00:00:00,64296.1,64473.6,64215.5,64423.8,112.18396515569127
2026-06-21 04:00:00,64419.8,64583.1,64168.9,64194.9,123.84019639
2026-06-21 08:00:00,64192.5,64481.7,63897.3,64170.4,192.79548964
2026-06-21 12:00:00,64178.1,64364.1,63958.9,64220.0,171.79858268
2026-06-21 16:00:00,64220.1,64291.5,63944.5,64196.9,138.6471274
2026-06-21 20:00:00,64199.9,64261.2,63273.2,63311.1,307.35053312
2026-06-22 00:00:00,63315.3,64813.6,63315.3,63971.1,340.91213298
2026-06-22 04:00:00,63983.2,64395.2,63874.5,64217.2,137.9032357045017
2026-06-22 08:00:00,64217.2,64773.1,64042.5,64654.7,262.36233955
2026-06-22 12:00:00,64654.8,65624.1,64575.9,64838.8,545.21192273
2026-06-22 16:00:00,64840.7,64861.8,64273.1,64472.3,322.14789387
2026-06-22 20:00:00,64474.2,64663.6,63806.7,64027.7,261.01930113
2026-06-23 00:00:00,64024.1,64278.4,63836.4,64067.0,165.24060023
2026-06-23 04:00:00,64067.1,64094.4,62579.1,62877.4,448.44829183
2026-06-23 08:00:00,62879.9,62946.7,61933.3,62514.5,422.60192063
2026-06-23 12:00:00,62519.1,62850.0,61964.4,62489.6,507.76382369
2026-06-23 16:00:00,62489.6,62830.4,62101.2,62394.1,333.0641846
2026-06-23 20:00:00,62390.7,62798.9,62378.9,62726.7,158.13703202
2026-06-24 00:00:00,62726.7,63110.8,62467.5,62725.4,204.71726359
2026-06-24 04:00:00,62734.9,63071.7,62533.5,62656.7,310.88845235
2026-06-24 08:00:00,62662.2,63237.7,62322.0,62922.7,268.6231702
2026-06-24 12:00:00,62922.8,62977.3,60263.2,60273.5,1060.71152301
2026-06-24 16:00:00,60273.5,60680.5,59116.1,59974.0,965.0099063078596
2026-06-24 20:00:00,59958.1,61269.0,59851.4,61079.1,447.95197666
2026-06-25 00:00:00,61081.6,61157.9,60686.1,60881.6,179.46865343
2026-06-25 04:00:00,60882.9,61956.3,60792.2,61908.3,275.1885523
2026-06-25 08:00:00,61914.2,61922.6,61060.5,61279.1,285.53822161
2026-06-25 12:00:00,61279.1,61740.9,58121.0,59554.2,1615.14545343
2026-06-25 16:00:00,59571.0,60061.9,59138.1,59314.9,486.30854686
2026-06-25 20:00:00,59318.7,60254.0,59318.7,59792.8,230.3974566951708
2026-06-26 00:00:00,59796.7,60118.5,58337.0,60041.1,506.80330565
2026-06-26 04:00:00,60037.5,60762.6,59703.1,60530.1,297.98858347
2026-06-26 08:00:00,60528.0,60571.8,59242.1,59416.8,288.2650643
2026-06-26 12:00:00,59416.7,60500.0,58500.0,60333.7,819.79295152
2026-06-26 16:00:00,60324.2,60587.1,59562.9,59750.7,311.38347475
2026-06-26 20:00:00,59753.8,60116.6,59577.1,60099.6,181.09699698
2026-06-27 00:00:00,60099.7,60410.1,59875.6,60309.7,142.85119701
2026-06-27 04:00:00,60304.8,60579.0,60119.5,60549.0,179.02076969
2026-06-27 08:00:00,60549.0,60549.0,60192.4,60364.2,149.68120902
2026-06-27 12:00:00,60364.3,60940.1,60253.2,60843.4,170.64104985
2026-06-27 16:00:00,60843.5,60854.5,60081.3,60176.0,169.89275235
2026-06-27 20:00:00,60176.1,60480.1,59858.2,60028.5,104.54505401037774
2026-06-28 00:00:00,60028.6,60335.0,59992.5,60202.0,79.71064724
2026-06-28 04:00:00,60202.1,60265.6,59753.2,60222.3,153.13159018
2026-06-28 08:00:00,60222.3,60549.5,60072.3,60338.6,147.88436231
2026-06-28 12:00:00,60338.6,60450.0,59818.8,59885.7,196.56525681
2026-06-28 16:00:00,59885.8,59937.8,59275.4,59481.3,256.30103074
2026-06-28 20:00:00,59481.2,59908.9,58902.1,59578.6,232.69676086
2026-06-29 00:00:00,59579.5,60225.9,58903.6,60047.2,232.87376828
2026-06-29 04:00:00,60045.4,60338.0,59386.3,60030.6,162.45069628
2026-06-29 08:00:00,60025.6,60311.6,59744.6,59972.0,281.99003327
2026-06-29 12:00:00,59962.3,60775.2,59005.8,59821.6,805.51350049
2026-06-29 16:00:00,59827.2,60674.1,59578.6,60424.8,395.10472509
2026-06-29 20:00:00,60430.6,60586.6,60198.0,60258.4,177.49735841
2026-06-30 00:00:00,60258.4,60275.8,59600.0,59627.5,155.19655297
2026-06-30 04:00:00,59620.5,59719.3,59365.2,59526.1,281.12008102
2026-06-30 08:00:00,59524.4,59553.5,59121.8,59186.5,346.64911151
2026-06-30 12:00:00,59186.5,59274.7,58196.6,58379.3,626.26523486
2026-06-30 16:00:00,58390.7,58834.2,58258.1,58821.2,258.7388638
2026-06-30 20:00:00,58801.0,58872.9,58507.3,58631.5,112.11588044
2026-07-01 00:00:00,58631.5,59324.5,57808.4,59196.3,461.26465178
2026-07-01 04:00:00,59196.4,59461.6,58542.3,58770.2,276.55412579
2026-07-01 08:00:00,58770.2,59089.5,58500.1,58622.1,269.43849421816805
2026-07-01 12:00:00,58622.1,60530.1,58328.8,60141.4,667.07789266
2026-07-01 16:00:00,60148.9,60353.8,59779.6,60030.9,242.29377834
2026-07-01 20:00:00,60031.0,61323.2,59871.3,60020.1,394.21143519773904
2026-07-02 00:00:00,60026.1,61119.6,59593.8,61062.3,248.29225084
2026-07-02 04:00:00,61055.3,61058.8,60111.0,60151.6,213.91426636
2026-07-02 08:00:00,60151.7,61430.2,60136.0,61357.6,497.37111648
2026-07-02 12:00:00,61355.1,62201.4,61153.2,61612.2,440.1759261300295
2026-07-02 16:00:00,61618.1,61959.0,61141.6,61475.8,281.04923090539916
2026-07-02 20:00:00,61470.1,61649.7,61339.6,61558.6,119.10452333
2026-07-03 00:00:00,61556.5,61726.0,61230.0,61432.0,144.10766928
2026-07-03 04:00:00,61432.1,61861.7,61331.7,61757.8,111.77105219074042
2026-07-03 08:00:00,61757.8,62106.2,61510.0,62022.8,200.15554535
2026-07-03 12:00:00,62023.2,62410.0,61707.8,61926.8,350.65370104
2026-07-03 16:00:00,61926.8,62321.4,61914.4,62206.8,169.59201038
2026-07-03 20:00:00,62206.8,62960.0,62186.0,62584.5,233.23239392
2026-07-04 00:00:00,62584.4,62950.0,62405.9,62625.6,143.12217278
2026-07-04 04:00:00,62625.7,62748.8,62327.5,62570.8,140.02464662
2026-07-04 08:00:00,62568.9,62665.7,62412.6,62482.5,136.52508151
2026-07-04 12:00:00,62482.6,63082.9,62482.5,62934.5,199.1604889
2026-07-04 16:00:00,62934.5,63462.7,62782.1,63295.4,186.89073848
2026-07-04 20:00:00,63292.5,63454.3,62928.5,63142.2,127.15851622
2026-07-05 00:00:00,63142.3,63142.3,62598.1,62769.1,104.68664593
2026-07-05 04:00:00,62769.1,63056.9,62651.1,63016.2,146.82477475
2026-07-05 08:00:00,63016.3,63105.2,62437.1,62651.6,133.38115119
2026-07-05 12:00:00,62651.5,62940.4,62559.7,62736.9,150.46995965
2026-07-05 16:00:00,62737.0,62878.4,62596.8,62776.5,129.50893816
2026-07-05 20:00:00,62774.1,63993.2,62610.2,63649.9,231.19867248
2026-07-06 00:00:00,63641.0,63916.7,63138.7,63298.9,136.0484822
2026-07-06 04:00:00,63299.0,63400.1,62892.0,63095.0,122.78120821469511
2026-07-06 08:00:00,63095.0,63248.9,62481.0,62488.0,226.47791164
2026-07-06 12:00:00,62480.9,63552.3,61314.1,63545.0,717.74549461
2026-07-06 16:00:00,63544.9,63973.9,63378.1,63741.9,249.622457
2026-07-06 20:00:00,63731.7,64701.0,63591.7,64039.1,212.30776838
2026-07-07 00:00:00,64041.4,64313.8,63157.3,63188.0,209.21863908
2026-07-07 04:00:00,63187.9,63447.5,62799.8,63087.1,147.83246764
2026-07-07 08:00:00,63087.2,63466.1,62983.1,63403.3,292.45030168840566
2026-07-07 12:00:00,63403.4,64108.6,62676.7,63938.2,364.52788082
2026-07-07 16:00:00,63935.5,64242.1,63385.3,63826.6,208.15307829
2026-07-07 20:00:00,63826.6,63907.4,63212.3,63361.9,121.27937682
2026-07-08 00:00:00,63361.0,63758.0,62541.7,62763.9,163.9625645
2026-07-08 04:00:00,62769.1,62908.7,62483.5,62885.9,117.05056937
2026-07-08 08:00:00,62885.8,62939.4,61746.0,62299.9,322.86783972
2026-07-08 12:00:00,62299.9,62425.0,61548.9,61707.2,401.24128537
2026-07-08 16:00:00,61701.8,62392.7,61693.6,62281.4,170.20185872
2026-07-08 20:00:00,62273.5,62353.9,61964.1,62290.4,144.56241271
2026-07-09 00:00:00,62290.4,62648.3,61701.9,61974.2,173.17876335
2026-07-09 04:00:00,61974.1,63270.6,61962.8,62995.0,304.35266241
2026-07-09 08:00:00,62995.1,63087.6,62613.8,62781.3,261.03753715
2026-07-09 12:00:00,62781.3,63252.8,62461.2,62864.9,455.39883249
2026-07-09 16:00:00,62865.0,63492.7,62559.2,63246.9,252.04031444
2026-07-09 20:00:00,63246.9,63409.6,63058.3,63229.6,161.88364593
2026-07-10 00:00:00,63229.6,64045.0,62915.0,63949.4,214.77607249
2026-07-10 04:00:00,63949.5,64197.5,63803.2,63974.2,154.79301887
2026-07-10 08:00:00,63974.2,64497.2,63969.6,64425.9,230.52522067
2026-07-10 12:00:00,64431.1,64695.9,63790.8,64030.3,284.17111142
2026-07-10 16:00:00,64035.3,64221.2,63738.8,63929.8,152.54860582
2026-07-10 20:00:00,63925.9,64206.4,63656.1,64160.0,168.42127923
2026-07-11 00:00:00,64161.3,64312.5,63985.2,64154.5,101.86382492
2026-07-11 04:00:00,64154.5,64280.7,64078.6,64161.5,79.88948173
2026-07-11 08:00:00,64161.6,64310.4,64144.6,64212.1,96.70794298
2026-07-11 12:00:00,64212.1,64511.9,63914.9,64176.5,162.85216707
2026-07-11 16:00:00,64176.6,64400.0,64090.4,64287.7,80.59521601
2026-07-11 20:00:00,64287.7,64463.9,63819.9,63822.0,102.71940754
2026-07-12 00:00:00,63821.0,64217.4,63706.5,64214.7,120.93021450881325
2026-07-12 04:00:00,64214.8,64244.4,63641.2,63883.6,94.11465256
2026-07-12 08:00:00,63883.6,64100.3,63757.0,64014.8,116.5098011
2026-07-12 12:00:00,64014.7,64293.0,63960.4,64174.1,124.63482452
2026-07-12 16:00:00,64175.5,64271.9,64009.6,64226.6,101.99843543
2026-07-12 20:00:00,64226.6,64252.7,63663.2,63781.7,105.47692649
2026-07-13 00:00:00,63781.6,64426.0,62733.2,62809.3,285.47552349
2026-07-13 04:00:00,62809.3,63058.0,62508.2,62987.3,209.89941764
2026-07-13 08:00:00,62987.3,63283.9,62862.8,62904.9,181.53619798
2026-07-13 12:00:00,62904.9,62992.0,62101.8,62614.3,338.38321177
2026-07-13 16:00:00,62614.3,62625.9,61830.0,62293.8,237.55455618
2026-07-13 20:00:00,62286.7,62349.7,61883.3,62336.8,162.69869536
2026-07-14 00:00:00,62336.8,62662.0,62272.3,62572.0,153.30633523
2026-07-14 04:00:00,62570.1,62870.8,62513.8,62551.2,119.53465761
2026-07-14 08:00:00,62551.1,62926.0,62500.0,62842.9,157.70767098
2026-07-14 12:00:00,62842.9,64953.0,62783.8,64745.3,559.1117658
2026-07-14 16:00:00,64745.4,64897.4,64275.7,64561.9,244.7868597
2026-07-14 20:00:00,64566.1,65100.0,64414.5,65030.3,200.60547954
2026-07-15 00:00:00,65038.0,65060.5,64484.3,64790.5,123.85139652625608
2026-07-15 04:00:00,64788.0,65279.9,64475.6,64547.3,189.13536341
2026-07-15 08:00:00,64547.2,64913.0,64547.2,64729.4,160.78982764
2026-07-15 12:00:00,64729.5,65597.3,64600.0,65420.9,428.65905543
2026-07-15 16:00:00,65424.1,65468.9,64736.2,64972.7,257.94209341
2026-07-15 20:00:00,64972.6,65061.9,64689.0,64749.2,164.14730615
2026-07-16 00:00:00,64749.1,64844.8,64399.6,64616.2,144.0665135
2026-07-16 04:00:00,64620.8,64998.5,64083.1,64233.0,152.47727622
2026-07-16 08:00:00,64233.0,64363.3,63888.1,64250.3,204.16786701
2026-07-16 12:00:00,64244.9,64900.0,63859.2,64703.0,251.95483506
2026-07-16 16:00:00,64708.2,64711.0,63989.5,64269.6,181.4159921
2026-07-16 20:00:00,64261.1,64275.6,63750.0,63833.5,165.94404882
2026-07-17 00:00:00,63833.5,64067.0,63393.0,63569.6,196.28005794
2026-07-17 04:00:00,63568.8,63579.3,62712.5,62830.8,207.383933
2026-07-17 08:00:00,62830.8,63356.6,62664.8,63292.4,183.36983969
2026-07-17 12:00:00,63292.4,63513.0,62538.3,63457.4,349.94431214
2026-07-17 16:00:00,63457.5,64390.1,63310.0,64166.0,224.78325395
2026-07-17 20:00:00,64155.0,64217.1,63883.7,63929.5,111.71171293
2026-07-18 00:00:00,63930.5,64031.7,63885.3,64014.7,77.62709648
2026-07-18 04:00:00,64014.8,64025.9,63926.1,64007.1,63.7333206
2026-07-18 08:00:00,64006.5,64092.1,63924.6,64058.9,65.71102973
2026-07-18 12:00:00,64059.0,64258.5,63963.8,64119.5,111.0247117406715
2026-07-18 16:00:00,64119.5,64663.0,64086.2,64561.0,179.3394364
2026-07-18 20:00:00,64557.7,64844.9,64514.3,64727.5,106.96184489
