datetime,open,high,low,close,volume
2025-07-20 16:00:00,3785.9,3824.04,3763.06,3809.01,7325.3925436
2025-07-20 17:00:00,3809.01,3809.01,3730.95,3738.23,7256.3073026
2025-07-20 18:00:00,3738.92,3757.4,3731.13,3750.04,3598.56078016
2025-07-20 19:00:00,3750.05,3773.0,3744.94,3749.93,3668.16238194
2025-07-20 20:00:00,3749.83,3754.23,3716.98,3740.14,4644.4137432
2025-07-20 21:00:00,3740.14,3772.42,3727.87,3770.12,3656.1881062
2025-07-20 22:00:00,3770.11,3771.32,3681.75,3746.93,7561.42280052
2025-07-20 23:00:00,3747.31,3768.01,3733.7,3756.99,3541.04707734
2025-07-21 00:00:00,3756.88,3756.89,3709.19,3746.68,4534.5118795
2025-07-21 01:00:00,3746.67,3753.24,3701.36,3723.81,3566.3612163
2025-07-21 02:00:00,3723.81,3749.56,3722.22,3743.28,3120.01688657
2025-07-21 03:00:00,3743.51,3766.1,3743.51,3757.18,2676.1140144
2025-07-21 04:00:00,3757.19,3779.3,3753.59,3761.63,3829.687465
2025-07-21 05:00:00,3761.63,3783.86,3747.56,3782.3,2995.2637805
2025-07-21 06:00:00,3782.31,3812.0,3776.49,3786.97,6312.026586
2025-07-21 07:00:00,3786.96,3811.44,3780.25,3787.68,3703.8122788
2025-07-21 08:00:00,3787.69,3811.26,3762.9,3777.6,3535.7338235
2025-07-21 09:00:00,3777.61,3785.44,3755.87,3772.09,3019.9591906
2025-07-21 10:00:00,3772.09,3821.65,3768.69,3810.92,4022.2161568
2025-07-21 11:00:00,3810.72,3839.5,3791.52,3808.96,5142.0123379
2025-07-21 12:00:00,3808.96,3826.02,3793.19,3810.8,3690.8307232
2025-07-21 13:00:00,3810.8,3823.62,3776.05,3819.44,5498.62215489
2025-07-21 14:00:00,3819.64,3857.43,3795.25,3840.99,6499.3670964
2025-07-21 15:00:00,3840.81,3851.96,3807.93,3810.28,4462.1237044
2025-07-21 16:00:00,3810.28,3817.41,3749.28,3767.99,7739.55531305
2025-07-21 17:00:00,3768.07,3789.92,3737.24,3769.64,4287.69347312
2025-07-21 18:00:00,3769.95,3800.0,3731.56,3737.41,3994.420986
2025-07-21 19:00:00,3737.32,3769.79,3719.41,3734.86,4525.7761901
2025-07-21 20:00:00,3736.27,3764.83,3719.65,3756.02,3335.35845759
2025-07-21 21:00:00,3755.44,3764.45,3744.71,3750.61,1719.8550818
2025-07-21 22:00:00,3750.61,3779.39,3746.5,3761.28,1682.6447887
2025-07-21 23:00:00,3761.3,3774.98,3748.68,3762.08,1576.867643
2025-07-22 00:00:00,3762.23,3775.67,3741.55,3743.1,2066.49582195
2025-07-22 01:00:00,3743.11,3798.5,3695.9,3794.2,6305.8000267
2025-07-22 02:00:00,3794.35,3795.0,3730.96,3737.45,2793.1265763
2025-07-22 03:00:00,3737.44,3744.98,3707.98,3731.96,3459.2415927
2025-07-22 04:00:00,3731.62,3734.09,3651.37,3655.19,5098.6513132
2025-07-22 05:00:00,3655.18,3697.04,3653.78,3689.92,3873.5437493
2025-07-22 06:00:00,3689.93,3716.77,3676.66,3690.68,2781.27660531
2025-07-22 07:00:00,3691.06,3713.65,3666.43,3677.23,3354.66184105
2025-07-22 08:00:00,3676.8,3676.8,3621.47,3649.84,6360.0136634
2025-07-22 09:00:00,3649.84,3667.38,3616.7,3660.54,4894.33839733
2025-07-22 10:00:00,3660.53,3697.98,3659.23,3697.98,2872.3387877
2025-07-22 11:00:00,3697.99,3719.47,3683.79,3705.84,3565.58946823
2025-07-22 12:00:00,3705.76,3711.18,3691.26,3701.43,2362.97330561
2025-07-22 13:00:00,3701.99,3706.48,3633.86,3647.49,5319.6765109
2025-07-22 14:00:00,3647.3,3706.98,3625.21,3706.03,4565.4641282
2025-07-22 15:00:00,3706.02,3728.7,3693.36,3717.83,4900.53415827
2025-07-22 16:00:00,3717.83,3748.74,3709.72,3717.22,3485.5830773
2025-07-22 17:00:00,3717.18,3721.37,3676.63,3699.84,3645.5414532
2025-07-22 18:00:00,3699.27,3723.89,3680.21,3711.14,3587.9405555
2025-07-22 19:00:00,3710.5,3719.9,3655.38,3669.96,3466.9336682
2025-07-22 20:00:00,3669.81,3710.66,3661.72,3706.36,3571.7708821
2025-07-22 21:00:00,3706.73,3710.85,3695.1,3705.53,1394.6505094
2025-07-22 22:00:00,3705.54,3730.6,3705.54,3719.97,2271.3899209
2025-07-22 23:00:00,3719.98,3750.87,3717.66,3746.31,2814.77560069
2025-07-23 00:00:00,3746.32,3762.0,3725.01,3725.89,3017.6280554
2025-07-23 01:00:00,3725.56,3741.76,3712.65,3739.07,1936.1130481
2025-07-23 02:00:00,3738.66,3763.92,3724.16,3745.29,3296.3673175
2025-07-23 03:00:00,3745.3,3758.75,3725.09,3728.5,2316.8608599
2025-07-23 04:00:00,3728.24,3735.54,3719.18,3734.85,1589.5606736
2025-07-23 05:00:00,3734.85,3737.49,3702.6,3714.4,1859.2480153
2025-07-23 06:00:00,3713.66,3715.66,3686.55,3695.42,2451.9332571
2025-07-23 07:00:00,3694.92,3699.66,3663.84,3673.75,3179.0981451
2025-07-23 08:00:00,3673.74,3692.64,3667.81,3692.28,2611.8803039
2025-07-23 09:00:00,3692.28,3698.66,3650.0,3658.78,2414.3112831
2025-07-23 10:00:00,3659.2,3669.43,3640.6,3665.87,2491.3156667
2025-07-23 11:00:00,3665.87,3676.53,3649.03,3672.16,1956.6205994
2025-07-23 12:00:00,3672.16,3680.83,3634.51,3640.36,2799.9254826
2025-07-23 13:00:00,3640.37,3665.83,3567.04,3587.21,10480.05851666
2025-07-23 14:00:00,3587.21,3624.9,3580.51,3618.19,5145.27987315
2025-07-23 15:00:00,3617.45,3646.56,3597.84,3644.4,3488.3318536
2025-07-23 16:00:00,3644.4,3644.4,3567.78,3570.88,4785.9333885
2025-07-23 17:00:00,3571.12,3594.48,3552.44,3586.87,5666.63958952
2025-07-23 18:00:00,3587.26,3606.99,3585.96,3604.31,2190.0315771
2025-07-23 19:00:00,3604.32,3612.7,3583.32,3587.96,2475.5541272
2025-07-23 20:00:00,3587.34,3604.92,3542.85,3567.24,5685.91962184
2025-07-23 21:00:00,3567.85,3593.27,3526.58,3590.41,4491.2712404
2025-07-23 22:00:00,3591.55,3619.61,3577.89,3610.0,2205.7634464
2025-07-23 23:00:00,3610.0,3634.14,3608.88,3628.15,2049.8200319
2025-07-24 00:00:00,3628.16,3645.99,3612.16,3645.98,2550.243029
2025-07-24 01:00:00,3645.99,3648.26,3626.14,3647.52,1876.87584114
2025-07-24 02:00:00,3647.59,3652.08,3637.54,3649.68,1539.4540048
2025-07-24 03:00:00,3649.68,3665.28,3638.98,3640.7,2152.3872936
2025-07-24 04:00:00,3640.97,3657.49,3601.83,3609.14,3113.7052895
2025-07-24 05:00:00,3609.14,3610.07,3556.07,3556.77,4122.6894626
2025-07-24 06:00:00,3556.35,3579.22,3526.26,3544.78,3585.8342574
2025-07-24 07:00:00,3544.29,3596.0,3505.1,3591.79,4533.36280083
2025-07-24 08:00:00,3591.78,3644.56,3580.77,3633.61,3569.8157673
2025-07-24 09:00:00,3633.91,3643.49,3618.06,3636.43,3682.7892489
2025-07-24 10:00:00,3636.11,3657.43,3591.63,3621.46,4539.8794297
2025-07-24 11:00:00,3620.98,3660.99,3619.48,3655.33,3670.3330755
2025-07-24 12:00:00,3655.25,3659.93,3619.91,3642.5,4819.3616478
2025-07-24 13:00:00,3642.5,3655.86,3626.73,3630.08,4185.4982892
2025-07-24 14:00:00,3630.09,3737.62,3612.13,3734.73,7433.98141511
2025-07-24 15:00:00,3734.74,3771.09,3706.74,3730.58,8035.3955949
2025-07-24 16:00:00,3730.77,3732.3,3666.81,3686.6,6278.7646256
2025-07-24 17:00:00,3686.68,3734.19,3682.59,3724.34,4455.3282409
2025-07-24 18:00:00,3724.49,3750.21,3712.32,3741.05,3713.9974719
2025-07-24 19:00:00,3741.05,3753.9,3720.76,3733.1,4231.0058353
2025-07-24 20:00:00,3732.66,3743.03,3722.62,3735.62,2483.9315019
2025-07-24 21:00:00,3735.62,3742.68,3710.48,3725.86,3486.8610193
2025-07-24 22:00:00,3725.86,3734.32,3701.37,3724.34,3680.86219236
2025-07-24 23:00:00,3724.08,3724.08,3695.23,3706.85,4223.0273807
2025-07-25 00:00:00,3707.15,3708.56,3646.35,3659.56,4849.75072484
2025-07-25 01:00:00,3659.56,3691.21,3641.28,3683.17,4404.4091371
2025-07-25 02:00:00,3683.17,3691.21,3615.62,3616.0,7945.4954406
2025-07-25 03:00:00,3615.61,3633.57,3574.28,3596.0,9164.6532682
2025-07-25 04:00:00,3595.72,3651.53,3579.65,3648.45,3635.2480769
2025-07-25 05:00:00,3648.59,3649.7,3611.3,3633.67,3728.9085276
2025-07-25 06:00:00,3633.68,3643.9,3611.99,3631.73,2948.9179319
2025-07-25 07:00:00,3631.34,3667.4,3599.34,3631.72,4755.6522172
2025-07-25 08:00:00,3631.73,3677.73,3629.18,3664.52,4204.4932992
2025-07-25 09:00:00,3665.01,3732.42,3649.77,3726.22,4811.8190409
2025-07-25 10:00:00,3726.47,3746.39,3705.75,3718.66,3704.9997376
2025-07-25 11:00:00,3719.33,3743.8,3716.16,3721.36,2316.5194924
2025-07-25 12:00:00,3721.36,3734.87,3694.8,3704.48,3781.0328165
2025-07-25 13:00:00,3704.49,3719.94,3677.22,3706.41,4316.4878458
2025-07-25 14:00:00,3706.42,3708.67,3622.16,3629.64,5329.2581504
2025-07-25 15:00:00,3629.34,3647.23,3602.05,3634.52,3910.7610406
2025-07-25 16:00:00,3634.52,3645.35,3617.07,3641.45,2782.2501552
2025-07-25 17:00:00,3640.47,3652.5,3621.73,3636.94,1849.0812148
2025-07-25 18:00:00,3636.47,3657.63,3635.54,3650.6,2056.551682
2025-07-25 19:00:00,3650.31,3659.85,3641.39,3641.42,1469.355488
2025-07-25 20:00:00,3641.66,3697.92,3640.08,3684.85,3270.95742437
2025-07-25 21:00:00,3685.55,3726.92,3685.55,3719.58,3729.9810328
2025-07-25 22:00:00,3719.92,3730.0,3715.21,3720.7,1942.6042405
2025-07-25 23:00:00,3720.15,3730.0,3709.56,3724.81,1165.0208595
2025-07-26 00:00:00,3724.95,3728.42,3711.19,3725.35,1275.47559585
2025-07-26 01:00:00,3725.82,3725.82,3698.15,3702.01,1259.74582481
2025-07-26 02:00:00,3701.75,3766.54,3701.75,3742.18,4540.0041994
2025-07-26 03:00:00,3742.18,3746.7,3728.65,3738.96,1427.479386
2025-07-26 04:00:00,3738.96,3753.13,3737.1,3748.1,1296.1036287
2025-07-26 05:00:00,3748.11,3756.58,3734.0,3748.26,1099.9515764
2025-07-26 06:00:00,3748.18,3750.7,3731.47,3739.57,972.6525516
2025-07-26 07:00:00,3739.57,3748.17,3738.09,3741.99,826.1603719
2025-07-26 08:00:00,3741.98,3779.14,3741.98,3762.29,2470.9663796
2025-07-26 09:00:00,3762.29,3765.36,3749.34,3759.21,1653.8370003
2025-07-26 10:00:00,3759.22,3782.75,3752.7,3759.58,2408.3926111
2025-07-26 11:00:00,3759.79,3769.85,3730.97,3739.39,2977.7398604
2025-07-26 12:00:00,3739.39,3751.93,3725.87,3742.15,2580.85817777
2025-07-26 13:00:00,3742.01,3754.36,3736.26,3743.61,1397.088573
2025-07-26 14:00:00,3743.63,3748.25,3724.86,3727.86,2306.3607071
2025-07-26 15:00:00,3727.86,3739.88,3715.97,3735.6,1668.6071461
2025-07-26 16:00:00,3735.61,3741.79,3719.99,3727.82,1659.0829852
2025-07-26 17:00:00,3727.87,3734.79,3721.78,3723.72,1159.5492369
2025-07-26 18:00:00,3723.73,3755.84,3708.68,3740.29,3076.06991781
2025-07-26 19:00:00,3740.3,3756.2,3740.3,3750.78,1145.5220018
2025-07-26 20:00:00,3750.54,3751.55,3733.95,3745.37,1449.6979369
2025-07-26 21:00:00,3745.16,3763.78,3738.03,3758.74,978.4447374
2025-07-26 22:00:00,3759.34,3793.75,3742.64,3750.44,3704.5017812
2025-07-26 23:00:00,3750.44,3755.35,3736.98,3741.19,1276.52505767
2025-07-27 00:00:00,3741.63,3756.16,3730.81,3756.16,1444.2201113
2025-07-27 01:00:00,3756.17,3772.39,3750.72,3756.44,1577.106788
2025-07-27 02:00:00,3756.44,3787.63,3752.07,3784.54,1674.86224696
2025-07-27 03:00:00,3784.71,3786.03,3770.72,3773.98,1161.00877067
2025-07-27 04:00:00,3773.98,3791.17,3768.67,3790.96,1183.8282719
2025-07-27 05:00:00,3790.95,3810.54,3783.39,3790.95,4496.5525774
2025-07-27 06:00:00,3791.1,3791.56,3763.9,3772.21,1762.0144696
2025-07-27 07:00:00,3772.21,3782.63,3763.07,3767.94,1242.5744206
2025-07-27 08:00:00,3767.94,3776.14,3764.74,3771.19,1116.9520272
2025-07-27 09:00:00,3771.18,3773.9,3750.9,3763.48,1690.7404426
2025-07-27 10:00:00,3763.49,3840.68,3763.46,3816.79,4862.2140489
2025-07-27 11:00:00,3817.25,3835.6,3804.2,3815.11,3198.32857803
2025-07-27 12:00:00,3814.98,3836.26,3805.88,3825.84,3892.3736719
2025-07-27 13:00:00,3825.79,3830.7,3807.0,3810.65,1346.1794378
2025-07-27 14:00:00,3810.65,3822.78,3792.03,3809.66,2121.9270564
2025-07-27 15:00:00,3809.13,3820.91,3793.27,3818.72,1755.0541281
2025-07-27 16:00:00,3818.72,3851.2,3811.51,3816.6,4632.2208483
2025-07-27 17:00:00,3816.29,3841.74,3809.28,3838.0,2418.554154
2025-07-27 18:00:00,3838.17,3868.35,3833.38,3845.97,3637.2783636
2025-07-27 19:00:00,3845.97,3851.87,3826.78,3828.02,1281.7503219
2025-07-27 20:00:00,3828.33,3843.03,3820.0,3822.36,1608.6743317
2025-07-27 21:00:00,3822.71,3840.55,3816.32,3837.33,1639.6083798
2025-07-27 22:00:00,3837.33,3879.24,3836.24,3864.19,3338.123327
2025-07-27 23:00:00,3864.01,3875.82,3839.0,3872.45,2686.9090296
2025-07-28 00:00:00,3872.45,3886.51,3855.66,3862.0,3082.39969
2025-07-28 01:00:00,3862.0,3864.99,3844.47,3849.21,1767.5838786
2025-07-28 02:00:00,3849.67,3907.3,3843.21,3886.07,4502.7845774
2025-07-28 03:00:00,3885.71,3893.34,3868.59,3879.82,1632.6002519
2025-07-28 04:00:00,3879.82,3904.65,3868.56,3901.85,2152.7933572
2025-07-28 05:00:00,3901.85,3940.76,3900.74,3929.4,4321.4734835
2025-07-28 06:00:00,3929.39,3933.58,3909.42,3912.09,2468.4434213
2025-07-28 07:00:00,3912.46,3913.79,3876.4,3893.24,3919.4042177
2025-07-28 08:00:00,3893.18,3902.4,3882.98,3891.71,2589.5214568
2025-07-28 09:00:00,3891.71,3895.68,3872.44,3893.84,3449.2594399
2025-07-28 10:00:00,3894.3,3896.93,3876.21,3887.52,3025.150423
2025-07-28 11:00:00,3887.52,3893.36,3859.56,3879.49,3245.6844051
2025-07-28 12:00:00,3879.49,3889.61,3868.37,3870.47,3796.2884369
2025-07-28 13:00:00,3870.61,3874.5,3825.9,3843.3,10422.48766955
2025-07-28 14:00:00,3843.56,3852.07,3773.26,3784.95,11964.41943132
2025-07-28 15:00:00,3784.68,3822.33,3781.28,3807.95,4147.6505957
2025-07-28 16:00:00,3807.94,3822.64,3793.29,3806.61,2977.8661603
2025-07-28 17:00:00,3806.45,3810.02,3778.92,3784.23,3360.3827628
2025-07-28 18:00:00,3784.39,3787.89,3753.73,3782.45,4414.5481959
2025-07-28 19:00:00,3782.45,3806.37,3764.85,3797.0,3265.4976625
2025-07-28 20:00:00,3797.62,3803.48,3765.96,3788.1,2757.57314553
2025-07-28 21:00:00,3787.85,3802.96,3775.51,3789.1,1534.0175279
2025-07-28 22:00:00,3789.09,3803.0,3766.02,3786.21,1768.2553478
2025-07-28 23:00:00,3787.0,3799.96,3774.71,3797.94,1652.856679
2025-07-29 00:00:00,3797.94,3821.21,3743.0,3780.28,4456.0188781
2025-07-29 01:00:00,3780.3,3798.47,3758.19,3758.71,1721.4279535
2025-07-29 02:00:00,3758.71,3773.34,3730.19,3759.14,2291.514201
2025-07-29 03:00:00,3758.94,3798.13,3758.94,3791.9,2203.1981836
2025-07-29 04:00:00,3791.93,3801.74,3775.81,3777.5,1517.9017958
2025-07-29 05:00:00,3778.25,3807.86,3778.25,3807.63,1222.6059082
2025-07-29 06:00:00,3807.63,3834.08,3801.92,3829.08,3259.8365929
2025-07-29 07:00:00,3828.99,3880.0,3828.99,3877.23,4376.9364162
2025-07-29 08:00:00,3877.24,3885.68,3860.01,3872.01,2254.57102026
2025-07-29 09:00:00,3872.21,3879.42,3864.25,3872.19,989.37213296
2025-07-29 10:00:00,3872.19,3874.22,3824.58,3829.12,2697.5531469
2025-07-29 11:00:00,3829.12,3839.15,3811.51,3825.3,2107.0704018
2025-07-29 12:00:00,3825.29,3859.67,3822.56,3852.64,3243.1633393
2025-07-29 13:00:00,3852.53,3874.0,3829.17,3838.32,3471.2457252
2025-07-29 14:00:00,3839.47,3839.49,3769.93,3782.19,5682.1121488
2025-07-29 15:00:00,3781.97,3783.14,3747.31,3761.43,4319.2316066
2025-07-29 16:00:00,3760.99,3768.84,3716.45,3751.04,5375.1486865
2025-07-29 17:00:00,3751.35,3793.7,3744.85,3769.63,4250.29449373
2025-07-29 18:00:00,3769.69,3776.58,3751.5,3770.59,2109.4194235
2025-07-29 19:00:00,3771.0,3796.19,3758.55,3765.9,2566.8573526
2025-07-29 20:00:00,3765.89,3784.26,3741.55,3765.32,3678.5158141
2025-07-29 21:00:00,3765.4,3785.0,3753.81,3780.95,1764.0714045
2025-07-29 22:00:00,3780.74,3794.47,3759.04,3791.93,1599.875209
2025-07-29 23:00:00,3792.0,3801.68,3783.2,3793.97,1842.6004588
2025-07-30 00:00:00,3793.97,3794.51,3755.99,3774.59,2622.7116302
2025-07-30 01:00:00,3774.97,3811.9,3762.28,3791.49,2212.8041038
2025-07-30 02:00:00,3791.5,3821.93,3784.92,3812.48,1388.25274779
2025-07-30 03:00:00,3812.48,3828.09,3805.4,3817.11,1062.253062
2025-07-30 04:00:00,3817.6,3824.96,3799.36,3808.02,1121.6730927
2025-07-30 05:00:00,3808.45,3815.09,3786.54,3810.12,1420.733934
2025-07-30 06:00:00,3810.12,3829.66,3809.25,3824.56,1488.72588656
2025-07-30 07:00:00,3824.33,3833.7,3803.36,3811.05,1707.8499249
2025-07-30 08:00:00,3811.04,3825.24,3797.53,3815.04,1734.60321522
2025-07-30 09:00:00,3815.03,3819.7,3775.51,3786.5,2524.8942629
2025-07-30 10:00:00,3786.5,3806.86,3769.19,3773.55,1679.8136233
2025-07-30 11:00:00,3774.34,3785.7,3744.2,3758.0,3611.96783108
2025-07-30 12:00:00,3758.13,3785.0,3749.6,3774.23,2658.8451257
2025-07-30 13:00:00,3773.82,3785.47,3750.14,3766.9,2948.8004587
2025-07-30 14:00:00,3766.67,3831.38,3764.35,3818.99,3082.83504342
2025-07-30 15:00:00,3819.31,3821.98,3777.52,3796.98,2802.2663647
2025-07-30 16:00:00,3797.14,3817.09,3780.8,3795.92,2627.7752107
2025-07-30 17:00:00,3795.99,3814.83,3792.0,3804.88,1920.7963534
2025-07-30 18:00:00,3805.06,3821.97,3736.83,3738.38,5627.7808828
2025-07-30 19:00:00,3737.61,3773.16,3677.45,3760.91,8922.0916183
2025-07-30 20:00:00,3760.61,3787.69,3757.54,3770.73,2650.4773613
2025-07-30 21:00:00,3770.72,3775.26,3742.92,3763.32,1762.0460252
2025-07-30 22:00:00,3763.09,3771.15,3756.09,3764.1,1255.4410069
2025-07-30 23:00:00,3763.38,3811.51,3763.38,3810.43,2146.0200356
2025-07-31 00:00:00,3810.43,3849.71,3801.53,3843.3,3053.1384824
2025-07-31 01:00:00,3843.56,3849.87,3829.57,3837.24,2037.2796929
2025-07-31 02:00:00,3837.23,3863.79,3831.09,3862.66,1827.3531907
2025-07-31 03:00:00,3862.35,3867.51,3855.45,3862.08,1593.9849968
2025-07-31 04:00:00,3862.98,3870.8,3854.32,3870.6,1017.5432885
2025-07-31 05:00:00,3870.61,3870.61,3855.47,3858.48,733.4336592
2025-07-31 06:00:00,3858.71,3878.11,3854.32,3873.3,843.1775801
2025-07-31 07:00:00,3873.3,3876.55,3860.18,3863.31,1192.1408886
2025-07-31 08:00:00,3863.32,3873.04,3857.35,3863.55,1110.302342
2025-07-31 09:00:00,3863.56,3866.34,3854.93,3862.54,834.3990097
2025-07-31 10:00:00,3862.54,3866.22,3852.78,3855.06,848.7123675
2025-07-31 11:00:00,3855.05,3857.45,3826.12,3837.89,1656.6474765
2025-07-31 12:00:00,3837.88,3844.64,3822.61,3833.79,2790.3251314
2025-07-31 13:00:00,3834.27,3834.91,3786.18,3807.87,4229.2344605
2025-07-31 14:00:00,3808.17,3815.58,3766.66,3768.55,3215.2325885
2025-07-31 15:00:00,3769.12,3798.0,3762.9,3788.42,2571.3411448
2025-07-31 16:00:00,3788.42,3818.79,3781.56,3804.65,2735.2297664
2025-07-31 17:00:00,3804.22,3804.81,3768.29,3776.0,2632.94405788
2025-07-31 18:00:00,3775.8,3791.0,3748.41,3775.57,4469.90788341
2025-07-31 19:00:00,3775.58,3781.27,3735.15,3737.87,3413.6193827
2025-07-31 20:00:00,3737.65,3748.73,3717.79,3735.65,3239.5982513
2025-07-31 21:00:00,3735.11,3758.79,3709.96,3731.14,2744.98647208
2025-07-31 22:00:00,3731.15,3731.89,3702.9,3709.3,2817.1948162
2025-07-31 23:00:00,3709.31,3729.76,3685.0,3699.16,3339.6917164
2025-08-01 00:00:00,3698.8,3699.5,3616.55,3681.93,7315.9087293
2025-08-01 01:00:00,3681.72,3696.68,3652.65,3689.65,3878.01190489
2025-08-01 02:00:00,3689.41,3723.94,3681.27,3716.71,2949.6128493
2025-08-01 03:00:00,3716.71,3724.31,3701.51,3705.53,1499.46768116
2025-08-01 04:00:00,3705.52,3705.52,3677.48,3681.97,2285.01611755
2025-08-01 05:00:00,3681.98,3693.49,3665.2,3675.39,1691.9421314
2025-08-01 06:00:00,3675.09,3682.5,3641.05,3662.69,3066.4077649
2025-08-01 07:00:00,3662.46,3669.01,3624.86,3650.82,3541.2487467
2025-08-01 08:00:00,3650.73,3650.73,3585.58,3609.3,5862.80604196
2025-08-01 09:00:00,3609.26,3639.78,3606.29,3617.9,2462.9739688
2025-08-01 10:00:00,3618.08,3633.36,3609.34,3615.17,2634.1614785
2025-08-01 11:00:00,3615.17,3643.12,3606.17,3642.33,2686.724821
2025-08-01 12:00:00,3642.33,3674.59,3630.67,3663.15,5256.8031515
2025-08-01 13:00:00,3663.68,3676.0,3577.55,3599.79,6291.503787
2025-08-01 14:00:00,3599.78,3656.05,3564.71,3632.77,5714.4027488
2025-08-01 15:00:00,3633.05,3635.95,3582.29,3616.2,4813.6729945
2025-08-01 16:00:00,3616.11,3633.8,3576.35,3588.54,3948.151439
2025-08-01 17:00:00,3587.64,3601.8,3563.56,3572.46,3696.0429667
2025-08-01 18:00:00,3572.11,3585.44,3537.07,3550.33,7238.2721392
2025-08-01 19:00:00,3549.3,3560.97,3515.0,3518.2,4935.9241095
2025-08-01 20:00:00,3518.42,3543.43,3492.63,3541.56,6011.2049884
2025-08-01 21:00:00,3541.82,3553.1,3533.33,3536.77,1989.21551
2025-08-01 22:00:00,3536.98,3544.51,3431.0,3463.92,7570.73216242
2025-08-01 23:00:00,3463.81,3493.1,3449.59,3487.91,3188.1404516
2025-08-02 00:00:00,3487.91,3515.16,3478.3,3515.16,3413.9117348
2025-08-02 01:00:00,3515.17,3522.32,3497.02,3517.24,2700.8429714
2025-08-02 02:00:00,3517.05,3527.28,3514.76,3523.55,1286.6720167
2025-08-02 03:00:00,3523.88,3532.4,3519.41,3528.79,982.495816
2025-08-02 04:00:00,3528.79,3534.77,3514.15,3533.64,967.2951778
2025-08-02 05:00:00,3533.64,3537.67,3516.6,3519.86,965.944965
2025-08-02 06:00:00,3519.59,3519.91,3455.53,3480.1,3722.4722164
2025-08-02 07:00:00,3480.09,3521.54,3469.34,3519.01,2860.62564181
2025-08-02 08:00:00,3519.4,3524.14,3487.55,3492.04,2614.0786846
2025-08-02 09:00:00,3491.37,3503.78,3482.4,3492.31,2148.1351193
2025-08-02 10:00:00,3492.32,3495.3,3474.32,3491.05,1723.9288368
2025-08-02 11:00:00,3491.06,3517.94,3482.57,3508.81,1917.07922712
2025-08-02 12:00:00,3508.67,3514.86,3497.15,3508.93,1889.5660627
2025-08-02 13:00:00,3508.71,3516.26,3492.3,3509.02,2191.22198286
2025-08-02 14:00:00,3509.16,3517.33,3467.2,3479.41,3949.2402458
2025-08-02 15:00:00,3478.97,3492.12,3451.07,3459.15,3109.35982553
2025-08-02 16:00:00,3459.05,3476.79,3433.39,3471.69,3920.1830552
2025-08-02 17:00:00,3471.79,3480.6,3414.37,3423.34,3406.7290675
2025-08-02 18:00:00,3423.86,3432.59,3369.8,3383.38,8468.42379563
2025-08-02 19:00:00,3383.22,3424.91,3375.61,3382.9,4378.06528307
2025-08-02 20:00:00,3383.01,3424.48,3381.84,3423.93,2938.7948994
2025-08-02 21:00:00,3423.85,3441.08,3405.98,3412.09,3345.31699842
2025-08-02 22:00:00,3412.09,3427.84,3388.86,3410.71,2173.7088873
2025-08-02 23:00:00,3410.72,3418.61,3368.36,3393.64,3094.8256054
2025-08-03 00:00:00,3394.09,3412.24,3353.3,3410.01,3615.4470359
2025-08-03 01:00:00,3409.61,3423.07,3401.5,3413.27,1696.0071064
2025-08-03 02:00:00,3413.26,3445.27,3413.02,3443.73,1996.0402474
2025-08-03 03:00:00,3443.74,3452.12,3439.5,3444.2,1274.40925752
2025-08-03 04:00:00,3443.71,3447.8,3433.92,3444.18,1172.20734703
2025-08-03 05:00:00,3444.19,3455.78,3441.13,3446.09,1689.0133075
2025-08-03 06:00:00,3445.01,3447.96,3437.17,3440.38,1057.7004688
2025-08-03 07:00:00,3440.38,3459.43,3440.38,3456.37,1279.6663052
2025-08-03 08:00:00,3456.38,3469.0,3453.69,3462.45,1989.0049364
2025-08-03 09:00:00,3462.44,3467.36,3455.27,3466.3,1292.7908701
2025-08-03 10:00:00,3466.3,3488.38,3465.37,3484.94,2063.5447764
2025-08-03 11:00:00,3485.41,3516.25,3484.89,3485.27,2955.15362396
2025-08-03 12:00:00,3485.26,3504.22,3476.0,3489.78,1935.2562548
2025-08-03 13:00:00,3489.78,3500.0,3484.39,3492.27,1868.1789592
2025-08-03 14:00:00,3492.27,3494.58,3464.19,3472.25,2386.5037082
2025-08-03 15:00:00,3472.15,3478.54,3454.79,3476.55,2354.7098469
2025-08-03 16:00:00,3476.54,3496.67,3467.81,3495.31,1884.2288723
2025-08-03 17:00:00,3495.31,3499.36,3480.29,3489.63,1897.3223927
2025-08-03 18:00:00,3489.82,3497.86,3481.54,3496.36,1737.27944362
2025-08-03 19:00:00,3496.48,3515.0,3488.74,3496.79,2935.75043398
2025-08-03 20:00:00,3496.78,3497.76,3478.56,3491.92,2013.26395217
2025-08-03 21:00:00,3491.92,3508.38,3489.03,3502.28,1657.4046732
2025-08-03 22:00:00,3502.28,3514.85,3483.62,3503.12,1984.56566355
2025-08-03 23:00:00,3503.52,3521.71,3495.93,3496.68,2735.7598686
2025-08-04 00:00:00,3496.67,3551.21,3491.05,3546.08,3012.4269305
2025-08-04 01:00:00,3546.08,3559.43,3533.97,3537.39,2451.6473243
2025-08-04 02:00:00,3537.39,3571.31,3524.61,3571.31,2476.6365715
2025-08-04 03:00:00,3571.36,3575.98,3555.14,3556.67,1339.6153232
2025-08-04 04:00:00,3556.68,3565.63,3536.17,3539.55,1724.59734058
2025-08-04 05:00:00,3539.6,3541.38,3524.39,3534.48,1161.5912743
2025-08-04 06:00:00,3533.78,3541.72,3520.59,3539.12,1567.8679197
2025-08-04 07:00:00,3538.81,3554.22,3536.67,3552.04,1489.70819149
2025-08-04 08:00:00,3552.2,3565.84,3542.69,3550.61,2058.8562313
2025-08-04 09:00:00,3550.61,3563.76,3545.53,3547.44,1405.3851223
2025-08-04 10:00:00,3547.44,3574.22,3545.15,3554.98,1523.9109113
2025-08-04 11:00:00,3554.87,3566.35,3550.05,3556.06,1233.0106825
2025-08-04 12:00:00,3556.29,3572.89,3550.99,3569.96,1812.2354081
2025-08-04 13:00:00,3570.41,3621.36,3560.38,3621.18,5102.03587728
2025-08-04 14:00:00,3621.19,3665.41,3618.6,3639.04,6241.3383771
2025-08-04 15:00:00,3639.05,3657.55,3634.62,3649.14,2926.2864673
2025-08-04 16:00:00,3649.14,3698.76,3648.78,3686.07,4604.9428002
2025-08-04 17:00:00,3686.01,3718.54,3679.0,3682.07,4065.8704734
2025-08-04 18:00:00,3681.23,3694.09,3671.55,3676.44,2299.70050633
2025-08-04 19:00:00,3676.33,3688.42,3666.73,3669.76,1996.1267329
2025-08-04 20:00:00,3669.76,3713.0,3661.38,3700.7,2942.7392138
2025-08-04 21:00:00,3700.69,3732.0,3699.1,3709.4,4462.19174111
2025-08-04 22:00:00,3709.71,3736.46,3709.71,3732.44,2702.1440064
2025-08-04 23:00:00,3732.66,3733.44,3708.38,3720.93,1662.89056899
2025-08-05 00:00:00,3720.93,3721.73,3693.46,3697.23,2156.515422
2025-08-05 01:00:00,3697.47,3707.04,3678.65,3679.96,1734.8381011
2025-08-05 02:00:00,3680.25,3687.76,3672.96,3680.8,1082.1823958
2025-08-05 03:00:00,3680.41,3681.17,3648.49,3651.99,1467.240547
2025-08-05 04:00:00,3651.66,3667.3,3643.67,3649.06,1089.5354301
2025-08-05 05:00:00,3649.06,3668.22,3647.02,3664.45,899.3323157
2025-08-05 06:00:00,3664.63,3679.56,3635.44,3650.86,1830.8190861
2025-08-05 07:00:00,3649.53,3656.86,3600.0,3613.49,3377.55783125
2025-08-05 08:00:00,3613.5,3637.61,3608.44,3635.13,1805.2805094
2025-08-05 09:00:00,3635.05,3666.66,3634.17,3660.44,1810.576688
2025-08-05 10:00:00,3660.44,3693.64,3653.98,3682.49,2424.9990348
2025-08-05 11:00:00,3682.59,3685.41,3662.04,3673.57,2084.77136986
2025-08-05 12:00:00,3674.0,3679.9,3610.0,3628.32,4012.32620366
2025-08-05 13:00:00,3628.3,3659.24,3618.55,3646.81,2638.0743672
2025-08-05 14:00:00,3646.81,3647.31,3559.86,3577.89,8148.1254457
2025-08-05 15:00:00,3577.88,3598.09,3557.01,3570.73,6088.84348583
2025-08-05 16:00:00,3570.49,3594.6,3563.24,3577.8,2254.8310143
2025-08-05 17:00:00,3577.81,3608.98,3576.88,3605.68,2175.519407
2025-08-05 18:00:00,3605.68,3612.58,3567.81,3587.61,1994.9015879
2025-08-05 19:00:00,3587.63,3594.8,3559.74,3571.6,1272.5610573
2025-08-05 20:00:00,3571.62,3597.45,3571.62,3576.42,1164.93682779
2025-08-05 21:00:00,3576.41,3590.81,3570.0,3575.24,847.1173612
2025-08-05 22:00:00,3575.23,3598.73,3546.11,3597.16,1860.9644759
2025-08-05 23:00:00,3597.02,3625.18,3593.7,3611.71,1572.53822023
2025-08-06 00:00:00,3612.19,3613.45,3571.18,3577.01,1693.0421605
2025-08-06 01:00:00,3577.01,3594.05,3564.2,3592.41,1764.47809511
2025-08-06 02:00:00,3592.23,3595.89,3574.17,3592.19,899.5574971
2025-08-06 03:00:00,3592.2,3594.06,3570.3,3583.57,944.4455263
2025-08-06 04:00:00,3583.39,3584.63,3570.29,3573.64,691.52312749
2025-08-06 05:00:00,3573.65,3661.63,3569.69,3637.55,3757.84563053
2025-08-06 06:00:00,3638.62,3643.84,3617.36,3632.22,1317.0011265
2025-08-06 07:00:00,3632.23,3649.12,3625.45,3639.74,1394.52056924
2025-08-06 08:00:00,3639.82,3643.0,3609.99,3622.14,1177.6554003
2025-08-06 09:00:00,3622.15,3644.66,3617.04,3627.3,1071.4988075
2025-08-06 10:00:00,3627.31,3633.2,3611.78,3616.25,1875.7865925
2025-08-06 11:00:00,3616.25,3630.44,3609.98,3619.32,778.4580861
2025-08-06 12:00:00,3619.23,3623.09,3579.7,3584.03,1444.3077951
2025-08-06 13:00:00,3584.04,3604.55,3574.18,3602.75,2203.5534449
2025-08-06 14:00:00,3602.77,3638.83,3588.06,3637.01,3454.2356083
2025-08-06 15:00:00,3637.32,3669.4,3620.7,3664.84,2962.13726773
2025-08-06 16:00:00,3664.81,3674.18,3640.32,3645.15,2916.58725685
2025-08-06 17:00:00,3645.16,3684.74,3638.88,3682.88,1850.1372007
2025-08-06 18:00:00,3682.51,3698.45,3672.95,3677.09,1948.8180261
2025-08-06 19:00:00,3677.1,3685.83,3669.88,3683.36,1360.9017896
2025-08-06 20:00:00,3683.36,3683.36,3666.69,3674.26,638.7088309
2025-08-06 21:00:00,3674.26,3684.85,3653.57,3669.44,1117.2359036
2025-08-06 22:00:00,3669.89,3682.64,3665.73,3682.14,1040.5906627
2025-08-06 23:00:00,3682.14,3685.6,3673.96,3682.27,608.3411263
2025-08-07 00:00:00,3682.28,3682.71,3664.11,3673.6,660.5323097
2025-08-07 01:00:00,3673.9,3716.0,3666.7,3667.75,2131.4962241
2025-08-07 02:00:00,3667.15,3677.48,3650.39,3659.28,961.567472
2025-08-07 03:00:00,3659.27,3664.51,3648.0,3656.78,706.6177313
2025-08-07 04:00:00,3656.78,3669.97,3655.26,3662.19,555.0889055
2025-08-07 05:00:00,3662.2,3688.56,3659.36,3688.04,796.470882
2025-08-07 06:00:00,3688.04,3710.0,3686.52,3694.37,2695.139974
2025-08-07 07:00:00,3694.81,3709.71,3694.22,3702.28,1166.7472375
2025-08-07 08:00:00,3702.29,3727.62,3702.28,3721.28,1611.129304
2025-08-07 09:00:00,3721.5,3734.02,3715.16,3732.12,989.48894917
2025-08-07 10:00:00,3731.94,3825.59,3730.38,3820.71,6365.5060386
2025-08-07 11:00:00,3820.72,3841.86,3806.77,3826.4,3722.58841066
2025-08-07 12:00:00,3826.41,3850.0,3823.16,3848.49,2229.4565372
2025-08-07 13:00:00,3848.78,3864.43,3826.0,3857.05,3552.4788662
2025-08-07 14:00:00,3857.05,3857.7,3803.2,3819.73,3461.8917044
2025-08-07 15:00:00,3819.55,3840.28,3814.69,3836.47,1646.876867
2025-08-07 16:00:00,3836.47,3843.31,3780.07,3815.01,2392.47589632
2025-08-07 17:00:00,3814.9,3834.08,3804.83,3829.46,1717.7179015
2025-08-07 18:00:00,3829.47,3830.43,3808.41,3827.83,993.6217277
2025-08-07 19:00:00,3827.75,3876.86,3822.13,3867.68,2871.59292919
2025-08-07 20:00:00,3867.56,3880.49,3851.47,3873.69,1997.07073887
2025-08-07 21:00:00,3873.94,3885.92,3858.58,3871.16,1883.4770395
2025-08-07 22:00:00,3871.15,3927.17,3868.45,3916.4,3034.9030858
2025-08-07 23:00:00,3916.8,3917.4,3889.57,3910.16,1925.81309994
2025-08-08 00:00:00,3910.15,3936.52,3882.23,3899.89,2855.92476506
2025-08-08 01:00:00,3899.56,3917.69,3879.22,3887.36,2495.92445868
2025-08-08 02:00:00,3887.35,3905.12,3879.96,3893.23,1666.8753126
2025-08-08 03:00:00,3893.23,3968.19,3892.61,3939.01,2945.3675465
2025-08-08 04:00:00,3939.01,3939.01,3916.14,3920.64,1789.83615331
2025-08-08 05:00:00,3920.64,3920.75,3895.27,3901.76,1724.1780651
2025-08-08 06:00:00,3901.64,3919.88,3894.88,3914.91,1369.3727539
2025-08-08 07:00:00,3914.75,3928.0,3900.35,3915.68,1424.4658255
2025-08-08 08:00:00,3915.68,3926.95,3885.51,3898.49,1416.9506474
2025-08-08 09:00:00,3898.49,3902.05,3884.63,3900.35,992.5048426
2025-08-08 10:00:00,3900.35,3908.18,3886.93,3897.26,789.54942317
2025-08-08 11:00:00,3897.27,3920.29,3897.27,3918.0,934.3038765
2025-08-08 12:00:00,3918.0,3918.0,3892.25,3892.25,1073.5118083
2025-08-08 13:00:00,3892.23,4010.0,3891.29,3999.05,4923.24262479
2025-08-08 14:00:00,3999.16,4004.89,3942.75,3983.48,5138.51642176
2025-08-08 15:00:00,3983.5,3988.02,3926.66,3954.22,3431.36568247
2025-08-08 16:00:00,3954.23,3976.67,3950.4,3970.44,1913.4891546
2025-08-08 17:00:00,3970.96,4034.3,3967.94,4032.85,6006.97793027
2025-08-08 18:00:00,4032.69,4065.96,4029.89,4056.53,5477.46293223
2025-08-08 19:00:00,4056.58,4066.2,4031.15,4060.61,2475.48201974
2025-08-08 20:00:00,4060.53,4071.39,4045.12,4057.45,2113.37831966
2025-08-08 21:00:00,4057.45,4058.68,4037.52,4037.52,955.9826154
2025-08-08 22:00:00,4037.51,4038.5,4018.11,4024.87,1866.25336033
2025-08-08 23:00:00,4024.87,4031.89,4006.84,4008.95,1205.1920877
2025-08-09 00:00:00,4009.28,4025.77,4006.71,4016.38,998.0843846
2025-08-09 01:00:00,4016.39,4036.84,4010.36,4033.15,915.93686164
2025-08-09 02:00:00,4033.15,4038.19,4025.03,4032.34,738.76965298
2025-08-09 03:00:00,4032.35,4051.45,4025.52,4050.51,1574.8338511
2025-08-09 04:00:00,4050.5,4100.11,4044.77,4080.69,2817.279006
2025-08-09 05:00:00,4080.69,4209.0,4075.68,4181.95,8908.50943499
2025-08-09 06:00:00,4181.95,4183.76,4144.34,4162.29,4274.81040958
2025-08-09 07:00:00,4162.1,4176.22,4156.23,4170.3,1570.0268955
2025-08-09 08:00:00,4170.3,4201.83,4166.16,4189.88,3727.79605351
2025-08-09 09:00:00,4189.88,4238.6,4174.37,4219.39,5909.8778781
2025-08-09 10:00:00,4219.61,4247.84,4212.62,4216.57,3535.5509851
2025-08-09 11:00:00,4216.98,4217.65,4184.01,4189.98,2235.6321117
2025-08-09 12:00:00,4189.99,4207.33,4181.27,4197.01,2016.77887606
2025-08-09 13:00:00,4197.01,4199.45,4165.21,4165.73,2753.63793424
2025-08-09 14:00:00,4165.74,4198.16,4153.75,4197.16,3008.62901133
2025-08-09 15:00:00,4197.16,4226.17,4172.64,4209.13,3718.5564565
2025-08-09 16:00:00,4209.2,4225.99,4193.84,4207.76,2672.89959
2025-08-09 17:00:00,4207.76,4239.49,4200.0,4235.24,2555.81806565
2025-08-09 18:00:00,4235.23,4255.69,4220.56,4242.18,2784.08293419
2025-08-09 19:00:00,4242.18,4271.25,4237.13,4258.63,2215.31632186
2025-08-09 20:00:00,4258.62,4293.57,4256.58,4290.66,4436.8141194
2025-08-09 21:00:00,4290.67,4300.0,4262.91,4278.7,2976.6012447
2025-08-09 22:00:00,4278.41,4326.39,4243.22,4264.43,5255.25689461
2025-08-09 23:00:00,4264.44,4274.68,4248.32,4261.15,1887.6255352
2025-08-10 00:00:00,4261.14,4332.19,4248.94,4311.07,3242.4306005
2025-08-10 01:00:00,4311.04,4322.42,4287.18,4300.74,4266.2544149
2025-08-10 02:00:00,4300.75,4305.43,4247.1,4247.1,3489.2699122
2025-08-10 03:00:00,4247.21,4258.03,4206.56,4242.76,4469.0241309
2025-08-10 04:00:00,4242.61,4264.8,4226.64,4251.21,1910.1374741
2025-08-10 05:00:00,4251.2,4251.3,4213.0,4220.4,2103.70236635
2025-08-10 06:00:00,4220.52,4236.55,4203.3,4225.11,2188.2234484
2025-08-10 07:00:00,4225.11,4233.75,4174.87,4184.99,2975.8307913
2025-08-10 08:00:00,4184.99,4218.16,4161.03,4209.37,2902.55510725
2025-08-10 09:00:00,4209.37,4230.19,4209.37,4225.28,1598.2629798
2025-08-10 10:00:00,4225.28,4232.27,4193.74,4198.14,2091.5173043
2025-08-10 11:00:00,4198.14,4221.44,4176.65,4180.64,2215.7016845
2025-08-10 12:00:00,4180.63,4201.97,4174.04,4201.12,1757.58258069
2025-08-10 13:00:00,4201.12,4205.51,4165.96,4167.9,1763.3996291
2025-08-10 14:00:00,4167.99,4226.69,4162.0,4219.6,2312.05388654
2025-08-10 15:00:00,4219.6,4238.99,4211.99,4218.8,2632.0405576
2025-08-10 16:00:00,4218.8,4241.36,4214.85,4233.72,1505.5569284
2025-08-10 17:00:00,4233.72,4247.02,4224.02,4224.06,1083.03610128
2025-08-10 18:00:00,4224.4,4236.52,4217.68,4235.83,805.100527
2025-08-10 19:00:00,4235.84,4259.82,4231.0,4249.42,2144.8619481
2025-08-10 20:00:00,4249.38,4250.39,4207.66,4217.01,2478.60732868
2025-08-10 21:00:00,4217.0,4223.02,4186.28,4223.02,2911.6641252
2025-08-10 22:00:00,4223.06,4250.4,4205.2,4250.4,1664.6524091
2025-08-10 23:00:00,4250.48,4254.53,4228.31,4250.54,1589.77059884
2025-08-11 00:00:00,4250.53,4284.85,4238.83,4263.25,2296.5114291
2025-08-11 01:00:00,4263.15,4322.21,4261.48,4303.44,4141.6619286
2025-08-11 02:00:00,4303.45,4342.33,4294.72,4308.78,4357.87170201
2025-08-11 03:00:00,4309.0,4311.96,4284.22,4308.95,2175.90245371
2025-08-11 04:00:00,4309.01,4349.61,4305.43,4319.3,3028.6418952
2025-08-11 05:00:00,4319.3,4331.08,4291.68,4305.58,2119.6703877
2025-08-11 06:00:00,4305.58,4311.9,4295.33,4298.82,1370.7589261
2025-08-11 07:00:00,4298.82,4303.61,4266.65,4274.25,1751.14790294
2025-08-11 08:00:00,4274.25,4284.9,4253.11,4281.47,1947.6350901
2025-08-11 09:00:00,4281.69,4283.58,4260.93,4265.77,1218.2183137
2025-08-11 10:00:00,4265.87,4268.73,4217.77,4236.67,3056.5895799
2025-08-11 11:00:00,4236.58,4239.34,4170.6,4185.17,4748.20969385
2025-08-11 12:00:00,4185.18,4195.61,4166.48,4184.18,2881.97101447
2025-08-11 13:00:00,4184.2,4311.39,4170.85,4279.99,7620.30461677
2025-08-11 14:00:00,4279.87,4320.22,4263.84,4277.35,5636.78869785
2025-08-11 15:00:00,4277.35,4331.65,4259.15,4329.53,3927.24614735
2025-08-11 16:00:00,4329.54,4366.65,4312.08,4312.08,5496.7302949
2025-08-11 17:00:00,4312.02,4322.35,4283.15,4293.51,3072.46230265
2025-08-11 18:00:00,4293.61,4308.3,4266.95,4295.28,2491.8510857
2025-08-11 19:00:00,4295.28,4308.96,4233.77,4259.21,3537.9644691
2025-08-11 20:00:00,4259.23,4259.23,4221.41,4243.34,3020.7345831
2025-08-11 21:00:00,4243.27,4256.37,4188.33,4220.05,3477.63801422
2025-08-11 22:00:00,4220.21,4225.3,4190.88,4220.98,2218.8029087
2025-08-11 23:00:00,4220.84,4235.6,4215.27,4223.89,1386.6346482
2025-08-12 00:00:00,4223.83,4283.71,4219.67,4274.42,2260.7869837
2025-08-12 01:00:00,4274.42,4291.02,4259.28,4270.35,2094.35917088
2025-08-12 02:00:00,4270.35,4311.29,4263.11,4292.23,1845.2305409
2025-08-12 03:00:00,4292.1,4304.25,4275.64,4285.88,2018.1451584
2025-08-12 04:00:00,4285.87,4321.49,4280.7,4310.87,1833.6482401
2025-08-12 05:00:00,4310.85,4310.85,4268.01,4285.29,2297.8547324
2025-08-12 06:00:00,4285.3,4311.6,4273.25,4291.0,2090.9923542
2025-08-12 07:00:00,4291.33,4319.53,4291.32,4315.52,1805.0928583
2025-08-12 08:00:00,4315.52,4332.1,4296.07,4310.59,2441.5266238
2025-08-12 09:00:00,4310.6,4317.56,4286.01,4287.68,1847.6654948
2025-08-12 10:00:00,4287.69,4298.81,4274.37,4277.65,2045.5785591
2025-08-12 11:00:00,4277.87,4296.98,4258.17,4290.77,1871.7567012
2025-08-12 12:00:00,4290.54,4427.57,4277.65,4405.76,8428.87384974
2025-08-12 13:00:00,4405.77,4434.24,4353.51,4383.5,6571.12987332
2025-08-12 14:00:00,4383.42,4424.29,4376.63,4415.76,3187.6073618
2025-08-12 15:00:00,4415.75,4480.49,4414.83,4472.07,5002.06950812
2025-08-12 16:00:00,4472.17,4486.61,4440.27,4464.99,3970.518681
2025-08-12 17:00:00,4465.0,4505.44,4462.98,4499.18,4728.47805879
2025-08-12 18:00:00,4499.26,4517.8,4476.98,4489.32,3257.11859086
2025-08-12 19:00:00,4489.32,4518.34,4482.17,4515.64,2909.13099734
2025-08-12 20:00:00,4516.4,4637.98,4503.45,4619.92,7742.6727465
2025-08-12 21:00:00,4619.92,4619.92,4577.48,4584.97,3243.19790551
2025-08-12 22:00:00,4585.57,4590.4,4562.45,4574.94,2458.4066068
2025-08-12 23:00:00,4574.95,4615.64,4572.63,4589.76,2771.2537003
2025-08-13 00:00:00,4589.76,4638.31,4583.2,4613.23,2796.44843547
2025-08-13 01:00:00,4613.23,4617.11,4564.31,4585.18,3071.8074668
2025-08-13 02:00:00,4585.04,4627.68,4570.01,4623.0,1919.82241229
2025-08-13 03:00:00,4623.09,4657.13,4608.48,4646.88,3380.4374734
2025-08-13 04:00:00,4647.13,4683.97,4645.72,4673.91,3760.82290768
2025-08-13 05:00:00,4673.9,4674.74,4622.14,4632.13,4138.50018835
2025-08-13 06:00:00,4632.13,4649.69,4608.44,4623.04,2609.437494
2025-08-13 07:00:00,4623.04,4632.95,4611.06,4625.52,1728.4378896
2025-08-13 08:00:00,4625.52,4638.24,4608.78,4626.01,1956.7647575
2025-08-13 09:00:00,4626.0,4712.14,4623.4,4707.3,3477.9970618
2025-08-13 10:00:00,4707.3,4716.22,4688.3,4694.47,2756.62026479
2025-08-13 11:00:00,4694.47,4707.35,4669.17,4690.04,1705.14759993
2025-08-13 12:00:00,4690.05,4720.59,4674.77,4686.39,3796.6008594
2025-08-13 13:00:00,4686.39,4736.73,4646.6,4670.84,4285.3931359
2025-08-13 14:00:00,4670.85,4704.35,4635.1,4648.77,4594.15024443
2025-08-13 15:00:00,4648.78,4673.57,4615.92,4664.0,3583.97700259
2025-08-13 16:00:00,4664.09,4735.5,4661.31,4700.37,3761.3151863
2025-08-13 17:00:00,4700.36,4735.3,4697.08,4726.66,3163.7936473
2025-08-13 18:00:00,4726.48,4750.49,4688.38,4715.86,3088.58008159
2025-08-13 19:00:00,4715.87,4749.92,4708.65,4740.06,3158.6506973
2025-08-13 20:00:00,4739.7,4742.38,4697.6,4717.5,1783.5001293
2025-08-13 21:00:00,4717.61,4775.38,4713.56,4720.27,3304.0819644
2025-08-13 22:00:00,4720.75,4782.28,4706.01,4734.04,3526.2149934
2025-08-13 23:00:00,4732.99,4783.12,4732.89,4748.19,2552.97060897
2025-08-14 00:00:00,4748.49,4765.1,4712.43,4716.39,3264.8992542
2025-08-14 01:00:00,4715.92,4750.62,4705.1,4721.35,2131.3752041
2025-08-14 02:00:00,4720.92,4768.71,4719.04,4750.56,2132.18876855
2025-08-14 03:00:00,4750.56,4780.46,4741.99,4774.99,2321.29491792
2025-08-14 04:00:00,4774.97,4787.66,4752.25,4758.77,1735.8920145
2025-08-14 05:00:00,4758.77,4771.18,4725.02,4732.13,2051.3854506
2025-08-14 06:00:00,4732.13,4789.91,4717.41,4774.81,2821.663232
2025-08-14 07:00:00,4774.44,4774.44,4728.84,4748.23,2912.2772135
2025-08-14 08:00:00,4748.25,4749.2,4720.33,4726.16,1715.8206536
2025-08-14 09:00:00,4726.17,4762.0,4718.58,4758.4,1789.8692251
2025-08-14 10:00:00,4758.4,4765.73,4674.12,4707.71,4110.40160395
2025-08-14 11:00:00,4707.7,4721.16,4691.95,4718.37,2218.19948504
2025-08-14 12:00:00,4718.37,4735.77,4516.6,4568.56,18787.32413966
2025-08-14 13:00:00,4568.56,4636.54,4451.89,4611.86,15566.88579347
2025-08-14 14:00:00,4612.52,4702.68,4580.51,4670.07,6523.6835594
2025-08-14 15:00:00,4670.17,4686.29,4590.0,4619.25,5537.17451179
2025-08-14 16:00:00,4619.09,4623.37,4515.48,4546.8,6682.35410466
2025-08-14 17:00:00,4546.58,4563.57,4506.6,4548.94,3473.64921516
2025-08-14 18:00:00,4548.94,4558.42,4480.45,4537.75,4405.68125228
2025-08-14 19:00:00,4537.79,4573.53,4534.32,4538.37,2176.2581012
2025-08-14 20:00:00,4538.22,4545.99,4507.2,4534.05,2223.97587486
2025-08-14 21:00:00,4534.17,4543.79,4454.21,4478.67,3091.96800457
2025-08-14 22:00:00,4478.07,4532.46,4457.62,4531.56,2163.687563
2025-08-14 23:00:00,4531.56,4572.01,4529.71,4547.05,2062.51013853
2025-08-15 00:00:00,4547.05,4590.92,4537.66,4563.18,2516.8802265
2025-08-15 01:00:00,4563.13,4612.0,4556.32,4604.3,2648.0879543
2025-08-15 02:00:00,4604.31,4643.55,4596.71,4621.63,2092.65861133
2025-08-15 03:00:00,4621.85,4649.38,4614.09,4634.22,2066.3124887
2025-08-15 04:00:00,4634.46,4647.05,4615.0,4624.82,1733.7016982
2025-08-15 05:00:00,4625.02,4632.39,4605.12,4618.9,1385.5675797
2025-08-15 06:00:00,4618.89,4662.7,4618.15,4648.18,1820.06571496
2025-08-15 07:00:00,4647.77,4653.73,4626.8,4640.94,1432.2203288
2025-08-15 08:00:00,4640.95,4666.23,4633.33,4641.06,1546.72490315
2025-08-15 09:00:00,4641.07,4652.99,4612.99,4624.4,1809.1395819
2025-08-15 10:00:00,4624.41,4648.91,4624.17,4636.36,1557.0414676
2025-08-15 11:00:00,4636.36,4647.18,4623.25,4634.47,1662.433742
2025-08-15 12:00:00,4634.48,4669.17,4592.66,4628.79,4428.5461437
2025-08-15 13:00:00,4628.74,4631.05,4535.19,4541.83,5120.7522964
2025-08-15 14:00:00,4541.21,4578.13,4474.82,4493.02,5656.2260504
2025-08-15 15:00:00,4493.03,4500.0,4395.01,4429.7,8563.0320596
2025-08-15 16:00:00,4429.71,4433.59,4372.81,4415.72,5167.65676374
2025-08-15 17:00:00,4415.73,4461.0,4373.62,4438.93,3850.0777871
2025-08-15 18:00:00,4439.14,4454.51,4380.6,4395.84,2964.20353581
2025-08-15 19:00:00,4395.85,4425.59,4376.14,4383.81,2548.0643128
2025-08-15 20:00:00,4383.45,4433.67,4368.0,4425.88,3122.99337991
2025-08-15 21:00:00,4425.87,4431.12,4393.15,4429.1,2115.3141049
2025-08-15 22:00:00,4429.11,4478.82,4412.72,4475.96,2624.56656821
2025-08-15 23:00:00,4475.64,4490.99,4409.81,4440.09,2425.0001475
2025-08-16 00:00:00,4439.84,4483.75,4432.65,4476.31,2527.05225136
2025-08-16 01:00:00,4476.31,4490.79,4453.5,4488.25,2282.0895296
2025-08-16 02:00:00,4488.25,4488.25,4434.94,4445.17,2037.6529847
2025-08-16 03:00:00,4445.39,4457.4,4425.67,4432.28,1274.64170797
2025-08-16 04:00:00,4432.45,4456.89,4429.73,4454.1,871.3178396
2025-08-16 05:00:00,4454.09,4454.64,4414.9,4421.26,1532.14745971
2025-08-16 06:00:00,4421.26,4432.88,4408.87,4418.84,1334.4912581
2025-08-16 07:00:00,4418.85,4464.64,4418.85,4451.36,1773.0804388
2025-08-16 08:00:00,4451.5,4459.07,4440.0,4443.0,963.50231009
2025-08-16 09:00:00,4443.01,4459.02,4392.28,4398.28,1965.0132746
2025-08-16 10:00:00,4398.29,4415.19,4373.75,4404.57,2730.0968856
2025-08-16 11:00:00,4404.56,4425.25,4386.04,4387.82,1437.69194915
2025-08-16 12:00:00,4387.83,4412.15,4375.92,4410.29,2310.6038802
2025-08-16 13:00:00,4410.3,4428.34,4384.85,4393.61,2302.23210837
2025-08-16 14:00:00,4393.62,4419.2,4388.49,4413.92,1750.9078142
2025-08-16 15:00:00,4413.78,4419.15,4388.24,4401.22,1563.6770546
2025-08-16 16:00:00,4400.91,4416.8,4396.83,4408.83,944.467912
2025-08-16 17:00:00,4408.82,4409.55,4391.3,4405.51,733.4456408
2025-08-16 18:00:00,4405.5,4422.7,4399.79,4409.6,926.67092
2025-08-16 19:00:00,4409.59,4441.91,4408.39,4418.91,1309.37130909
2025-08-16 20:00:00,4418.91,4438.0,4410.76,4432.2,1091.1603744
2025-08-16 21:00:00,4432.2,4432.2,4407.02,4408.31,1095.39129346
2025-08-16 22:00:00,4408.31,4434.3,4403.0,4426.52,955.8694178
2025-08-16 23:00:00,4426.53,4430.57,4411.31,4422.35,753.0679559
2025-08-17 00:00:00,4422.36,4427.59,4410.5,4413.01,786.1732186
2025-08-17 01:00:00,4413.01,4420.93,4395.33,4406.67,1405.4317703
2025-08-17 02:00:00,4406.07,4434.0,4398.65,4433.99,973.0929509
2025-08-17 03:00:00,4433.62,4459.56,4428.69,4453.05,1757.7618718
2025-08-17 04:00:00,4453.05,4489.26,4452.19,4483.96,2386.118154
2025-08-17 05:00:00,4484.13,4491.07,4468.29,4471.09,1544.56925635
2025-08-17 06:00:00,4470.96,4484.39,4456.25,4457.55,1032.05074992
2025-08-17 07:00:00,4457.56,4473.68,4445.3,4467.45,1181.9909669
2025-08-17 08:00:00,4467.44,4539.0,4460.0,4536.23,3062.3650142
2025-08-17 09:00:00,4536.17,4558.91,4528.03,4543.0,3017.6141775
2025-08-17 10:00:00,4543.01,4576.09,4529.65,4569.14,2171.5544883
2025-08-17 11:00:00,4568.83,4568.83,4548.3,4551.98,1418.1472999
2025-08-17 12:00:00,4552.13,4553.9,4534.99,4542.04,1503.6916915
2025-08-17 13:00:00,4542.04,4550.0,4518.83,4535.85,1792.7484773
2025-08-17 14:00:00,4535.96,4558.38,4532.49,4553.01,1511.03827756
2025-08-17 15:00:00,4553.01,4565.32,4545.05,4561.67,1562.2535087
2025-08-17 16:00:00,4561.67,4565.6,4503.28,4518.0,3191.30974235
2025-08-17 17:00:00,4517.99,4533.6,4504.5,4523.65,1254.54930906
2025-08-17 18:00:00,4523.65,4532.36,4427.68,4469.33,4644.4437608
2025-08-17 19:00:00,4469.12,4483.83,4446.02,4459.63,2748.8167656
2025-08-17 20:00:00,4459.87,4479.0,4457.46,4467.64,1351.643498
2025-08-17 21:00:00,4467.64,4485.74,4462.03,4475.52,1342.104421
2025-08-17 22:00:00,4475.51,4533.91,4472.45,4522.23,3064.1742622
2025-08-17 23:00:00,4522.14,4523.0,4467.72,4472.62,2788.8192781
2025-08-18 00:00:00,4472.62,4482.11,4437.76,4463.95,3109.23253726
2025-08-18 01:00:00,4463.95,4469.06,4383.24,4396.89,5691.9795177
2025-08-18 02:00:00,4396.71,4402.24,4308.35,4320.72,8855.31806121
2025-08-18 03:00:00,4320.71,4336.47,4278.46,4320.95,5265.01584806
2025-08-18 04:00:00,4320.93,4342.41,4302.82,4337.4,1860.9132946
2025-08-18 05:00:00,4337.41,4348.02,4260.56,4312.9,2229.8985962
2025-08-18 06:00:00,4312.96,4313.39,4230.0,4252.89,4540.21105871
2025-08-18 07:00:00,4252.89,4274.1,4237.17,4257.12,2262.83959198
2025-08-18 08:00:00,4257.12,4286.28,4251.05,4259.4,2242.92669292
2025-08-18 09:00:00,4259.4,4319.14,4225.87,4292.48,4665.0071404
2025-08-18 10:00:00,4292.51,4307.43,4258.7,4264.24,3204.8114313
2025-08-18 11:00:00,4264.48,4277.39,4252.88,4274.47,1899.5212955
2025-08-18 12:00:00,4274.46,4344.34,4270.94,4343.21,3160.21359189
2025-08-18 13:00:00,4343.23,4369.49,4283.27,4286.23,4339.2535531
2025-08-18 14:00:00,4286.29,4334.45,4273.6,4333.75,4281.6089658
2025-08-18 15:00:00,4333.56,4347.12,4298.02,4345.55,3476.7012046
2025-08-18 16:00:00,4345.56,4360.48,4299.63,4320.84,3109.1129746
2025-08-18 17:00:00,4320.84,4380.8,4313.63,4343.39,3328.3302237
2025-08-18 18:00:00,4343.38,4372.66,4327.03,4366.35,2129.51544114
2025-08-18 19:00:00,4366.42,4384.4,4345.56,4355.02,2259.4068954
2025-08-18 20:00:00,4354.96,4367.7,4317.86,4332.33,1709.14881685
2025-08-18 21:00:00,4332.33,4361.98,4326.36,4353.33,2176.4137913
2025-08-18 22:00:00,4353.41,4387.37,4339.55,4341.0,2114.3181755
2025-08-18 23:00:00,4341.01,4350.46,4304.7,4312.62,2496.5429688
2025-08-19 00:00:00,4312.63,4341.74,4262.92,4341.44,3813.9571484
2025-08-19 01:00:00,4341.43,4354.72,4286.96,4295.58,3113.8923155
2025-08-19 02:00:00,4295.59,4300.03,4281.72,4285.28,1937.4878198
2025-08-19 03:00:00,4285.29,4291.38,4213.33,4218.75,4835.88304137
2025-08-19 04:00:00,4218.76,4234.55,4193.64,4234.55,2888.7703078
2025-08-19 05:00:00,4234.56,4250.0,4219.86,4230.3,1964.2899897
2025-08-19 06:00:00,4230.3,4249.41,4224.62,4241.49,1851.8695892
2025-08-19 07:00:00,4241.5,4244.89,4204.91,4234.52,1758.13002886
2025-08-19 08:00:00,4234.59,4268.61,4218.59,4256.13,1832.6924337
2025-08-19 09:00:00,4256.14,4305.97,4254.43,4281.08,3384.0692101
2025-08-19 10:00:00,4281.08,4301.3,4275.46,4285.24,1514.45203849
2025-08-19 11:00:00,4285.41,4317.23,4285.41,4308.78,1573.10902
2025-08-19 12:00:00,4308.78,4314.6,4284.79,4305.27,1601.46853313
2025-08-19 13:00:00,4305.28,4339.36,4263.93,4291.26,3791.8063421
2025-08-19 14:00:00,4291.27,4305.82,4183.1,4190.83,6021.12796781
2025-08-19 15:00:00,4191.15,4231.68,4168.75,4191.25,4607.38351928
2025-08-19 16:00:00,4191.28,4205.91,4137.61,4142.3,4684.7060866
2025-08-19 17:00:00,4142.3,4188.69,4133.12,4186.06,3113.41168027
2025-08-19 18:00:00,4186.05,4187.32,4121.87,4145.32,3427.1923926
2025-08-19 19:00:00,4145.39,4167.8,4114.0,4141.8,3628.46059689
2025-08-19 20:00:00,4141.8,4163.84,4115.14,4158.46,2584.49910276
2025-08-19 21:00:00,4158.47,4165.02,4136.57,4152.97,1769.2429058
2025-08-19 22:00:00,4152.97,4154.77,4120.04,4131.42,1674.3869726
2025-08-19 23:00:00,4131.42,4135.34,4067.55,4075.62,3739.3759231
2025-08-20 00:00:00,4075.62,4115.35,4075.43,4105.22,2461.75732346
2025-08-20 01:00:00,4105.15,4122.45,4062.96,4109.87,4450.9702478
2025-08-20 02:00:00,4109.87,4142.53,4105.74,4137.61,3684.4840575
2025-08-20 03:00:00,4137.62,4158.36,4128.5,4140.86,2364.6603164
2025-08-20 04:00:00,4140.91,4181.41,4139.73,4170.09,2735.48273247
2025-08-20 05:00:00,4170.08,4184.17,4154.84,4183.25,1437.2400532
2025-08-20 06:00:00,4183.24,4188.83,4169.73,4182.46,2512.5655078
2025-08-20 07:00:00,4182.46,4211.45,4182.46,4185.05,2779.17672545
2025-08-20 08:00:00,4185.05,4241.46,4179.78,4239.05,3858.90396147
2025-08-20 09:00:00,4239.04,4239.04,4217.81,4222.72,3756.1863708
2025-08-20 10:00:00,4222.72,4232.78,4208.0,4226.63,1508.10557317
2025-08-20 11:00:00,4226.63,4231.6,4150.1,4194.71,3770.28876303
2025-08-20 12:00:00,4194.72,4221.66,4175.5,4204.6,3281.60269828
2025-08-20 13:00:00,4204.59,4215.01,4127.84,4135.68,6472.6528816
2025-08-20 14:00:00,4135.36,4235.89,4106.26,4213.35,5964.2090949
2025-08-20 15:00:00,4213.34,4308.05,4205.36,4255.53,8126.43682173
2025-08-20 16:00:00,4255.53,4328.86,4254.9,4302.16,4579.7373888
2025-08-20 17:00:00,4302.15,4364.52,4298.83,4344.31,3905.6248695
2025-08-20 18:00:00,4344.31,4345.37,4263.08,4291.67,5777.5190185
2025-08-20 19:00:00,4291.69,4351.35,4287.0,4346.25,3845.6736868
2025-08-20 20:00:00,4346.66,4371.31,4331.82,4355.49,2551.3304342
2025-08-20 21:00:00,4355.39,4365.74,4315.0,4341.73,4654.7162059
2025-08-20 22:00:00,4341.77,4377.4,4336.69,4365.84,3311.8767984
2025-08-20 23:00:00,4365.83,4366.85,4325.0,4336.16,1830.50999409
2025-08-21 00:00:00,4336.16,4336.17,4306.77,4323.51,2366.5576481
2025-08-21 01:00:00,4323.46,4336.7,4297.43,4331.87,2626.5809341
2025-08-21 02:00:00,4331.8,4339.8,4278.36,4292.93,2539.4168676
2025-08-21 03:00:00,4292.93,4333.04,4292.92,4295.55,2919.54452714
2025-08-21 04:00:00,4295.55,4308.03,4285.48,4295.47,1332.9986143
2025-08-21 05:00:00,4295.47,4320.99,4283.61,4317.88,1845.26467
2025-08-21 06:00:00,4317.88,4318.07,4284.46,4307.54,1972.6801307
2025-08-21 07:00:00,4307.52,4312.5,4271.66,4310.39,2460.9196973
2025-08-21 08:00:00,4310.4,4314.24,4285.61,4286.16,2712.11491762
2025-08-21 09:00:00,4286.16,4291.56,4255.65,4276.91,3832.87775634
2025-08-21 10:00:00,4276.91,4305.78,4264.08,4290.8,3105.3735275
2025-08-21 11:00:00,4290.8,4308.59,4267.37,4279.26,3236.54985442
2025-08-21 12:00:00,4278.95,4285.48,4237.98,4249.58,5774.4430139
2025-08-21 13:00:00,4249.57,4294.66,4241.72,4261.81,7456.90051464
2025-08-21 14:00:00,4261.9,4327.92,4254.53,4274.04,7958.67951234
2025-08-21 15:00:00,4274.05,4276.92,4227.23,4242.51,4898.42237083
2025-08-21 16:00:00,4242.55,4260.23,4215.7,4222.22,4992.2946793
2025-08-21 17:00:00,4222.05,4246.18,4209.02,4242.25,3477.7908788
2025-08-21 18:00:00,4242.24,4269.39,4234.35,4261.83,2762.258021
2025-08-21 19:00:00,4261.7,4274.86,4218.11,4224.78,3500.5737269
2025-08-21 20:00:00,4224.47,4260.97,4204.77,4242.17,2184.0738464
2025-08-21 21:00:00,4242.19,4256.99,4211.81,4243.64,3005.1965673
2025-08-21 22:00:00,4243.64,4260.16,4237.23,4252.98,1700.6659215
2025-08-21 23:00:00,4252.99,4253.62,4210.56,4225.28,2108.1488991
2025-08-22 00:00:00,4225.28,4256.0,4224.39,4245.66,2935.8055665
2025-08-22 01:00:00,4245.67,4265.88,4222.71,4257.02,3236.4745039
2025-08-22 02:00:00,4257.03,4314.4,4251.36,4290.45,3546.8704984
2025-08-22 03:00:00,4290.46,4300.23,4265.37,4278.78,3025.6042428
2025-08-22 04:00:00,4278.75,4307.57,4274.0,4281.25,2838.5903878
2025-08-22 05:00:00,4281.26,4293.61,4272.82,4291.13,1917.1986828
2025-08-22 06:00:00,4291.13,4319.13,4280.75,4294.57,3441.82618009
2025-08-22 07:00:00,4294.74,4345.3,4292.01,4328.45,3471.5506623
2025-08-22 08:00:00,4328.4,4353.99,4326.82,4328.93,2693.3180175
2025-08-22 09:00:00,4329.29,4332.1,4307.11,4328.35,2631.8022546
2025-08-22 10:00:00,4328.6,4329.42,4290.0,4295.98,2621.6987152
2025-08-22 11:00:00,4296.3,4299.84,4273.81,4274.09,2048.05870305
2025-08-22 12:00:00,4274.18,4277.84,4207.87,4244.87,5729.03155559
2025-08-22 13:00:00,4245.03,4320.54,4234.28,4290.48,6684.8482253
2025-08-22 14:00:00,4290.81,4647.51,4290.09,4613.95,35097.51115977
2025-08-22 15:00:00,4613.93,4667.75,4613.88,4614.99,8049.29668592
2025-08-22 16:00:00,4615.0,4777.94,4615.0,4744.7,10982.32726326
2025-08-22 17:00:00,4744.71,4847.23,4744.71,4796.21,9392.85236474
2025-08-22 18:00:00,4796.21,4803.0,4751.53,4788.88,5605.3610545
2025-08-22 19:00:00,4788.89,4857.41,4782.48,4831.83,5984.83391973
2025-08-22 20:00:00,4831.46,4866.2,4811.41,4848.36,5951.89740367
2025-08-22 21:00:00,4846.93,4885.09,4836.59,4850.47,6806.65509609
2025-08-22 22:00:00,4850.47,4854.42,4795.0,4809.61,3987.3977474
2025-08-22 23:00:00,4809.6,4846.03,4807.23,4829.64,3208.7167902
2025-08-23 00:00:00,4829.64,4829.99,4801.38,4806.99,2348.5507977
2025-08-23 01:00:00,4806.99,4815.97,4755.7,4779.1,3600.06997667
2025-08-23 02:00:00,4779.11,4790.0,4661.54,4713.12,5648.02033425
2025-08-23 03:00:00,4713.12,4721.84,4646.6,4693.24,5341.41331193
2025-08-23 04:00:00,4693.25,4746.5,4692.57,4746.5,2611.8104811
2025-08-23 05:00:00,4746.5,4764.72,4727.62,4751.03,3324.3811901
2025-08-23 06:00:00,4751.02,4762.4,4734.69,4746.04,3146.2685282
2025-08-23 07:00:00,4746.04,4750.87,4708.5,4713.26,3706.0085035
2025-08-23 08:00:00,4713.53,4730.02,4698.71,4718.89,3678.7733301
2025-08-23 09:00:00,4718.88,4741.96,4707.27,4738.75,2500.3095228
2025-08-23 10:00:00,4738.74,4745.27,4711.47,4712.12,2578.7707606
2025-08-23 11:00:00,4712.13,4729.62,4690.61,4704.13,2739.0154007
2025-08-23 12:00:00,4704.45,4735.2,4692.84,4714.53,2904.4104849
2025-08-23 13:00:00,4714.53,4734.51,4707.33,4717.97,2762.06128941
2025-08-23 14:00:00,4717.98,4757.66,4716.35,4726.82,2756.41596308
2025-08-23 15:00:00,4726.79,4768.71,4721.33,4751.03,2453.75306307
2025-08-23 16:00:00,4751.0,4761.49,4743.04,4743.04,2202.7307424
2025-08-23 17:00:00,4743.04,4751.78,4728.2,4750.0,1669.8660656
2025-08-23 18:00:00,4750.01,4759.1,4744.18,4752.48,1146.6278188
2025-08-23 19:00:00,4752.48,4760.6,4748.0,4758.71,856.9715324
2025-08-23 20:00:00,4758.66,4759.15,4741.99,4751.68,861.3358353
2025-08-23 21:00:00,4751.66,4752.83,4737.66,4750.0,1490.5669094
2025-08-23 22:00:00,4750.01,4785.94,4749.99,4781.83,1462.9565211
2025-08-23 23:00:00,4781.87,4799.29,4767.37,4778.64,2192.4907788
2025-08-24 00:00:00,4778.63,4816.9,4774.94,4798.28,2299.7511542
2025-08-24 01:00:00,4798.27,4798.99,4759.45,4776.08,2748.35816514
2025-08-24 02:00:00,4776.54,4790.75,4772.13,4775.5,2941.0861705
2025-08-24 03:00:00,4775.51,4796.34,4753.57,4788.89,2701.0658791
2025-08-24 04:00:00,4788.76,4799.99,4777.55,4793.0,2263.61445654
2025-08-24 05:00:00,4793.0,4793.84,4779.48,4783.55,1150.6278935
2025-08-24 06:00:00,4783.55,4786.97,4756.5,4760.47,1416.42484151
2025-08-24 07:00:00,4760.46,4783.97,4758.26,4758.67,1303.0263745
2025-08-24 08:00:00,4758.66,4778.87,4745.5,4776.78,1905.3156182
2025-08-24 09:00:00,4776.79,4786.3,4762.21,4773.01,1253.8405707
2025-08-24 10:00:00,4773.01,4775.1,4733.53,4740.5,2753.2478782
2025-08-24 11:00:00,4740.16,4751.08,4720.2,4747.84,2877.2435432
2025-08-24 12:00:00,4747.81,4757.19,4738.7,4755.06,1558.2137718
2025-08-24 13:00:00,4755.05,4780.59,4753.68,4767.93,2311.9270054
2025-08-24 14:00:00,4767.94,4799.86,4759.51,4795.0,3129.3394078
2025-08-24 15:00:00,4795.0,4829.55,4784.94,4798.22,4076.03028229
2025-08-24 16:00:00,4798.23,4837.79,4795.43,4822.0,3012.1974847
2025-08-24 17:00:00,4822.0,4935.92,4821.44,4905.45,8432.72903343
2025-08-24 18:00:00,4905.37,4958.75,4897.38,4935.71,7879.15733058
2025-08-24 19:00:00,4935.71,4957.09,4744.92,4813.0,26667.3672737
2025-08-24 20:00:00,4813.0,4815.61,4708.61,4786.46,14459.94598499
2025-08-24 21:00:00,4786.54,4823.99,4753.92,4785.36,5332.5839345
2025-08-24 22:00:00,4785.37,4793.22,4725.0,4781.15,5104.84965902
2025-08-24 23:00:00,4781.33,4804.51,4773.59,4780.14,3366.95767826
2025-08-25 00:00:00,4780.15,4797.81,4671.07,4701.05,5623.9401845
2025-08-25 01:00:00,4701.04,4746.31,4700.53,4731.98,4603.0965973
2025-08-25 02:00:00,4732.02,4775.61,4727.91,4764.96,4565.67512059
2025-08-25 03:00:00,4764.64,4774.3,4720.93,4727.4,3593.4250264
2025-08-25 04:00:00,4727.4,4739.26,4693.03,4718.55,3709.0828563
2025-08-25 05:00:00,4718.55,4730.2,4702.53,4705.1,4550.95502953
2025-08-25 06:00:00,4705.1,4708.37,4617.67,4630.78,6176.24282925
2025-08-25 07:00:00,4630.79,4653.08,4582.61,4591.67,6769.9864583
2025-08-25 08:00:00,4591.66,4615.06,4557.14,4600.07,4786.6977998
2025-08-25 09:00:00,4600.0,4614.1,4570.99,4613.61,2733.6671433
2025-08-25 10:00:00,4613.6,4613.6,4520.0,4544.25,7338.07535631
2025-08-25 11:00:00,4544.26,4600.35,4543.84,4600.35,3786.2436751
2025-08-25 12:00:00,4600.27,4648.37,4586.06,4647.26,4482.77218936
2025-08-25 13:00:00,4647.25,4664.2,4592.91,4630.81,7281.3447251
2025-08-25 14:00:00,4630.42,4685.0,4620.35,4660.12,5850.0157944
2025-08-25 15:00:00,4660.11,4669.02,4606.41,4612.74,3566.4172481
2025-08-25 16:00:00,4612.74,4646.06,4591.54,4596.62,4517.8609325
2025-08-25 17:00:00,4596.62,4600.51,4565.79,4585.93,4565.8405266
2025-08-25 18:00:00,4586.31,4596.79,4570.19,4574.98,3101.7722719
2025-08-25 19:00:00,4574.98,4578.18,4416.36,4419.61,9957.92944009
2025-08-25 20:00:00,4420.33,4445.98,4334.73,4351.6,13554.51993807
2025-08-25 21:00:00,4351.63,4386.98,4339.24,4351.13,9368.1686115
2025-08-25 22:00:00,4351.13,4417.09,4351.13,4392.98,4348.8985328
2025-08-25 23:00:00,4392.54,4392.54,4354.66,4376.93,4262.3588021
2025-08-26 00:00:00,4376.93,4394.52,4321.03,4331.47,7153.50408639
2025-08-26 01:00:00,4331.63,4422.3,4311.29,4421.7,6001.93948285
2025-08-26 02:00:00,4421.5,4451.0,4389.11,4396.54,4942.50990395
2025-08-26 03:00:00,4396.54,4408.84,4373.95,4402.96,4152.7821584
2025-08-26 04:00:00,4402.96,4442.27,4402.96,4434.44,2981.9279564
2025-08-26 05:00:00,4434.38,4448.49,4421.72,4430.97,3084.9002959
2025-08-26 06:00:00,4430.96,4441.66,4406.43,4414.99,3357.6880431
2025-08-26 07:00:00,4414.99,4453.92,4394.5,4429.9,4501.25905654
2025-08-26 08:00:00,4429.89,4447.1,4405.76,4420.5,4328.6475625
2025-08-26 09:00:00,4420.51,4441.84,4409.01,4420.11,2569.5302454
2025-08-26 10:00:00,4420.12,4451.35,4418.65,4440.78,2936.91583531
2025-08-26 11:00:00,4440.84,4465.56,4408.25,4427.38,4016.7105323
2025-08-26 12:00:00,4427.39,4536.96,4405.96,4497.94,8828.42154796
2025-08-26 13:00:00,4497.67,4519.55,4437.14,4480.01,7613.0109172
2025-08-26 14:00:00,4480.01,4560.0,4452.89,4553.33,7928.8186969
2025-08-26 15:00:00,4553.32,4578.66,4506.58,4519.46,7315.61119936
2025-08-26 16:00:00,4519.13,4556.79,4499.51,4555.84,3810.53300976
2025-08-26 17:00:00,4555.3,4559.05,4505.52,4521.78,3980.07175019
2025-08-26 18:00:00,4521.78,4564.67,4521.73,4547.89,3766.2667584
2025-08-26 19:00:00,4548.01,4598.18,4527.07,4596.78,4652.3778571
2025-08-26 20:00:00,4597.0,4611.63,4570.01,4585.72,4351.00525291
2025-08-26 21:00:00,4585.72,4607.65,4563.51,4604.91,2862.8261813
2025-08-26 22:00:00,4604.91,4609.9,4578.14,4601.82,2921.7930353
2025-08-26 23:00:00,4601.81,4633.69,4590.71,4601.03,4050.833242
2025-08-27 00:00:00,4601.03,4601.45,4564.71,4570.71,2484.08812025
2025-08-27 01:00:00,4570.61,4574.38,4540.03,4562.36,2478.7423104
2025-08-27 02:00:00,4562.37,4588.37,4547.0,4577.46,3075.1277387
2025-08-27 03:00:00,4577.26,4626.07,4547.35,4603.33,4084.7957444
2025-08-27 04:00:00,4603.18,4642.74,4598.17,4629.35,3705.57124266
2025-08-27 05:00:00,4629.35,4645.24,4610.43,4614.04,2440.9308238
2025-08-27 06:00:00,4614.05,4614.31,4584.0,4586.61,1966.5929577
2025-08-27 07:00:00,4586.61,4592.0,4560.01,4580.41,2988.7318392
2025-08-27 08:00:00,4580.41,4597.0,4554.35,4595.41,3314.3173851
2025-08-27 09:00:00,4595.37,4619.67,4587.5,4588.23,2983.6418594
2025-08-27 10:00:00,4588.23,4613.18,4570.81,4581.11,2186.2863798
2025-08-27 11:00:00,4581.1,4614.57,4581.1,4608.25,1434.19000427
2025-08-27 12:00:00,4608.25,4624.86,4578.75,4615.23,2995.7964797
2025-08-27 13:00:00,4615.23,4658.13,4575.38,4594.72,6191.8650846
2025-08-27 14:00:00,4594.9,4664.0,4583.38,4613.97,7626.67692066
2025-08-27 15:00:00,4613.97,4659.7,4609.01,4657.33,3532.8172867
2025-08-27 16:00:00,4657.33,4657.67,4606.44,4631.85,3356.2231687
2025-08-27 17:00:00,4631.58,4645.44,4610.64,4631.97,2643.13220721
2025-08-27 18:00:00,4631.97,4643.48,4589.68,4591.73,2735.7112854
2025-08-27 19:00:00,4591.73,4599.75,4534.91,4566.01,6025.6748507
2025-08-27 20:00:00,4565.73,4613.96,4511.18,4594.57,10300.00977834
2025-08-27 21:00:00,4594.57,4596.81,4514.28,4527.18,4032.537538
2025-08-27 22:00:00,4527.08,4537.68,4481.43,4524.46,4167.3614071
2025-08-27 23:00:00,4524.39,4539.37,4490.7,4507.17,2727.59899088
2025-08-28 00:00:00,4506.95,4522.46,4467.87,4493.44,3012.3796181
2025-08-28 01:00:00,4493.45,4523.37,4493.45,4517.05,2893.3753385
2025-08-28 02:00:00,4516.77,4527.56,4507.41,4512.53,2127.4854636
2025-08-28 03:00:00,4512.53,4548.55,4507.08,4541.66,2078.48501844
2025-08-28 04:00:00,4541.66,4579.86,4535.21,4570.84,2069.72338008
2025-08-28 05:00:00,4570.84,4587.91,4553.91,4570.64,1907.2642728
2025-08-28 06:00:00,4570.64,4586.29,4555.04,4583.92,1785.4773383
2025-08-28 07:00:00,4583.92,4600.0,4566.15,4596.48,2305.59033452
2025-08-28 08:00:00,4596.49,4633.77,4594.87,4604.15,3172.9769001
2025-08-28 09:00:00,4604.11,4604.63,4580.91,4585.72,1730.9879597
2025-08-28 10:00:00,4585.72,4611.98,4581.24,4609.79,1662.3760007
2025-08-28 11:00:00,4609.8,4610.02,4583.57,4594.01,1448.3982258
2025-08-28 12:00:00,4594.02,4613.2,4574.81,4599.39,3186.15580713
2025-08-28 13:00:00,4599.39,4615.0,4562.77,4574.94,6676.7486637
2025-08-28 14:00:00,4575.37,4592.56,4544.65,4567.43,4506.53449547
2025-08-28 15:00:00,4567.43,4573.61,4485.45,4504.44,6261.7474126
2025-08-28 16:00:00,4504.43,4530.45,4459.79,4464.82,4278.08162981
2025-08-28 17:00:00,4465.11,4497.96,4464.1,4490.39,3709.2478435
2025-08-28 18:00:00,4490.39,4508.34,4474.44,4481.66,2643.3385156
2025-08-28 19:00:00,4481.65,4492.65,4436.5,4438.35,3273.1004955
2025-08-28 20:00:00,4438.11,4470.95,4428.32,4458.84,4082.7534051
2025-08-28 21:00:00,4458.84,4491.74,4457.85,4488.02,1815.6135543
2025-08-28 22:00:00,4488.33,4515.6,4488.33,4506.79,1959.0167314
2025-08-28 23:00:00,4506.79,4514.79,4494.07,4511.94,2139.3060122
2025-08-29 00:00:00,4511.93,4516.65,4469.22,4481.3,3092.7350852
2025-08-29 01:00:00,4481.39,4490.48,4434.32,4456.91,3726.0555532
2025-08-29 02:00:00,4456.91,4494.59,4450.38,4480.58,1871.4239575
2025-08-29 03:00:00,4480.58,4504.9,4467.35,4489.85,2252.1910897
2025-08-29 04:00:00,4489.86,4497.2,4470.25,4477.16,1590.23165393
2025-08-29 05:00:00,4477.16,4483.72,4464.25,4479.48,2062.887898
2025-08-29 06:00:00,4479.51,4486.75,4444.65,4456.24,5213.56205633
2025-08-29 07:00:00,4456.24,4456.24,4367.81,4381.26,6823.05172394
2025-08-29 08:00:00,4381.2,4397.74,4330.2,4335.23,6196.8442059
2025-08-29 09:00:00,4335.21,4344.89,4318.66,4337.69,3627.6734555
2025-08-29 10:00:00,4337.69,4362.74,4334.19,4347.03,3004.1271721
2025-08-29 11:00:00,4347.04,4358.83,4334.41,4346.48,2326.4179171
2025-08-29 12:00:00,4346.52,4453.75,4346.52,4407.28,8877.724943
2025-08-29 13:00:00,4407.29,4412.69,4315.35,4331.22,6261.2809309
2025-08-29 14:00:00,4331.42,4355.89,4264.89,4282.48,10975.63914874
2025-08-29 15:00:00,4282.43,4348.31,4282.28,4316.31,4952.4910946
2025-08-29 16:00:00,4316.31,4354.3,4296.4,4335.82,3957.5854642
2025-08-29 17:00:00,4335.82,4358.96,4314.57,4332.92,3472.7594662
2025-08-29 18:00:00,4332.93,4341.59,4307.09,4315.72,2978.7934808
2025-08-29 19:00:00,4315.51,4366.21,4306.47,4340.96,3263.31748171
2025-08-29 20:00:00,4341.09,4347.83,4312.51,4321.25,2558.28827567
2025-08-29 21:00:00,4321.33,4379.47,4306.02,4364.72,3281.8871815
2025-08-29 22:00:00,4364.73,4367.18,4345.19,4366.32,1998.0364833
2025-08-29 23:00:00,4366.33,4374.17,4357.89,4359.97,1421.79144413
2025-08-30 00:00:00,4360.17,4362.6,4329.69,4342.58,2896.1213979
2025-08-30 01:00:00,4342.64,4348.11,4258.41,4265.24,3842.3008904
2025-08-30 02:00:00,4265.31,4316.0,4256.9,4304.18,3455.14743368
2025-08-30 03:00:00,4304.19,4381.77,4303.72,4352.49,3800.50710484
2025-08-30 04:00:00,4352.5,4367.96,4350.9,4352.58,1749.7713608
2025-08-30 05:00:00,4352.58,4402.01,4347.83,4379.35,3141.6299595
2025-08-30 06:00:00,4379.48,4403.55,4374.73,4396.61,2480.8464758
2025-08-30 07:00:00,4396.61,4415.45,4389.99,4402.44,1666.3946567
2025-08-30 08:00:00,4402.44,4407.09,4385.63,4395.57,1432.3686315
2025-08-30 09:00:00,4395.56,4397.5,4379.05,4391.56,1559.2764775
2025-08-30 10:00:00,4391.56,4407.38,4384.35,4392.53,1562.1254492
2025-08-30 11:00:00,4392.53,4401.78,4384.03,4392.55,1135.5566245
2025-08-30 12:00:00,4392.5,4393.45,4348.28,4367.81,2630.26433108
2025-08-30 13:00:00,4367.81,4367.81,4332.26,4359.02,2989.61223136
2025-08-30 14:00:00,4359.02,4369.77,4338.39,4363.5,2161.2553616
2025-08-30 15:00:00,4363.51,4383.1,4357.11,4376.67,1907.7504135
2025-08-30 16:00:00,4376.66,4376.66,4360.08,4361.91,1746.4129598
2025-08-30 17:00:00,4361.92,4373.18,4348.94,4362.65,1827.2831576
2025-08-30 18:00:00,4362.65,4367.08,4346.39,4350.58,1272.2989084
2025-08-30 19:00:00,4350.53,4355.06,4335.5,4354.86,1479.9247317
2025-08-30 20:00:00,4354.86,4354.91,4334.68,4343.79,1416.3894728
2025-08-30 21:00:00,4343.79,4356.03,4339.99,4347.38,1322.6926786
2025-08-30 22:00:00,4347.23,4360.69,4341.24,4359.03,865.3362832
2025-08-30 23:00:00,4359.03,4378.54,4358.04,4374.43,1340.8533997
2025-08-31 00:00:00,4374.43,4469.52,4373.43,4466.86,3841.2545163
2025-08-31 01:00:00,4466.94,4470.1,4435.6,4456.13,1914.55669147
2025-08-31 02:00:00,4456.13,4462.05,4446.29,4449.49,1704.87512801
2025-08-31 03:00:00,4449.49,4488.59,4449.04,4487.84,2708.8618985
2025-08-31 04:00:00,4487.89,4492.67,4458.99,4465.09,2928.070077
2025-08-31 05:00:00,4465.1,4465.1,4449.57,4459.21,1289.4251234
2025-08-31 06:00:00,4459.39,4461.55,4433.62,4434.4,1624.5702556
2025-08-31 07:00:00,4434.45,4457.95,4433.3,4451.26,990.3003972
2025-08-31 08:00:00,4450.95,4473.62,4450.94,4471.49,1772.4303554
2025-08-31 09:00:00,4471.5,4480.32,4460.58,4463.85,1697.7865431
2025-08-31 10:00:00,4463.93,4470.67,4448.9,4454.62,1524.3508531
2025-08-31 11:00:00,4454.63,4482.84,4440.47,4476.84,2405.9601293
2025-08-31 12:00:00,4476.6,4497.63,4463.6,4489.1,2110.6791
2025-08-31 13:00:00,4489.09,4497.67,4465.49,4471.41,2405.0829108
2025-08-31 14:00:00,4471.42,4474.66,4451.0,4459.54,1865.143802
2025-08-31 15:00:00,4459.55,4490.64,4458.28,4484.65,1812.6684276
2025-08-31 16:00:00,4484.65,4486.46,4460.5,4470.97,1454.8614763
2025-08-31 17:00:00,4470.98,4487.67,4469.11,4477.38,1733.6817209
2025-08-31 18:00:00,4477.39,4491.0,4473.84,4489.94,1964.56152623
2025-08-31 19:00:00,4489.93,4490.0,4455.05,4456.02,1922.3250246
2025-08-31 20:00:00,4456.03,4462.5,4445.26,4455.64,1427.2670755
2025-08-31 21:00:00,4455.49,4477.0,4450.56,4470.0,1552.8066465
2025-08-31 22:00:00,4470.01,4474.06,4434.32,4445.34,2551.4548772
2025-08-31 23:00:00,4445.22,4445.22,4378.98,4392.35,4325.46287578
2025-09-01 00:00:00,4392.18,4410.97,4360.57,4396.54,3758.45622122
2025-09-01 01:00:00,4396.54,4431.71,4384.13,4417.39,3647.0493779
2025-09-01 02:00:00,4417.39,4419.72,4366.51,4387.31,4108.6747042
2025-09-01 03:00:00,4387.32,4408.37,4371.75,4404.3,4253.8485021
2025-09-01 04:00:00,4404.3,4411.88,4373.24,4385.69,3598.141852
2025-09-01 05:00:00,4385.7,4406.5,4359.14,4395.07,3109.5825295
2025-09-01 06:00:00,4395.05,4408.38,4374.78,4397.33,2225.9476715
2025-09-01 07:00:00,4397.31,4463.82,4380.49,4463.64,5423.8753788
2025-09-01 08:00:00,4463.29,4491.23,4463.0,4475.98,5779.88889955
2025-09-01 09:00:00,4475.99,4482.77,4438.42,4441.15,3198.8357511
2025-09-01 10:00:00,4441.31,4444.97,4389.85,4408.44,3604.211219
2025-09-01 11:00:00,4408.44,4415.99,4383.04,4392.46,2633.7401856
2025-09-01 12:00:00,4392.73,4412.35,4384.79,4403.12,2756.1779329
2025-09-01 13:00:00,4403.12,4423.0,4373.37,4385.87,3618.5551487
2025-09-01 14:00:00,4385.88,4402.4,4380.27,4395.96,2732.5397873
2025-09-01 15:00:00,4395.9,4404.78,4346.3,4362.09,3190.5410461
2025-09-01 16:00:00,4362.0,4371.12,4347.2,4355.52,2158.6605516
2025-09-01 17:00:00,4355.52,4358.3,4309.6,4322.95,4826.01926291
2025-09-01 18:00:00,4322.95,4349.44,4322.79,4347.19,2780.3318475
2025-09-01 19:00:00,4347.19,4369.0,4342.95,4368.12,2538.9904176
2025-09-01 20:00:00,4368.12,4368.12,4262.91,4289.06,7118.0219715
2025-09-01 21:00:00,4288.99,4290.29,4211.5,4261.64,6321.69630535
2025-09-01 22:00:00,4261.64,4300.0,4252.85,4284.98,4762.79990465
2025-09-01 23:00:00,4284.67,4319.06,4282.77,4314.33,3875.2131703
2025-09-02 00:00:00,4314.36,4318.85,4291.37,4303.57,3774.2366695
2025-09-02 01:00:00,4303.56,4340.0,4293.39,4323.54,4253.1711896
2025-09-02 02:00:00,4323.5,4362.06,4315.75,4360.28,4242.9480165
2025-09-02 03:00:00,4360.28,4394.07,4352.61,4366.71,3446.0276243
2025-09-02 04:00:00,4366.72,4388.23,4360.79,4388.08,2734.3108214
2025-09-02 05:00:00,4388.08,4389.18,4370.01,4384.96,3425.9780557
2025-09-02 06:00:00,4384.96,4415.77,4381.36,4411.99,4577.6936268
2025-09-02 07:00:00,4412.07,4413.26,4367.5,4377.22,2321.128543
2025-09-02 08:00:00,4377.12,4407.39,4369.07,4392.3,2390.6601881
2025-09-02 09:00:00,4392.31,4407.46,4385.65,4399.54,2231.5447832
2025-09-02 10:00:00,4399.76,4400.81,4377.93,4391.46,2571.4888
2025-09-02 11:00:00,4391.5,4392.3,4341.11,4347.98,2780.9691497
2025-09-02 12:00:00,4347.94,4352.69,4271.63,4276.95,4853.93312149
2025-09-02 13:00:00,4277.06,4392.65,4274.7,4378.17,7748.63034392
2025-09-02 14:00:00,4378.17,4397.43,4334.16,4348.66,8049.4498265
2025-09-02 15:00:00,4348.57,4353.47,4285.0,4295.68,5141.4095578
2025-09-02 16:00:00,4295.33,4310.43,4278.01,4296.22,6303.23598388
2025-09-02 17:00:00,4296.3,4331.08,4288.33,4319.53,4089.189161
2025-09-02 18:00:00,4319.52,4322.69,4267.27,4296.7,5404.2299604
2025-09-02 19:00:00,4296.85,4313.96,4258.13,4274.66,3776.1027524
2025-09-02 20:00:00,4274.4,4327.49,4266.71,4312.95,5366.1172359
2025-09-02 21:00:00,4312.95,4335.4,4305.46,4328.88,2704.0117358
2025-09-02 22:00:00,4329.03,4332.99,4309.34,4329.11,3691.955399
2025-09-02 23:00:00,4329.21,4336.93,4314.13,4325.78,2764.6182378
2025-09-03 00:00:00,4325.79,4332.53,4304.58,4310.25,3095.0220567
2025-09-03 01:00:00,4310.26,4325.5,4284.0,4325.49,2775.648492
2025-09-03 02:00:00,4325.36,4355.32,4312.78,4338.47,3080.483465
2025-09-03 03:00:00,4338.46,4344.18,4321.11,4335.23,3054.3447238
2025-09-03 04:00:00,4335.22,4342.3,4313.73,4339.91,2006.842796
2025-09-03 05:00:00,4339.9,4340.75,4313.84,4314.9,1805.3290008
2025-09-03 06:00:00,4315.02,4320.98,4292.12,4308.08,3268.1466301
2025-09-03 07:00:00,4308.05,4315.94,4286.73,4310.27,2425.3925442
2025-09-03 08:00:00,4310.26,4332.78,4308.02,4318.08,2020.6443681
2025-09-03 09:00:00,4318.11,4352.52,4303.17,4351.71,1864.7357933
2025-09-03 10:00:00,4351.78,4377.34,4344.57,4371.75,2916.95665095
2025-09-03 11:00:00,4371.74,4385.65,4366.79,4371.77,2518.520536
2025-09-03 12:00:00,4371.77,4379.6,4341.5,4354.61,3396.2133215
2025-09-03 13:00:00,4354.47,4440.0,4351.0,4418.72,7106.77907032
2025-09-03 14:00:00,4418.72,4480.65,4415.77,4466.48,5410.64517578
2025-09-03 15:00:00,4466.64,4486.21,4453.86,4479.6,3034.2535187
2025-09-03 16:00:00,4479.6,4483.49,4453.95,4466.69,3252.55988902
2025-09-03 17:00:00,4466.68,4490.31,4466.04,4472.13,3068.0777644
2025-09-03 18:00:00,4472.14,4479.27,4458.23,4468.86,2688.551163
2025-09-03 19:00:00,4468.85,4478.03,4458.99,4474.95,2298.5768869
2025-09-03 20:00:00,4475.01,4479.51,4463.78,4464.49,1464.03492524
2025-09-03 21:00:00,4464.5,4472.79,4434.76,4460.75,1193.0456672
2025-09-03 22:00:00,4460.74,4482.24,4459.07,4469.5,1640.5119809
2025-09-03 23:00:00,4469.5,4471.63,4444.27,4450.52,2160.3704012
2025-09-04 00:00:00,4450.52,4482.47,4446.09,4468.34,2585.8007693
2025-09-04 01:00:00,4468.44,4478.56,4450.46,4468.5,2264.9946318
2025-09-04 02:00:00,4468.51,4470.91,4420.04,4420.87,2996.828833
2025-09-04 03:00:00,4420.99,4429.32,4389.8,4397.82,3596.0471233
2025-09-04 04:00:00,4398.25,4414.0,4388.23,4392.1,3168.9552875
2025-09-04 05:00:00,4392.1,4392.1,4362.79,4375.28,3488.3296904
2025-09-04 06:00:00,4375.28,4382.77,4355.96,4365.13,3494.3461945
2025-09-04 07:00:00,4365.13,4382.92,4363.7,4371.13,1384.3474946
2025-09-04 08:00:00,4371.13,4391.73,4365.64,4369.74,2031.03227005
2025-09-04 09:00:00,4369.74,4395.61,4369.74,4395.61,1205.75021838
2025-09-04 10:00:00,4395.61,4433.28,4393.14,4407.96,2756.63361275
2025-09-04 11:00:00,4407.95,4432.84,4393.25,4407.12,2459.3755858
2025-09-04 12:00:00,4407.13,4428.46,4383.79,4416.21,3325.89609353
2025-09-04 13:00:00,4416.25,4419.16,4365.75,4377.41,4511.68684658
2025-09-04 14:00:00,4377.54,4382.26,4327.77,4341.57,5901.8298115
2025-09-04 15:00:00,4341.58,4346.22,4294.38,4305.55,5558.58712367
2025-09-04 16:00:00,4305.54,4319.46,4285.22,4296.2,4398.76862763
2025-09-04 17:00:00,4296.28,4323.06,4295.85,4306.0,2336.98407841
2025-09-04 18:00:00,4305.96,4318.09,4271.04,4274.0,3982.81404377
2025-09-04 19:00:00,4273.83,4287.44,4265.63,4276.06,2770.73511519
2025-09-04 20:00:00,4276.05,4309.87,4272.59,4306.46,3220.17844751
2025-09-04 21:00:00,4306.11,4325.6,4302.83,4319.69,1314.1529706
2025-09-04 22:00:00,4319.68,4353.22,4316.98,4341.47,3033.6995734
2025-09-04 23:00:00,4342.0,4349.72,4296.02,4298.03,3445.7978704
2025-09-05 00:00:00,4297.92,4313.78,4289.48,4301.52,3192.8548183
2025-09-05 01:00:00,4301.34,4332.85,4298.69,4325.8,2764.0556929
2025-09-05 02:00:00,4325.81,4335.17,4300.0,4324.01,4211.4377433
2025-09-05 03:00:00,4324.01,4332.16,4298.02,4328.9,3165.4350846
2025-09-05 04:00:00,4328.9,4334.9,4316.76,4330.85,1793.8860795
2025-09-05 05:00:00,4330.85,4341.69,4326.95,4338.24,1999.8517489
2025-09-05 06:00:00,4338.24,4341.26,4322.25,4333.6,1926.5037569
2025-09-05 07:00:00,4332.66,4428.63,4331.89,4417.0,8408.30308316
2025-09-05 08:00:00,4417.0,4420.18,4386.89,4406.44,3455.68608703
2025-09-05 09:00:00,4406.39,4408.48,4373.41,4397.5,2847.2743865
2025-09-05 10:00:00,4397.5,4422.49,4395.5,4409.97,2293.47247759
2025-09-05 11:00:00,4409.97,4426.43,4406.76,4417.42,2149.70534519
2025-09-05 12:00:00,4417.42,4492.07,4407.4,4470.32,15933.63237008
2025-09-05 13:00:00,4470.36,4479.11,4435.03,4442.43,7780.9188504
2025-09-05 14:00:00,4442.38,4442.38,4263.66,4274.01,12066.14693201
2025-09-05 15:00:00,4273.74,4304.65,4255.06,4282.96,3316.07011669
2025-09-05 16:00:00,4283.12,4303.66,4275.08,4297.95,2368.9531481
2025-09-05 17:00:00,4297.95,4298.93,4273.0,4289.74,3614.52123913
2025-09-05 18:00:00,4289.75,4317.31,4284.67,4312.89,2209.2793849
2025-09-05 19:00:00,4312.88,4331.81,4306.62,4331.41,2026.479604
2025-09-05 20:00:00,4331.41,4342.81,4321.74,4338.15,2030.0472151
2025-09-05 21:00:00,4338.16,4338.99,4286.61,4297.22,3199.3124942
2025-09-05 22:00:00,4297.19,4319.6,4295.71,4313.28,1806.7988291
2025-09-05 23:00:00,4313.28,4319.07,4304.21,4307.2,1317.1697308
2025-09-06 00:00:00,4307.21,4328.44,4303.09,4323.24,1400.74796154
2025-09-06 01:00:00,4323.24,4324.89,4313.01,4318.37,916.76832231
2025-09-06 02:00:00,4318.38,4323.01,4304.96,4323.01,919.1420086
2025-09-06 03:00:00,4322.91,4324.56,4316.28,4320.14,1054.5757841
2025-09-06 04:00:00,4320.15,4320.15,4303.68,4309.22,947.1757816
2025-09-06 05:00:00,4309.23,4311.97,4291.01,4295.32,1613.3182059
2025-09-06 06:00:00,4295.32,4306.93,4293.37,4302.63,1143.23683112
2025-09-06 07:00:00,4302.63,4313.64,4300.64,4312.58,836.6490922
2025-09-06 08:00:00,4312.59,4315.24,4305.27,4310.86,952.7305798
2025-09-06 09:00:00,4310.79,4310.79,4291.67,4292.82,1227.6500719
2025-09-06 10:00:00,4292.83,4303.19,4286.1,4300.65,1545.62859092
2025-09-06 11:00:00,4300.65,4301.15,4290.48,4299.45,1287.1546098
2025-09-06 12:00:00,4299.45,4307.99,4292.37,4299.31,876.7176434
2025-09-06 13:00:00,4299.5,4302.2,4287.66,4293.58,1329.1906754
2025-09-06 14:00:00,4293.59,4301.51,4292.05,4295.66,904.9813875
2025-09-06 15:00:00,4295.67,4297.0,4263.49,4270.1,3215.7433562
2025-09-06 16:00:00,4270.11,4304.48,4236.39,4289.94,5664.7523616
2025-09-06 17:00:00,4289.94,4292.19,4267.22,4273.07,2301.24331121
2025-09-06 18:00:00,4273.07,4287.2,4269.3,4279.45,1327.820739
2025-09-06 19:00:00,4279.46,4281.25,4251.42,4256.0,1588.2041933
2025-09-06 20:00:00,4256.07,4280.4,4253.67,4278.92,1320.41231546
2025-09-06 21:00:00,4278.93,4286.34,4269.16,4283.44,1123.9338945
2025-09-06 22:00:00,4283.43,4288.0,4270.79,4277.85,924.4669888
2025-09-06 23:00:00,4277.86,4283.66,4268.58,4273.1,664.6782307
2025-09-07 00:00:00,4273.15,4288.44,4271.21,4284.02,1261.6206359
2025-09-07 01:00:00,4284.06,4303.0,4283.18,4294.92,1374.0842937
2025-09-07 02:00:00,4294.93,4303.03,4289.06,4299.43,1278.7832111
2025-09-07 03:00:00,4299.44,4305.01,4293.1,4297.69,1246.15426642
2025-09-07 04:00:00,4297.48,4302.52,4293.21,4301.45,531.6311491
2025-09-07 05:00:00,4301.45,4303.75,4292.44,4294.76,468.98244234
2025-09-07 06:00:00,4294.76,4295.3,4283.33,4284.25,704.3703169
2025-09-07 07:00:00,4284.25,4307.08,4278.83,4294.54,934.9807388
2025-09-07 08:00:00,4294.55,4315.62,4294.55,4301.85,1522.3776298
2025-09-07 09:00:00,4301.42,4311.68,4292.08,4299.69,1321.7706662
2025-09-07 10:00:00,4299.7,4306.53,4297.29,4305.42,668.0223954
2025-09-07 11:00:00,4305.42,4310.5,4304.19,4310.5,468.8527237
2025-09-07 12:00:00,4310.51,4310.57,4294.21,4300.69,722.646769
2025-09-07 13:00:00,4300.7,4308.14,4289.75,4305.51,897.7241102
2025-09-07 14:00:00,4305.43,4311.21,4297.68,4299.49,2273.767711
2025-09-07 15:00:00,4299.49,4305.05,4296.53,4299.11,1132.9070097
2025-09-07 16:00:00,4299.11,4301.09,4283.13,4283.79,1599.67834218
2025-09-07 17:00:00,4283.8,4287.81,4272.0,4275.5,1645.6690021
2025-09-07 18:00:00,4275.51,4283.62,4271.01,4281.76,832.4896225
2025-09-07 19:00:00,4281.77,4296.85,4277.08,4293.33,1373.4487515
2025-09-07 20:00:00,4293.37,4299.97,4281.45,4299.93,1049.487808
2025-09-07 21:00:00,4299.95,4299.95,4287.3,4288.12,1084.7629702
2025-09-07 22:00:00,4288.11,4310.57,4287.23,4309.58,2367.96306848
2025-09-07 23:00:00,4309.58,4334.69,4297.8,4305.57,2330.04331473
2025-09-08 00:00:00,4305.58,4318.14,4292.33,4298.93,1630.5057844
2025-09-08 01:00:00,4298.93,4302.09,4283.76,4292.72,1476.0083776
2025-09-08 02:00:00,4292.72,4309.04,4278.84,4308.59,2362.15707283
2025-09-08 03:00:00,4308.6,4330.6,4303.83,4311.73,2563.3762599
2025-09-08 04:00:00,4311.73,4313.37,4295.84,4298.15,1460.7623674
2025-09-08 05:00:00,4298.16,4304.95,4289.61,4296.85,1745.9109481
2025-09-08 06:00:00,4296.84,4303.17,4289.51,4292.37,984.9361105
2025-09-08 07:00:00,4292.37,4311.61,4287.77,4292.11,1236.3237452
2025-09-08 08:00:00,4292.11,4304.57,4288.34,4301.96,1384.69013367
2025-09-08 09:00:00,4301.96,4334.02,4297.43,4319.02,2950.6079593
2025-09-08 10:00:00,4318.82,4337.17,4314.71,4328.23,2993.50150264
2025-09-08 11:00:00,4328.23,4329.14,4299.49,4311.81,2539.1517745
2025-09-08 12:00:00,4312.03,4322.37,4305.84,4319.98,1625.90443528
2025-09-08 13:00:00,4319.99,4362.34,4315.94,4319.87,5374.1396161
2025-09-08 14:00:00,4319.88,4358.0,4315.0,4350.22,4791.1108702
2025-09-08 15:00:00,4350.3,4383.51,4344.15,4370.95,3538.61240495
2025-09-08 16:00:00,4370.98,4372.61,4333.59,4338.41,3257.5320662
2025-09-08 17:00:00,4338.48,4342.67,4300.0,4311.04,3576.7344586
2025-09-08 18:00:00,4311.07,4336.0,4310.0,4329.73,2308.1754945
2025-09-08 19:00:00,4329.74,4329.74,4284.1,4292.87,2971.9935269
2025-09-08 20:00:00,4292.91,4301.86,4282.2,4298.01,1508.0416373
2025-09-08 21:00:00,4298.13,4322.17,4295.03,4321.98,1648.9085424
2025-09-08 22:00:00,4321.98,4332.02,4307.92,4311.04,2773.0679992
2025-09-08 23:00:00,4311.05,4319.87,4296.4,4306.35,1801.5320231
2025-09-09 00:00:00,4306.35,4315.26,4289.33,4302.02,2347.6210094
2025-09-09 01:00:00,4302.02,4307.78,4282.36,4286.43,2396.4932922
2025-09-09 02:00:00,4286.59,4294.59,4277.0,4290.98,2115.5514266
2025-09-09 03:00:00,4290.96,4308.06,4288.33,4307.15,1973.5752677
2025-09-09 04:00:00,4307.15,4317.35,4303.0,4313.75,1340.6640536
2025-09-09 05:00:00,4313.75,4320.25,4302.51,4318.61,1521.7770676
2025-09-09 06:00:00,4318.61,4375.15,4315.63,4364.98,4425.1774799
2025-09-09 07:00:00,4364.99,4381.01,4346.22,4360.88,3062.7314184
2025-09-09 08:00:00,4360.88,4366.31,4342.65,4359.66,1884.5465384
2025-09-09 09:00:00,4359.66,4366.0,4352.59,4356.75,1148.9425006
2025-09-09 10:00:00,4356.76,4362.37,4342.27,4348.65,1466.9705659
2025-09-09 11:00:00,4348.64,4355.52,4343.99,4346.66,2107.8345852
2025-09-09 12:00:00,4346.96,4367.25,4328.94,4344.79,2987.445458
2025-09-09 13:00:00,4345.17,4360.57,4324.15,4346.73,4144.3144988
2025-09-09 14:00:00,4346.89,4362.1,4286.0,4306.7,9447.4235868
2025-09-09 15:00:00,4306.62,4310.2,4277.69,4285.12,4435.2577554
2025-09-09 16:00:00,4285.12,4297.39,4278.13,4287.87,2654.7978582
2025-09-09 17:00:00,4287.94,4296.37,4280.01,4285.71,1443.8028779
2025-09-09 18:00:00,4285.72,4293.57,4280.95,4286.5,1717.8519467
2025-09-09 19:00:00,4286.51,4299.4,4285.43,4295.19,1335.3077381
2025-09-09 20:00:00,4295.12,4306.11,4281.18,4305.01,1862.56708368
2025-09-09 21:00:00,4305.02,4320.75,4294.78,4301.77,1977.5106252
2025-09-09 22:00:00,4301.82,4318.48,4299.01,4318.37,1420.4421463
2025-09-09 23:00:00,4318.37,4318.54,4302.68,4309.54,1704.5719668
2025-09-10 00:00:00,4309.54,4314.55,4285.03,4285.7,2565.3080131
2025-09-10 01:00:00,4285.68,4314.19,4284.99,4302.6,2894.2269528
2025-09-10 02:00:00,4302.6,4325.83,4302.6,4316.88,3141.6675733
2025-09-10 03:00:00,4316.89,4323.64,4308.21,4320.33,1968.6620872
2025-09-10 04:00:00,4320.45,4320.45,4308.14,4312.37,1537.3616618
2025-09-10 05:00:00,4312.37,4318.88,4294.77,4309.12,2075.3428032
2025-09-10 06:00:00,4308.74,4318.56,4298.14,4312.85,1097.1405339
2025-09-10 07:00:00,4312.86,4334.02,4312.29,4329.18,2069.869802
2025-09-10 08:00:00,4329.18,4334.09,4323.09,4331.68,1795.0462193
2025-09-10 09:00:00,4331.69,4332.31,4308.08,4324.34,2679.40970364
2025-09-10 10:00:00,4324.35,4332.2,4316.91,4326.22,2486.3592752
2025-09-10 11:00:00,4326.22,4332.15,4321.78,4330.75,1173.8951419
2025-09-10 12:00:00,4330.74,4392.45,4329.65,4370.45,8590.63211456
2025-09-10 13:00:00,4370.45,4438.71,4356.7,4416.33,5664.6553433
2025-09-10 14:00:00,4416.46,4451.37,4397.64,4400.48,4424.33621283
2025-09-10 15:00:00,4400.48,4423.87,4395.34,4404.21,3091.306261
2025-09-10 16:00:00,4404.37,4408.28,4360.97,4384.82,3028.08703372
2025-09-10 17:00:00,4384.82,4396.45,4342.39,4366.26,4254.2237191
2025-09-10 18:00:00,4366.26,4372.59,4326.3,4341.08,3384.8196367
2025-09-10 19:00:00,4341.09,4342.55,4300.02,4322.79,4689.9230362
2025-09-10 20:00:00,4322.9,4335.76,4321.29,4329.93,2582.4293526
2025-09-10 21:00:00,4329.94,4353.91,4328.97,4350.29,2255.4158778
2025-09-10 22:00:00,4350.23,4355.68,4337.78,4346.22,1678.0665774
2025-09-10 23:00:00,4346.23,4355.39,4339.24,4349.1,1758.4130682
2025-09-11 00:00:00,4349.27,4361.43,4339.12,4359.72,1878.484708
2025-09-11 01:00:00,4359.72,4383.12,4355.26,4365.38,1357.74077525
2025-09-11 02:00:00,4365.38,4384.86,4361.26,4376.8,2160.6940142
2025-09-11 03:00:00,4376.78,4407.97,4372.66,4404.29,1895.9271591
2025-09-11 04:00:00,4404.29,4418.25,4395.22,4411.11,2202.6192222
2025-09-11 05:00:00,4411.12,4424.67,4398.44,4418.95,3233.7797378
2025-09-11 06:00:00,4418.94,4442.82,4406.49,4439.5,2123.0539801
2025-09-11 07:00:00,4439.5,4450.0,4426.27,4440.4,2284.28208113
2025-09-11 08:00:00,4440.4,4442.3,4426.89,4431.15,1579.72250556
2025-09-11 09:00:00,4431.16,4434.49,4406.25,4415.96,1539.1855534
2025-09-11 10:00:00,4415.97,4429.65,4414.25,4427.56,991.74251
2025-09-11 11:00:00,4427.53,4438.04,4422.66,4429.36,933.7819058
2025-09-11 12:00:00,4429.37,4480.0,4353.15,4425.13,12765.04254103
2025-09-11 13:00:00,4425.29,4442.44,4384.75,4437.18,8949.2705616
2025-09-11 14:00:00,4437.29,4438.34,4396.91,4427.39,7636.2778208
2025-09-11 15:00:00,4427.43,4432.38,4400.91,4412.4,3227.75918862
2025-09-11 16:00:00,4412.4,4426.23,4407.71,4417.63,1950.4833475
2025-09-11 17:00:00,4417.63,4441.32,4414.11,4433.01,2850.9419459
2025-09-11 18:00:00,4433.02,4437.0,4409.04,4420.56,2165.0754433
2025-09-11 19:00:00,4420.55,4430.84,4412.87,4423.79,2060.1937468
2025-09-11 20:00:00,4423.93,4427.2,4415.7,4417.51,860.1144275
2025-09-11 21:00:00,4417.62,4430.42,4416.11,4429.52,1398.2451609
2025-09-11 22:00:00,4429.53,4461.53,4424.79,4453.72,3431.55096
2025-09-11 23:00:00,4453.72,4468.83,4451.85,4458.88,3040.0895583
2025-09-12 00:00:00,4458.88,4538.47,4450.72,4512.34,4776.0606716
2025-09-12 01:00:00,4512.34,4532.46,4494.1,4497.26,2381.5643368
2025-09-12 02:00:00,4497.27,4524.16,4496.43,4507.47,2973.0737494
2025-09-12 03:00:00,4507.36,4508.32,4488.08,4505.39,1141.2439114
2025-09-12 04:00:00,4505.27,4523.61,4499.03,4521.1,1398.0763054
2025-09-12 05:00:00,4521.1,4557.88,4513.89,4557.13,1882.48113072
2025-09-12 06:00:00,4557.16,4562.48,4531.5,4538.49,1762.2890862
2025-09-12 07:00:00,4538.49,4550.85,4523.81,4525.28,1594.62728465
2025-09-12 08:00:00,4525.29,4532.72,4512.72,4517.38,1059.89431145
2025-09-12 09:00:00,4517.38,4527.38,4504.58,4514.83,1592.4894526
2025-09-12 10:00:00,4514.83,4522.5,4507.44,4516.54,2293.3423545
2025-09-12 11:00:00,4516.53,4535.56,4513.3,4520.2,1363.9649892
2025-09-12 12:00:00,4520.28,4529.81,4503.32,4525.69,1685.68307663
2025-09-12 13:00:00,4525.69,4541.54,4506.63,4538.15,2369.32549638
2025-09-12 14:00:00,4538.55,4570.02,4524.05,4546.49,3011.2110684
2025-09-12 15:00:00,4546.49,4550.97,4528.0,4541.41,2472.1614287
2025-09-12 16:00:00,4541.41,4575.99,4533.53,4575.55,3190.90989204
2025-09-12 17:00:00,4575.56,4627.88,4564.13,4613.02,4693.53222297
2025-09-12 18:00:00,4613.01,4627.0,4599.31,4623.94,2279.6613216
2025-09-12 19:00:00,4624.0,4660.37,4614.41,4657.65,3374.1542763
2025-09-12 20:00:00,4657.54,4692.23,4630.74,4670.49,5039.89240654
2025-09-12 21:00:00,4670.61,4671.62,4644.5,4649.57,3361.88158628
2025-09-12 22:00:00,4649.57,4749.88,4649.57,4695.16,7136.88425874
2025-09-12 23:00:00,4695.16,4714.83,4671.05,4712.22,2691.8234898
2025-09-13 00:00:00,4712.22,4716.91,4696.85,4704.89,2505.5255137
2025-09-13 01:00:00,4704.9,4733.15,4700.18,4700.32,2785.8345753
2025-09-13 02:00:00,4700.31,4713.72,4692.32,4702.02,1391.45594529
2025-09-13 03:00:00,4702.03,4766.01,4701.71,4756.31,3402.5946967
2025-09-13 04:00:00,4756.3,4756.3,4734.52,4742.13,2046.3214002
2025-09-13 05:00:00,4742.14,4742.49,4718.13,4723.35,1880.839228
2025-09-13 06:00:00,4723.35,4730.91,4702.5,4711.4,1450.7921529
2025-09-13 07:00:00,4711.4,4723.34,4706.6,4711.72,870.713692
2025-09-13 08:00:00,4711.71,4731.07,4711.23,4730.35,649.067881
2025-09-13 09:00:00,4730.36,4733.29,4720.97,4732.64,1252.0946951
2025-09-13 10:00:00,4732.64,4738.75,4710.43,4717.94,1215.57916079
2025-09-13 11:00:00,4717.94,4724.42,4709.0,4719.54,813.3541105
2025-09-13 12:00:00,4719.53,4729.55,4714.0,4720.09,798.5701624
2025-09-13 13:00:00,4720.09,4725.02,4650.0,4685.44,2455.8593883
2025-09-13 14:00:00,4685.43,4708.3,4665.34,4688.83,2857.17612033
2025-09-13 15:00:00,4688.84,4704.96,4643.22,4653.85,3294.92242149
2025-09-13 16:00:00,4653.86,4667.38,4616.4,4623.4,5832.6963632
2025-09-13 17:00:00,4623.4,4642.17,4606.0,4634.1,2572.0225866
2025-09-13 18:00:00,4634.1,4651.54,4625.49,4643.59,2600.960868
2025-09-13 19:00:00,4643.59,4649.85,4635.45,4638.33,2175.9624281
2025-09-13 20:00:00,4638.33,4662.09,4637.35,4657.97,2368.6866865
2025-09-13 21:00:00,4657.96,4667.86,4657.03,4663.7,972.9221873
2025-09-13 22:00:00,4663.7,4665.64,4647.96,4658.86,940.3267796
2025-09-13 23:00:00,4658.74,4672.83,4656.58,4666.84,1613.914759
2025-09-14 00:00:00,4666.84,4680.68,4659.71,4670.32,2121.653944
2025-09-14 01:00:00,4670.24,4677.77,4651.01,4673.04,1762.60257304
2025-09-14 02:00:00,4673.04,4691.74,4671.2,4683.0,2202.8510656
2025-09-14 03:00:00,4683.01,4686.4,4661.55,4663.32,1791.7929746
2025-09-14 04:00:00,4663.33,4667.35,4634.3,4659.07,2483.2391152
2025-09-14 05:00:00,4659.08,4679.64,4658.75,4675.93,1739.0004279
2025-09-14 06:00:00,4675.94,4681.18,4660.15,4666.13,1734.0259298
2025-09-14 07:00:00,4666.13,4667.45,4641.8,4650.65,1477.5382365
2025-09-14 08:00:00,4650.66,4664.48,4645.54,4655.9,1523.4507105
2025-09-14 09:00:00,4655.9,4673.62,4653.01,4664.99,1936.6662145
2025-09-14 10:00:00,4665.0,4669.47,4657.16,4660.06,1480.1624152
2025-09-14 11:00:00,4660.07,4667.37,4626.9,4634.8,2669.39682825
2025-09-14 12:00:00,4634.8,4644.4,4615.31,4632.5,3423.49209205
2025-09-14 13:00:00,4632.5,4634.76,4606.47,4613.12,3111.4092562
2025-09-14 14:00:00,4613.12,4644.12,4575.0,4601.48,8365.300489
2025-09-14 15:00:00,4601.49,4604.18,4576.98,4582.35,3701.471951
2025-09-14 16:00:00,4582.34,4610.0,4579.64,4596.33,2283.1151169
2025-09-14 17:00:00,4596.4,4629.52,4590.99,4620.45,2637.7817464
2025-09-14 18:00:00,4620.48,4620.77,4600.99,4603.8,2603.94663063
2025-09-14 19:00:00,4603.8,4625.14,4592.69,4615.74,2030.75156416
2025-09-14 20:00:00,4615.79,4627.89,4614.05,4617.13,1493.8939668
2025-09-14 21:00:00,4617.13,4636.35,4598.9,4629.53,2728.2078066
2025-09-14 22:00:00,4629.54,4636.39,4611.29,4629.48,2691.2221658
2025-09-14 23:00:00,4629.48,4630.05,4602.28,4604.49,2217.1483826
2025-09-15 00:00:00,4604.49,4615.79,4587.39,4602.05,3202.9196802
2025-09-15 01:00:00,4602.04,4622.9,4580.38,4618.38,3320.7299762
2025-09-15 02:00:00,4618.3,4629.52,4610.87,4620.19,1084.9292918
2025-09-15 03:00:00,4620.22,4643.0,4619.76,4636.31,2874.0153873
2025-09-15 04:00:00,4636.31,4660.0,4636.31,4642.46,3100.8910215
2025-09-15 05:00:00,4642.46,4664.02,4640.43,4662.27,2234.55245025
2025-09-15 06:00:00,4662.4,4669.61,4618.11,4630.49,3364.8797163
2025-09-15 07:00:00,4630.48,4642.17,4588.68,4597.69,3624.6254753
2025-09-15 08:00:00,4597.7,4597.7,4508.48,4510.7,10064.7925886
2025-09-15 09:00:00,4510.64,4535.46,4497.2,4526.9,5772.25115176
2025-09-15 10:00:00,4526.89,4535.22,4507.25,4529.73,2422.0626726
2025-09-15 11:00:00,4529.92,4539.35,4522.56,4530.75,2848.64109414
2025-09-15 12:00:00,4530.69,4536.75,4509.41,4514.72,4073.6008346
2025-09-15 13:00:00,4514.94,4541.63,4491.0,4516.21,5842.290443
2025-09-15 14:00:00,4516.21,4529.86,4498.48,4511.24,4657.7919537
2025-09-15 15:00:00,4511.24,4521.24,4466.04,4500.35,6197.1470885
2025-09-15 16:00:00,4500.24,4511.11,4479.9,4494.72,3980.7105039
2025-09-15 17:00:00,4494.73,4509.76,4475.21,4509.76,1860.57645705
2025-09-15 18:00:00,4509.75,4512.65,4486.98,4501.45,3424.4752385
2025-09-15 19:00:00,4501.45,4514.02,4476.67,4493.97,3959.8396668
2025-09-15 20:00:00,4493.69,4513.15,4488.94,4510.52,2031.8090664
2025-09-15 21:00:00,4510.57,4528.15,4506.91,4524.34,2040.8487353
2025-09-15 22:00:00,4524.34,4529.86,4510.01,4513.64,1541.41554738
2025-09-15 23:00:00,4513.72,4528.13,4508.66,4523.71,1780.3920053
2025-09-16 00:00:00,4523.72,4523.72,4504.51,4513.27,2688.087449
2025-09-16 01:00:00,4513.28,4538.6,4513.28,4517.36,2786.742475
2025-09-16 02:00:00,4517.46,4531.48,4513.6,4514.01,3015.96562285
2025-09-16 03:00:00,4514.0,4531.32,4513.84,4520.85,2687.3172947
2025-09-16 04:00:00,4520.85,4523.03,4488.29,4518.64,3152.0085078
2025-09-16 05:00:00,4518.65,4532.37,4512.39,4530.01,2158.0591359
2025-09-16 06:00:00,4530.01,4536.17,4494.05,4509.1,2201.2119879
2025-09-16 07:00:00,4509.09,4515.75,4502.53,4512.53,1875.5206711
2025-09-16 08:00:00,4512.55,4531.54,4499.39,4511.95,2850.9715435
2025-09-16 09:00:00,4511.95,4516.48,4503.47,4512.01,1281.1505854
2025-09-16 10:00:00,4512.01,4514.34,4493.64,4498.75,2839.5045774
2025-09-16 11:00:00,4498.67,4506.85,4493.64,4500.95,2632.8545916
2025-09-16 12:00:00,4500.96,4506.89,4496.08,4499.81,2126.6235987
2025-09-16 13:00:00,4499.81,4512.01,4430.32,4473.0,6583.2904624
2025-09-16 14:00:00,4473.01,4473.02,4424.2,4446.74,4717.5684972
2025-09-16 15:00:00,4446.74,4470.34,4430.72,4467.36,4959.8723107
2025-09-16 16:00:00,4467.37,4470.88,4446.38,4463.2,5074.3256716
2025-09-16 17:00:00,4463.19,4510.14,4462.0,4486.26,4900.39709719
2025-09-16 18:00:00,4486.25,4496.26,4466.39,4474.38,2287.779127
2025-09-16 19:00:00,4474.38,4494.96,4471.01,4490.92,1932.1211431
2025-09-16 20:00:00,4490.93,4498.38,4483.65,4498.0,2856.0031549
2025-09-16 21:00:00,4498.01,4509.83,4490.37,4507.19,2522.1047216
2025-09-16 22:00:00,4507.2,4525.25,4501.1,4520.5,2376.8171261
2025-09-16 23:00:00,4520.51,4523.61,4495.19,4501.3,1310.3980765
2025-09-17 00:00:00,4501.3,4516.58,4492.99,4513.22,3098.4678797
2025-09-17 01:00:00,4513.23,4519.78,4502.24,4513.76,1870.35219803
2025-09-17 02:00:00,4513.81,4553.12,4507.85,4531.3,2220.060532
2025-09-17 03:00:00,4531.12,4531.12,4496.21,4497.87,3650.96924489
2025-09-17 04:00:00,4497.87,4504.99,4463.95,4477.34,2802.1115208
2025-09-17 05:00:00,4477.34,4519.13,4477.23,4514.86,2052.4218221
2025-09-17 06:00:00,4514.87,4550.11,4505.24,4546.23,2752.83807549
2025-09-17 07:00:00,4546.22,4555.23,4537.68,4543.7,1448.1102757
2025-09-17 08:00:00,4543.7,4545.37,4497.08,4511.62,3131.70013032
2025-09-17 09:00:00,4511.61,4511.61,4494.73,4495.09,1633.97378685
2025-09-17 10:00:00,4495.1,4500.54,4479.14,4483.76,2405.84588648
2025-09-17 11:00:00,4483.75,4497.48,4479.75,4491.74,1491.21830703
2025-09-17 12:00:00,4491.75,4512.88,4483.85,4502.74,2854.74783026
2025-09-17 13:00:00,4502.74,4512.32,4484.05,4495.61,3281.7857386
2025-09-17 14:00:00,4495.69,4503.52,4467.4,4490.13,4356.76278427
2025-09-17 15:00:00,4490.14,4498.56,4482.1,4489.88,1825.18321593
2025-09-17 16:00:00,4489.87,4492.04,4470.62,4487.66,2295.38200098
2025-09-17 17:00:00,4487.66,4533.22,4435.89,4436.87,6373.43075534
2025-09-17 18:00:00,4436.86,4523.52,4416.61,4457.31,20469.8902477
2025-09-17 19:00:00,4456.77,4526.4,4454.57,4518.06,9334.56799066
2025-09-17 20:00:00,4517.78,4541.56,4495.86,4501.52,3118.0662834
2025-09-17 21:00:00,4501.53,4538.45,4487.1,4528.94,4244.157554
2025-09-17 22:00:00,4528.95,4601.28,4527.46,4586.6,5373.8822565
2025-09-17 23:00:00,4586.61,4616.28,4581.64,4589.64,3669.59354738
2025-09-18 00:00:00,4590.04,4609.28,4583.38,4585.18,3472.77497189
2025-09-18 01:00:00,4585.17,4632.74,4580.49,4618.77,4909.6222069
2025-09-18 02:00:00,4618.78,4619.84,4604.04,4613.81,2531.0483642
2025-09-18 03:00:00,4613.82,4643.91,4609.62,4614.38,4046.0868237
2025-09-18 04:00:00,4614.31,4619.74,4598.92,4611.62,2209.54622906
2025-09-18 05:00:00,4611.63,4611.63,4585.31,4589.6,1628.5757313
2025-09-18 06:00:00,4589.61,4594.35,4553.77,4571.18,3996.57060372
2025-09-18 07:00:00,4571.18,4583.43,4571.17,4574.56,2551.37128283
2025-09-18 08:00:00,4574.56,4607.44,4571.8,4602.22,2897.52223239
2025-09-18 09:00:00,4602.21,4603.79,4589.99,4596.89,3165.3588658
2025-09-18 10:00:00,4596.9,4600.72,4570.78,4574.16,3718.537677
2025-09-18 11:00:00,4574.26,4588.54,4569.07,4576.09,1807.26185349
2025-09-18 12:00:00,4576.1,4587.85,4569.04,4571.52,3883.0836588
2025-09-18 13:00:00,4571.51,4604.97,4559.23,4588.2,5805.3119813
2025-09-18 14:00:00,4588.19,4624.68,4587.39,4596.45,4060.1132989
2025-09-18 15:00:00,4596.45,4608.46,4587.5,4599.98,4349.7145985
2025-09-18 16:00:00,4599.98,4636.64,4590.66,4621.33,2671.08013769
2025-09-18 17:00:00,4621.33,4630.43,4597.17,4609.9,3571.73735501
2025-09-18 18:00:00,4609.9,4622.99,4603.06,4618.16,2357.5778308
2025-09-18 19:00:00,4618.13,4618.74,4581.0,4588.19,3207.65080401
2025-09-18 20:00:00,4588.22,4605.41,4587.64,4604.85,2457.45579327
2025-09-18 21:00:00,4604.85,4604.87,4591.51,4594.74,1544.5049561
2025-09-18 22:00:00,4594.73,4601.53,4587.51,4590.81,1161.4745083
2025-09-18 23:00:00,4590.96,4592.26,4570.79,4587.79,2296.5719102
2025-09-19 00:00:00,4587.79,4612.5,4587.78,4609.97,2402.2749449
2025-09-19 01:00:00,4609.94,4621.0,4598.75,4607.55,2741.0690762
2025-09-19 02:00:00,4607.54,4614.9,4588.72,4589.02,1534.7912722
2025-09-19 03:00:00,4589.03,4601.37,4543.7,4549.55,3039.0243728
2025-09-19 04:00:00,4549.56,4559.27,4532.8,4558.38,3032.3799605
2025-09-19 05:00:00,4558.38,4558.38,4528.03,4540.69,2185.1285048
2025-09-19 06:00:00,4540.77,4542.74,4520.19,4523.94,1676.6585656
2025-09-19 07:00:00,4523.94,4543.32,4518.39,4539.28,2047.48961813
2025-09-19 08:00:00,4539.24,4548.92,4531.75,4533.98,1784.6094801
2025-09-19 09:00:00,4533.98,4542.93,4515.85,4522.6,2169.1393954
2025-09-19 10:00:00,4522.61,4532.74,4517.95,4527.77,1599.1545801
2025-09-19 11:00:00,4527.77,4528.47,4508.12,4513.79,1557.201999
2025-09-19 12:00:00,4513.77,4520.89,4508.5,4518.24,1818.4927788
2025-09-19 13:00:00,4518.23,4536.16,4510.19,4527.16,2671.0565221
2025-09-19 14:00:00,4527.16,4543.16,4485.97,4495.1,3401.71242252
2025-09-19 15:00:00,4494.83,4496.59,4444.97,4474.54,5478.07979532
2025-09-19 16:00:00,4474.57,4489.03,4472.35,4481.49,2899.52615984
2025-09-19 17:00:00,4481.49,4481.49,4458.28,4459.63,3624.5458951
2025-09-19 18:00:00,4459.63,4462.35,4436.09,4448.85,3203.9193338
2025-09-19 19:00:00,4448.89,4466.04,4441.57,4441.57,3134.6061861
2025-09-19 20:00:00,4441.49,4464.96,4439.01,4459.58,2827.8020921
2025-09-19 21:00:00,4459.59,4471.87,4451.45,4471.79,1709.0763588
2025-09-19 22:00:00,4471.79,4478.99,4468.84,4468.84,1455.0923199
2025-09-19 23:00:00,4468.85,4469.89,4446.85,4468.77,1667.82992882
2025-09-20 00:00:00,4468.78,4475.83,4461.02,4475.83,1480.8775761
2025-09-20 01:00:00,4475.84,4475.96,4458.69,4466.65,2195.8525086
2025-09-20 02:00:00,4466.65,4469.36,4454.86,4465.89,2033.8230175
2025-09-20 03:00:00,4465.88,4467.57,4459.88,4465.93,1526.9463859
2025-09-20 04:00:00,4465.94,4476.58,4463.35,4474.17,1075.5029044
2025-09-20 05:00:00,4474.17,4485.0,4467.1,4479.04,809.7178075
2025-09-20 06:00:00,4479.04,4479.04,4471.22,4473.5,918.7073927
2025-09-20 07:00:00,4473.5,4483.23,4470.13,4483.22,1361.23038166
2025-09-20 08:00:00,4483.23,4483.23,4465.39,4466.1,1122.5336369
2025-09-20 09:00:00,4466.11,4471.99,4457.11,4466.08,2080.9657629
2025-09-20 10:00:00,4466.08,4476.13,4464.48,4464.49,1469.5957852
2025-09-20 11:00:00,4464.49,4471.4,4463.81,4470.16,1480.5283663
2025-09-20 12:00:00,4470.16,4471.57,4464.1,4466.39,1421.5752311
2025-09-20 13:00:00,4466.39,4471.54,4463.82,4468.52,1082.7137194
2025-09-20 14:00:00,4468.53,4496.82,4464.42,4487.35,2068.2744638
2025-09-20 15:00:00,4487.47,4506.72,4487.15,4497.9,1425.66844147
2025-09-20 16:00:00,4497.91,4508.37,4489.67,4502.7,1266.8686546
2025-09-20 17:00:00,4502.7,4502.78,4470.72,4485.8,1426.3659539
2025-09-20 18:00:00,4485.8,4487.04,4473.39,4475.77,812.11744506
2025-09-20 19:00:00,4475.77,4485.14,4472.16,4480.37,728.4937998
2025-09-20 20:00:00,4480.37,4487.53,4478.74,4484.67,659.895158
2025-09-20 21:00:00,4484.67,4501.48,4484.66,4490.58,949.0072733
2025-09-20 22:00:00,4490.58,4494.81,4488.08,4493.79,582.8736428
2025-09-20 23:00:00,4493.8,4493.8,4479.45,4480.67,689.1425573
2025-09-21 00:00:00,4480.68,4489.72,4474.18,4486.96,857.4263176
2025-09-21 01:00:00,4487.12,4488.68,4478.87,4481.5,918.6948882
2025-09-21 02:00:00,4481.49,4487.79,4457.66,4478.52,1364.7935433
2025-09-21 03:00:00,4478.58,4479.26,4473.2,4478.43,692.5368964
2025-09-21 04:00:00,4478.43,4478.49,4469.68,4471.72,649.5464139
2025-09-21 05:00:00,4471.73,4477.91,4467.21,4477.53,901.9666937
2025-09-21 06:00:00,4477.53,4492.29,4477.53,4484.94,909.31325878
2025-09-21 07:00:00,4484.94,4485.45,4476.35,4477.92,728.1071516
2025-09-21 08:00:00,4477.92,4479.91,4467.05,4469.51,602.4965244
2025-09-21 09:00:00,4469.52,4474.15,4444.36,4466.23,2672.48634081
2025-09-21 10:00:00,4466.23,4469.05,4458.98,4459.5,1281.374292
2025-09-21 11:00:00,4459.43,4466.63,4456.61,4460.73,970.6536275
2025-09-21 12:00:00,4460.74,4473.51,4460.73,4467.98,690.2151061
2025-09-21 13:00:00,4467.97,4481.76,4466.61,4476.02,704.2637998
2025-09-21 14:00:00,4476.02,4485.0,4471.79,4473.15,1074.0942923
2025-09-21 15:00:00,4473.02,4486.24,4472.05,4482.94,1686.3952175
2025-09-21 16:00:00,4482.95,4488.77,4464.83,4476.53,2123.1583953
2025-09-21 17:00:00,4476.54,4494.99,4467.39,4491.57,1579.0500873
2025-09-21 18:00:00,4491.48,4496.92,4484.05,4496.91,882.8459322
2025-09-21 19:00:00,4496.92,4498.2,4476.94,4494.19,732.3339723
2025-09-21 20:00:00,4494.19,4494.54,4475.06,4475.06,450.051907
2025-09-21 21:00:00,4475.07,4477.94,4467.49,4471.84,742.4234539
2025-09-21 22:00:00,4471.84,4477.61,4446.26,4465.69,1348.217559
2025-09-21 23:00:00,4465.69,4465.69,4443.51,4445.62,1621.55256473
2025-09-22 00:00:00,4445.58,4455.8,4321.95,4336.92,11526.9357893
2025-09-22 01:00:00,4336.71,4352.45,4326.97,4329.14,4781.5418915
2025-09-22 02:00:00,4329.13,4340.67,4263.56,4288.79,8600.2685577
2025-09-22 03:00:00,4288.78,4308.05,4288.01,4305.61,2585.56957958
2025-09-22 04:00:00,4305.62,4310.44,4288.97,4290.47,2261.2531936
2025-09-22 05:00:00,4290.47,4299.18,4215.54,4219.4,4912.75761222
2025-09-22 06:00:00,4220.01,4225.11,4051.81,4192.3,17474.82273557
2025-09-22 07:00:00,4192.17,4224.16,4183.9,4193.38,7477.1522684
2025-09-22 08:00:00,4193.38,4207.37,4186.2,4194.7,6664.9268687
2025-09-22 09:00:00,4194.88,4197.3,4136.37,4151.11,7879.87883887
2025-09-22 10:00:00,4151.11,4190.0,4138.93,4182.69,6615.69231734
2025-09-22 11:00:00,4182.69,4191.58,4174.21,4181.62,5015.97714612
2025-09-22 12:00:00,4181.63,4199.97,4169.33,4192.74,8617.6987448
2025-09-22 13:00:00,4192.74,4216.78,4173.8,4207.26,13223.9979812
2025-09-22 14:00:00,4207.05,4218.88,4183.5,4190.63,10282.0530866
2025-09-22 15:00:00,4190.62,4195.7,4159.31,4168.38,10149.78325244
2025-09-22 16:00:00,4168.38,4183.04,4160.98,4164.83,11275.0381339
2025-09-22 17:00:00,4164.83,4179.84,4146.9,4165.7,11674.12177182
2025-09-22 18:00:00,4165.69,4177.99,4156.0,4156.01,8482.2388415
2025-09-22 19:00:00,4156.01,4166.51,4122.0,4134.92,12024.0016072
2025-09-22 20:00:00,4134.99,4189.71,4134.66,4181.79,11454.2148798
2025-09-22 21:00:00,4181.79,4198.58,4176.88,4198.34,7367.3950919
2025-09-22 22:00:00,4198.33,4198.44,4184.58,4190.93,6342.7656416
2025-09-22 23:00:00,4190.93,4208.11,4189.68,4199.42,5981.5851918
2025-09-23 00:00:00,4199.42,4211.83,4190.03,4191.15,7573.5815187
2025-09-23 01:00:00,4191.21,4198.79,4163.56,4164.39,8556.6707784
2025-09-23 02:00:00,4164.39,4183.0,4141.51,4144.21,9226.4449613
2025-09-23 03:00:00,4144.04,4197.19,4114.8,4187.84,12320.9263685
2025-09-23 04:00:00,4187.85,4193.75,4154.54,4177.04,9580.5536644
2025-09-23 05:00:00,4177.03,4194.15,4165.18,4183.59,10321.5597469
2025-09-23 06:00:00,4183.59,4215.59,4178.78,4205.55,8002.9537611
2025-09-23 07:00:00,4205.55,4211.7,4198.32,4205.31,6624.2446774
2025-09-23 08:00:00,4205.32,4214.67,4194.55,4209.12,7460.3066337
2025-09-23 09:00:00,4209.12,4229.47,4185.44,4192.51,6772.5066621
2025-09-23 10:00:00,4192.52,4196.68,4186.19,4193.42,6548.2342041
2025-09-23 11:00:00,4193.42,4195.28,4178.85,4192.06,6007.6079194
2025-09-23 12:00:00,4192.06,4204.54,4184.78,4195.95,7837.5522564
2025-09-23 13:00:00,4195.94,4209.16,4181.18,4187.82,11530.4259368
2025-09-23 14:00:00,4187.83,4211.1,4165.09,4174.53,16699.9458068
2025-09-23 15:00:00,4174.52,4203.55,4162.57,4181.07,11121.7391025
2025-09-23 16:00:00,4181.06,4207.74,4164.0,4192.67,13855.34217339
2025-09-23 17:00:00,4192.61,4193.66,4137.76,4149.07,12558.73826597
2025-09-23 18:00:00,4149.07,4168.0,4146.59,4157.27,12752.5401001
2025-09-23 19:00:00,4157.26,4182.51,4142.81,4153.32,11440.9329458
2025-09-23 20:00:00,4153.37,4175.92,4139.74,4175.77,9599.2326846
2025-09-23 21:00:00,4175.74,4190.91,4164.36,4183.7,7708.92814298
2025-09-23 22:00:00,4183.66,4189.54,4169.48,4181.78,5688.6373246
2025-09-23 23:00:00,4181.79,4185.55,4161.03,4164.62,3796.1101805
2025-09-24 00:00:00,4164.62,4194.32,4158.67,4174.49,7531.4406319
2025-09-24 01:00:00,4174.46,4193.23,4169.29,4190.1,7620.96228186
2025-09-24 02:00:00,4190.11,4191.62,4160.62,4169.93,12485.01082324
2025-09-24 03:00:00,4169.94,4174.0,4129.78,4147.7,10215.21921689
2025-09-24 04:00:00,4147.71,4161.41,4072.76,4141.37,12917.5374147
2025-09-24 05:00:00,4141.38,4175.5,4139.05,4172.32,6224.6397094
2025-09-24 06:00:00,4172.33,4183.61,4167.13,4181.23,4317.2193716
2025-09-24 07:00:00,4181.24,4184.12,4165.73,4174.48,5590.4729182
2025-09-24 08:00:00,4174.49,4178.06,4168.03,4175.28,5575.9405019
2025-09-24 09:00:00,4175.29,4184.69,4170.44,4182.9,4739.1210542
2025-09-24 10:00:00,4182.91,4183.69,4164.96,4177.77,4226.0558381
2025-09-24 11:00:00,4177.78,4198.13,4175.51,4182.08,3847.44644537
2025-09-24 12:00:00,4182.09,4187.23,4171.51,4180.18,1817.78778319
2025-09-24 13:00:00,4180.19,4185.51,4146.99,4149.78,7000.42751931
2025-09-24 14:00:00,4149.89,4207.02,4149.89,4193.49,6851.98039685
2025-09-24 15:00:00,4193.58,4198.0,4162.59,4166.0,6723.329345
2025-09-24 16:00:00,4166.19,4177.41,4154.92,4173.33,5111.59316793
2025-09-24 17:00:00,4173.81,4194.11,4166.77,4183.31,3968.6081227
2025-09-24 18:00:00,4183.74,4184.48,4166.74,4172.86,3481.5152512
2025-09-24 19:00:00,4172.86,4175.13,4155.97,4161.69,2763.9974512
2025-09-24 20:00:00,4161.5,4169.28,4149.5,4165.5,3178.9297267
2025-09-24 21:00:00,4165.7,4172.21,4131.22,4146.17,1734.7404278
2025-09-24 22:00:00,4145.6,4164.03,4144.33,4154.61,3626.1478825
2025-09-24 23:00:00,4154.62,4162.51,4145.14,4153.19,3115.2239673
2025-09-25 00:00:00,4152.81,4161.0,4123.08,4129.59,4820.0092617
2025-09-25 01:00:00,4129.07,4136.45,4082.09,4101.99,10817.707741
2025-09-25 02:00:00,4102.18,4137.12,4063.64,4102.34,12528.9392813
2025-09-25 03:00:00,4102.24,4103.03,4022.45,4063.25,13641.8000977
2025-09-25 04:00:00,4063.08,4070.94,3964.81,4003.31,17161.3316649
2025-09-25 05:00:00,4003.01,4040.57,3979.3,4025.69,8615.345966
2025-09-25 06:00:00,4024.58,4028.51,3994.49,3997.93,7452.3109741
2025-09-25 07:00:00,3997.69,4021.47,3986.51,4009.11,8886.15230543
2025-09-25 08:00:00,4009.09,4035.65,4003.85,4015.42,7235.5616889
2025-09-25 09:00:00,4015.43,4052.96,4013.0,4025.17,5812.32257252
2025-09-25 10:00:00,4025.16,4042.7,4010.2,4013.38,5081.4217722
2025-09-25 11:00:00,4013.86,4019.97,3990.85,4002.76,8571.0785111
2025-09-25 12:00:00,4002.52,4016.2,3925.6,3978.33,16818.8592873
2025-09-25 13:00:00,3978.32,4007.54,3944.96,3970.08,18716.99587288
2025-09-25 14:00:00,3970.49,4022.22,3969.18,4014.15,14678.3323113
2025-09-25 15:00:00,4013.9,4016.58,3979.84,4002.89,9786.7245237
2025-09-25 16:00:00,4002.89,4006.33,3928.21,3941.0,12064.4328648
2025-09-25 17:00:00,3940.39,3942.92,3823.87,3838.81,22849.66930447
2025-09-25 18:00:00,3838.81,3925.31,3824.56,3924.93,17810.6456443
2025-09-25 19:00:00,3924.94,3947.44,3907.27,3911.36,11250.8172611
2025-09-25 20:00:00,3911.37,3918.82,3877.89,3886.26,12938.3488486
2025-09-25 21:00:00,3886.27,3918.45,3881.52,3904.87,11699.2725615
2025-09-25 22:00:00,3904.87,3937.19,3882.22,3893.35,11123.7936229
2025-09-25 23:00:00,3893.36,3905.31,3850.35,3874.14,16162.32686451
2025-09-26 00:00:00,3874.31,3937.98,3867.67,3931.81,20773.8611337
2025-09-26 01:00:00,3931.8,3957.4,3920.8,3949.09,12989.8710216
2025-09-26 02:00:00,3948.94,3970.83,3941.99,3959.32,11402.47894892
2025-09-26 03:00:00,3959.41,3968.76,3945.09,3965.27,11026.3591746
2025-09-26 04:00:00,3965.28,3976.71,3938.67,3945.69,9776.8503019
2025-09-26 05:00:00,3945.7,3962.84,3920.0,3921.58,10316.14551427
2025-09-26 06:00:00,3921.58,3948.65,3910.11,3921.42,14308.24852708
2025-09-26 07:00:00,3921.41,3947.98,3907.52,3938.62,11433.2201799
2025-09-26 08:00:00,3938.61,3944.39,3925.74,3934.19,11735.3176462
2025-09-26 09:00:00,3934.18,3939.72,3896.26,3915.46,12770.6153951
2025-09-26 10:00:00,3915.47,3916.4,3874.97,3887.98,14193.79828018
2025-09-26 11:00:00,3887.99,3916.27,3873.12,3906.0,14069.8709217
2025-09-26 12:00:00,3905.99,3964.58,3875.8,3937.58,18564.16121716
2025-09-26 13:00:00,3937.35,3985.41,3906.89,3971.26,19641.9999341
2025-09-26 14:00:00,3971.25,3978.48,3923.09,3930.86,19163.4430709
2025-09-26 15:00:00,3930.92,3962.3,3929.39,3946.21,14265.91037523
2025-09-26 16:00:00,3946.17,3994.65,3942.72,3991.11,14385.8033781
2025-09-26 17:00:00,3991.05,4046.01,3977.89,4045.23,13582.8979694
2025-09-26 18:00:00,4045.23,4068.36,4037.03,4043.95,11341.66312201
2025-09-26 19:00:00,4043.94,4045.78,4007.42,4024.38,11759.14178372
2025-09-26 20:00:00,4024.39,4029.75,4008.91,4009.88,8974.9118434
2025-09-26 21:00:00,4009.87,4026.55,4005.14,4023.34,7754.7221007
2025-09-26 22:00:00,4023.34,4039.66,4019.13,4026.68,4755.32918441
2025-09-26 23:00:00,4026.56,4037.36,4015.35,4032.23,5226.3334071
2025-09-27 00:00:00,4032.24,4032.42,4017.3,4027.37,7203.8500213
2025-09-27 01:00:00,4027.36,4028.97,4006.52,4018.18,7969.7182822
2025-09-27 02:00:00,4018.18,4022.52,4009.74,4012.76,6246.9692589
2025-09-27 03:00:00,4012.76,4029.59,4010.27,4019.43,6182.7708673
2025-09-27 04:00:00,4019.38,4027.6,4014.87,4022.03,5240.5211692
2025-09-27 05:00:00,4022.02,4022.03,4012.22,4019.76,4404.7481666
2025-09-27 06:00:00,4019.76,4019.93,4012.83,4018.97,3659.0278535
2025-09-27 07:00:00,4018.97,4021.84,4005.5,4007.78,4944.0462586
2025-09-27 08:00:00,4007.79,4007.95,3983.41,3985.75,9576.7007889
2025-09-27 09:00:00,3985.76,3997.88,3973.04,3995.33,7455.0410744
2025-09-27 10:00:00,3995.34,4017.76,3989.64,4008.97,7305.3194927
2025-09-27 11:00:00,4008.98,4013.23,3999.15,4001.92,3839.2063075
2025-09-27 12:00:00,4001.93,4038.5,3994.89,4029.31,7500.8632204
2025-09-27 13:00:00,4029.24,4031.35,4015.94,4019.66,5787.55406575
2025-09-27 14:00:00,4019.67,4025.96,4009.81,4014.74,6521.6674819
2025-09-27 15:00:00,4014.75,4021.64,3999.81,4018.91,9660.47622806
2025-09-27 16:00:00,4018.91,4019.68,4004.15,4007.21,7711.3972593
2025-09-27 17:00:00,4007.25,4007.58,3981.4,4002.0,9660.2130784
2025-09-27 18:00:00,4001.99,4003.88,3986.61,3995.91,5443.632541
2025-09-27 19:00:00,3995.92,4003.85,3991.55,4002.45,1904.39641237
2025-09-27 20:00:00,4002.53,4009.68,4000.64,4006.71,1799.7849681
2025-09-27 21:00:00,4006.72,4020.0,4006.71,4014.63,2049.0230334
2025-09-27 22:00:00,4014.64,4034.0,4014.34,4023.0,4852.9003567
2025-09-27 23:00:00,4023.01,4026.98,4014.24,4018.37,4188.7815391
2025-09-28 00:00:00,4018.38,4031.71,4006.64,4016.76,8482.4232094
2025-09-28 01:00:00,4016.87,4017.7,3994.42,3996.9,8130.8281206
2025-09-28 02:00:00,3996.89,4010.42,3995.8,4000.89,5667.8250682
2025-09-28 03:00:00,4000.91,4010.12,3996.86,4002.73,3931.8885956
2025-09-28 04:00:00,4002.63,4005.48,3996.8,4004.91,4048.0981656
2025-09-28 05:00:00,4004.92,4019.82,4003.36,4010.78,5700.0549883
2025-09-28 06:00:00,4010.79,4016.7,3997.21,4006.1,5948.5264381
2025-09-28 07:00:00,4006.11,4015.79,4002.69,4014.57,5122.7691149
2025-09-28 08:00:00,4014.48,4015.92,4000.66,4002.44,7060.5198197
2025-09-28 09:00:00,4002.44,4006.25,3989.69,3996.19,6691.6108747
2025-09-28 10:00:00,3996.19,4000.07,3985.23,3996.89,5574.80236
2025-09-28 11:00:00,3996.9,3996.92,3984.72,3992.77,6913.0376923
2025-09-28 12:00:00,3992.78,3992.78,3966.35,3978.23,8346.7180137
2025-09-28 13:00:00,3978.22,4022.61,3978.06,4013.38,9270.3278507
2025-09-28 14:00:00,4013.44,4028.05,4008.43,4024.49,7598.9390438
2025-09-28 15:00:00,4024.52,4029.09,4016.19,4021.66,6861.3441739
2025-09-28 16:00:00,4021.66,4055.11,4021.66,4033.46,9751.3003224
2025-09-28 17:00:00,4033.46,4051.66,4023.94,4040.53,8884.0522586
2025-09-28 18:00:00,4040.52,4045.19,4035.98,4042.2,4761.677242
2025-09-28 19:00:00,4042.21,4046.67,4033.39,4039.1,5538.1689325
2025-09-28 20:00:00,4039.1,4065.91,4035.62,4051.57,7803.8937999
2025-09-28 21:00:00,4051.42,4062.4,4042.39,4049.94,4881.2403718
2025-09-28 22:00:00,4049.94,4141.7,4049.94,4131.82,10962.49171735
2025-09-28 23:00:00,4131.95,4144.71,4121.18,4142.34,10131.602554
2025-09-29 00:00:00,4142.27,4146.37,4123.33,4127.09,7217.3538032
2025-09-29 01:00:00,4127.09,4137.46,4112.41,4114.49,8115.017774
2025-09-29 02:00:00,4114.49,4128.66,4107.91,4111.85,7377.71129913
2025-09-29 03:00:00,4111.86,4121.34,4103.83,4121.34,6871.3452908
2025-09-29 04:00:00,4121.35,4123.52,4114.17,4119.6,5998.5016947
2025-09-29 05:00:00,4119.59,4120.39,4103.04,4114.14,5673.0914871
2025-09-29 06:00:00,4114.14,4114.35,4095.13,4097.6,7396.39126869
2025-09-29 07:00:00,4097.6,4112.9,4088.36,4108.13,6498.2860179
2025-09-29 08:00:00,4108.13,4135.73,4108.13,4121.64,7547.2257332
2025-09-29 09:00:00,4122.07,4139.97,4119.37,4134.39,6224.1906882
2025-09-29 10:00:00,4134.4,4137.68,4114.7,4116.2,5073.2590864
2025-09-29 11:00:00,4116.19,4117.14,4093.94,4103.27,6690.6071086
2025-09-29 12:00:00,4103.26,4128.46,4093.6,4098.4,8536.4833346
2025-09-29 13:00:00,4098.4,4186.83,4082.69,4168.63,15119.09529695
2025-09-29 14:00:00,4168.63,4205.5,4160.1,4188.73,9866.44809995
2025-09-29 15:00:00,4188.73,4199.49,4152.04,4164.82,10275.6525395
2025-09-29 16:00:00,4164.83,4174.47,4139.01,4142.72,8437.6266303
2025-09-29 17:00:00,4142.72,4159.0,4128.56,4155.58,7365.7148328
2025-09-29 18:00:00,4155.59,4163.15,4142.77,4161.94,6887.4441809
2025-09-29 19:00:00,4162.05,4193.17,4160.61,4188.04,8038.9723048
2025-09-29 20:00:00,4188.05,4233.92,4182.55,4226.39,8224.0836792
2025-09-29 21:00:00,4226.51,4235.79,4211.41,4224.0,4693.93465248
2025-09-29 22:00:00,4224.0,4230.31,4213.89,4225.77,5584.8598897
2025-09-29 23:00:00,4225.78,4229.54,4213.24,4215.19,5953.2849322
2025-09-30 00:00:00,4215.19,4245.0,4194.63,4205.99,11444.8498432
2025-09-30 01:00:00,4205.99,4227.13,4191.27,4202.98,9362.81831428
2025-09-30 02:00:00,4203.06,4211.55,4197.12,4198.78,7149.3755494
2025-09-30 03:00:00,4198.78,4207.91,4188.67,4199.02,4541.00338449
2025-09-30 04:00:00,4199.02,4200.53,4188.95,4188.96,3223.4501939
2025-09-30 05:00:00,4188.96,4194.53,4169.9,4184.81,5391.70254269
2025-09-30 06:00:00,4184.76,4202.46,4179.49,4189.6,4290.4514011
2025-09-30 07:00:00,4189.74,4206.98,4174.33,4182.22,4756.1036883
2025-09-30 08:00:00,4182.28,4183.08,4165.83,4168.87,3483.735054
2025-09-30 09:00:00,4168.88,4176.53,4133.88,4140.74,8063.7245
2025-09-30 10:00:00,4140.75,4165.27,4135.12,4158.13,8402.1445236
2025-09-30 11:00:00,4158.14,4170.24,4148.58,4165.4,6844.0868697
2025-09-30 12:00:00,4165.41,4175.7,4155.46,4158.41,6974.5957337
2025-09-30 13:00:00,4158.41,4175.37,4141.6,4154.25,12738.4045333
2025-09-30 14:00:00,4154.3,4160.7,4118.18,4149.44,13613.1486198
2025-09-30 15:00:00,4149.44,4149.63,4094.7,4119.49,12366.2718376
2025-09-30 16:00:00,4119.87,4126.86,4092.8,4099.27,10390.2525937
2025-09-30 17:00:00,4099.27,4110.66,4093.96,4100.44,9654.1389738
2025-09-30 18:00:00,4100.46,4118.41,4093.52,4116.56,7566.7013832
2025-09-30 19:00:00,4116.56,4170.82,4108.8,4160.64,9274.6367804
2025-09-30 20:00:00,4160.65,4197.95,4149.11,4195.31,10027.6113607
2025-09-30 21:00:00,4195.34,4201.26,4152.48,4152.93,9505.6058557
2025-09-30 22:00:00,4152.92,4171.19,4130.85,4140.42,7621.37048272
2025-09-30 23:00:00,4140.43,4147.37,4118.05,4145.17,4651.69588096
2025-10-01 00:00:00,4145.2,4152.46,4124.12,4148.98,4756.00299779
2025-10-01 01:00:00,4148.85,4174.78,4142.91,4171.5,5623.9912516
2025-10-01 02:00:00,4171.41,4171.41,4153.03,4153.11,3908.1313805
2025-10-01 03:00:00,4153.04,4153.69,4128.63,4128.66,5036.6821797
2025-10-01 04:00:00,4128.74,4156.42,4126.89,4140.28,5260.8252799
2025-10-01 05:00:00,4140.5,4156.75,4140.4,4144.28,4652.8668963
2025-10-01 06:00:00,4144.29,4146.58,4123.35,4126.53,7147.2320004
2025-10-01 07:00:00,4126.53,4147.28,4124.93,4146.16,8324.3879317
2025-10-01 08:00:00,4146.09,4328.47,4143.29,4291.0,24584.75847544
2025-10-01 09:00:00,4291.35,4318.06,4279.82,4310.63,10595.89126423
2025-10-01 10:00:00,4310.63,4312.51,4279.53,4282.15,6842.6044221
2025-10-01 11:00:00,4282.16,4305.27,4282.16,4297.88,8973.3438965
2025-10-01 12:00:00,4297.88,4314.57,4279.08,4284.36,8410.81260123
2025-10-01 13:00:00,4284.36,4302.32,4280.02,4295.48,10695.3670049
2025-10-01 14:00:00,4295.47,4340.03,4291.67,4323.7,14839.602113
2025-10-01 15:00:00,4323.86,4344.39,4314.63,4327.03,9412.91167012
2025-10-01 16:00:00,4327.04,4340.32,4318.35,4324.72,7298.5852033
2025-10-01 17:00:00,4324.71,4332.71,4288.68,4293.22,7297.8899236
2025-10-01 18:00:00,4293.22,4318.1,4292.12,4308.62,6921.826494
2025-10-01 19:00:00,4308.61,4339.47,4306.17,4334.18,6598.1077578
2025-10-01 20:00:00,4334.17,4337.09,4314.52,4334.43,4150.3339263
2025-10-01 21:00:00,4334.44,4335.01,4288.58,4305.2,4084.2155174
2025-10-01 22:00:00,4305.14,4329.99,4305.14,4312.69,6483.66822997
2025-10-01 23:00:00,4312.7,4355.78,4310.97,4347.62,9555.930468
2025-10-02 00:00:00,4347.63,4380.2,4333.75,4335.28,12146.1925623
2025-10-02 01:00:00,4335.29,4398.61,4333.17,4393.62,7734.2860975
2025-10-02 02:00:00,4393.61,4399.55,4367.07,4386.32,10926.7200801
2025-10-02 03:00:00,4386.25,4399.1,4371.45,4376.68,5710.1815926
2025-10-02 04:00:00,4376.68,4386.19,4360.15,4372.95,3573.4779804
2025-10-02 05:00:00,4372.95,4397.15,4370.88,4384.01,4392.6684603
2025-10-02 06:00:00,4384.02,4423.22,4374.08,4403.6,6546.3380269
2025-10-02 07:00:00,4403.6,4409.04,4370.62,4375.7,4474.2919367
2025-10-02 08:00:00,4375.69,4393.58,4369.51,4387.61,3474.9058127
2025-10-02 09:00:00,4387.61,4395.75,4378.87,4391.26,3808.5563609
2025-10-02 10:00:00,4391.26,4395.7,4374.84,4379.88,3230.2612738
2025-10-02 11:00:00,4379.89,4393.89,4372.89,4379.3,2772.6933685
2025-10-02 12:00:00,4379.3,4407.31,4376.77,4405.65,7329.9802593
2025-10-02 13:00:00,4405.69,4419.26,4380.0,4417.45,10688.96531511
2025-10-02 14:00:00,4417.44,4420.88,4368.13,4374.68,11728.4298442
2025-10-02 15:00:00,4374.9,4442.71,4335.75,4437.6,12206.54619266
2025-10-02 16:00:00,4437.41,4469.77,4426.44,4448.38,12947.3284603
2025-10-02 17:00:00,4448.37,4477.57,4439.73,4465.92,9010.3985622
2025-10-02 18:00:00,4465.92,4496.72,4465.92,4487.57,10001.7290904
2025-10-02 19:00:00,4487.56,4516.66,4484.48,4495.42,8207.757697
2025-10-02 20:00:00,4495.51,4497.48,4468.2,4491.22,6551.7574919
2025-10-02 21:00:00,4491.23,4496.44,4468.16,4468.34,3256.4485338
2025-10-02 22:00:00,4468.43,4485.29,4456.3,4464.06,6959.3506503
2025-10-02 23:00:00,4464.07,4488.58,4463.13,4484.26,6406.5991897
2025-10-03 00:00:00,4484.36,4484.38,4466.31,4468.74,6438.7461287
2025-10-03 01:00:00,4468.74,4479.81,4461.37,4472.26,5532.5373979
2025-10-03 02:00:00,4472.1,4515.97,4471.55,4510.29,7960.8659036
2025-10-03 03:00:00,4510.28,4559.45,4490.95,4500.89,7081.7927229
2025-10-03 04:00:00,4500.88,4509.92,4482.04,4497.17,5491.4127891
2025-10-03 05:00:00,4497.17,4501.1,4466.5,4476.32,5882.978267
2025-10-03 06:00:00,4476.32,4485.1,4458.5,4471.8,8068.0613946
2025-10-03 07:00:00,4471.96,4476.45,4454.12,4461.94,7510.2021358
2025-10-03 08:00:00,4461.94,4466.95,4427.95,4465.91,10349.17238167
2025-10-03 09:00:00,4465.92,4479.84,4457.06,4473.05,6352.6226476
2025-10-03 10:00:00,4473.06,4495.39,4467.92,4489.57,5510.1131325
2025-10-03 11:00:00,4489.56,4489.96,4466.32,4478.21,8397.8202225
2025-10-03 12:00:00,4478.37,4492.13,4473.0,4482.38,8229.3174087
2025-10-03 13:00:00,4482.39,4504.25,4451.48,4471.22,11398.73391474
2025-10-03 14:00:00,4471.22,4489.33,4436.02,4483.27,14688.9988334
2025-10-03 15:00:00,4483.11,4541.65,4458.06,4534.81,13650.6761757
2025-10-03 16:00:00,4535.44,4591.36,4521.24,4525.36,15654.34341746
2025-10-03 17:00:00,4525.35,4526.51,4455.11,4471.87,20967.7465284
2025-10-03 18:00:00,4471.87,4512.3,4450.8,4512.3,10917.17964024
2025-10-03 19:00:00,4512.3,4545.06,4503.38,4519.15,6301.3475479
2025-10-03 20:00:00,4519.99,4543.24,4493.81,4534.98,6195.36235987
2025-10-03 21:00:00,4534.99,4537.73,4514.61,4523.31,3289.5192622
2025-10-03 22:00:00,4523.31,4535.0,4523.31,4528.4,2020.576164
2025-10-03 23:00:00,4528.41,4528.8,4507.26,4512.6,2137.3320609
2025-10-04 00:00:00,4512.85,4516.99,4495.46,4501.49,4707.1419392
2025-10-04 01:00:00,4501.57,4502.0,4468.98,4479.76,7117.85371245
2025-10-04 02:00:00,4479.92,4489.69,4464.09,4484.48,8490.35965045
2025-10-04 03:00:00,4484.58,4488.68,4471.13,4487.08,6085.5349949
2025-10-04 04:00:00,4487.08,4499.48,4480.08,4494.0,4540.7808223
2025-10-04 05:00:00,4494.29,4510.61,4493.2,4504.14,3936.7625059
2025-10-04 06:00:00,4504.14,4517.99,4502.55,4506.99,5080.8662319
2025-10-04 07:00:00,4507.0,4514.0,4494.4,4499.18,2622.6349777
2025-10-04 08:00:00,4499.18,4502.99,4483.89,4489.91,5281.010868
2025-10-04 09:00:00,4489.92,4502.88,4484.36,4490.08,3218.4577654
2025-10-04 10:00:00,4490.07,4504.77,4483.38,4487.48,4647.5206265
2025-10-04 11:00:00,4487.49,4494.96,4480.42,4483.69,5728.3813436
2025-10-04 12:00:00,4483.74,4489.26,4476.15,4479.99,5367.5480533
2025-10-04 13:00:00,4480.0,4508.67,4479.34,4499.51,5205.2754619
2025-10-04 14:00:00,4499.5,4511.05,4469.99,4470.17,7401.9679262
2025-10-04 15:00:00,4470.32,4483.2,4441.71,4454.69,11005.0610627
2025-10-04 16:00:00,4454.82,4467.41,4440.51,4466.53,10582.1114898
2025-10-04 17:00:00,4466.57,4476.52,4453.22,4463.62,6217.6878287
2025-10-04 18:00:00,4463.63,4466.39,4450.52,4454.9,3705.2836491
2025-10-04 19:00:00,4454.91,4468.23,4454.61,4466.97,2540.7054278
2025-10-04 20:00:00,4466.98,4485.0,4466.98,4474.65,2319.9940271
2025-10-04 21:00:00,4474.65,4493.77,4474.37,4484.25,3055.8541259
2025-10-04 22:00:00,4484.25,4494.27,4480.69,4489.73,4260.9013772
2025-10-04 23:00:00,4489.6,4489.76,4482.12,4487.51,2861.7344542
2025-10-05 00:00:00,4487.37,4493.98,4467.3,4470.93,4431.0054974
2025-10-05 01:00:00,4470.93,4488.2,4470.62,4487.54,3831.2234342
2025-10-05 02:00:00,4487.54,4550.42,4479.99,4548.23,11755.4648752
2025-10-05 03:00:00,4548.39,4574.05,4527.96,4531.74,14940.0854634
2025-10-05 04:00:00,4531.54,4588.96,4528.78,4574.99,14370.01722616
2025-10-05 05:00:00,4574.34,4585.77,4557.22,4569.16,14546.4281186
2025-10-05 06:00:00,4569.17,4573.56,4553.21,4559.61,6878.23254758
2025-10-05 07:00:00,4559.6,4613.99,4558.99,4605.26,8895.1146285
2025-10-05 08:00:00,4605.26,4618.0,4584.01,4588.03,6855.13160994
2025-10-05 09:00:00,4588.02,4589.99,4538.15,4549.28,13017.490575
2025-10-05 10:00:00,4549.27,4551.35,4523.67,4542.95,10673.97981684
2025-10-05 11:00:00,4542.94,4556.32,4535.23,4551.04,8208.4696991
2025-10-05 12:00:00,4551.07,4551.07,4530.31,4531.63,9269.52770202
2025-10-05 13:00:00,4531.64,4543.87,4531.64,4538.38,6487.5147823
2025-10-05 14:00:00,4538.38,4550.41,4530.01,4535.7,8067.3126368
2025-10-05 15:00:00,4535.66,4543.42,4527.0,4532.23,5213.98799002
2025-10-05 16:00:00,4532.11,4540.66,4490.1,4528.52,10245.5853943
2025-10-05 17:00:00,4528.58,4538.33,4503.84,4511.59,9769.4704924
2025-10-05 18:00:00,4511.58,4524.91,4497.42,4518.84,8267.33476117
2025-10-05 19:00:00,4518.84,4519.14,4482.8,4486.8,7604.1709625
2025-10-05 20:00:00,4486.8,4509.26,4474.43,4498.54,6874.9111904
2025-10-05 21:00:00,4498.53,4508.46,4492.27,4505.42,4224.1440371
2025-10-05 22:00:00,4505.43,4519.15,4501.47,4512.88,6166.6418504
2025-10-05 23:00:00,4512.97,4523.16,4512.21,4514.04,5391.0899668
2025-10-06 00:00:00,4514.04,4552.49,4488.35,4499.3,13732.0973849
2025-10-06 01:00:00,4499.31,4541.87,4490.59,4528.38,12081.0130633
2025-10-06 02:00:00,4528.1,4550.0,4506.26,4539.49,10383.5027607
2025-10-06 03:00:00,4538.31,4541.78,4528.28,4537.04,9835.65497895
2025-10-06 04:00:00,4537.04,4541.76,4522.57,4524.71,6126.57852897
2025-10-06 05:00:00,4524.56,4529.09,4509.3,4527.6,6272.5505335
2025-10-06 06:00:00,4527.6,4576.49,4527.48,4560.2,7889.0999701
2025-10-06 07:00:00,4560.21,4577.19,4529.21,4532.99,9363.6757565
2025-10-06 08:00:00,4533.0,4566.66,4533.0,4561.14,7740.6997401
2025-10-06 09:00:00,4561.14,4576.5,4560.3,4572.72,6347.7631621
2025-10-06 10:00:00,4572.71,4578.6,4558.01,4572.99,7536.7785642
2025-10-06 11:00:00,4572.99,4593.37,4564.96,4571.75,6296.61479794
2025-10-06 12:00:00,4571.71,4596.13,4570.22,4581.03,7103.7390879
2025-10-06 13:00:00,4581.03,4637.92,4577.53,4637.92,16331.64342199
2025-10-06 14:00:00,4637.97,4676.49,4630.0,4638.51,16119.5689651
2025-10-06 15:00:00,4638.26,4693.64,4637.8,4673.23,10458.6296246
2025-10-06 16:00:00,4673.22,4683.82,4659.18,4678.56,11525.28780378
2025-10-06 17:00:00,4678.19,4718.64,4674.28,4696.02,10700.96702449
2025-10-06 18:00:00,4696.03,4716.92,4679.34,4711.97,5062.4454186
2025-10-06 19:00:00,4711.96,4733.77,4694.34,4722.37,8397.9744624
2025-10-06 20:00:00,4722.54,4735.82,4686.59,4689.14,6445.307943
2025-10-06 21:00:00,4689.14,4697.84,4671.51,4693.36,5878.76323254
2025-10-06 22:00:00,4693.64,4707.37,4682.72,4698.68,9599.2516739
2025-10-06 23:00:00,4698.68,4705.21,4683.43,4684.0,6942.3683408
2025-10-07 00:00:00,4684.01,4692.69,4672.08,4680.04,7721.6261505
2025-10-07 01:00:00,4680.04,4698.84,4663.19,4675.49,8574.3352655
2025-10-07 02:00:00,4675.5,4691.16,4669.18,4686.43,7122.4553927
2025-10-07 03:00:00,4686.47,4695.31,4678.06,4690.65,5473.2691585
2025-10-07 04:00:00,4690.66,4718.3,4679.34,4713.63,7724.35336975
2025-10-07 05:00:00,4713.64,4731.08,4705.22,4711.04,8953.1861896
2025-10-07 06:00:00,4711.07,4718.93,4665.97,4669.14,6878.38414908
2025-10-07 07:00:00,4669.15,4682.85,4664.78,4677.96,5432.94938127
2025-10-07 08:00:00,4677.95,4677.99,4638.5,4670.09,11462.96553433
2025-10-07 09:00:00,4670.1,4682.67,4667.9,4679.86,5454.4392621
2025-10-07 10:00:00,4679.86,4696.89,4673.48,4692.02,4687.57929808
2025-10-07 11:00:00,4691.99,4712.78,4686.98,4708.81,4763.859794
2025-10-07 12:00:00,4708.82,4747.0,4695.25,4747.0,8387.3442581
2025-10-07 13:00:00,4747.01,4755.04,4663.62,4704.74,16097.73267542
2025-10-07 14:00:00,4704.24,4710.15,4590.35,4592.64,18559.65693241
2025-10-07 15:00:00,4592.84,4605.75,4478.14,4512.23,21572.40460449
2025-10-07 16:00:00,4512.33,4523.72,4454.77,4499.52,19960.73247595
2025-10-07 17:00:00,4499.51,4507.56,4468.84,4475.35,10734.01377293
2025-10-07 18:00:00,4475.37,4483.44,4446.21,4464.9,11812.5468079
2025-10-07 19:00:00,4464.85,4494.96,4459.84,4479.5,10458.2786074
2025-10-07 20:00:00,4479.48,4516.92,4476.86,4509.61,9538.6229345
2025-10-07 21:00:00,4509.61,4513.96,4480.8,4493.02,9555.86868805
2025-10-07 22:00:00,4493.03,4505.93,4483.24,4497.92,8933.6744794
2025-10-07 23:00:00,4497.93,4498.99,4431.26,4447.72,12454.0259124
2025-10-08 00:00:00,4447.72,4481.47,4434.81,4471.59,12791.2720102
2025-10-08 01:00:00,4471.59,4488.77,4458.06,4483.18,14305.6578444
2025-10-08 02:00:00,4483.19,4498.21,4473.64,4480.88,8273.4026831
2025-10-08 03:00:00,4480.87,4480.87,4432.53,4443.88,15373.8708887
2025-10-08 04:00:00,4443.89,4465.49,4411.75,4461.59,11946.8599647
2025-10-08 05:00:00,4461.6,4462.23,4420.96,4438.0,10591.7949165
2025-10-08 06:00:00,4438.0,4458.39,4423.52,4455.16,7889.4116496
2025-10-08 07:00:00,4455.17,4463.86,4442.82,4463.63,10328.769676
2025-10-08 08:00:00,4463.63,4496.48,4458.38,4475.74,9221.7249278
2025-10-08 09:00:00,4475.74,4485.0,4471.33,4484.3,7121.1630476
2025-10-08 10:00:00,4484.3,4504.39,4480.31,4500.17,7581.9076381
2025-10-08 11:00:00,4500.17,4506.71,4482.88,4487.4,8490.7051226
2025-10-08 12:00:00,4487.41,4496.61,4469.37,4477.43,8922.4876152
2025-10-08 13:00:00,4477.44,4488.64,4439.65,4476.49,18755.56029427
2025-10-08 14:00:00,4476.48,4522.29,4439.87,4449.95,20929.6462414
2025-10-08 15:00:00,4449.99,4468.9,4436.82,4447.18,15973.0207571
2025-10-08 16:00:00,4447.19,4498.73,4439.32,4496.51,12035.76598175
2025-10-08 17:00:00,4496.51,4558.9,4490.06,4538.41,13338.35041657
2025-10-08 18:00:00,4538.46,4543.72,4512.07,4523.8,11951.9863931
2025-10-08 19:00:00,4523.79,4526.55,4498.9,4515.41,9769.41980266
2025-10-08 20:00:00,4515.3,4526.09,4500.01,4504.14,7558.0990751
2025-10-08 21:00:00,4503.65,4527.61,4502.35,4525.06,5594.7527208
2025-10-08 22:00:00,4525.07,4539.31,4521.32,4521.81,7457.1708021
2025-10-08 23:00:00,4521.73,4537.3,4509.0,4525.94,6084.7447243
2025-10-09 00:00:00,4525.94,4531.04,4508.04,4511.29,6562.0424007
2025-10-09 01:00:00,4511.29,4514.13,4463.21,4479.32,11292.1205343
2025-10-09 02:00:00,4479.32,4481.63,4403.2,4413.36,12519.7133433
2025-10-09 03:00:00,4413.35,4453.41,4412.37,4450.53,8329.2145778
2025-10-09 04:00:00,4450.65,4458.8,4439.15,4455.5,6095.8063196
2025-10-09 05:00:00,4455.5,4460.34,4438.49,4454.78,5762.344351
2025-10-09 06:00:00,4454.78,4454.78,4423.98,4429.34,7484.6048711
2025-10-09 07:00:00,4429.23,4437.09,4411.01,4425.96,7126.1573704
2025-10-09 08:00:00,4425.97,4426.34,4320.13,4328.0,23137.73403416
2025-10-09 09:00:00,4328.18,4356.86,4326.36,4334.88,14921.6204613
2025-10-09 10:00:00,4335.06,4358.11,4325.1,4354.62,9864.137119
2025-10-09 11:00:00,4354.61,4386.76,4354.6,4373.51,7857.4103595
2025-10-09 12:00:00,4373.51,4413.02,4370.08,4404.37,11112.1713365
2025-10-09 13:00:00,4404.33,4407.73,4347.92,4350.81,13739.4372267
2025-10-09 14:00:00,4350.86,4374.76,4305.78,4344.98,20584.7036294
2025-10-09 15:00:00,4345.0,4364.21,4291.78,4315.0,15674.8004989
2025-10-09 16:00:00,4314.87,4327.99,4265.48,4277.47,16271.2935385
2025-10-09 17:00:00,4277.19,4336.3,4269.36,4335.04,13799.0781772
2025-10-09 18:00:00,4334.57,4341.17,4300.99,4308.42,9934.5004715
2025-10-09 19:00:00,4308.42,4344.2,4307.53,4337.85,9360.5257861
2025-10-09 20:00:00,4338.03,4347.65,4327.96,4337.5,8867.2337264
2025-10-09 21:00:00,4337.49,4359.29,4335.99,4357.79,6920.3635444
2025-10-09 22:00:00,4357.79,4382.97,4352.81,4377.82,7231.34994836
2025-10-09 23:00:00,4377.83,4379.08,4357.86,4368.13,7551.62280591
2025-10-10 00:00:00,4368.14,4384.79,4362.32,4380.67,7662.7004865
2025-10-10 01:00:00,4380.68,4393.54,4371.48,4373.16,7855.1068838
2025-10-10 02:00:00,4373.17,4380.11,4350.98,4358.88,8643.8668556
2025-10-10 03:00:00,4358.88,4392.11,4343.32,4347.33,13111.36237459
2025-10-10 04:00:00,4347.32,4361.82,4333.77,4344.57,12036.8144584
2025-10-10 05:00:00,4344.57,4369.67,4327.7,4368.33,9494.01430159
2025-10-10 06:00:00,4368.33,4377.19,4320.96,4328.22,8863.3140558
2025-10-10 07:00:00,4328.21,4334.99,4315.63,4323.29,10499.9758747
2025-10-10 08:00:00,4323.37,4349.39,4313.84,4346.48,9265.0519154
2025-10-10 09:00:00,4346.48,4351.81,4319.18,4322.26,11025.4845318
2025-10-10 10:00:00,4322.12,4345.54,4320.54,4343.15,7989.8356391
2025-10-10 11:00:00,4343.15,4347.79,4328.8,4343.1,7011.5013698
2025-10-10 12:00:00,4343.19,4352.44,4334.5,4348.31,8512.0950517
2025-10-10 13:00:00,4348.33,4390.62,4345.69,4356.18,16855.4256911
2025-10-10 14:00:00,4356.13,4375.25,4279.12,4279.37,21552.4233248
2025-10-10 15:00:00,4280.23,4284.68,4073.08,4103.42,36963.8017655
2025-10-10 16:00:00,4103.42,4138.69,4087.25,4109.38,19882.96697536
2025-10-10 17:00:00,4109.3,4113.1,4076.76,4094.19,16273.4418895
2025-10-10 18:00:00,4094.09,4099.99,4053.98,4053.98,19347.3240046
2025-10-10 19:00:00,4053.97,4064.25,3950.76,3997.24,31916.00198148
2025-10-10 20:00:00,3997.35,4024.68,3846.45,3870.74,25916.7967609
2025-10-10 21:00:00,3871.3,3972.44,3380.76,3946.35,56594.69375679
2025-10-10 22:00:00,3946.35,3953.57,3834.75,3852.66,24301.43546555
2025-10-10 23:00:00,3852.66,3916.55,3793.7,3829.61,19282.0150351
2025-10-11 00:00:00,3830.17,3878.04,3806.86,3837.65,21149.31785689
2025-10-11 01:00:00,3837.85,3839.82,3728.11,3733.71,17833.39035876
2025-10-11 02:00:00,3733.49,3862.82,3730.1,3840.76,14581.8915449
2025-10-11 03:00:00,3841.16,3848.17,3756.99,3793.09,14273.1970187
2025-10-11 04:00:00,3793.09,3820.6,3781.48,3820.6,11126.13009003
2025-10-11 05:00:00,3820.59,3833.44,3764.01,3789.54,9143.9371115
2025-10-11 06:00:00,3789.66,3813.23,3773.95,3782.07,9433.0833664
2025-10-11 07:00:00,3782.19,3785.99,3735.45,3760.53,11414.3471774
2025-10-11 08:00:00,3760.53,3822.43,3750.93,3816.56,9327.0905803
2025-10-11 09:00:00,3816.4,3848.37,3814.07,3831.0,8119.1165206
2025-10-11 10:00:00,3830.9,3858.85,3819.46,3834.68,5734.8055076
2025-10-11 11:00:00,3834.68,3843.02,3789.31,3841.27,6912.8351652
2025-10-11 12:00:00,3841.26,3845.47,3807.42,3824.8,8501.93996001
2025-10-11 13:00:00,3824.53,3839.16,3785.66,3832.32,9720.18005
2025-10-11 14:00:00,3832.32,3838.08,3798.58,3814.15,8261.1384324
2025-10-11 15:00:00,3814.29,3854.73,3814.29,3825.21,9612.5913001
2025-10-11 16:00:00,3825.21,3847.48,3809.32,3820.06,10426.3914537
2025-10-11 17:00:00,3820.06,3841.05,3813.41,3825.02,8962.6909752
2025-10-11 18:00:00,3825.03,3825.68,3811.05,3815.07,5104.60581801
2025-10-11 19:00:00,3815.07,3815.63,3730.37,3760.62,16772.4395031
2025-10-11 20:00:00,3760.6,3766.53,3661.16,3695.0,20693.4669532
2025-10-11 21:00:00,3695.66,3743.8,3643.42,3735.7,16298.0872054
2025-10-11 22:00:00,3735.75,3763.39,3725.37,3744.33,11085.5818388
2025-10-11 23:00:00,3743.0,3752.52,3732.52,3746.4,10700.2203555
2025-10-12 00:00:00,3746.81,3763.44,3694.9,3701.02,13117.3805984
2025-10-12 01:00:00,3701.01,3740.0,3695.51,3719.29,14714.73689181
2025-10-12 02:00:00,3719.23,3749.55,3707.31,3734.47,12838.9322104
2025-10-12 03:00:00,3734.21,3818.89,3728.01,3781.61,14705.9653832
2025-10-12 04:00:00,3781.61,3822.56,3776.2,3801.71,11910.3598432
2025-10-12 05:00:00,3801.74,3817.27,3796.43,3805.64,6816.806007
2025-10-12 06:00:00,3806.04,3839.04,3804.14,3832.93,6081.3033228
2025-10-12 07:00:00,3832.94,3844.56,3816.98,3828.0,5303.8356731
2025-10-12 08:00:00,3828.0,3845.64,3821.74,3822.8,5668.0999932
2025-10-12 09:00:00,3822.81,3848.62,3806.3,3844.2,7492.73594858
2025-10-12 10:00:00,3844.21,3867.15,3815.57,3820.74,7191.8290007
2025-10-12 11:00:00,3820.34,3833.8,3815.05,3820.35,5704.44468423
2025-10-12 12:00:00,3820.36,3849.28,3818.88,3832.32,7369.0434241
2025-10-12 13:00:00,3832.32,3835.0,3794.7,3810.14,10350.4215406
2025-10-12 14:00:00,3810.14,4027.8,3808.56,3975.19,18166.4172802
2025-10-12 15:00:00,3975.19,4079.76,3965.38,4034.59,21434.61062904
2025-10-12 16:00:00,4034.59,4172.39,4034.58,4106.28,25641.6787936
2025-10-12 17:00:00,4106.7,4159.05,4098.8,4128.45,14750.7501784
2025-10-12 18:00:00,4128.04,4147.19,4095.44,4109.51,10215.70494013
2025-10-12 19:00:00,4109.5,4140.26,4108.43,4136.01,8012.3875373
2025-10-12 20:00:00,4136.02,4197.79,4126.08,4137.05,11231.0505393
2025-10-12 21:00:00,4137.0,4164.98,4081.01,4135.38,8950.02074777
2025-10-12 22:00:00,4135.95,4155.76,4111.36,4134.57,13535.8370467
2025-10-12 23:00:00,4134.52,4160.7,4109.25,4151.86,10073.7908571
2025-10-13 00:00:00,4151.95,4186.13,4124.74,4140.14,11707.10421912
2025-10-13 01:00:00,4139.78,4199.7,4127.27,4199.03,10513.6806889
2025-10-13 02:00:00,4198.9,4220.0,4153.68,4158.48,9771.310523
2025-10-13 03:00:00,4158.68,4169.89,4132.72,4140.09,8277.3059438
2025-10-13 04:00:00,4140.09,4146.97,4116.16,4142.63,8437.5142846
2025-10-13 05:00:00,4142.31,4143.99,4123.45,4131.55,6932.8552487
2025-10-13 06:00:00,4131.54,4181.94,4116.92,4170.23,10227.9972741
2025-10-13 07:00:00,4170.24,4197.96,4159.74,4178.46,8685.63187378
2025-10-13 08:00:00,4178.46,4195.0,4167.58,4175.16,6125.2197556
2025-10-13 09:00:00,4175.17,4176.89,4143.35,4164.62,7632.41224461
2025-10-13 10:00:00,4164.63,4167.0,4140.5,4151.47,6575.5329212
2025-10-13 11:00:00,4151.64,4154.78,4042.82,4080.04,14920.62368735
2025-10-13 12:00:00,4080.03,4132.99,4056.62,4097.79,13734.52345795
2025-10-13 13:00:00,4097.47,4180.0,4093.0,4164.8,17363.3132183
2025-10-13 14:00:00,4164.8,4176.48,4081.5,4095.29,15407.8989139
2025-10-13 15:00:00,4095.53,4148.07,4093.47,4135.12,11708.6550419
2025-10-13 16:00:00,4135.12,4174.45,4128.7,4165.04,12519.4052778
2025-10-13 17:00:00,4165.04,4239.27,4157.0,4235.0,11425.8133754
2025-10-13 18:00:00,4234.84,4239.74,4200.0,4228.35,10849.4250148
2025-10-13 19:00:00,4228.14,4271.09,4223.66,4251.71,10696.5284924
2025-10-13 20:00:00,4251.71,4291.82,4244.06,4286.44,7905.4483949
2025-10-13 21:00:00,4286.43,4291.99,4255.42,4258.7,6646.81315128
2025-10-13 22:00:00,4258.7,4276.06,4251.89,4271.0,8032.38918565
2025-10-13 23:00:00,4271.03,4271.03,4236.27,4241.27,7108.2671978
2025-10-14 00:00:00,4241.27,4263.06,4227.42,4241.96,10266.235258
2025-10-14 01:00:00,4241.96,4243.58,4202.04,4211.39,9155.6653391
2025-10-14 02:00:00,4211.38,4211.63,4167.41,4172.33,9928.3511063
2025-10-14 03:00:00,4172.32,4174.0,4137.17,4153.25,11315.45089545
2025-10-14 04:00:00,4153.26,4160.29,4087.26,4100.0,13962.7395944
2025-10-14 05:00:00,4100.01,4125.99,4055.74,4070.9,15615.7204141
2025-10-14 06:00:00,4070.9,4091.21,3965.58,4003.97,25247.13619241
2025-10-14 07:00:00,4003.59,4025.59,3969.5,3981.43,19646.6595296
2025-10-14 08:00:00,3981.42,4011.94,3951.61,3996.5,16409.31356991
2025-10-14 09:00:00,3996.57,4014.39,3970.85,3985.27,12804.1587225
2025-10-14 10:00:00,3985.27,3986.0,3888.16,3942.01,22858.18976418
2025-10-14 11:00:00,3942.38,3985.52,3941.12,3971.67,13158.3757686
2025-10-14 12:00:00,3971.68,3974.41,3931.77,3941.18,14195.98176927
2025-10-14 13:00:00,3941.18,3976.14,3895.36,3956.76,23563.65446801
2025-10-14 14:00:00,3956.02,4018.26,3941.16,3970.4,17497.4392224
2025-10-14 15:00:00,3970.27,4089.08,3951.08,4085.81,15891.8486902
2025-10-14 16:00:00,4085.82,4164.28,4058.46,4095.75,17257.25032107
2025-10-14 17:00:00,4095.99,4140.74,4048.5,4101.41,14603.0199493
2025-10-14 18:00:00,4101.42,4137.79,4094.03,4120.96,14999.3156126
2025-10-14 19:00:00,4120.91,4148.2,4049.4,4102.68,16376.4770689
2025-10-14 20:00:00,4103.08,4126.71,4073.0,4118.33,10946.7013587
2025-10-14 21:00:00,4118.3,4123.22,4093.64,4117.45,6890.8463757
2025-10-14 22:00:00,4117.67,4141.37,4101.27,4119.11,8610.4035356
2025-10-14 23:00:00,4119.11,4144.23,4117.69,4125.01,8177.5665461
2025-10-15 00:00:00,4124.69,4133.16,4092.51,4118.83,10846.74237586
2025-10-15 01:00:00,4118.84,4120.65,4082.72,4113.61,11814.1873408
2025-10-15 02:00:00,4113.61,4145.35,4106.68,4118.29,10496.3396193
2025-10-15 03:00:00,4118.32,4122.94,4060.73,4081.27,11704.13929592
2025-10-15 04:00:00,4081.28,4123.88,4072.01,4115.65,11013.4633946
2025-10-15 05:00:00,4115.67,4124.62,4093.75,4110.13,10359.6720832
2025-10-15 06:00:00,4110.14,4123.48,4075.01,4119.17,13512.6734519
2025-10-15 07:00:00,4118.9,4129.36,4104.57,4122.31,7187.1500745
2025-10-15 08:00:00,4122.3,4216.48,4119.32,4181.78,12636.76873007
2025-10-15 09:00:00,4181.79,4185.0,4138.3,4155.87,10911.928212
2025-10-15 10:00:00,4155.88,4157.96,4112.43,4118.66,9699.5283066
2025-10-15 11:00:00,4118.01,4131.72,4087.36,4100.24,7749.8446986
2025-10-15 12:00:00,4100.23,4107.12,4070.52,4095.26,10305.2106165
2025-10-15 13:00:00,4094.91,4103.16,4018.72,4055.23,17888.4792423
2025-10-15 14:00:00,4055.31,4105.0,3993.21,4009.73,18413.4389056
2025-10-15 15:00:00,4010.0,4036.32,3959.31,3981.2,16951.314884
2025-10-15 16:00:00,3981.01,4002.95,3966.41,3976.08,13062.2551985
2025-10-15 17:00:00,3976.15,3994.32,3929.42,3992.29,15966.2882426
2025-10-15 18:00:00,3992.64,4013.12,3970.01,4008.27,10654.3788155
2025-10-15 19:00:00,4008.02,4009.95,3971.66,3983.0,11278.2988668
2025-10-15 20:00:00,3983.13,3996.14,3937.06,3961.8,13023.9142155
2025-10-15 21:00:00,3961.79,3981.8,3926.81,3953.97,11383.11399
2025-10-15 22:00:00,3954.0,3980.84,3951.8,3961.99,8859.0365991
2025-10-15 23:00:00,3961.73,3993.84,3954.33,3985.7,8223.5013993
2025-10-16 00:00:00,3985.71,3997.37,3976.18,3982.1,9817.8803009
2025-10-16 01:00:00,3982.11,4011.77,3980.38,4009.96,8311.0529071
2025-10-16 02:00:00,4010.25,4035.6,4000.23,4031.18,8365.58085871
2025-10-16 03:00:00,4031.19,4037.07,4011.95,4014.84,6771.3502308
2025-10-16 04:00:00,4014.85,4037.67,3993.58,4000.06,7385.2522235
2025-10-16 05:00:00,4000.34,4020.9,3980.45,3997.26,6435.0661309
2025-10-16 06:00:00,3997.25,4050.12,3995.35,4042.31,8102.5413543
2025-10-16 07:00:00,4042.08,4046.0,3994.47,4004.35,8740.3083954
2025-10-16 08:00:00,4004.36,4007.34,3982.46,3994.76,7867.4362949
2025-10-16 09:00:00,3994.76,4048.48,3940.96,4030.58,14230.9523472
2025-10-16 10:00:00,4030.56,4079.07,4029.91,4048.73,8484.32733683
2025-10-16 11:00:00,4049.05,4063.2,4030.73,4061.69,8484.100132
2025-10-16 12:00:00,4061.69,4085.21,4039.5,4054.28,9516.5604894
2025-10-16 13:00:00,4054.28,4068.58,4006.98,4021.5,11264.0152354
2025-10-16 14:00:00,4021.01,4059.49,3969.99,4015.54,20261.5805209
2025-10-16 15:00:00,4016.0,4020.9,3892.71,3907.84,20098.110445
2025-10-16 16:00:00,3907.18,3967.71,3857.81,3964.21,20367.35329045
2025-10-16 17:00:00,3964.41,3964.5,3916.24,3921.36,13931.38686509
2025-10-16 18:00:00,3921.35,3922.0,3877.95,3905.25,13646.3011043
2025-10-16 19:00:00,3905.29,3912.59,3851.0,3866.87,15135.817141
2025-10-16 20:00:00,3866.95,3881.13,3825.48,3851.09,11990.69260824
2025-10-16 21:00:00,3850.53,3885.68,3840.06,3884.14,9882.0340587
2025-10-16 22:00:00,3884.12,3889.13,3863.17,3865.44,8246.2817274
2025-10-16 23:00:00,3865.44,3898.24,3861.6,3894.68,7076.2140771
2025-10-17 00:00:00,3894.63,3928.11,3888.49,3928.11,9383.60941826
2025-10-17 01:00:00,3928.11,3950.79,3906.0,3919.93,10446.3829462
2025-10-17 02:00:00,3920.33,3930.75,3899.94,3922.42,9169.0299032
2025-10-17 03:00:00,3922.43,3935.24,3919.13,3932.65,10016.0051998
2025-10-17 04:00:00,3933.01,3935.79,3910.1,3912.06,7764.1060801
2025-10-17 05:00:00,3912.49,3922.89,3893.51,3895.13,8411.7779753
2025-10-17 06:00:00,3895.17,3906.61,3807.49,3819.45,17969.58145961
2025-10-17 07:00:00,3819.69,3824.32,3752.9,3756.48,23338.8221629
2025-10-17 08:00:00,3756.49,3770.0,3704.73,3709.13,21232.04102643
2025-10-17 09:00:00,3709.11,3768.46,3697.02,3724.4,16615.4351611
2025-10-17 10:00:00,3724.4,3738.83,3674.69,3725.36,18760.60689476
2025-10-17 11:00:00,3725.62,3817.47,3720.21,3778.69,16266.2111267
2025-10-17 12:00:00,3778.69,3811.25,3771.61,3775.77,10421.8271548
2025-10-17 13:00:00,3775.78,3809.7,3739.98,3789.2,15857.02626105
2025-10-17 14:00:00,3789.24,3798.22,3714.91,3750.07,16568.2371834
2025-10-17 15:00:00,3750.31,3800.8,3744.57,3797.75,14887.34402225
2025-10-17 16:00:00,3797.86,3845.9,3779.05,3787.59,15456.8060276
2025-10-17 17:00:00,3787.99,3826.26,3780.48,3817.24,11497.95095896
2025-10-17 18:00:00,3817.68,3849.17,3812.28,3835.65,9734.7678315
2025-10-17 19:00:00,3835.66,3850.31,3814.5,3827.5,9473.89958244
2025-10-17 20:00:00,3827.85,3863.57,3818.27,3858.75,7791.0879511
2025-10-17 21:00:00,3858.5,3883.61,3853.19,3877.1,6774.4939532
2025-10-17 22:00:00,3877.09,3882.57,3846.84,3854.32,6205.9396335
2025-10-17 23:00:00,3854.32,3854.74,3828.44,3831.42,5150.167195
2025-10-18 00:00:00,3831.42,3844.07,3819.12,3840.45,7155.0310984
2025-10-18 01:00:00,3840.46,3878.26,3840.0,3868.76,8020.91395863
2025-10-18 02:00:00,3868.71,3882.38,3845.97,3851.02,7706.4374707
2025-10-18 03:00:00,3851.02,3878.53,3849.69,3869.51,7407.3710891
2025-10-18 04:00:00,3870.34,3870.34,3840.66,3844.16,6556.5812545
2025-10-18 05:00:00,3844.17,3868.98,3842.75,3867.36,5476.4191411
2025-10-18 06:00:00,3866.89,3876.61,3860.4,3872.19,5893.4063605
2025-10-18 07:00:00,3872.19,3927.44,3872.11,3892.75,11946.5764221
2025-10-18 08:00:00,3892.75,3905.66,3875.08,3876.83,7520.0912527
2025-10-18 09:00:00,3876.82,3887.0,3865.9,3878.27,5765.8830013
2025-10-18 10:00:00,3878.27,3893.56,3862.5,3876.4,6074.6878254
2025-10-18 11:00:00,3876.4,3883.42,3868.83,3882.5,3996.29353636
2025-10-18 12:00:00,3882.51,3893.39,3873.29,3882.93,5495.3528234
2025-10-18 13:00:00,3882.93,3883.32,3854.89,3865.24,7898.77652038
2025-10-18 14:00:00,3865.26,3881.55,3849.54,3873.5,7415.6774158
2025-10-18 15:00:00,3873.52,3880.15,3864.03,3878.14,5787.4952928
2025-10-18 16:00:00,3878.14,3882.6,3854.05,3865.69,6671.6742085
2025-10-18 17:00:00,3865.7,3898.5,3858.65,3893.94,7991.0286891
2025-10-18 18:00:00,3893.64,3898.85,3882.29,3887.98,5911.3407339
2025-10-18 19:00:00,3887.98,3894.17,3882.31,3893.28,3982.7141096
2025-10-18 20:00:00,3893.27,3907.99,3885.21,3885.21,4522.9111862
2025-10-18 21:00:00,3885.0,3895.83,3869.01,3891.65,4446.17151551
2025-10-18 22:00:00,3891.14,3894.83,3883.0,3885.84,3690.02377807
2025-10-18 23:00:00,3885.84,3891.07,3880.37,3888.88,4559.364794
2025-10-19 00:00:00,3888.88,3892.57,3862.65,3868.79,6660.97759212
2025-10-19 01:00:00,3868.92,3876.91,3855.43,3874.05,3868.2325402
2025-10-19 02:00:00,3874.06,3876.1,3865.01,3873.39,4024.0563084
2025-10-19 03:00:00,3873.4,3906.56,3869.43,3905.44,5239.8427885
2025-10-19 04:00:00,3905.45,3907.85,3891.0,3902.63,4036.35442867
2025-10-19 05:00:00,3902.65,3920.2,3894.12,3896.77,4563.1731138
2025-10-19 06:00:00,3896.78,3900.47,3874.05,3881.15,5343.80479913
2025-10-19 07:00:00,3881.16,3894.0,3877.81,3888.47,4643.1361841
2025-10-19 08:00:00,3888.51,3968.37,3830.19,3863.88,13538.8821333
2025-10-19 09:00:00,3863.87,3930.71,3850.2,3912.59,10357.28153894
2025-10-19 10:00:00,3912.6,3949.92,3898.62,3931.26,10011.43981944
2025-10-19 11:00:00,3931.26,3951.57,3915.8,3924.21,7848.29403234
2025-10-19 12:00:00,3924.2,3930.21,3908.28,3922.88,6346.12725868
2025-10-19 13:00:00,3923.0,3988.95,3913.46,3971.98,9087.54433398
2025-10-19 14:00:00,3971.98,4002.79,3955.38,3989.56,9936.71085406
2025-10-19 15:00:00,3989.55,3992.85,3973.08,3979.25,3569.7291666
2025-10-19 16:00:00,3979.25,3988.67,3959.47,3981.08,5176.1290493
2025-10-19 17:00:00,3981.09,4026.8,3980.8,3993.8,8559.01388808
2025-10-19 18:00:00,3993.69,4005.83,3986.61,4001.82,4913.1582093
2025-10-19 19:00:00,4001.82,4005.22,3979.27,3985.91,3741.485608
2025-10-19 20:00:00,3985.91,4003.13,3974.97,4000.91,4190.6629977
2025-10-19 21:00:00,4001.0,4003.85,3983.68,3997.37,5129.3515069
2025-10-19 22:00:00,3997.39,4030.88,3988.88,4020.12,7406.3673162
2025-10-19 23:00:00,4020.35,4020.43,3969.76,3982.54,6136.63235104
2025-10-20 00:00:00,3982.47,3982.47,3908.55,3941.75,12524.57883783
2025-10-20 01:00:00,3941.67,3954.08,3930.12,3938.22,9990.8583167
2025-10-20 02:00:00,3938.21,3966.66,3918.99,3956.72,9821.5038694
2025-10-20 03:00:00,3956.72,4039.45,3948.29,4026.9,10913.5655531
2025-10-20 04:00:00,4027.22,4055.8,4023.17,4054.4,9798.3573688
2025-10-20 05:00:00,4054.41,4075.0,4041.81,4060.93,8761.5317345
2025-10-20 06:00:00,4060.93,4084.0,4056.67,4074.34,9772.0990422
2025-10-20 07:00:00,4074.34,4076.46,4051.44,4054.51,5035.6501601
2025-10-20 08:00:00,4054.52,4072.14,4033.45,4045.42,8805.0227324
2025-10-20 09:00:00,4045.4,4052.0,4034.76,4045.36,7665.3510433
2025-10-20 10:00:00,4044.84,4053.71,4016.09,4026.03,8074.9670473
2025-10-20 11:00:00,4026.04,4042.11,4012.5,4034.99,7917.2466456
2025-10-20 12:00:00,4034.99,4039.62,4024.97,4037.6,6592.3363021
2025-10-20 13:00:00,4038.0,4044.75,4019.23,4038.72,11458.2340146
2025-10-20 14:00:00,4038.74,4048.33,4012.8,4038.54,9309.2844648
2025-10-20 15:00:00,4038.56,4049.87,4002.61,4004.33,10414.2316132
2025-10-20 16:00:00,4004.3,4004.3,3926.03,3950.02,15908.10981334
2025-10-20 17:00:00,3949.6,3965.8,3922.39,3951.26,9207.9229918
2025-10-20 18:00:00,3951.34,3977.04,3946.5,3974.41,6813.40009968
2025-10-20 19:00:00,3974.42,3992.58,3959.42,3981.36,6371.6199794
2025-10-20 20:00:00,3981.36,3998.53,3974.7,3998.45,5390.500643
2025-10-20 21:00:00,3998.59,4003.47,3971.6,3976.77,5085.3305832
2025-10-20 22:00:00,3976.78,3991.29,3971.23,3989.15,4920.0261098
2025-10-20 23:00:00,3988.94,3993.6,3976.43,3979.84,3674.0670555
2025-10-21 00:00:00,3979.84,3985.75,3963.12,3972.22,4498.9435284
2025-10-21 01:00:00,3972.22,3973.94,3933.64,3947.82,8423.03724098
2025-10-21 02:00:00,3948.16,3950.67,3925.39,3931.35,10052.0967503
2025-10-21 03:00:00,3931.36,3943.47,3917.87,3922.46,8299.9007284
2025-10-21 04:00:00,3922.65,3922.65,3844.01,3851.26,25109.32512832
2025-10-21 05:00:00,3851.19,3874.56,3840.7,3863.86,11049.4513895
2025-10-21 06:00:00,3863.86,3892.69,3856.0,3887.34,7234.3459476
2025-10-21 07:00:00,3887.33,3896.61,3875.73,3892.54,6692.7775662
2025-10-21 08:00:00,3892.55,3893.37,3851.97,3867.55,10179.7171639
2025-10-21 09:00:00,3867.63,3874.5,3856.75,3864.32,7333.66498546
2025-10-21 10:00:00,3864.33,3899.18,3859.67,3883.74,8751.9316607
2025-10-21 11:00:00,3883.74,3894.56,3870.14,3890.33,6294.5955426
2025-10-21 12:00:00,3890.34,3918.94,3877.47,3880.6,9188.7113248
2025-10-21 13:00:00,3880.62,3898.2,3852.2,3865.74,19028.3498137
2025-10-21 14:00:00,3866.03,4024.52,3864.23,4021.24,27132.57175415
2025-10-21 15:00:00,4021.56,4085.18,3996.9,4081.4,23894.9982892
2025-10-21 16:00:00,4081.38,4109.96,4019.4,4028.96,20714.74617292
2025-10-21 17:00:00,4029.25,4040.0,3965.01,4014.15,24529.78603203
2025-10-21 18:00:00,4014.15,4022.89,3974.3,4013.71,9999.94656321
2025-10-21 19:00:00,4013.64,4022.2,3992.99,3995.69,7093.5247239
2025-10-21 20:00:00,3995.7,4000.97,3935.14,3953.77,10486.5660733
2025-10-21 21:00:00,3953.78,3966.24,3894.56,3945.35,9033.4999959
2025-10-21 22:00:00,3945.35,3949.42,3892.19,3901.79,11001.52219754
2025-10-21 23:00:00,3901.79,3911.49,3858.01,3873.33,10727.80394063
2025-10-22 00:00:00,3873.32,3889.4,3821.01,3842.39,13147.2298472
2025-10-22 01:00:00,3842.38,3875.08,3841.75,3869.6,8388.7247149
2025-10-22 02:00:00,3869.62,3877.58,3861.45,3862.46,5407.4498566
2025-10-22 03:00:00,3862.45,3863.46,3841.4,3859.58,5585.4202638
2025-10-22 04:00:00,3859.6,3885.06,3857.84,3879.14,5392.8346656
2025-10-22 05:00:00,3879.14,3882.43,3838.46,3860.79,6591.7358784
2025-10-22 06:00:00,3860.79,3870.19,3852.39,3852.62,5132.7784559
2025-10-22 07:00:00,3852.82,3876.27,3841.43,3868.75,6656.46754
2025-10-22 08:00:00,3868.75,3869.03,3849.18,3854.34,4811.0469245
2025-10-22 09:00:00,3854.34,3858.6,3825.17,3836.86,6964.4133484
2025-10-22 10:00:00,3836.87,3849.36,3818.92,3820.7,6545.0048325
2025-10-22 11:00:00,3820.7,3838.88,3770.78,3829.4,13582.5250827
2025-10-22 12:00:00,3829.37,3857.6,3821.06,3846.78,6945.7608148
2025-10-22 13:00:00,3846.8,3876.96,3825.0,3873.19,12248.6416084
2025-10-22 14:00:00,3873.19,3874.42,3780.17,3853.56,17718.5775767
2025-10-22 15:00:00,3853.57,3864.33,3791.42,3841.42,15130.74063083
2025-10-22 16:00:00,3841.41,3861.89,3812.7,3836.19,15365.3952763
2025-10-22 17:00:00,3836.25,3843.87,3794.77,3807.99,9015.9418239
2025-10-22 18:00:00,3807.99,3821.57,3791.34,3802.83,11058.3909493
2025-10-22 19:00:00,3802.83,3827.63,3783.73,3803.85,11671.5781362
2025-10-22 20:00:00,3804.47,3810.38,3769.22,3780.85,8424.8280155
2025-10-22 21:00:00,3780.84,3782.03,3708.79,3744.75,14800.7632091
2025-10-22 22:00:00,3744.74,3762.48,3735.34,3752.46,10599.61316693
2025-10-22 23:00:00,3752.45,3816.88,3750.89,3805.53,8656.7727521
2025-10-23 00:00:00,3805.55,3821.62,3796.29,3815.06,5891.262905
2025-10-23 01:00:00,3815.68,3835.71,3812.29,3820.65,6477.72588462
2025-10-23 02:00:00,3820.73,3834.12,3814.38,3825.41,4314.6560916
2025-10-23 03:00:00,3825.41,3834.62,3822.37,3826.61,4052.1471786
2025-10-23 04:00:00,3826.61,3848.19,3822.95,3836.15,4222.5494431
2025-10-23 05:00:00,3836.15,3849.76,3835.26,3847.68,3542.4366621
2025-10-23 06:00:00,3847.68,3897.21,3843.74,3891.75,7987.0693973
2025-10-23 07:00:00,3891.75,3892.52,3870.27,3880.83,6108.5457739
2025-10-23 08:00:00,3880.84,3905.0,3880.84,3886.64,7250.8590283
2025-10-23 09:00:00,3887.18,3890.99,3874.95,3890.55,5542.0217332
2025-10-23 10:00:00,3890.56,3905.07,3877.11,3877.11,4570.99249512
2025-10-23 11:00:00,3877.11,3887.79,3859.58,3863.28,5252.57211446
2025-10-23 12:00:00,3863.25,3863.25,3836.61,3853.06,8250.6340978
2025-10-23 13:00:00,3853.09,3867.0,3833.26,3851.3,9966.8557439
2025-10-23 14:00:00,3851.31,3854.35,3808.83,3847.4,12387.0413945
2025-10-23 15:00:00,3847.4,3887.51,3843.2,3876.42,12987.04188628
2025-10-23 16:00:00,3876.77,3935.2,3865.41,3918.51,9614.5286732
2025-10-23 17:00:00,3918.49,3928.0,3876.82,3921.87,12028.14637491
2025-10-23 18:00:00,3921.61,3922.66,3859.06,3870.53,9976.78440662
2025-10-23 19:00:00,3870.54,3871.5,3845.57,3859.85,5041.4787136
2025-10-23 20:00:00,3859.57,3860.09,3818.74,3828.95,6439.1034061
2025-10-23 21:00:00,3829.32,3837.58,3821.58,3828.34,5875.6610589
2025-10-23 22:00:00,3828.7,3857.5,3826.92,3851.16,4528.62033991
2025-10-23 23:00:00,3851.17,3860.41,3845.49,3857.03,4357.1782775
2025-10-24 00:00:00,3857.04,3876.75,3845.88,3868.0,6578.7345617
2025-10-24 01:00:00,3868.01,3883.05,3857.96,3881.72,5707.7541684
2025-10-24 02:00:00,3881.72,3896.01,3871.11,3889.55,5342.4263565
2025-10-24 03:00:00,3889.45,3892.55,3879.2,3891.09,4510.6819201
2025-10-24 04:00:00,3891.1,3979.18,3886.58,3974.31,10366.98163842
2025-10-24 05:00:00,3974.31,3988.22,3956.77,3974.32,5447.49406819
2025-10-24 06:00:00,3974.33,3987.2,3962.55,3981.98,5582.75360993
2025-10-24 07:00:00,3981.99,3983.77,3934.11,3948.7,5686.885426
2025-10-24 08:00:00,3948.69,3964.87,3929.4,3952.9,7095.3872731
2025-10-24 09:00:00,3952.89,3969.1,3949.56,3958.25,5835.116565
2025-10-24 10:00:00,3958.26,3964.34,3947.85,3956.49,5391.2997157
2025-10-24 11:00:00,3956.49,3964.0,3924.27,3946.41,6729.04471425
2025-10-24 12:00:00,3946.43,4029.61,3940.67,3963.62,15719.21454128
2025-10-24 13:00:00,3963.92,3978.55,3918.77,3947.0,14763.0089456
2025-10-24 14:00:00,3947.0,3947.01,3890.31,3902.4,15926.87183715
2025-10-24 15:00:00,3902.4,3931.54,3872.34,3888.82,12520.6071874
2025-10-24 16:00:00,3888.83,3892.48,3866.34,3889.12,9075.0833608
2025-10-24 17:00:00,3889.21,3904.96,3875.55,3888.91,8840.1550806
2025-10-24 18:00:00,3888.9,3915.33,3884.51,3912.32,5466.2418714
2025-10-24 19:00:00,3912.01,3938.33,3912.01,3926.17,7924.66065365
2025-10-24 20:00:00,3926.53,3942.8,3924.16,3938.88,4729.605511
2025-10-24 21:00:00,3938.88,3946.1,3925.77,3943.64,5648.7813764
2025-10-24 22:00:00,3943.65,3945.0,3930.45,3935.84,3659.23682151
2025-10-24 23:00:00,3935.85,3936.76,3925.79,3934.83,2522.8091594
2025-10-25 00:00:00,3934.83,3935.93,3912.42,3918.5,4885.54281833
2025-10-25 01:00:00,3918.51,3938.91,3915.57,3932.89,5387.0522277
2025-10-25 02:00:00,3932.91,3937.64,3926.02,3934.07,3278.5393937
2025-10-25 03:00:00,3934.07,3935.66,3920.05,3921.68,3469.3168631
2025-10-25 04:00:00,3921.68,3936.08,3920.38,3923.2,3580.5032472
2025-10-25 05:00:00,3923.2,3933.27,3920.38,3930.94,3320.2792429
2025-10-25 06:00:00,3931.32,3935.89,3927.24,3928.51,3271.0383668
2025-10-25 07:00:00,3928.52,3959.63,3925.44,3928.87,5704.7703751
2025-10-25 08:00:00,3928.87,3956.01,3927.79,3954.34,4169.3178735
2025-10-25 09:00:00,3954.35,3956.63,3940.17,3942.61,5154.84973414
2025-10-25 10:00:00,3942.61,3947.56,3931.78,3942.61,4577.90747056
2025-10-25 11:00:00,3942.61,3945.16,3938.59,3939.53,4141.6771246
2025-10-25 12:00:00,3939.53,3955.62,3939.29,3952.74,3978.4667484
2025-10-25 13:00:00,3952.75,3955.93,3934.45,3943.05,3859.42678348
2025-10-25 14:00:00,3943.05,3947.51,3933.89,3938.22,3733.7959243
2025-10-25 15:00:00,3938.23,3938.23,3924.13,3932.78,2900.4131335
2025-10-25 16:00:00,3932.79,3937.51,3927.84,3932.69,2922.5822066
2025-10-25 17:00:00,3932.7,3939.36,3930.62,3934.52,1971.1685641
2025-10-25 18:00:00,3934.53,3968.68,3929.36,3959.92,4670.7845249
2025-10-25 19:00:00,3959.82,3963.69,3951.66,3957.61,2683.3014079
2025-10-25 20:00:00,3957.61,3959.65,3944.86,3945.53,1786.5387832
2025-10-25 21:00:00,3945.22,3952.34,3935.88,3952.34,2922.0249329
2025-10-25 22:00:00,3952.35,3964.62,3946.51,3961.59,3271.0346845
2025-10-25 23:00:00,3961.6,3963.42,3950.48,3953.87,2922.4917925
2025-10-26 00:00:00,3953.87,3961.52,3946.18,3950.27,4430.7952528
2025-10-26 01:00:00,3950.28,3955.57,3919.22,3933.14,4326.9499097
2025-10-26 02:00:00,3933.14,3939.01,3922.39,3930.64,4335.1392067
2025-10-26 03:00:00,3930.65,3936.53,3923.35,3931.66,3821.4883891
2025-10-26 04:00:00,3931.68,3941.66,3929.23,3940.19,2182.0259106
2025-10-26 05:00:00,3940.19,3946.55,3937.92,3942.64,2118.5648061
2025-10-26 06:00:00,3942.64,3946.31,3938.85,3944.76,1816.2207259
2025-10-26 07:00:00,3944.76,3956.59,3941.59,3951.55,2406.7418729
2025-10-26 08:00:00,3951.55,3967.6,3951.08,3959.55,2947.4313627
2025-10-26 09:00:00,3959.56,4011.0,3956.28,3987.86,9359.2285316
2025-10-26 10:00:00,3987.88,3989.68,3974.72,3982.85,5765.32107255
2025-10-26 11:00:00,3982.85,4054.72,3976.13,4044.25,13594.2744213
2025-10-26 12:00:00,4044.28,4077.68,4040.21,4072.58,12780.32057419
2025-10-26 13:00:00,4072.67,4099.29,4062.41,4083.32,10391.1377248
2025-10-26 14:00:00,4083.34,4090.65,4063.08,4067.05,8574.4966414
2025-10-26 15:00:00,4067.04,4077.0,4058.88,4075.05,5585.2040576
2025-10-26 16:00:00,4075.06,4075.51,4046.35,4055.43,6962.9564421
2025-10-26 17:00:00,4055.44,4068.53,4053.17,4059.17,5168.7065735
2025-10-26 18:00:00,4059.34,4080.85,4058.03,4072.24,3293.8795092
2025-10-26 19:00:00,4072.24,4072.54,4064.41,4067.89,1953.9140462
2025-10-26 20:00:00,4067.89,4073.06,4052.78,4061.85,2471.51532633
2025-10-26 21:00:00,4061.86,4095.54,4055.47,4080.33,5944.1788261
2025-10-26 22:00:00,4080.37,4177.42,4080.37,4160.44,14254.4267849
2025-10-26 23:00:00,4160.45,4178.77,4148.71,4158.53,9215.0972303
2025-10-27 00:00:00,4158.47,4189.45,4148.75,4170.19,10153.6957836
2025-10-27 01:00:00,4170.2,4208.42,4167.45,4191.81,8774.1598719
2025-10-27 02:00:00,4191.81,4217.7,4184.0,4205.21,8636.956916
2025-10-27 03:00:00,4205.21,4225.49,4200.48,4204.74,7018.9580522
2025-10-27 04:00:00,4204.78,4217.57,4195.08,4212.44,5216.4414281
2025-10-27 05:00:00,4212.66,4252.97,4210.36,4233.22,8236.2985381
2025-10-27 06:00:00,4233.22,4244.97,4222.37,4235.19,7381.2664229
2025-10-27 07:00:00,4235.18,4247.56,4196.05,4201.11,8021.6858165
2025-10-27 08:00:00,4201.11,4201.12,4156.16,4166.48,8766.94480953
2025-10-27 09:00:00,4166.49,4173.07,4154.26,4159.87,9498.5769227
2025-10-27 10:00:00,4159.87,4174.55,4154.69,4166.93,6712.7186924
2025-10-27 11:00:00,4166.93,4175.53,4133.0,4162.25,8612.9595715
2025-10-27 12:00:00,4162.25,4166.82,4138.24,4145.32,7723.504868
2025-10-27 13:00:00,4145.32,4187.66,4127.51,4177.65,12456.392661
2025-10-27 14:00:00,4177.66,4183.19,4124.22,4148.62,12251.72455
2025-10-27 15:00:00,4148.55,4175.87,4147.59,4172.82,10266.5213038
2025-10-27 16:00:00,4172.84,4218.65,4172.84,4214.5,9801.606253
2025-10-27 17:00:00,4214.5,4225.46,4199.5,4220.23,8093.4691832
2025-10-27 18:00:00,4220.81,4233.35,4207.12,4215.06,7443.7854101
2025-10-27 19:00:00,4215.07,4220.8,4185.62,4193.53,9236.15716451
2025-10-27 20:00:00,4193.64,4195.34,4128.79,4128.79,11128.06122984
2025-10-27 21:00:00,4128.8,4139.28,4094.2,4116.1,8947.0546508
2025-10-27 22:00:00,4116.41,4144.59,4110.45,4122.72,7573.87518426
2025-10-27 23:00:00,4122.73,4127.81,4103.16,4120.6,7500.5597224
2025-10-28 00:00:00,4120.39,4133.6,4107.23,4115.2,7424.00727393
2025-10-28 01:00:00,4115.22,4142.18,4115.22,4136.36,7280.6005184
2025-10-28 02:00:00,4136.38,4141.78,4074.67,4095.75,8950.3352771
2025-10-28 03:00:00,4095.75,4100.86,4069.05,4093.92,8720.689185
2025-10-28 04:00:00,4094.21,4106.45,4088.14,4099.93,5712.6894
2025-10-28 05:00:00,4099.93,4103.95,4066.36,4067.92,7850.118815
2025-10-28 06:00:00,4067.94,4114.63,4067.94,4112.81,7614.401525
2025-10-28 07:00:00,4112.81,4126.8,4110.39,4117.24,7016.1649136
2025-10-28 08:00:00,4117.24,4136.12,4110.81,4123.78,5766.3886068
2025-10-28 09:00:00,4123.79,4129.41,4104.74,4123.04,5911.9492131
2025-10-28 10:00:00,4123.05,4124.91,4109.19,4118.08,4672.7805538
2025-10-28 11:00:00,4118.2,4127.25,4109.04,4112.59,5834.4400074
2025-10-28 12:00:00,4112.58,4125.9,4097.64,4121.75,6823.11683545
2025-10-28 13:00:00,4121.91,4167.23,4121.91,4158.44,12255.4192106
2025-10-28 14:00:00,4158.58,4175.34,4072.0,4119.45,15986.9626539
2025-10-28 15:00:00,4119.47,4141.6,4087.28,4096.68,12067.34876259
2025-10-28 16:00:00,4096.87,4140.68,4092.84,4135.0,12156.5450893
2025-10-28 17:00:00,4135.0,4147.36,4121.87,4140.13,7694.2470925
2025-10-28 18:00:00,4140.14,4151.32,4104.06,4114.53,8872.71748086
2025-10-28 19:00:00,4114.53,4117.96,4026.71,4039.71,14346.603468
2025-10-28 20:00:00,4039.31,4042.32,3960.01,3979.73,19808.56015324
2025-10-28 21:00:00,3979.57,3991.95,3931.88,3982.53,12603.5854004
2025-10-28 22:00:00,3982.39,3999.81,3973.01,3995.01,8187.3935016
2025-10-28 23:00:00,3995.01,3996.58,3977.23,3979.72,6697.3659176
2025-10-29 00:00:00,3979.72,3992.92,3970.1,3973.31,7995.982287
2025-10-29 01:00:00,3973.29,4008.78,3964.77,3982.84,8408.3530861
2025-10-29 02:00:00,3982.7,4005.09,3981.19,4003.42,6123.3039624
2025-10-29 03:00:00,4003.4,4003.4,3986.52,3997.82,6189.6445317
2025-10-29 04:00:00,3997.85,4020.19,3996.41,4013.78,6246.5679722
2025-10-29 05:00:00,4013.72,4035.81,4012.91,4027.37,6021.0485441
2025-10-29 06:00:00,4027.36,4037.28,4017.13,4024.39,6025.5881937
2025-10-29 07:00:00,4024.46,4031.45,4012.42,4024.58,6384.3337561
2025-10-29 08:00:00,4024.58,4026.78,4003.99,4007.85,6799.82972092
2025-10-29 09:00:00,4007.69,4009.68,3985.89,3997.72,5949.9227548
2025-10-29 10:00:00,3997.72,4004.28,3988.46,3989.01,6875.7426775
2025-10-29 11:00:00,3989.05,4015.72,3983.94,4011.13,6742.9516056
2025-10-29 12:00:00,4011.13,4019.88,4004.18,4015.93,5942.6561275
2025-10-29 13:00:00,4015.95,4029.54,3983.49,3995.28,11557.22345864
2025-10-29 14:00:00,3995.27,3999.77,3973.59,3988.79,10435.376843
2025-10-29 15:00:00,3988.61,3994.54,3941.88,3951.69,13615.98078718
2025-10-29 16:00:00,3951.7,3977.15,3926.27,3962.32,12305.9209813
2025-10-29 17:00:00,3962.31,4015.98,3959.7,4014.44,10321.02503022
2025-10-29 18:00:00,4014.43,4018.56,3842.0,3918.32,34162.99333815
2025-10-29 19:00:00,3918.33,3958.0,3888.18,3904.73,13604.7476051
2025-10-29 20:00:00,3905.02,3953.49,3888.4,3951.96,10170.8861901
2025-10-29 21:00:00,3951.96,3963.68,3930.9,3955.88,5834.1532364
2025-10-29 22:00:00,3956.48,3959.81,3934.76,3941.01,5345.5724432
2025-10-29 23:00:00,3941.0,3941.0,3874.94,3903.31,9220.9026307
2025-10-30 00:00:00,3903.31,3923.15,3885.67,3922.18,9943.0688337
2025-10-30 01:00:00,3922.2,3935.25,3906.14,3927.3,9354.3803992
2025-10-30 02:00:00,3927.55,3947.52,3922.76,3945.66,7572.4890996
2025-10-30 03:00:00,3945.67,3948.64,3928.26,3935.04,7315.0770766
2025-10-30 04:00:00,3935.0,3935.04,3838.79,3871.61,19998.3079458
2025-10-30 05:00:00,3871.61,3923.08,3857.53,3916.85,13975.0624613
2025-10-30 06:00:00,3916.81,3926.63,3897.43,3913.41,9017.4991308
2025-10-30 07:00:00,3913.41,3944.67,3908.37,3940.2,7665.0641666
2025-10-30 08:00:00,3940.2,3940.23,3916.51,3921.65,6939.2487037
2025-10-30 09:00:00,3921.65,3924.61,3892.83,3900.19,7596.0441951
2025-10-30 10:00:00,3900.19,3908.01,3883.2,3892.67,7697.9879988
2025-10-30 11:00:00,3892.67,3897.62,3877.29,3881.07,6881.2893743
2025-10-30 12:00:00,3881.01,3884.41,3795.34,3818.3,14488.46446198
2025-10-30 13:00:00,3818.3,3837.19,3760.77,3766.8,17292.2894575
2025-10-30 14:00:00,3766.97,3807.34,3765.09,3801.5,16557.77561013
2025-10-30 15:00:00,3801.5,3807.58,3757.52,3773.59,14435.7218765
2025-10-30 16:00:00,3773.3,3802.1,3762.73,3780.86,11343.1241463
2025-10-30 17:00:00,3780.87,3780.87,3727.89,3770.6,16818.28499932
2025-10-30 18:00:00,3770.59,3772.39,3720.11,3721.2,10862.8135071
2025-10-30 19:00:00,3721.18,3736.58,3679.29,3686.94,15932.1145467
2025-10-30 20:00:00,3686.62,3757.93,3679.77,3756.48,12525.1046018
2025-10-30 21:00:00,3756.47,3782.66,3747.58,3773.25,7841.0098786
2025-10-30 22:00:00,3773.25,3783.35,3764.11,3783.35,6143.5211538
2025-10-30 23:00:00,3783.36,3806.85,3773.86,3804.37,6056.0764927
2025-10-31 00:00:00,3804.69,3840.19,3796.4,3831.47,7596.565557
2025-10-31 01:00:00,3831.63,3860.61,3826.07,3846.85,8158.64316028
2025-10-31 02:00:00,3846.85,3851.23,3807.6,3821.13,8849.2034606
2025-10-31 03:00:00,3821.17,3836.51,3811.95,3829.0,8371.5394928
2025-10-31 04:00:00,3829.0,3873.25,3826.72,3862.69,9666.8295358
2025-10-31 05:00:00,3862.69,3863.22,3845.84,3850.38,6027.8399866
2025-10-31 06:00:00,3850.38,3852.9,3823.65,3831.3,7763.0249328
2025-10-31 07:00:00,3831.32,3841.65,3821.81,3831.76,5399.2137644
2025-10-31 08:00:00,3831.68,3854.45,3818.77,3852.48,6931.3551252
2025-10-31 09:00:00,3852.41,3863.66,3839.88,3844.87,6941.3257287
2025-10-31 10:00:00,3844.92,3854.48,3832.65,3835.69,5501.7009701
2025-10-31 11:00:00,3835.69,3883.32,3827.66,3874.26,8110.0766361
2025-10-31 12:00:00,3874.24,3887.38,3834.44,3836.05,10580.7903661
2025-10-31 13:00:00,3836.05,3873.73,3832.02,3859.77,10642.7212891
2025-10-31 14:00:00,3859.76,3873.6,3838.81,3868.14,13040.8318579
2025-10-31 15:00:00,3868.2,3883.12,3854.05,3861.3,11858.46221674
2025-10-31 16:00:00,3861.28,3868.56,3815.61,3823.37,12490.68849831
2025-10-31 17:00:00,3823.21,3834.68,3804.94,3827.97,11365.7755364
2025-10-31 18:00:00,3827.98,3867.98,3809.02,3852.76,13354.2465223
2025-10-31 19:00:00,3852.74,3905.28,3836.34,3885.28,8130.3412632
2025-10-31 20:00:00,3885.48,3892.29,3856.33,3861.08,6551.65440347
2025-10-31 21:00:00,3860.25,3865.3,3840.68,3862.2,6518.998339
2025-10-31 22:00:00,3862.2,3867.51,3851.0,3855.82,5068.0996748
2025-10-31 23:00:00,3855.82,3858.72,3847.84,3848.0,3993.4320465
2025-11-01 00:00:00,3848.0,3849.84,3830.98,3847.51,5190.4015262
2025-11-01 01:00:00,3847.52,3860.61,3842.73,3844.29,4403.254496
2025-11-01 02:00:00,3844.28,3855.56,3836.93,3852.41,4300.3824135
2025-11-01 03:00:00,3852.41,3864.1,3851.04,3861.34,4415.4557499
2025-11-01 04:00:00,3861.35,3869.15,3855.36,3866.62,4621.4233333
2025-11-01 05:00:00,3866.63,3867.36,3853.58,3855.47,3639.5978048
2025-11-01 06:00:00,3855.47,3860.98,3853.09,3858.61,3024.4090948
2025-11-01 07:00:00,3858.62,3867.41,3856.61,3860.81,3608.8778085
2025-11-01 08:00:00,3860.84,3882.84,3860.69,3882.19,3996.45122431
2025-11-01 09:00:00,3882.2,3882.54,3872.04,3875.3,3879.461661
2025-11-01 10:00:00,3875.3,3881.86,3872.16,3876.52,3306.6734224
2025-11-01 11:00:00,3876.53,3881.17,3868.94,3877.69,2962.87278
2025-11-01 12:00:00,3877.69,3880.75,3875.12,3875.67,3042.290437
2025-11-01 13:00:00,3875.91,3878.92,3858.24,3870.3,4292.7649558
2025-11-01 14:00:00,3870.29,3875.0,3858.42,3872.91,6270.8464235
2025-11-01 15:00:00,3872.91,3902.12,3871.39,3894.7,6961.0480673
2025-11-01 16:00:00,3894.7,3908.98,3885.7,3892.12,6266.16464
2025-11-01 17:00:00,3892.11,3894.16,3863.46,3866.42,6326.5179292
2025-11-01 18:00:00,3866.43,3881.04,3864.57,3880.77,2856.1050696
2025-11-01 19:00:00,3880.75,3880.75,3871.5,3880.0,2897.8875975
2025-11-01 20:00:00,3880.0,3891.24,3879.02,3881.45,3165.4404888
2025-11-01 21:00:00,3881.45,3884.56,3867.76,3867.76,3029.8509499
2025-11-01 22:00:00,3867.76,3876.25,3864.15,3874.92,3954.4673626
2025-11-01 23:00:00,3874.92,3876.89,3868.81,3873.71,2278.6181632
2025-11-02 00:00:00,3873.71,3873.91,3862.13,3866.69,3390.1622909
2025-11-02 01:00:00,3866.48,3876.65,3862.08,3872.22,3539.7066511
2025-11-02 02:00:00,3872.21,3886.8,3868.58,3880.1,3589.2433996
2025-11-02 03:00:00,3880.25,3884.8,3877.92,3880.57,2780.9461698
2025-11-02 04:00:00,3880.57,3912.58,3876.04,3907.87,6928.9431727
2025-11-02 05:00:00,3907.89,3908.69,3894.35,3902.46,3598.1460936
2025-11-02 06:00:00,3902.47,3907.77,3891.69,3901.69,4523.9262692
2025-11-02 07:00:00,3901.71,3918.0,3892.28,3906.73,4951.060305
2025-11-02 08:00:00,3906.73,3910.61,3892.61,3894.95,4313.0394964
2025-11-02 09:00:00,3894.96,3903.64,3867.99,3872.62,6630.76069638
2025-11-02 10:00:00,3872.62,3876.07,3855.3,3863.63,7454.5945517
2025-11-02 11:00:00,3863.64,3897.71,3862.65,3891.22,6631.4313445
2025-11-02 12:00:00,3891.22,3895.76,3871.66,3877.58,5695.7788903
2025-11-02 13:00:00,3877.58,3877.63,3854.97,3868.59,7762.2843505
2025-11-02 14:00:00,3868.59,3873.07,3839.38,3852.84,9647.3263167
2025-11-02 15:00:00,3852.83,3871.45,3846.22,3852.94,6746.3069697
2025-11-02 16:00:00,3853.23,3865.0,3840.5,3864.23,7949.32763
2025-11-02 17:00:00,3864.23,3864.4,3849.99,3859.11,4056.4387574
2025-11-02 18:00:00,3859.12,3867.1,3855.53,3864.23,3419.9111951
2025-11-02 19:00:00,3864.24,3864.54,3843.24,3855.89,4286.0433933
2025-11-02 20:00:00,3855.89,3859.44,3847.73,3858.36,2879.8305901
2025-11-02 21:00:00,3858.36,3869.25,3850.19,3860.88,2809.607074
2025-11-02 22:00:00,3860.89,3863.41,3844.05,3854.5,1955.9894675
2025-11-02 23:00:00,3854.52,3916.24,3854.52,3906.57,10233.0501852
2025-11-03 00:00:00,3906.43,3914.26,3862.95,3864.8,8862.0641965
2025-11-03 01:00:00,3864.76,3864.76,3828.61,3837.44,11408.24375807
2025-11-03 02:00:00,3837.38,3841.84,3787.86,3799.01,15622.64110894
2025-11-03 03:00:00,3799.01,3807.09,3727.99,3736.04,17267.4638456
2025-11-03 04:00:00,3736.29,3748.75,3715.26,3746.7,11403.063601
2025-11-03 05:00:00,3746.63,3765.65,3728.1,3731.94,9389.6951368
2025-11-03 06:00:00,3731.91,3741.16,3684.66,3719.21,13004.5352361
2025-11-03 07:00:00,3719.19,3737.32,3698.96,3714.78,10557.48153965
2025-11-03 08:00:00,3714.71,3720.45,3687.14,3716.56,11036.95517401
2025-11-03 09:00:00,3716.56,3740.61,3696.02,3703.43,10526.9181061
2025-11-03 10:00:00,3703.42,3719.44,3663.29,3675.73,9678.7445775
2025-11-03 11:00:00,3675.79,3722.88,3673.22,3711.88,10677.5328221
2025-11-03 12:00:00,3711.88,3728.59,3704.84,3709.45,7971.9898569
2025-11-03 13:00:00,3709.44,3728.88,3693.64,3720.29,8638.89426965
2025-11-03 14:00:00,3720.29,3748.64,3705.85,3734.8,11462.3999978
2025-11-03 15:00:00,3734.8,3740.42,3582.49,3589.09,22107.68700356
2025-11-03 16:00:00,3589.1,3626.72,3564.28,3618.93,18598.3104365
2025-11-03 17:00:00,3618.93,3681.97,3611.4,3667.11,14439.2765427
2025-11-03 18:00:00,3666.89,3673.28,3630.84,3632.31,10478.2960057
2025-11-03 19:00:00,3632.31,3648.98,3620.51,3631.38,11141.0689657
2025-11-03 20:00:00,3631.41,3636.5,3562.05,3587.79,13505.7043276
2025-11-03 21:00:00,3587.8,3615.27,3557.62,3602.01,14827.3540611
2025-11-03 22:00:00,3601.98,3603.5,3560.64,3589.71,11285.5554096
2025-11-03 23:00:00,3590.02,3607.41,3566.1,3603.79,9534.8332678
2025-11-04 00:00:00,3603.79,3636.15,3567.56,3618.09,12493.3613726
2025-11-04 01:00:00,3618.09,3654.29,3607.3,3644.32,11102.54238078
2025-11-04 02:00:00,3644.31,3648.77,3619.01,3626.03,9610.2104301
2025-11-04 03:00:00,3625.95,3651.3,3621.03,3642.37,11107.02814037
2025-11-04 04:00:00,3642.36,3647.96,3621.49,3625.11,9917.8434124
2025-11-04 05:00:00,3625.11,3631.28,3485.13,3492.64,20110.7333412
2025-11-04 06:00:00,3492.39,3560.3,3478.7,3511.08,18918.3190713
2025-11-04 07:00:00,3511.53,3522.32,3473.24,3493.76,13885.18076216
2025-11-04 08:00:00,3493.76,3512.2,3460.43,3495.51,14234.8333564
2025-11-04 09:00:00,3495.5,3502.58,3476.01,3491.75,11726.6547439
2025-11-04 10:00:00,3491.74,3502.56,3473.13,3485.27,13284.26612273
2025-11-04 11:00:00,3485.27,3535.15,3483.85,3529.47,10106.36630204
2025-11-04 12:00:00,3529.47,3532.39,3495.86,3511.49,11460.8662509
2025-11-04 13:00:00,3511.47,3523.25,3493.45,3507.04,13003.8945835
2025-11-04 14:00:00,3507.03,3562.87,3473.32,3555.29,17730.1852265
2025-11-04 15:00:00,3555.61,3587.38,3496.11,3507.24,20379.2707931
2025-11-04 16:00:00,3507.4,3520.19,3425.0,3429.44,18869.71588656
2025-11-04 17:00:00,3429.43,3429.43,3361.9,3372.93,25417.85496426
2025-11-04 18:00:00,3372.93,3374.17,3256.44,3303.5,29224.9313333
2025-11-04 19:00:00,3303.5,3317.1,3226.91,3231.62,24268.731812
2025-11-04 20:00:00,3231.35,3252.34,3123.97,3213.36,32828.8783044
2025-11-04 21:00:00,3213.35,3218.64,3056.74,3214.9,26607.06397205
2025-11-04 22:00:00,3215.57,3289.31,3198.87,3247.12,18899.8219615
2025-11-04 23:00:00,3247.57,3304.99,3242.85,3286.81,16612.5052567
2025-11-05 00:00:00,3286.83,3301.69,3228.9,3240.53,16674.1179963
2025-11-05 01:00:00,3240.54,3254.7,3166.58,3243.34,23384.5231393
2025-11-05 02:00:00,3243.42,3326.35,3243.42,3324.73,20717.39199703
2025-11-05 03:00:00,3325.04,3349.0,3306.01,3334.88,16029.6665658
2025-11-05 04:00:00,3334.89,3345.97,3314.04,3329.29,12723.9203087
2025-11-05 05:00:00,3329.37,3354.36,3324.6,3326.11,10877.1542617
2025-11-05 06:00:00,3326.1,3341.64,3310.57,3337.17,11670.8647844
2025-11-05 07:00:00,3337.2,3341.67,3304.03,3331.18,10655.2319356
2025-11-05 08:00:00,3331.17,3331.18,3282.91,3300.89,15915.80127983
2025-11-05 09:00:00,3300.88,3321.89,3294.0,3307.9,13713.2393922
2025-11-05 10:00:00,3307.75,3308.22,3274.67,3276.67,14378.8901804
2025-11-05 11:00:00,3277.38,3324.94,3275.68,3322.23,12579.3837008
2025-11-05 12:00:00,3322.55,3358.57,3313.01,3345.13,14778.91772099
2025-11-05 13:00:00,3345.12,3375.63,3324.7,3360.46,13715.2070901
2025-11-05 14:00:00,3360.45,3372.0,3319.57,3348.66,16227.0654315
2025-11-05 15:00:00,3348.69,3399.2,3333.92,3398.21,17349.8772761
2025-11-05 16:00:00,3398.21,3439.93,3359.19,3437.56,15367.08952285
2025-11-05 17:00:00,3437.55,3447.49,3418.32,3436.07,11877.320936
2025-11-05 18:00:00,3436.06,3479.38,3430.29,3462.24,11240.99374173
2025-11-05 19:00:00,3462.21,3471.99,3445.6,3455.11,10941.3372699
2025-11-05 20:00:00,3455.1,3480.9,3441.47,3451.69,12627.65241865
2025-11-05 21:00:00,3451.17,3451.53,3430.24,3442.49,10836.6805876
2025-11-05 22:00:00,3442.49,3445.44,3415.43,3424.82,7488.6655729
2025-11-05 23:00:00,3424.87,3435.41,3415.8,3424.7,8025.4215395
2025-11-06 00:00:00,3424.68,3424.68,3392.9,3407.57,10698.34243781
2025-11-06 01:00:00,3407.57,3410.6,3374.9,3405.27,12371.8365882
2025-11-06 02:00:00,3405.27,3430.09,3392.37,3422.05,12541.3420856
2025-11-06 03:00:00,3422.05,3451.4,3421.22,3432.77,11478.71987
2025-11-06 04:00:00,3432.78,3456.32,3429.17,3452.88,8647.9903537
2025-11-06 05:00:00,3452.88,3452.88,3379.76,3388.51,12715.353848
2025-11-06 06:00:00,3388.38,3402.54,3378.08,3384.93,10422.4042929
2025-11-06 07:00:00,3384.93,3394.55,3363.41,3380.65,13357.7837144
2025-11-06 08:00:00,3380.63,3394.54,3372.57,3385.24,10749.0024538
2025-11-06 09:00:00,3385.24,3394.66,3375.14,3383.03,9353.1679436
2025-11-06 10:00:00,3383.1,3414.81,3367.31,3393.83,10412.72423397
2025-11-06 11:00:00,3393.83,3407.64,3381.06,3399.46,9831.4394129
2025-11-06 12:00:00,3399.45,3404.69,3343.36,3350.0,11479.3285156
2025-11-06 13:00:00,3350.01,3404.16,3350.01,3391.07,12981.5002924
2025-11-06 14:00:00,3391.07,3400.9,3319.59,3329.47,17923.38642883
2025-11-06 15:00:00,3329.47,3365.84,3278.33,3300.88,19701.694068
2025-11-06 16:00:00,3300.88,3322.59,3245.81,3276.65,17999.5332004
2025-11-06 17:00:00,3276.65,3340.5,3270.92,3329.76,17985.6857652
2025-11-06 18:00:00,3329.72,3352.4,3295.22,3329.13,16042.7708137
2025-11-06 19:00:00,3329.12,3343.59,3309.88,3325.85,13724.3401243
2025-11-06 20:00:00,3325.87,3336.48,3288.0,3306.49,13558.9462865
2025-11-06 21:00:00,3306.13,3335.54,3292.81,3325.97,12476.0456136
2025-11-06 22:00:00,3325.97,3330.23,3295.24,3319.12,8052.3523738
2025-11-06 23:00:00,3319.11,3319.11,3290.39,3315.08,11096.3141902
2025-11-07 00:00:00,3315.09,3332.28,3294.02,3325.1,16052.2497056
2025-11-07 01:00:00,3325.11,3330.95,3276.03,3325.03,18829.152078
2025-11-07 02:00:00,3325.01,3355.47,3304.49,3346.55,15150.5256718
2025-11-07 03:00:00,3346.57,3365.3,3343.01,3345.15,13167.3898375
2025-11-07 04:00:00,3345.13,3348.38,3319.04,3338.68,11025.4127637
2025-11-07 05:00:00,3338.68,3369.98,3338.18,3366.88,11041.3974632
2025-11-07 06:00:00,3366.89,3370.03,3347.5,3348.01,7417.8877142
2025-11-07 07:00:00,3347.86,3364.61,3335.89,3358.22,9841.4850108
2025-11-07 08:00:00,3358.21,3360.32,3334.25,3342.11,9684.3245465
2025-11-07 09:00:00,3341.83,3342.11,3289.91,3301.43,12545.7047767
2025-11-07 10:00:00,3301.43,3310.33,3272.51,3280.36,11342.62653432
2025-11-07 11:00:00,3280.36,3280.36,3226.01,3260.3,17645.5865861
2025-11-07 12:00:00,3259.99,3275.84,3196.86,3222.86,17723.28060057
2025-11-07 13:00:00,3222.78,3249.95,3214.29,3241.0,15651.1591641
2025-11-07 14:00:00,3241.0,3298.91,3193.57,3288.44,18758.995693
2025-11-07 15:00:00,3288.82,3318.07,3262.21,3297.5,20252.0870674
2025-11-07 16:00:00,3297.5,3333.25,3274.0,3308.85,16233.83540999
2025-11-07 17:00:00,3309.19,3395.4,3296.84,3385.65,16227.27926438
2025-11-07 18:00:00,3385.65,3435.45,3378.16,3426.02,18030.79665212
2025-11-07 19:00:00,3426.03,3450.35,3417.1,3443.58,12185.8923287
2025-11-07 20:00:00,3443.57,3471.63,3429.9,3465.14,13836.2480834
2025-11-07 21:00:00,3465.16,3470.43,3449.67,3468.67,10450.610712
2025-11-07 22:00:00,3468.67,3473.06,3443.7,3445.74,9518.27075784
2025-11-07 23:00:00,3445.74,3450.12,3432.91,3435.7,7897.952923
2025-11-08 00:00:00,3435.7,3448.47,3406.14,3424.04,12627.3784166
2025-11-08 01:00:00,3424.04,3446.97,3422.01,3437.03,11369.0112202
2025-11-08 02:00:00,3437.04,3459.92,3432.56,3441.02,11915.1701041
2025-11-08 03:00:00,3441.01,3467.63,3439.51,3454.06,11293.7052988
2025-11-08 04:00:00,3454.07,3486.96,3449.06,3458.98,11095.6842175
2025-11-08 05:00:00,3458.98,3467.17,3425.5,3431.25,13793.8640125
2025-11-08 06:00:00,3431.25,3455.56,3417.96,3445.48,13987.0823369
2025-11-08 07:00:00,3445.25,3451.36,3424.87,3447.68,9914.2627303
2025-11-08 08:00:00,3447.67,3470.44,3436.1,3454.5,10818.6981925
2025-11-08 09:00:00,3454.5,3464.74,3439.2,3440.07,8951.8724049
2025-11-08 10:00:00,3440.07,3450.15,3433.48,3446.04,8171.4712058
2025-11-08 11:00:00,3446.02,3456.12,3407.05,3413.31,11891.101857
2025-11-08 12:00:00,3413.31,3417.98,3398.84,3408.91,12532.84456
2025-11-08 13:00:00,3408.92,3412.7,3390.6,3397.19,15077.62982712
2025-11-08 14:00:00,3397.04,3412.53,3373.77,3400.0,19402.0966785
2025-11-08 15:00:00,3400.02,3404.0,3370.41,3376.91,15136.4969709
2025-11-08 16:00:00,3376.91,3383.99,3356.0,3368.13,19069.1466534
2025-11-08 17:00:00,3368.13,3400.42,3363.17,3399.14,12352.6166126
2025-11-08 18:00:00,3399.13,3407.88,3386.09,3402.89,10030.6373183
2025-11-08 19:00:00,3402.88,3406.54,3363.66,3389.5,8141.7168345
2025-11-08 20:00:00,3389.5,3403.89,3380.51,3398.16,6894.6092147
2025-11-08 21:00:00,3398.09,3410.64,3395.08,3406.34,6487.8181284
2025-11-08 22:00:00,3406.35,3411.22,3395.06,3409.79,5802.7438414
2025-11-08 23:00:00,3409.72,3415.69,3400.47,3401.66,4833.3074117
2025-11-09 00:00:00,3401.66,3402.62,3373.2,3384.73,8218.2227454
2025-11-09 01:00:00,3384.73,3404.15,3380.15,3400.86,6751.8255095
2025-11-09 02:00:00,3400.86,3400.86,3364.56,3368.08,9834.4158146
2025-11-09 03:00:00,3368.08,3378.29,3359.11,3375.78,10801.7198304
2025-11-09 04:00:00,3375.8,3389.89,3370.19,3374.64,8659.7082381
2025-11-09 05:00:00,3374.64,3408.98,3372.64,3405.53,5667.2344322
2025-11-09 06:00:00,3405.53,3419.62,3400.29,3405.24,2985.7191148
2025-11-09 07:00:00,3405.24,3427.37,3403.38,3422.75,2700.2473476
2025-11-09 08:00:00,3422.75,3424.08,3409.77,3422.14,1295.9524788
2025-11-09 09:00:00,3421.87,3435.33,3399.2,3401.41,2497.3069678
2025-11-09 10:00:00,3401.38,3401.76,3382.51,3401.76,2010.7036984
2025-11-09 11:00:00,3401.76,3432.83,3401.76,3428.2,2041.5075321
2025-11-09 12:00:00,3428.2,3463.7,3424.64,3441.56,2285.4812272
2025-11-09 13:00:00,3441.56,3464.19,3441.56,3458.87,1862.2467882
2025-11-09 14:00:00,3458.74,3563.22,3453.75,3506.51,7067.34457402
2025-11-09 15:00:00,3506.51,3537.42,3505.11,3515.64,2658.4066075
2025-11-09 16:00:00,3515.64,3538.63,3501.33,3528.32,3150.59997046
2025-11-09 17:00:00,3528.33,3532.04,3504.8,3515.36,1982.1862144
2025-11-09 18:00:00,3515.73,3544.99,3511.03,3541.75,2043.6300545
2025-11-09 19:00:00,3541.57,3580.0,3535.0,3580.0,2566.1217038
2025-11-09 20:00:00,3580.0,3597.8,3562.43,3579.12,3252.4256152
2025-11-09 21:00:00,3579.12,3596.0,3573.48,3581.03,2135.277929
2025-11-09 22:00:00,3581.19,3594.9,3565.13,3587.25,1746.4395217
2025-11-09 23:00:00,3587.27,3624.04,3566.0,3583.8,4338.3624539
2025-11-10 00:00:00,3583.8,3652.97,3554.5,3635.23,4647.7299563
2025-11-10 01:00:00,3635.26,3658.8,3617.61,3629.75,4149.29602151
2025-11-10 02:00:00,3629.76,3639.32,3613.01,3628.55,2095.9941139
2025-11-10 03:00:00,3628.56,3647.93,3623.55,3627.15,2055.861147
2025-11-10 04:00:00,3627.16,3631.68,3604.19,3617.18,1848.2385262
2025-11-10 05:00:00,3617.18,3625.99,3589.7,3607.85,1660.16314174
2025-11-10 06:00:00,3607.85,3612.55,3595.14,3605.42,1441.6184478
2025-11-10 07:00:00,3605.43,3622.81,3604.07,3609.4,1347.3381569
2025-11-10 08:00:00,3609.4,3615.75,3587.65,3594.36,2117.0628887
2025-11-10 09:00:00,3594.37,3631.08,3586.67,3625.09,1845.07481539
2025-11-10 10:00:00,3625.09,3627.7,3604.0,3606.35,1121.4507499
2025-11-10 11:00:00,3606.37,3621.46,3604.27,3610.75,1175.8396066
2025-11-10 12:00:00,3610.74,3610.91,3585.28,3591.96,1239.0133631
2025-11-10 13:00:00,3591.97,3621.96,3590.55,3615.64,1783.6135124
2025-11-10 14:00:00,3615.72,3615.72,3529.94,3541.4,4210.2843604
2025-11-10 15:00:00,3541.41,3560.0,3508.22,3519.46,3177.19108462
2025-11-10 16:00:00,3519.34,3537.59,3507.0,3530.18,3132.5859141
2025-11-10 17:00:00,3530.17,3559.47,3523.04,3555.02,1649.6878389
2025-11-10 18:00:00,3555.03,3558.14,3533.25,3533.34,2168.3850893
2025-11-10 19:00:00,3533.33,3576.68,3529.76,3558.5,3928.597173
2025-11-10 20:00:00,3558.62,3583.96,3555.52,3572.07,4607.4916024
2025-11-10 21:00:00,3572.13,3572.78,3530.83,3541.54,6402.585561
2025-11-10 22:00:00,3541.78,3580.25,3529.11,3575.96,4618.8248466
2025-11-10 23:00:00,3576.04,3581.78,3562.81,3568.01,3554.7031238
2025-11-11 00:00:00,3567.86,3591.94,3552.61,3586.02,6508.6228723
2025-11-11 01:00:00,3586.01,3648.1,3575.36,3580.89,6490.67564758
2025-11-11 02:00:00,3581.01,3635.98,3559.69,3615.81,5580.00537071
2025-11-11 03:00:00,3615.81,3633.78,3599.73,3606.53,9524.9896561
2025-11-11 04:00:00,3606.45,3610.17,3572.83,3574.95,10220.2215364
2025-11-11 05:00:00,3575.08,3575.85,3543.49,3548.92,12225.4497838
2025-11-11 06:00:00,3548.9,3559.66,3531.48,3557.69,9769.1039082
2025-11-11 07:00:00,3557.69,3566.77,3542.3,3544.36,11674.8903088
2025-11-11 08:00:00,3544.37,3563.92,3543.29,3563.13,9460.570787
2025-11-11 09:00:00,3563.14,3586.66,3552.03,3556.41,9270.7759987
2025-11-11 10:00:00,3556.17,3566.38,3548.95,3560.49,9499.863529
2025-11-11 11:00:00,3560.49,3581.73,3560.49,3574.06,10373.5081956
2025-11-11 12:00:00,3574.08,3594.09,3540.13,3541.11,17196.42121066
2025-11-11 13:00:00,3541.16,3573.79,3527.01,3532.79,19371.3736939
2025-11-11 14:00:00,3532.78,3547.28,3487.5,3529.89,23073.5736191
2025-11-11 15:00:00,3529.71,3529.71,3467.34,3481.5,24957.0639148
2025-11-11 16:00:00,3481.5,3500.9,3464.87,3484.79,17363.30829808
2025-11-11 17:00:00,3484.8,3499.22,3446.0,3473.75,14326.8844909
2025-11-11 18:00:00,3473.59,3486.19,3460.72,3469.11,11670.374369
2025-11-11 19:00:00,3469.1,3470.14,3450.0,3456.87,10631.9836232
2025-11-11 20:00:00,3456.89,3461.89,3429.39,3438.04,15067.0657416
2025-11-11 21:00:00,3438.06,3449.02,3408.24,3417.76,15128.9834941
2025-11-11 22:00:00,3417.76,3436.7,3405.09,3429.96,12954.763055
2025-11-11 23:00:00,3429.96,3438.05,3409.21,3417.44,11106.16562057
2025-11-12 00:00:00,3417.6,3434.95,3409.62,3418.53,13488.1762456
2025-11-12 01:00:00,3418.51,3451.9,3412.44,3447.73,12856.1736015
2025-11-12 02:00:00,3447.71,3455.83,3417.85,3427.41,11235.437272
2025-11-12 03:00:00,3427.42,3446.04,3421.76,3438.9,8365.7983879
2025-11-12 04:00:00,3438.94,3445.77,3432.39,3444.86,7244.432836
2025-11-12 05:00:00,3445.17,3456.98,3443.83,3449.59,6000.0573631
2025-11-12 06:00:00,3449.59,3457.72,3439.24,3439.24,6756.431129
2025-11-12 07:00:00,3438.99,3452.65,3424.69,3428.43,6659.6545824
2025-11-12 08:00:00,3428.44,3480.91,3428.44,3468.47,8247.5158834
2025-11-12 09:00:00,3468.53,3494.26,3466.21,3483.66,7952.28555215
2025-11-12 10:00:00,3483.67,3548.29,3482.63,3534.52,7951.0686055
2025-11-12 11:00:00,3534.52,3569.94,3534.21,3549.32,8544.8449569
2025-11-12 12:00:00,3549.4,3565.7,3539.98,3552.22,6918.42497589
2025-11-12 13:00:00,3552.26,3588.0,3545.46,3577.02,8071.947221
2025-11-12 14:00:00,3576.86,3581.61,3480.24,3502.34,12001.6928909
2025-11-12 15:00:00,3502.33,3520.8,3418.62,3427.81,15210.5530476
2025-11-12 16:00:00,3427.81,3433.04,3371.62,3399.15,16475.5475935
2025-11-12 17:00:00,3399.16,3454.34,3391.99,3429.7,11961.6280284
2025-11-12 18:00:00,3429.7,3454.39,3417.82,3424.39,8742.2893425
2025-11-12 19:00:00,3424.37,3425.83,3372.82,3407.86,10769.9229369
2025-11-12 20:00:00,3407.85,3439.23,3400.51,3416.37,8237.85267494
2025-11-12 21:00:00,3416.43,3429.62,3408.08,3423.52,5264.59723167
2025-11-12 22:00:00,3423.48,3423.48,3392.0,3421.98,6259.2527255
2025-11-12 23:00:00,3421.99,3423.32,3403.78,3414.82,6341.2319345
2025-11-13 00:00:00,3414.82,3433.13,3404.81,3412.47,7597.5566943
2025-11-13 01:00:00,3412.5,3457.26,3410.67,3423.93,9788.2093297
2025-11-13 02:00:00,3424.17,3446.96,3423.17,3433.96,6498.7782805
2025-11-13 03:00:00,3434.0,3474.55,3377.75,3452.78,11182.0904615
2025-11-13 04:00:00,3452.82,3491.26,3434.11,3482.79,9891.3353176
2025-11-13 05:00:00,3482.78,3539.86,3466.36,3528.58,8651.7613436
2025-11-13 06:00:00,3528.66,3553.3,3520.82,3540.72,8443.1043545
2025-11-13 07:00:00,3540.9,3565.17,3530.78,3538.18,7769.8429889
2025-11-13 08:00:00,3538.19,3549.76,3522.24,3524.12,5969.1831988
2025-11-13 09:00:00,3524.11,3529.1,3477.58,3486.11,8720.0999523
2025-11-13 10:00:00,3486.27,3516.74,3486.27,3505.87,6142.4904282
2025-11-13 11:00:00,3505.66,3518.12,3495.07,3501.49,5243.3703486
2025-11-13 12:00:00,3501.5,3511.23,3480.89,3501.67,7768.65639747
2025-11-13 13:00:00,3501.66,3501.99,3426.74,3438.13,11593.6987131
2025-11-13 14:00:00,3438.14,3477.05,3393.25,3443.76,14065.8415658
2025-11-13 15:00:00,3443.75,3447.83,3367.21,3387.25,15757.88452355
2025-11-13 16:00:00,3387.26,3398.49,3323.45,3328.16,16831.10728624
2025-11-13 17:00:00,3327.87,3328.91,3252.91,3255.49,18564.37385387
2025-11-13 18:00:00,3255.41,3264.28,3183.95,3213.93,19204.4038317
2025-11-13 19:00:00,3213.93,3239.25,3175.75,3197.86,14261.4980935
2025-11-13 20:00:00,3197.7,3205.98,3154.56,3171.49,14993.03797478
2025-11-13 21:00:00,3171.66,3193.83,3160.59,3179.94,11229.4597283
2025-11-13 22:00:00,3179.92,3236.9,3174.89,3229.15,8666.9202385
2025-11-13 23:00:00,3229.17,3272.48,3216.92,3232.08,11353.8888342
2025-11-14 00:00:00,3232.06,3240.7,3188.19,3200.67,13930.6659782
2025-11-14 01:00:00,3200.69,3221.37,3186.57,3206.78,12719.4683452
2025-11-14 02:00:00,3207.09,3251.62,3205.32,3238.06,8770.9453016
2025-11-14 03:00:00,3238.07,3239.7,3208.08,3227.89,5419.5593539
2025-11-14 04:00:00,3227.91,3228.16,3108.0,3163.32,9461.8451824
2025-11-14 05:00:00,3163.09,3205.49,3157.82,3192.54,9129.1188247
2025-11-14 06:00:00,3192.54,3225.51,3134.54,3222.09,8226.7374346
2025-11-14 07:00:00,3222.01,3240.47,3193.77,3215.34,8215.42712184
2025-11-14 08:00:00,3215.33,3219.19,3183.2,3204.75,6516.012122
2025-11-14 09:00:00,3204.91,3215.27,3150.75,3156.45,6183.5310591
2025-11-14 10:00:00,3156.44,3196.16,3154.88,3176.59,5122.8565187
2025-11-14 11:00:00,3176.57,3183.3,3117.28,3144.42,7986.8548901
2025-11-14 12:00:00,3144.42,3144.42,3070.15,3126.78,12212.5361836
2025-11-14 13:00:00,3126.49,3150.09,3073.14,3121.52,9276.558378
2025-11-14 14:00:00,3121.51,3220.54,3107.64,3199.32,12787.5906351
2025-11-14 15:00:00,3199.32,3234.35,3160.8,3196.75,9415.10129768
2025-11-14 16:00:00,3196.75,3256.64,3182.61,3231.22,7953.0798553
2025-11-14 17:00:00,3231.21,3245.04,3161.61,3179.42,7335.63940722
2025-11-14 18:00:00,3179.35,3208.38,3154.92,3168.62,7245.3464278
2025-11-14 19:00:00,3168.34,3220.61,3160.03,3207.64,6667.9706575
2025-11-14 20:00:00,3207.65,3213.25,3122.55,3137.32,7136.6681311
2025-11-14 21:00:00,3137.72,3176.3,3124.78,3167.38,5962.8750274
2025-11-14 22:00:00,3167.55,3186.94,3142.29,3159.04,5426.2126247
2025-11-14 23:00:00,3159.04,3159.04,3090.11,3112.75,6521.8221531
2025-11-15 00:00:00,3112.64,3151.0,3111.19,3141.32,5330.4021274
2025-11-15 01:00:00,3141.33,3179.06,3124.57,3173.58,4983.3514125
2025-11-15 02:00:00,3173.72,3193.82,3163.33,3193.82,4770.469023
2025-11-15 03:00:00,3193.65,3193.83,3165.55,3179.22,4472.9972191
2025-11-15 04:00:00,3179.22,3191.65,3157.29,3172.02,3469.92305168
2025-11-15 05:00:00,3172.03,3183.26,3161.46,3178.82,3019.8526055
2025-11-15 06:00:00,3178.82,3187.76,3166.66,3175.6,2712.58999293
2025-11-15 07:00:00,3175.6,3185.24,3169.05,3176.52,2944.2421694
2025-11-15 08:00:00,3176.51,3177.92,3134.64,3143.32,4920.7295132
2025-11-15 09:00:00,3143.32,3165.64,3138.94,3153.01,3846.4539786
2025-11-15 10:00:00,3152.9,3171.73,3146.0,3168.73,3152.6993313
2025-11-15 11:00:00,3168.73,3172.37,3146.23,3152.54,3719.8856156
2025-11-15 12:00:00,3152.54,3167.92,3147.34,3162.27,3291.4092665
2025-11-15 13:00:00,3162.27,3197.29,3159.43,3192.82,4568.4444434
2025-11-15 14:00:00,3192.99,3193.07,3174.96,3177.8,3573.6389949
2025-11-15 15:00:00,3177.81,3190.58,3173.19,3185.67,2205.2423673
2025-11-15 16:00:00,3185.68,3187.89,3162.35,3186.17,3770.6478779
2025-11-15 17:00:00,3186.18,3219.51,3182.59,3215.2,5192.3666513
2025-11-15 18:00:00,3215.2,3230.91,3204.32,3208.03,3490.43395651
2025-11-15 19:00:00,3208.03,3214.35,3192.89,3197.76,2515.27719128
2025-11-15 20:00:00,3197.75,3200.79,3167.65,3174.67,3953.4120114
2025-11-15 21:00:00,3174.67,3189.1,3152.74,3157.94,4290.8406218
2025-11-15 22:00:00,3157.95,3172.21,3155.03,3171.6,3992.04214
2025-11-15 23:00:00,3171.58,3177.32,3167.41,3167.73,3008.1339559
2025-11-16 00:00:00,3167.73,3174.67,3145.6,3152.87,4687.5627653
2025-11-16 01:00:00,3152.72,3157.69,3132.0,3150.49,6791.31940161
2025-11-16 02:00:00,3150.49,3204.63,3142.33,3202.96,5629.7304775
2025-11-16 03:00:00,3202.98,3210.07,3193.11,3203.0,3186.9545984
2025-11-16 04:00:00,3202.92,3207.17,3187.1,3194.43,2542.0401776
2025-11-16 05:00:00,3194.66,3215.9,3193.55,3204.75,3041.7112566
2025-11-16 06:00:00,3204.75,3216.16,3198.62,3200.79,2916.3464939
2025-11-16 07:00:00,3200.63,3220.82,3199.49,3219.66,2933.1072846
2025-11-16 08:00:00,3219.67,3227.82,3206.63,3218.92,3369.1874826
2025-11-16 09:00:00,3218.94,3249.0,3209.09,3248.06,3610.10246487
2025-11-16 10:00:00,3247.71,3248.11,3229.47,3236.42,3629.0367393
2025-11-16 11:00:00,3236.41,3237.85,3160.28,3168.71,7671.4393285
2025-11-16 12:00:00,3168.71,3182.56,3154.76,3169.32,5806.2393056
2025-11-16 13:00:00,3169.31,3173.62,3139.06,3153.63,7548.340241
2025-11-16 14:00:00,3153.63,3178.36,3147.69,3172.0,5633.5391539
2025-11-16 15:00:00,3172.0,3180.64,3098.72,3105.76,11177.0584489
2025-11-16 16:00:00,3105.77,3125.82,3058.35,3061.86,10105.63958593
2025-11-16 17:00:00,3061.42,3087.35,3026.32,3079.8,8058.4119391
2025-11-16 18:00:00,3079.53,3128.11,3042.94,3060.37,8188.23515165
2025-11-16 19:00:00,3060.75,3116.2,3057.69,3091.06,5624.1100386
2025-11-16 20:00:00,3091.07,3117.57,3085.0,3089.29,4215.34888321
2025-11-16 21:00:00,3089.42,3096.48,3058.92,3073.7,5471.3881865
2025-11-16 22:00:00,3073.7,3102.09,3044.02,3091.66,6179.02880402
2025-11-16 23:00:00,3091.78,3107.78,3003.78,3095.19,7561.7048194
2025-11-17 00:00:00,3094.87,3140.61,3069.14,3136.26,7013.7308562
2025-11-17 01:00:00,3136.26,3146.31,3114.67,3114.86,5162.24789266
2025-11-17 02:00:00,3114.86,3160.29,3111.74,3149.26,4541.8566958
2025-11-17 03:00:00,3149.26,3180.31,3148.11,3176.4,4495.011546
2025-11-17 04:00:00,3176.44,3193.82,3166.4,3185.44,4841.6563076
2025-11-17 05:00:00,3185.44,3193.05,3176.66,3186.34,3573.4590515
2025-11-17 06:00:00,3186.71,3197.89,3171.07,3193.76,3130.6760324
2025-11-17 07:00:00,3193.76,3208.44,3189.22,3198.48,4561.3323525
2025-11-17 08:00:00,3198.47,3204.88,3184.51,3190.26,3531.0867495
2025-11-17 09:00:00,3190.26,3216.1,3179.83,3195.03,3945.9681069
2025-11-17 10:00:00,3195.04,3207.59,3191.33,3196.77,2924.3755339
2025-11-17 11:00:00,3196.77,3223.23,3193.27,3204.07,3071.2038342
2025-11-17 12:00:00,3204.06,3204.13,3182.35,3183.63,3734.3306343
2025-11-17 13:00:00,3183.63,3188.98,3095.51,3121.65,6916.6123936
2025-11-17 14:00:00,3121.66,3211.21,3102.32,3152.06,10106.5396188
2025-11-17 15:00:00,3152.08,3166.43,3105.81,3120.78,9699.5001632
2025-11-17 16:00:00,3120.8,3142.87,3064.73,3134.34,8573.93330379
2025-11-17 17:00:00,3134.38,3137.76,3054.05,3058.89,7319.4858622
2025-11-17 18:00:00,3058.88,3080.98,3019.76,3025.31,8559.097567
2025-11-17 19:00:00,3025.0,3038.89,2973.07,2982.32,10947.39107686
2025-11-17 20:00:00,2982.32,3021.8,2959.49,3004.62,10243.9320626
2025-11-17 21:00:00,3005.17,3028.01,2984.69,3009.12,6748.79979
2025-11-17 22:00:00,3009.16,3031.69,3000.09,3023.29,5396.735112
2025-11-17 23:00:00,3023.29,3031.52,3006.09,3031.35,5126.9166596
2025-11-18 00:00:00,3031.35,3041.01,2991.09,3033.18,7026.5888596
2025-11-18 01:00:00,3033.17,3049.91,3014.21,3017.95,5836.8813145
2025-11-18 02:00:00,3017.66,3044.88,2978.28,2985.66,10137.9723245
2025-11-18 03:00:00,2985.65,3028.23,2946.32,3024.36,10716.5001385
2025-11-18 04:00:00,3024.29,3024.98,2958.37,3005.93,10007.2864989
2025-11-18 05:00:00,3005.94,3023.96,2984.13,3011.8,6865.5915546
2025-11-18 06:00:00,3012.14,3015.49,2973.81,2990.03,5578.23791976
2025-11-18 07:00:00,2990.02,3034.12,2977.44,3024.42,6256.6010515
2025-11-18 08:00:00,3024.57,3068.07,3024.57,3060.5,7491.5902654
2025-11-18 09:00:00,3060.25,3066.99,3028.4,3060.25,6044.75138695
2025-11-18 10:00:00,3060.24,3071.91,3050.28,3066.16,5271.81206348
2025-11-18 11:00:00,3066.14,3074.29,3052.65,3058.01,4627.375701
2025-11-18 12:00:00,3057.98,3066.22,3039.38,3049.66,6136.3117128
2025-11-18 13:00:00,3049.65,3051.2,3022.18,3048.24,6734.36455451
2025-11-18 14:00:00,3048.23,3092.45,3032.8,3058.22,10783.35237562
2025-11-18 15:00:00,3058.22,3123.66,3033.88,3106.81,12228.08732418
2025-11-18 16:00:00,3106.8,3168.73,3099.56,3152.29,9065.05121252
2025-11-18 17:00:00,3152.28,3158.67,3120.04,3135.47,5608.49406251
2025-11-18 18:00:00,3135.47,3170.02,3135.47,3160.14,5323.1638407
2025-11-18 19:00:00,3160.16,3168.29,3135.19,3146.07,4622.1873966
2025-11-18 20:00:00,3146.08,3150.1,3122.8,3122.8,3775.4179278
2025-11-18 21:00:00,3123.14,3131.14,3096.78,3098.21,4016.6431983
2025-11-18 22:00:00,3098.21,3129.37,3097.73,3125.49,3580.163175
2025-11-18 23:00:00,3125.48,3126.45,3107.66,3123.74,2890.7084021
2025-11-19 00:00:00,3123.74,3123.75,3077.91,3100.68,5069.25292247
2025-11-19 01:00:00,3100.68,3116.65,3085.39,3104.93,5657.4644888
2025-11-19 02:00:00,3104.93,3125.48,3097.75,3114.04,4624.4233493
2025-11-19 03:00:00,3113.83,3118.2,3069.6,3073.35,5144.6398923
2025-11-19 04:00:00,3073.32,3076.81,3045.1,3048.52,6714.2735039
2025-11-19 05:00:00,3048.86,3052.77,2992.44,3017.64,8357.9548307
2025-11-19 06:00:00,3017.64,3045.04,3010.58,3041.45,5648.929789
2025-11-19 07:00:00,3041.43,3087.67,3039.46,3085.18,5797.89078304
2025-11-19 08:00:00,3085.18,3100.23,3072.61,3079.98,6517.5318583
2025-11-19 09:00:00,3079.97,3088.31,3054.11,3088.31,5838.6115005
2025-11-19 10:00:00,3088.32,3112.71,3083.67,3091.74,5019.2048233
2025-11-19 11:00:00,3091.75,3102.74,3078.12,3083.73,3663.28475352
2025-11-19 12:00:00,3083.73,3108.81,3081.29,3100.3,4227.118942
2025-11-19 13:00:00,3100.46,3101.05,3057.68,3067.15,6396.1002939
2025-11-19 14:00:00,3067.21,3069.59,3023.96,3060.39,10280.9367003
2025-11-19 15:00:00,3060.46,3106.33,2967.22,2973.32,21955.9541702
2025-11-19 16:00:00,2973.23,2986.98,2936.9,2950.3,9947.25902035
2025-11-19 17:00:00,2950.14,2961.52,2899.28,2923.11,10239.48723917
2025-11-19 18:00:00,2923.11,2930.74,2880.67,2899.87,10009.7077932
2025-11-19 19:00:00,2899.87,2905.63,2873.33,2881.84,6862.2708826
2025-11-19 20:00:00,2881.84,2956.11,2875.16,2944.78,7890.2852963
2025-11-19 21:00:00,2945.5,3002.17,2939.45,2991.62,10785.99871557
2025-11-19 22:00:00,2991.53,2992.23,2956.84,2984.45,6495.0942805
2025-11-19 23:00:00,2984.45,3027.63,2984.45,3025.44,6242.48092595
2025-11-20 00:00:00,3025.62,3049.02,3005.01,3019.26,5863.6987804
2025-11-20 01:00:00,3019.24,3050.63,3018.79,3047.68,5264.0003742
2025-11-20 02:00:00,3047.52,3058.06,3030.0,3043.77,5489.88965
2025-11-20 03:00:00,3043.77,3053.01,3036.9,3039.3,3646.1701325
2025-11-20 04:00:00,3039.15,3054.99,3017.35,3054.09,4192.0645936
2025-11-20 05:00:00,3054.09,3063.3,3032.83,3034.99,3578.2834499
2025-11-20 06:00:00,3034.99,3042.58,3007.76,3020.85,3181.2289026
2025-11-20 07:00:00,3020.85,3043.94,3015.53,3039.27,3861.1935147
2025-11-20 08:00:00,3039.27,3044.75,3022.81,3030.83,3107.20983289
2025-11-20 09:00:00,3030.82,3033.85,2995.33,3011.14,3243.7915647
2025-11-20 10:00:00,3011.16,3020.7,2994.2,3015.24,3417.3939709
2025-11-20 11:00:00,3015.24,3027.44,3001.94,3023.97,2743.66776346
2025-11-20 12:00:00,3023.86,3032.8,3010.76,3028.69,3222.9003737
2025-11-20 13:00:00,3028.7,3049.85,2997.15,2999.95,7133.4536015
2025-11-20 14:00:00,2999.99,3022.64,2964.15,3000.76,9639.33429034
2025-11-20 15:00:00,3000.76,3003.45,2953.0,2955.79,8301.0026852
2025-11-20 16:00:00,2955.69,2961.21,2848.25,2862.5,17109.3941757
2025-11-20 17:00:00,2862.71,2873.3,2807.67,2833.98,13291.6952192
2025-11-20 18:00:00,2833.97,2860.51,2805.86,2813.99,8947.49066867
2025-11-20 19:00:00,2813.98,2855.54,2790.21,2848.05,7773.93787003
2025-11-20 20:00:00,2848.04,2856.67,2819.84,2835.29,5308.01130866
2025-11-20 21:00:00,2835.54,2897.48,2834.88,2879.78,4769.72187477
2025-11-20 22:00:00,2879.76,2905.92,2876.2,2886.29,4419.3697154
2025-11-20 23:00:00,2886.28,2891.5,2827.22,2834.4,5919.8614307
2025-11-21 00:00:00,2834.38,2869.99,2832.67,2861.2,4556.65034866
2025-11-21 01:00:00,2861.2,2886.29,2851.84,2862.42,4767.2249107
2025-11-21 02:00:00,2862.38,2862.38,2772.97,2783.17,8917.0186048
2025-11-21 03:00:00,2782.68,2825.69,2782.37,2809.1,5775.0075492
2025-11-21 04:00:00,2809.09,2821.76,2782.7,2818.98,5603.7099717
2025-11-21 05:00:00,2818.94,2832.41,2799.9,2809.23,5453.2971089
2025-11-21 06:00:00,2809.31,2814.98,2780.4,2790.29,6034.0461301
2025-11-21 07:00:00,2790.29,2800.8,2650.0,2720.62,15662.52848723
2025-11-21 08:00:00,2720.32,2754.84,2706.9,2738.08,7521.57054366
2025-11-21 09:00:00,2737.9,2748.43,2679.98,2681.88,7348.8885452
2025-11-21 10:00:00,2681.8,2717.41,2663.51,2697.01,9479.554261
2025-11-21 11:00:00,2697.01,2723.27,2673.77,2688.31,6364.63329251
2025-11-21 12:00:00,2688.31,2743.29,2623.47,2727.57,13305.1868664
2025-11-21 13:00:00,2727.57,2769.38,2710.94,2741.44,8646.46000893
2025-11-21 14:00:00,2741.79,2781.59,2719.11,2770.42,9455.5469183
2025-11-21 15:00:00,2770.36,2778.66,2687.96,2705.42,12540.025743
2025-11-21 16:00:00,2705.41,2764.04,2675.25,2762.74,11689.5758301
2025-11-21 17:00:00,2762.89,2806.76,2755.04,2780.27,7363.96747807
2025-11-21 18:00:00,2780.49,2794.44,2716.05,2778.92,7776.0913536
2025-11-21 19:00:00,2779.04,2787.59,2740.33,2752.39,5619.0128467
2025-11-21 20:00:00,2752.39,2756.21,2708.57,2738.22,7336.5849572
2025-11-21 21:00:00,2737.98,2776.26,2731.63,2767.35,5867.4766086
2025-11-21 22:00:00,2767.33,2774.0,2720.83,2721.53,5374.2467
2025-11-21 23:00:00,2721.89,2769.6,2713.26,2765.9,4891.1838611
2025-11-22 00:00:00,2765.91,2780.44,2758.08,2766.34,4427.94137919
2025-11-22 01:00:00,2766.33,2784.01,2761.51,2774.61,4273.6168702
2025-11-22 02:00:00,2774.63,2777.2,2739.63,2752.85,4329.5240865
2025-11-22 03:00:00,2752.86,2757.8,2742.7,2752.85,4356.2577938
2025-11-22 04:00:00,2752.69,2754.35,2727.01,2747.09,5275.6351633
2025-11-22 05:00:00,2747.11,2749.59,2727.57,2744.21,4601.79902272
2025-11-22 06:00:00,2744.25,2768.6,2732.32,2766.06,4442.9015226
2025-11-22 07:00:00,2766.09,2771.36,2754.87,2756.2,4303.01172373
2025-11-22 08:00:00,2756.21,2756.56,2719.04,2730.04,6108.6848216
2025-11-22 09:00:00,2730.04,2739.89,2721.7,2725.79,4151.1548574
2025-11-22 10:00:00,2725.79,2731.65,2704.88,2712.88,3897.1293732
2025-11-22 11:00:00,2712.87,2742.96,2704.3,2735.18,4164.40622123
2025-11-22 12:00:00,2735.16,2735.77,2711.26,2720.91,4130.7042143
2025-11-22 13:00:00,2721.22,2734.37,2712.09,2719.17,4279.4715638
2025-11-22 14:00:00,2719.33,2754.4,2718.34,2746.12,5216.64894719
2025-11-22 15:00:00,2746.12,2750.69,2726.08,2738.92,4637.9961429
2025-11-22 16:00:00,2738.93,2758.98,2735.21,2755.26,4230.0821067
2025-11-22 17:00:00,2755.27,2758.3,2744.92,2749.91,3607.2000431
2025-11-22 18:00:00,2749.92,2754.88,2743.23,2752.5,3241.2851259
2025-11-22 19:00:00,2752.51,2757.5,2745.02,2750.5,3294.4182621
2025-11-22 20:00:00,2750.51,2756.9,2733.83,2741.33,3622.5737631
2025-11-22 21:00:00,2741.33,2748.38,2737.04,2747.38,3416.5644235
2025-11-22 22:00:00,2747.4,2799.01,2741.87,2789.48,4681.8814117
2025-11-22 23:00:00,2789.23,2793.7,2767.48,2770.29,3889.3038643
2025-11-23 00:00:00,2770.28,2789.44,2768.26,2772.84,4035.686936
2025-11-23 01:00:00,2772.86,2816.0,2771.94,2808.52,4858.749337
2025-11-23 02:00:00,2808.53,2833.93,2804.47,2821.03,5296.7549662
2025-11-23 03:00:00,2821.04,2824.72,2809.91,2824.32,3509.960782
2025-11-23 04:00:00,2824.33,2852.08,2819.71,2827.5,5235.14711662
2025-11-23 05:00:00,2827.51,2831.17,2813.17,2825.11,3332.1014873
2025-11-23 06:00:00,2825.12,2832.14,2805.38,2810.14,3186.487266
2025-11-23 07:00:00,2810.15,2812.05,2777.11,2793.77,4744.5473889
2025-11-23 08:00:00,2793.77,2815.51,2793.76,2811.58,3976.14034785
2025-11-23 09:00:00,2811.58,2823.88,2806.09,2816.77,3017.4493001
2025-11-23 10:00:00,2816.77,2816.86,2803.11,2808.94,3006.34758148
2025-11-23 11:00:00,2808.93,2820.55,2804.33,2815.22,3762.5029897
2025-11-23 12:00:00,2815.24,2845.8,2813.69,2835.11,5531.6349605
2025-11-23 13:00:00,2835.13,2845.42,2822.4,2843.62,2982.4671806
2025-11-23 14:00:00,2843.63,2857.95,2812.54,2814.73,5235.21886899
2025-11-23 15:00:00,2814.73,2840.29,2810.5,2836.62,4619.4689883
2025-11-23 16:00:00,2836.55,2846.92,2798.52,2800.51,4910.0620424
2025-11-23 17:00:00,2800.12,2808.25,2786.73,2792.73,5381.60714
2025-11-23 18:00:00,2792.83,2817.12,2792.83,2808.9,3752.7803398
2025-11-23 19:00:00,2808.9,2837.5,2807.43,2822.71,3995.0900871
2025-11-23 20:00:00,2822.72,2835.59,2821.51,2828.51,3784.1644003
2025-11-23 21:00:00,2828.52,2844.99,2817.25,2841.64,4703.3845231
2025-11-23 22:00:00,2841.65,2844.71,2824.58,2838.58,4352.9469871
2025-11-23 23:00:00,2838.6,2843.96,2795.1,2802.3,6682.5982201
2025-11-24 00:00:00,2802.27,2803.22,2763.26,2788.31,10465.1795064
2025-11-24 01:00:00,2788.31,2807.32,2778.48,2806.07,8871.1388394
2025-11-24 02:00:00,2806.08,2867.23,2804.06,2840.51,8808.6754103
2025-11-24 03:00:00,2840.5,2866.28,2834.93,2856.5,4667.2620976
2025-11-24 04:00:00,2856.5,2870.4,2802.97,2824.81,6834.75069181
2025-11-24 05:00:00,2824.79,2885.27,2822.64,2867.2,4765.9674571
2025-11-24 06:00:00,2867.05,2868.57,2828.87,2839.2,5374.4285302
2025-11-24 07:00:00,2839.21,2844.94,2823.88,2829.67,4393.8854356
2025-11-24 08:00:00,2829.75,2842.67,2822.1,2838.81,4397.5892108
2025-11-24 09:00:00,2838.8,2838.8,2787.48,2797.9,5629.88999047
2025-11-24 10:00:00,2797.91,2807.71,2793.42,2799.15,3559.84066609
2025-11-24 11:00:00,2799.07,2808.19,2789.9,2803.12,3570.859512
2025-11-24 12:00:00,2803.11,2811.74,2794.56,2803.9,3887.26571521
2025-11-24 13:00:00,2803.9,2829.21,2802.5,2815.47,4581.56830239
2025-11-24 14:00:00,2815.46,2848.45,2785.2,2831.99,9700.9013157
2025-11-24 15:00:00,2831.98,2860.19,2812.41,2846.69,6457.0868404
2025-11-24 16:00:00,2846.61,2875.0,2842.91,2859.08,5275.47591417
2025-11-24 17:00:00,2859.0,2943.7,2856.65,2939.92,8113.4200132
2025-11-24 18:00:00,2940.1,2962.98,2929.7,2957.27,7464.1242081
2025-11-24 19:00:00,2957.26,2980.16,2954.43,2959.14,5237.35466413
2025-11-24 20:00:00,2959.15,2986.13,2952.57,2973.07,4934.6489558
2025-11-24 21:00:00,2972.99,2973.54,2947.9,2959.21,4041.74930663
2025-11-24 22:00:00,2959.2,2979.93,2952.37,2960.86,3390.212652
2025-11-24 23:00:00,2960.56,2968.32,2952.14,2953.5,2545.5491183
2025-11-25 00:00:00,2953.5,2953.5,2932.15,2943.03,4236.82888874
2025-11-25 01:00:00,2943.19,2947.82,2918.47,2918.99,4060.9849093
2025-11-25 02:00:00,2918.99,2934.3,2908.94,2930.74,3978.6366075
2025-11-25 03:00:00,2930.89,2936.35,2904.39,2912.08,3724.14725
2025-11-25 04:00:00,2912.05,2942.67,2910.07,2937.83,3433.6032014
2025-11-25 05:00:00,2937.8,2938.54,2918.81,2928.71,2405.2868598
2025-11-25 06:00:00,2928.71,2928.71,2912.7,2922.82,2901.6592718
2025-11-25 07:00:00,2922.83,2925.45,2902.06,2902.61,3013.2441169
2025-11-25 08:00:00,2902.63,2909.18,2869.47,2871.98,4218.3543108
2025-11-25 09:00:00,2871.85,2892.95,2865.34,2892.22,4154.17998805
2025-11-25 10:00:00,2892.2,2900.24,2879.99,2898.36,2899.23297534
2025-11-25 11:00:00,2898.36,2899.51,2888.6,2891.02,2435.3012492
2025-11-25 12:00:00,2891.03,2932.57,2890.12,2927.18,4594.5734958
2025-11-25 13:00:00,2927.18,2933.98,2899.07,2907.44,4735.90749825
2025-11-25 14:00:00,2907.6,2921.86,2857.76,2881.38,7039.6854575
2025-11-25 15:00:00,2881.3,2915.35,2857.39,2895.52,7031.3630884
2025-11-25 16:00:00,2895.52,2938.16,2887.61,2929.42,5344.8395436
2025-11-25 17:00:00,2929.42,2952.27,2920.32,2936.41,4402.8623552
2025-11-25 18:00:00,2936.41,2958.29,2922.95,2924.0,4030.80942281
2025-11-25 19:00:00,2923.99,2927.92,2872.0,2922.78,4990.6938799
2025-11-25 20:00:00,2922.8,2943.0,2916.81,2929.03,4425.8590773
2025-11-25 21:00:00,2929.03,2945.49,2923.23,2931.27,2929.4307694
2025-11-25 22:00:00,2931.26,2977.5,2907.28,2970.65,4115.4970898
2025-11-25 23:00:00,2970.49,2980.23,2953.96,2959.77,3950.5343889
2025-11-26 00:00:00,2959.77,2971.94,2949.74,2954.38,3447.7458423
2025-11-26 01:00:00,2954.38,2983.88,2945.0,2970.08,3744.4062249
2025-11-26 02:00:00,2970.09,2976.48,2956.76,2957.15,2979.5780504
2025-11-26 03:00:00,2957.13,2965.2,2921.79,2927.14,3552.4254603
2025-11-26 04:00:00,2927.14,2939.36,2921.04,2930.87,2518.3080144
2025-11-26 05:00:00,2930.86,2952.61,2930.13,2944.45,2730.549828
2025-11-26 06:00:00,2944.44,2954.58,2932.97,2946.53,2802.9782654
2025-11-26 07:00:00,2946.5,2949.92,2935.48,2944.38,2415.05571548
2025-11-26 08:00:00,2944.38,2948.87,2912.02,2913.04,3392.2242997
2025-11-26 09:00:00,2913.04,2917.45,2902.08,2907.42,3168.1787681
2025-11-26 10:00:00,2907.42,2917.88,2906.0,2914.24,2235.1450797
2025-11-26 11:00:00,2914.25,2917.97,2907.6,2914.28,2522.3932293
2025-11-26 12:00:00,2914.27,2917.87,2888.71,2901.67,4261.21653465
2025-11-26 13:00:00,2901.65,2936.8,2899.73,2934.11,4157.5805638
2025-11-26 14:00:00,2934.1,2947.51,2905.05,2910.3,6033.527891
2025-11-26 15:00:00,2910.31,2940.05,2907.41,2927.52,6274.4566998
2025-11-26 16:00:00,2927.62,2959.27,2926.38,2945.95,4735.1839294
2025-11-26 17:00:00,2946.2,3033.16,2939.21,3027.08,8793.15472988
2025-11-26 18:00:00,3027.05,3044.9,3013.8,3034.36,7036.0844378
2025-11-26 19:00:00,3034.35,3038.09,3017.85,3032.69,3975.8241256
2025-11-26 20:00:00,3032.69,3032.69,3009.08,3025.31,3762.3004212
2025-11-26 21:00:00,3025.04,3036.32,3016.01,3021.9,3536.5133219
2025-11-26 22:00:00,3021.9,3033.76,3018.3,3028.16,2975.5621987
2025-11-26 23:00:00,3028.15,3033.86,3017.81,3027.05,2579.5839929
2025-11-27 00:00:00,3027.03,3047.52,3004.8,3035.36,4218.9399464
2025-11-27 01:00:00,3035.38,3056.93,3028.44,3052.45,3850.8560984
2025-11-27 02:00:00,3052.45,3071.12,3036.94,3037.8,4591.0091193
2025-11-27 03:00:00,3037.75,3051.99,3030.56,3033.53,3175.1195272
2025-11-27 04:00:00,3033.54,3053.96,3031.77,3041.37,2009.807507
2025-11-27 05:00:00,3041.37,3045.59,3017.47,3023.23,2914.4524645
2025-11-27 06:00:00,3023.27,3034.27,3022.61,3027.62,2432.4607527
2025-11-27 07:00:00,3027.64,3036.13,3026.22,3033.89,2007.8411288
2025-11-27 08:00:00,3033.89,3035.27,3017.81,3028.26,2478.7635412
2025-11-27 09:00:00,3028.26,3044.59,3025.85,3028.06,2647.9666162
2025-11-27 10:00:00,3028.05,3035.78,3021.95,3034.6,2176.1168212
2025-11-27 11:00:00,3034.6,3036.04,3023.61,3028.55,1412.2795577
2025-11-27 12:00:00,3028.55,3030.08,2988.37,2991.79,3319.4466461
2025-11-27 13:00:00,2991.52,3002.02,2988.26,2995.6,3875.49834615
2025-11-27 14:00:00,2995.61,2999.41,2985.78,2996.71,3150.452771
2025-11-27 15:00:00,2996.63,3014.82,2990.5,3011.3,3883.39388159
2025-11-27 16:00:00,3011.29,3027.13,3004.83,3021.06,3286.4598367
2025-11-27 17:00:00,3021.07,3024.08,3013.27,3020.23,2668.4755905
2025-11-27 18:00:00,3020.22,3039.19,3016.36,3037.76,2849.0366127
2025-11-27 19:00:00,3037.75,3037.75,3027.3,3032.0,2149.6838176
2025-11-27 20:00:00,3032.01,3044.23,3030.2,3038.71,2146.4465066
2025-11-27 21:00:00,3038.71,3043.48,3030.04,3032.1,2127.1089439
2025-11-27 22:00:00,3032.31,3034.59,3004.38,3010.85,3308.24172366
2025-11-27 23:00:00,3010.86,3023.28,3008.01,3015.37,2797.678205
2025-11-28 00:00:00,3015.37,3024.34,3009.43,3014.52,3539.8496083
2025-11-28 01:00:00,3014.52,3016.45,2994.36,2998.54,4724.6768223
2025-11-28 02:00:00,2998.49,3015.22,2996.28,3012.58,4883.1564715
2025-11-28 03:00:00,3012.55,3015.06,3002.33,3008.63,3464.7496962
2025-11-28 04:00:00,3008.64,3019.49,3005.9,3017.71,2464.957929
2025-11-28 05:00:00,3017.64,3028.89,3015.29,3024.24,2058.1047074
2025-11-28 06:00:00,3024.24,3024.24,3003.57,3010.02,2717.0293197
2025-11-28 07:00:00,3010.02,3022.85,3000.02,3001.8,2622.62243359
2025-11-28 08:00:00,3001.79,3076.65,3001.59,3065.11,5230.17072117
2025-11-28 09:00:00,3064.94,3072.56,3048.66,3055.08,4963.93918493
2025-11-28 10:00:00,3055.1,3063.69,3047.45,3060.78,3887.10451501
2025-11-28 11:00:00,3060.8,3062.26,3018.0,3034.17,4705.979003
2025-11-28 12:00:00,3034.15,3045.8,3032.55,3036.09,3418.9860428
2025-11-28 13:00:00,3036.09,3087.72,3026.15,3073.9,6690.1452323
2025-11-28 14:00:00,3073.91,3099.13,3050.68,3067.19,8671.1452836
2025-11-28 15:00:00,3067.2,3091.91,3055.77,3073.67,6814.87133683
2025-11-28 16:00:00,3073.78,3074.4,3021.76,3025.74,6483.4789871
2025-11-28 17:00:00,3025.74,3044.19,3011.7,3035.35,8532.02764317
2025-11-28 18:00:00,3034.76,3048.81,3024.31,3042.48,6295.7728906
2025-11-28 19:00:00,3042.48,3060.25,3037.66,3049.96,3276.959993
2025-11-28 20:00:00,3049.9,3057.82,3035.54,3056.27,2818.5170378
2025-11-28 21:00:00,3056.27,3059.25,3036.15,3036.17,2447.67313956
2025-11-28 22:00:00,3036.25,3042.99,3021.15,3039.43,4135.87708
2025-11-28 23:00:00,3039.56,3045.39,3030.47,3031.19,1974.0456655
2025-11-29 00:00:00,3031.19,3039.17,3029.98,3035.95,2684.2532227
2025-11-29 01:00:00,3035.94,3052.53,3032.39,3038.61,2986.2914434
2025-11-29 02:00:00,3038.61,3040.62,3023.69,3030.95,1855.2322677
2025-11-29 03:00:00,3030.86,3036.27,3017.76,3022.92,1979.5718498
2025-11-29 04:00:00,3022.92,3044.99,3019.9,3040.91,1834.4034702
2025-11-29 05:00:00,3040.92,3043.06,3030.43,3032.71,1310.1790924
2025-11-29 06:00:00,3032.72,3038.34,2993.22,3007.7,3784.01211126
2025-11-29 07:00:00,3007.71,3014.76,2995.48,3004.83,2747.7441977
2025-11-29 08:00:00,3004.83,3011.39,3001.36,3008.31,2322.4936088
2025-11-29 09:00:00,3008.32,3010.34,2998.54,3001.8,2295.8115573
2025-11-29 10:00:00,3001.8,3007.72,2986.0,2997.43,2862.702822
2025-11-29 11:00:00,2997.42,3001.9,2992.33,3000.35,1924.495575
2025-11-29 12:00:00,3000.35,3002.81,2992.87,2997.21,1883.3903257
2025-11-29 13:00:00,2997.21,3002.28,2992.56,2998.38,1586.2121353
2025-11-29 14:00:00,2998.39,2998.72,2986.89,2988.38,3069.3553555
2025-11-29 15:00:00,2988.39,3014.15,2988.39,3007.21,4378.756357
2025-11-29 16:00:00,3007.21,3011.44,2998.69,3003.31,3040.34818792
2025-11-29 17:00:00,3003.31,3004.44,2967.14,2969.8,5915.3984023
2025-11-29 18:00:00,2969.79,2997.5,2962.04,2994.47,5738.3991114
2025-11-29 19:00:00,2994.49,2999.86,2983.59,2988.8,2217.0878396
2025-11-29 20:00:00,2988.78,2998.48,2983.15,2997.36,3027.1412356
2025-11-29 21:00:00,2997.36,2998.9,2982.69,2993.96,2263.4378593
2025-11-29 22:00:00,2993.96,2995.6,2984.06,2988.83,2720.9962001
2025-11-29 23:00:00,2988.83,2993.88,2985.84,2989.17,2767.0940817
2025-11-30 00:00:00,2989.17,2999.56,2988.2,2997.52,2461.9903404
2025-11-30 01:00:00,2997.52,3012.7,2996.63,3005.43,2180.9921979
2025-11-30 02:00:00,3005.44,3012.18,2990.8,2991.27,2497.616214
2025-11-30 03:00:00,2991.27,3005.34,2975.84,3001.71,3908.7595257
2025-11-30 04:00:00,3001.71,3003.13,2995.81,2998.7,2278.0093769
2025-11-30 05:00:00,2998.66,2998.66,2985.78,2992.18,2826.1688095
2025-11-30 06:00:00,2992.18,3000.33,2987.14,2997.97,2785.3416992
2025-11-30 07:00:00,2997.97,3008.84,2996.39,3005.07,2376.7548621
2025-11-30 08:00:00,3005.07,3018.95,3002.69,3006.7,5191.9836956
2025-11-30 09:00:00,3006.7,3014.75,3004.41,3010.11,3830.8317933
2025-11-30 10:00:00,3010.1,3011.53,3006.28,3009.4,2485.776312
2025-11-30 11:00:00,3009.4,3017.17,2999.4,3003.28,3126.9146831
2025-11-30 12:00:00,3003.28,3033.51,3000.4,3025.95,5290.9199153
2025-11-30 13:00:00,3025.95,3052.99,3022.67,3048.91,6675.564309
2025-11-30 14:00:00,3048.92,3050.99,3027.52,3037.78,5507.37046383
2025-11-30 15:00:00,3037.77,3037.77,3024.92,3028.77,4864.0101665
2025-11-30 16:00:00,3028.93,3049.45,3028.29,3044.02,3163.2093785
2025-11-30 17:00:00,3044.03,3044.31,3031.54,3040.96,4068.14501993
2025-11-30 18:00:00,3040.97,3041.46,3029.37,3036.78,3053.1137138
2025-11-30 19:00:00,3036.78,3040.9,3029.4,3034.97,2205.5274166
2025-11-30 20:00:00,3034.97,3041.14,3023.32,3029.24,2857.40198453
2025-11-30 21:00:00,3029.24,3029.46,3014.99,3022.01,3251.153727
2025-11-30 22:00:00,3022.49,3036.73,3022.01,3033.75,3517.3468532
2025-11-30 23:00:00,3033.76,3035.28,2989.69,2991.33,6651.6478747
2025-12-01 00:00:00,2991.58,2999.59,2831.53,2836.8,15148.7523968
2025-12-01 01:00:00,2836.64,2860.54,2833.81,2850.87,6016.060196
2025-12-01 02:00:00,2850.87,2873.71,2827.82,2837.92,5603.8710922
2025-12-01 03:00:00,2837.92,2841.45,2813.71,2825.82,5083.5951116
2025-12-01 04:00:00,2825.57,2827.64,2806.69,2821.9,4315.8420377
2025-12-01 05:00:00,2821.9,2830.48,2810.2,2827.95,3523.0524391
2025-12-01 06:00:00,2827.96,2835.66,2822.55,2824.59,2509.3230452
2025-12-01 07:00:00,2824.59,2844.21,2820.0,2840.2,3777.8894752
2025-12-01 08:00:00,2840.2,2845.73,2832.67,2840.53,2851.5779717
2025-12-01 09:00:00,2840.54,2854.4,2829.15,2839.44,3585.8206149
2025-12-01 10:00:00,2839.44,2846.49,2837.57,2843.8,1638.9971666
2025-12-01 11:00:00,2843.8,2850.52,2835.78,2838.22,2050.66000875
2025-12-01 12:00:00,2838.22,2839.8,2796.01,2821.14,5673.33201335
2025-12-01 13:00:00,2821.12,2840.0,2804.78,2813.59,4990.947078
2025-12-01 14:00:00,2813.58,2832.7,2805.96,2817.92,6954.325605
2025-12-01 15:00:00,2818.02,2820.17,2719.52,2745.7,12311.52996667
2025-12-01 16:00:00,2745.7,2755.73,2719.9,2731.59,7494.8681983
2025-12-01 17:00:00,2731.33,2752.64,2728.44,2739.66,4527.07993141
2025-12-01 18:00:00,2739.63,2758.1,2725.0,2749.62,4689.2878888
2025-12-01 19:00:00,2749.61,2753.35,2730.8,2740.7,5296.5770157
2025-12-01 20:00:00,2740.7,2769.78,2739.72,2757.76,5789.19990127
2025-12-01 21:00:00,2758.11,2797.97,2756.03,2791.93,4852.6189188
2025-12-01 22:00:00,2791.75,2813.01,2791.32,2797.31,3753.42234606
2025-12-01 23:00:00,2797.15,2819.28,2796.75,2798.96,2682.9674846
2025-12-02 00:00:00,2798.72,2804.75,2783.21,2795.6,3810.3864529
2025-12-02 01:00:00,2795.58,2825.39,2793.31,2795.15,4956.2548614
2025-12-02 02:00:00,2795.09,2814.14,2785.27,2801.17,3875.9717857
2025-12-02 03:00:00,2801.15,2810.32,2785.61,2804.54,1609.80785137
2025-12-02 04:00:00,2804.32,2814.04,2803.08,2804.93,1674.8280673
2025-12-02 05:00:00,2804.93,2806.82,2797.53,2803.22,1109.9568664
2025-12-02 06:00:00,2803.21,2815.74,2797.73,2812.94,1313.4687384
2025-12-02 07:00:00,2812.83,2814.35,2802.86,2805.73,942.2396886
2025-12-02 08:00:00,2805.71,2807.14,2782.3,2798.25,1848.9109375
2025-12-02 09:00:00,2798.05,2811.47,2795.55,2798.05,1720.8997889
2025-12-02 10:00:00,2797.95,2834.36,2797.73,2823.1,1844.047101
2025-12-02 11:00:00,2823.11,2830.6,2816.61,2825.85,1624.5673469
2025-12-02 12:00:00,2826.16,2831.82,2816.87,2827.96,1568.35708544
2025-12-02 13:00:00,2827.96,2847.89,2822.33,2844.63,2969.85430378
2025-12-02 14:00:00,2844.63,2910.06,2840.78,2895.13,7528.2798669
2025-12-02 15:00:00,2895.13,3024.52,2893.97,3006.36,13414.98222254
2025-12-02 16:00:00,3006.78,3024.73,2986.8,2995.56,6098.16273012
2025-12-02 17:00:00,2995.2,3033.17,2993.4,3015.67,4234.45414811
2025-12-02 18:00:00,3015.6,3033.6,3008.28,3013.62,3528.2380096
2025-12-02 19:00:00,3013.63,3029.52,3013.05,3015.6,2145.61224058
2025-12-02 20:00:00,3015.57,3016.95,2972.91,2979.42,3888.0198332
2025-12-02 21:00:00,2979.45,2997.85,2977.66,2995.71,1888.00437102
2025-12-02 22:00:00,2995.44,3021.11,2995.13,3017.28,2352.32906366
2025-12-02 23:00:00,3017.73,3018.43,2991.84,2996.09,2364.37614223
2025-12-03 00:00:00,2996.09,3008.5,2985.71,3003.2,2700.3264255
2025-12-03 01:00:00,3003.19,3027.89,2999.46,3015.84,2850.2939713
2025-12-03 02:00:00,3015.84,3048.33,3013.98,3031.03,4227.9162768
2025-12-03 03:00:00,3031.04,3037.8,3021.21,3030.65,2314.6267128
2025-12-03 04:00:00,3030.65,3059.63,3029.8,3056.77,3660.6185221
2025-12-03 05:00:00,3056.77,3070.48,3048.6,3058.55,3790.4977097
2025-12-03 06:00:00,3058.55,3085.53,3055.43,3067.15,4031.2370901
2025-12-03 07:00:00,3067.14,3068.44,3052.01,3057.4,2320.8184094
2025-12-03 08:00:00,3057.41,3060.87,3044.05,3050.77,2292.8118699
2025-12-03 09:00:00,3050.76,3062.92,3045.47,3060.62,2458.66722802
2025-12-03 10:00:00,3060.62,3079.34,3050.62,3055.62,2857.678074
2025-12-03 11:00:00,3055.63,3077.12,3049.99,3073.22,2907.1362465
2025-12-03 12:00:00,3073.22,3084.1,3067.18,3081.25,2738.2931271
2025-12-03 13:00:00,3081.26,3094.67,3077.7,3090.3,3204.5345975
2025-12-03 14:00:00,3090.31,3145.2,3030.71,3075.61,12599.36907187
2025-12-03 15:00:00,3076.79,3110.2,3056.57,3085.88,4279.282756
2025-12-03 16:00:00,3086.28,3107.33,3064.43,3087.88,3485.35389613
2025-12-03 17:00:00,3088.25,3133.53,3087.48,3127.89,3297.4232632
2025-12-03 18:00:00,3127.9,3142.48,3104.73,3115.14,3249.14950103
2025-12-03 19:00:00,3115.3,3133.18,3111.78,3127.88,2215.3720929
2025-12-03 20:00:00,3128.43,3159.5,3117.61,3138.48,3427.7893235
2025-12-03 21:00:00,3138.24,3169.85,3128.67,3164.43,3262.8077
2025-12-03 22:00:00,3163.91,3197.18,3144.79,3188.8,5630.8563303
2025-12-03 23:00:00,3189.23,3214.99,3178.8,3188.25,3348.302283
2025-12-04 00:00:00,3188.94,3207.0,3174.39,3198.03,3574.2324208
2025-12-04 01:00:00,3198.21,3240.31,3195.25,3202.41,3707.1012995
2025-12-04 02:00:00,3203.0,3225.76,3199.22,3221.73,2231.8108815
2025-12-04 03:00:00,3221.59,3228.63,3205.32,3210.12,1567.0631396
2025-12-04 04:00:00,3210.13,3219.36,3187.65,3191.84,1792.0367695
2025-12-04 05:00:00,3191.84,3194.29,3170.71,3184.95,1891.9363573
2025-12-04 06:00:00,3185.26,3218.96,3180.67,3205.31,2266.7049339
2025-12-04 07:00:00,3205.3,3205.43,3181.11,3190.28,2491.10186504
2025-12-04 08:00:00,3190.27,3196.84,3175.63,3183.91,2097.3080086
2025-12-04 09:00:00,3183.92,3209.11,3182.95,3199.88,2034.1717529
2025-12-04 10:00:00,3200.03,3203.8,3184.72,3188.22,1841.58840505
2025-12-04 11:00:00,3188.21,3194.84,3177.61,3186.53,2154.5038347
2025-12-04 12:00:00,3186.52,3193.86,3172.9,3176.21,1642.6053888
2025-12-04 13:00:00,3176.68,3190.47,3158.67,3170.36,3925.9559255
2025-12-04 14:00:00,3170.52,3188.59,3139.6,3144.84,5842.6890127
2025-12-04 15:00:00,3143.89,3224.61,3143.89,3208.05,7306.9264081
2025-12-04 16:00:00,3207.52,3224.8,3160.28,3168.99,6179.3759206
2025-12-04 17:00:00,3168.98,3175.45,3136.07,3160.57,4182.7261617
2025-12-04 18:00:00,3160.57,3165.4,3133.52,3140.58,3047.0421048
2025-12-04 19:00:00,3140.96,3142.24,3066.7,3119.08,6764.3769446
2025-12-04 20:00:00,3119.23,3145.42,3105.71,3141.52,4170.2881233
2025-12-04 21:00:00,3141.17,3151.75,3119.13,3123.48,2103.0331824
2025-12-04 22:00:00,3123.49,3148.99,3123.39,3143.7,1703.2529382
2025-12-04 23:00:00,3143.7,3144.24,3128.84,3133.33,1342.73356489
2025-12-05 00:00:00,3133.33,3157.69,3132.76,3146.83,2021.406424
2025-12-05 01:00:00,3146.7,3170.56,3143.54,3163.62,1826.859197
2025-12-05 02:00:00,3163.61,3188.93,3156.29,3183.22,1884.8758345
2025-12-05 03:00:00,3183.22,3193.16,3166.08,3171.02,1679.8483454
2025-12-05 04:00:00,3171.03,3181.87,3152.0,3168.63,1954.6506333
2025-12-05 05:00:00,3168.51,3173.69,3152.81,3155.82,1107.78450713
2025-12-05 06:00:00,3155.82,3176.22,3155.82,3169.07,1317.2074039
2025-12-05 07:00:00,3169.06,3182.49,3166.8,3173.65,1100.1431829
2025-12-05 08:00:00,3173.95,3173.95,3143.28,3155.16,1756.50082375
2025-12-05 09:00:00,3155.17,3155.17,3108.0,3122.0,3150.1937908
2025-12-05 10:00:00,3121.99,3148.34,3120.76,3134.71,2664.2744011
2025-12-05 11:00:00,3134.88,3143.49,3110.75,3131.11,2752.1177314
2025-12-05 12:00:00,3131.53,3135.27,3118.05,3127.79,2091.31793777
2025-12-05 13:00:00,3128.0,3137.68,3087.84,3099.04,4468.9256186
2025-12-05 14:00:00,3099.47,3116.23,3082.25,3103.6,5448.67395
2025-12-05 15:00:00,3103.61,3157.79,3094.39,3106.25,6952.70290165
2025-12-05 16:00:00,3106.25,3108.71,2999.89,3032.9,10356.39529607
2025-12-05 17:00:00,3033.32,3039.84,3006.63,3033.52,4094.2877198
2025-12-05 18:00:00,3033.53,3063.19,3004.22,3007.27,4840.37363031
2025-12-05 19:00:00,3007.27,3047.34,2983.57,3038.19,4399.71192711
2025-12-05 20:00:00,3038.49,3049.12,3014.99,3022.3,2693.4820059
2025-12-05 21:00:00,3022.3,3038.43,3014.31,3019.9,2379.9394571
2025-12-05 22:00:00,3020.46,3032.45,3010.21,3026.56,1926.8325901
2025-12-05 23:00:00,3026.56,3027.51,3006.89,3021.8,1438.0873327
2025-12-06 00:00:00,3021.8,3028.67,3012.67,3026.12,1333.26708809
2025-12-06 01:00:00,3026.12,3033.4,3019.42,3026.81,1146.38580943
2025-12-06 02:00:00,3026.82,3030.33,3018.83,3029.06,1194.700039
2025-12-06 03:00:00,3029.11,3046.25,3028.04,3040.03,1438.3272277
2025-12-06 04:00:00,3040.31,3042.53,3030.16,3036.58,1103.62482915
2025-12-06 05:00:00,3036.59,3040.65,3032.41,3037.3,633.42858
2025-12-06 06:00:00,3037.3,3041.74,3033.9,3039.27,641.6023845
2025-12-06 07:00:00,3039.27,3040.9,3024.33,3026.01,1275.783372
2025-12-06 08:00:00,3026.25,3035.94,3013.4,3014.25,1662.9466213
2025-12-06 09:00:00,3014.25,3032.96,3013.68,3029.84,1361.2201107
2025-12-06 10:00:00,3029.84,3038.18,3025.45,3031.2,963.0301478
2025-12-06 11:00:00,3030.67,3041.89,3028.73,3038.89,705.74882701
2025-12-06 12:00:00,3038.89,3040.98,3029.93,3031.57,850.45489777
2025-12-06 13:00:00,3031.58,3042.46,3030.08,3036.11,681.917592
2025-12-06 14:00:00,3036.11,3068.95,3034.61,3054.85,2853.9142531
2025-12-06 15:00:00,3055.1,3055.73,3026.83,3041.36,2382.1241054
2025-12-06 16:00:00,3041.61,3066.69,3040.86,3052.32,1701.6461427
2025-12-06 17:00:00,3052.32,3060.18,3047.29,3055.53,1460.4517586
2025-12-06 18:00:00,3055.53,3056.05,3038.19,3042.42,1021.6536716
2025-12-06 19:00:00,3042.41,3048.15,3025.3,3030.47,1815.8658662
2025-12-06 20:00:00,3030.47,3041.3,3030.07,3040.0,1089.9378506
2025-12-06 21:00:00,3040.0,3044.82,3036.62,3042.99,1850.1036737
2025-12-06 22:00:00,3042.99,3054.83,3037.31,3041.87,1329.9463496
2025-12-06 23:00:00,3041.88,3043.45,3026.65,3038.08,1780.99179
2025-12-07 00:00:00,3038.08,3049.02,3032.48,3045.0,1343.9450377
2025-12-07 01:00:00,3044.81,3052.05,3041.71,3042.96,1336.60728995
2025-12-07 02:00:00,3042.96,3056.94,3042.62,3054.18,656.9540256
2025-12-07 03:00:00,3053.81,3056.77,3049.28,3053.92,742.3492886
2025-12-07 04:00:00,3053.92,3058.0,3043.24,3046.55,629.85261
2025-12-07 05:00:00,3046.56,3049.68,3044.16,3045.01,467.4226749
2025-12-07 06:00:00,3045.01,3049.03,3043.83,3048.6,634.2018248
2025-12-07 07:00:00,3048.61,3051.03,3031.46,3037.34,1218.3760452
2025-12-07 08:00:00,3037.61,3043.13,3028.0,3034.68,1456.2189426
2025-12-07 09:00:00,3034.68,3039.27,3024.7,3030.37,1323.6607524
2025-12-07 10:00:00,3030.38,3043.5,3029.95,3037.94,1021.4101833
2025-12-07 11:00:00,3037.93,3041.86,3035.25,3035.6,633.2614803
2025-12-07 12:00:00,3035.6,3050.85,3034.82,3049.11,936.3304209
2025-12-07 13:00:00,3049.11,3053.68,3026.95,3031.55,2236.1195318
2025-12-07 14:00:00,3031.79,3035.22,2910.95,2943.54,10111.01108659
2025-12-07 15:00:00,2942.65,3038.59,2940.21,3027.0,6274.25904215
2025-12-07 16:00:00,3027.02,3040.16,2999.9,3040.0,3915.77204275
2025-12-07 17:00:00,3039.99,3134.24,3025.15,3113.05,7007.76097208
2025-12-07 18:00:00,3112.85,3150.94,3112.85,3128.78,3707.08332887
2025-12-07 19:00:00,3128.78,3142.5,3121.68,3137.15,1575.52788925
2025-12-07 20:00:00,3137.9,3146.7,3132.02,3141.19,1319.0220748
2025-12-07 21:00:00,3141.18,3141.18,3069.7,3085.4,3502.64444568
2025-12-07 22:00:00,3084.32,3086.15,3014.11,3034.14,4589.3932701
2025-12-07 23:00:00,3032.8,3065.1,3025.29,3059.67,2862.5330737
2025-12-08 00:00:00,3060.08,3076.51,3040.8,3063.47,2398.9132836
2025-12-08 01:00:00,3063.24,3134.58,3062.76,3097.8,3997.25062846
2025-12-08 02:00:00,3098.18,3114.72,3092.34,3109.73,1914.5098796
2025-12-08 03:00:00,3109.74,3120.69,3101.68,3110.86,1610.3471202
2025-12-08 04:00:00,3110.86,3137.78,3108.54,3129.2,1841.509371
2025-12-08 05:00:00,3129.2,3140.51,3121.93,3130.63,1538.5799909
2025-12-08 06:00:00,3130.64,3140.33,3122.33,3130.31,1614.3436243
2025-12-08 07:00:00,3130.51,3138.37,3123.07,3133.94,1523.837146
2025-12-08 08:00:00,3134.25,3146.77,3125.13,3144.15,1415.6653341
2025-12-08 09:00:00,3143.07,3180.21,3141.13,3158.81,3016.8060997
2025-12-08 10:00:00,3158.81,3165.13,3153.65,3160.42,1297.5394727
2025-12-08 11:00:00,3160.43,3163.93,3135.13,3142.1,1659.5933629
2025-12-08 12:00:00,3142.34,3143.53,3123.67,3131.79,2347.83357586
2025-12-08 13:00:00,3131.79,3160.28,3129.65,3145.72,2688.0632763
2025-12-08 14:00:00,3146.08,3178.81,3125.84,3128.42,4955.1459821
2025-12-08 15:00:00,3128.43,3139.21,3088.86,3101.64,6291.6656643
2025-12-08 16:00:00,3101.56,3132.86,3092.78,3108.69,3861.4386245
2025-12-08 17:00:00,3108.02,3129.23,3098.83,3120.64,3782.5000389
2025-12-08 18:00:00,3120.69,3133.03,3075.62,3092.77,3501.7443064
2025-12-08 19:00:00,3092.45,3128.39,3090.42,3118.52,2592.691812
2025-12-08 20:00:00,3118.86,3145.47,3118.75,3135.9,2222.8438588
2025-12-08 21:00:00,3136.0,3152.92,3126.84,3146.39,1906.7812393
2025-12-08 22:00:00,3146.39,3147.48,3120.09,3129.93,1318.4986842
2025-12-08 23:00:00,3129.92,3136.85,3112.93,3124.44,1338.4070773
2025-12-09 00:00:00,3124.44,3143.51,3114.3,3119.56,1557.1927463
2025-12-09 01:00:00,3119.57,3124.36,3098.73,3107.18,2166.5454101
2025-12-09 02:00:00,3106.98,3115.9,3097.91,3098.36,1502.8787219
2025-12-09 03:00:00,3098.36,3129.3,3090.91,3129.3,2203.3217133
2025-12-09 04:00:00,3129.3,3131.19,3104.01,3107.05,1557.2608797
2025-12-09 05:00:00,3107.05,3118.39,3095.53,3108.07,1792.85448484
2025-12-09 06:00:00,3108.47,3116.11,3097.12,3112.9,1262.8872428
2025-12-09 07:00:00,3113.24,3126.91,3109.92,3122.7,1442.11663951
2025-12-09 08:00:00,3123.0,3130.19,3115.34,3121.02,943.1027464
2025-12-09 09:00:00,3121.03,3123.02,3104.6,3106.03,1134.1377584
2025-12-09 10:00:00,3106.03,3114.37,3092.98,3107.5,1614.6300231
2025-12-09 11:00:00,3107.95,3120.84,3100.7,3118.48,943.1366403
2025-12-09 12:00:00,3118.48,3141.26,3114.82,3137.47,1768.62334359
2025-12-09 13:00:00,3137.48,3140.36,3109.78,3117.45,2022.3629942
2025-12-09 14:00:00,3117.46,3129.18,3098.73,3117.99,2952.0061376
2025-12-09 15:00:00,3117.99,3256.05,3115.16,3245.48,7419.27343937
2025-12-09 16:00:00,3245.86,3377.67,3245.38,3365.95,8794.7257569
2025-12-09 17:00:00,3365.95,3397.25,3356.11,3374.45,5547.20181018
2025-12-09 18:00:00,3374.99,3387.23,3360.52,3375.68,2301.60981583
2025-12-09 19:00:00,3375.68,3378.19,3345.86,3357.54,2268.5332577
2025-12-09 20:00:00,3357.55,3361.03,3305.0,3326.87,3919.797504
2025-12-09 21:00:00,3327.4,3335.04,3285.01,3301.92,2976.6151752
2025-12-09 22:00:00,3301.88,3342.59,3296.86,3328.6,2705.40471829
2025-12-09 23:00:00,3328.59,3335.44,3317.03,3318.18,1096.8964924
2025-12-10 00:00:00,3318.07,3328.2,3305.7,3306.0,1996.6385122
2025-12-10 01:00:00,3306.0,3315.14,3288.4,3302.72,2033.6517126
2025-12-10 02:00:00,3302.52,3312.5,3291.79,3311.08,1474.5132221
2025-12-10 03:00:00,3311.09,3316.4,3305.6,3309.94,826.4261216
2025-12-10 04:00:00,3309.73,3327.37,3306.92,3322.38,1304.9255875
2025-12-10 05:00:00,3322.54,3334.56,3315.02,3322.33,1270.9521139
2025-12-10 06:00:00,3322.33,3328.61,3315.05,3325.93,955.5889197
2025-12-10 07:00:00,3325.94,3327.2,3311.65,3327.18,1117.9242064
2025-12-10 08:00:00,3327.18,3334.05,3322.64,3322.64,1431.44188862
2025-12-10 09:00:00,3322.47,3348.59,3314.96,3348.45,1536.6582501
2025-12-10 10:00:00,3347.88,3376.0,3310.3,3312.35,3443.46229
2025-12-10 11:00:00,3312.35,3320.12,3296.64,3318.35,2158.55874858
2025-12-10 12:00:00,3318.36,3327.44,3308.8,3324.28,1914.2144737
2025-12-10 13:00:00,3324.5,3338.84,3319.3,3334.63,2175.5614215
2025-12-10 14:00:00,3334.62,3338.91,3304.33,3320.49,3431.0383617
2025-12-10 15:00:00,3318.7,3337.84,3306.78,3328.26,2986.18428854
2025-12-10 16:00:00,3328.26,3370.0,3320.75,3351.24,3065.22279505
2025-12-10 17:00:00,3351.24,3386.06,3346.59,3370.57,2697.8996846
2025-12-10 18:00:00,3370.56,3429.29,3359.71,3381.91,4322.337463
2025-12-10 19:00:00,3381.92,3436.26,3345.39,3389.86,10324.0855394
2025-12-10 20:00:00,3391.04,3447.72,3345.78,3354.52,7887.94543969
2025-12-10 21:00:00,3355.37,3369.0,3329.24,3339.57,3648.74343663
2025-12-10 22:00:00,3339.81,3355.76,3318.33,3346.42,2557.7928672
2025-12-10 23:00:00,3346.41,3352.6,3319.9,3324.22,1771.87599941
2025-12-11 00:00:00,3324.22,3327.62,3259.01,3279.61,3871.5321559
2025-12-11 01:00:00,3279.6,3279.93,3244.0,3254.72,3261.5068572
2025-12-11 02:00:00,3254.72,3255.95,3206.95,3210.87,3335.44508
2025-12-11 03:00:00,3211.0,3211.0,3167.47,3191.97,4098.000147
2025-12-11 04:00:00,3191.59,3215.71,3180.77,3214.67,2532.7936631
2025-12-11 05:00:00,3215.0,3215.59,3194.56,3214.35,1618.8118597
2025-12-11 06:00:00,3214.74,3214.75,3194.39,3202.94,1270.4549791
2025-12-11 07:00:00,3202.94,3206.41,3196.08,3201.51,946.1742989
2025-12-11 08:00:00,3201.5,3201.95,3178.35,3197.04,1408.8751639
2025-12-11 09:00:00,3196.75,3212.99,3193.38,3198.6,1542.3901034
2025-12-11 10:00:00,3198.82,3203.03,3188.61,3196.01,1292.6515784
2025-12-11 11:00:00,3196.02,3202.63,3193.01,3193.01,875.4409404
2025-12-11 12:00:00,3193.01,3207.5,3187.31,3199.09,1331.5128902
2025-12-11 13:00:00,3199.09,3203.94,3188.01,3192.11,1272.5902174
2025-12-11 14:00:00,3192.12,3196.02,3145.06,3159.63,4507.2963916
2025-12-11 15:00:00,3159.74,3209.85,3155.26,3179.73,4513.139528
2025-12-11 16:00:00,3179.28,3197.13,3155.43,3175.14,3466.2157088
2025-12-11 17:00:00,3175.15,3204.05,3168.01,3181.65,2288.380264
2025-12-11 18:00:00,3181.27,3233.99,3179.76,3203.49,3609.8353451
2025-12-11 19:00:00,3203.49,3229.55,3190.13,3194.71,3009.0181412
2025-12-11 20:00:00,3194.31,3226.79,3192.83,3221.04,2906.1830762
2025-12-11 21:00:00,3221.71,3273.09,3215.19,3249.2,4785.3328478
2025-12-11 22:00:00,3249.2,3265.83,3229.7,3238.31,2351.9930004
2025-12-11 23:00:00,3238.31,3245.29,3223.5,3237.08,1697.66887418
2025-12-12 00:00:00,3237.24,3246.71,3185.16,3189.15,2314.7241183
2025-12-12 01:00:00,3189.3,3246.32,3189.3,3234.84,3200.408987
2025-12-12 02:00:00,3234.85,3265.43,3227.53,3258.64,2588.7948116
2025-12-12 03:00:00,3258.65,3264.23,3238.23,3245.63,1662.4914287
2025-12-12 04:00:00,3245.63,3251.4,3240.36,3247.83,1150.5664712
2025-12-12 05:00:00,3247.57,3252.11,3232.84,3247.7,1217.9166076
2025-12-12 06:00:00,3247.7,3264.94,3245.9,3253.95,1545.0476791
2025-12-12 07:00:00,3254.31,3258.0,3242.52,3246.38,1135.6633801
2025-12-12 08:00:00,3246.39,3250.27,3234.54,3245.2,1767.758922
2025-12-12 09:00:00,3244.67,3254.91,3232.75,3251.49,1598.7815107
2025-12-12 10:00:00,3251.48,3256.17,3240.1,3244.12,1515.3735047
2025-12-12 11:00:00,3244.13,3245.94,3226.86,3242.75,1831.09691296
2025-12-12 12:00:00,3242.74,3249.59,3233.67,3247.91,1748.009089
2025-12-12 13:00:00,3247.6,3251.33,3238.03,3242.47,1393.9963083
2025-12-12 14:00:00,3242.48,3247.9,3216.3,3231.58,3737.3588254
2025-12-12 15:00:00,3231.53,3231.59,3057.36,3071.26,11211.58443904
2025-12-12 16:00:00,3070.93,3088.88,3044.97,3069.28,7839.515927
2025-12-12 17:00:00,3069.36,3099.77,3062.2,3066.33,5079.3269517
2025-12-12 18:00:00,3066.33,3097.71,3064.45,3079.66,2766.5212854
2025-12-12 19:00:00,3079.82,3082.11,3063.25,3073.77,2387.9394112
2025-12-12 20:00:00,3073.77,3086.29,3067.77,3082.17,2038.9641638
2025-12-12 21:00:00,3081.78,3090.43,3076.61,3081.52,1137.81524151
2025-12-12 22:00:00,3081.51,3094.1,3080.52,3092.98,903.83374876
2025-12-12 23:00:00,3093.22,3096.1,3083.02,3084.66,451.47233429
2025-12-13 00:00:00,3084.92,3095.21,3082.21,3086.22,537.5039494
2025-12-13 01:00:00,3086.23,3090.52,3078.67,3084.24,479.8337738
2025-12-13 02:00:00,3084.34,3089.31,3083.55,3084.6,562.5426656
2025-12-13 03:00:00,3084.97,3093.62,3084.52,3089.88,468.6244843
2025-12-13 04:00:00,3089.89,3092.32,3086.25,3090.04,492.4264324
2025-12-13 05:00:00,3090.05,3091.9,3084.26,3089.51,411.1104224
2025-12-13 06:00:00,3089.52,3095.86,3084.94,3094.08,523.4284074
2025-12-13 07:00:00,3094.08,3095.54,3090.37,3094.58,381.1157953
2025-12-13 08:00:00,3094.69,3132.78,3092.69,3116.41,1621.3624356
2025-12-13 09:00:00,3116.42,3122.88,3112.57,3118.29,897.532014
2025-12-13 10:00:00,3118.29,3135.81,3117.66,3127.72,953.5108533
2025-12-13 11:00:00,3127.72,3128.99,3115.53,3119.59,673.90199769
2025-12-13 12:00:00,3119.59,3127.45,3109.81,3114.88,619.5405898
2025-12-13 13:00:00,3115.13,3120.57,3095.07,3109.81,1005.6496497
2025-12-13 14:00:00,3109.81,3116.05,3096.45,3110.77,1020.5760503
2025-12-13 15:00:00,3110.76,3124.23,3104.98,3110.05,1069.5526404
2025-12-13 16:00:00,3109.89,3116.42,3101.15,3105.65,789.9951282
2025-12-13 17:00:00,3105.65,3105.81,3096.2,3100.91,659.01276908
2025-12-13 18:00:00,3101.08,3111.91,3099.18,3101.78,588.2530506
2025-12-13 19:00:00,3101.78,3111.11,3100.75,3108.23,461.64307157
2025-12-13 20:00:00,3108.23,3109.91,3102.6,3104.0,274.5330075
2025-12-13 21:00:00,3104.0,3115.12,3079.11,3111.65,1511.03269734
2025-12-13 22:00:00,3111.65,3119.55,3102.79,3114.08,761.4555363
2025-12-13 23:00:00,3114.42,3118.1,3109.76,3114.57,606.95966383
2025-12-14 00:00:00,3114.34,3122.35,3103.62,3119.33,988.6841181
2025-12-14 01:00:00,3119.33,3129.55,3115.15,3119.92,621.1807328
2025-12-14 02:00:00,3119.92,3125.47,3116.16,3122.43,414.7525612
2025-12-14 03:00:00,3122.46,3125.73,3117.21,3119.07,321.2640522
2025-12-14 04:00:00,3118.99,3122.08,3106.51,3111.16,572.862925
2025-12-14 05:00:00,3111.3,3114.85,3105.0,3111.78,669.7921179
2025-12-14 06:00:00,3111.78,3115.09,3105.73,3110.64,311.1009988
2025-12-14 07:00:00,3110.65,3117.65,3108.92,3115.36,390.8157506
2025-12-14 08:00:00,3115.33,3119.68,3109.4,3110.75,555.8365906
2025-12-14 09:00:00,3110.75,3113.92,3107.62,3109.47,681.8850195
2025-12-14 10:00:00,3109.46,3112.74,3093.75,3107.68,1004.5794738
2025-12-14 11:00:00,3107.69,3109.6,3049.74,3084.26,3486.4285472
2025-12-14 12:00:00,3084.78,3108.11,3070.51,3098.56,2341.7932841
2025-12-14 13:00:00,3098.24,3102.79,3077.24,3101.52,1841.7968035
2025-12-14 14:00:00,3101.79,3108.22,3074.7,3085.91,2033.4271712
2025-12-14 15:00:00,3085.9,3087.83,3070.49,3084.55,1516.5322333
2025-12-14 16:00:00,3084.55,3107.79,3077.88,3097.74,1937.3835843
2025-12-14 17:00:00,3097.74,3103.83,3074.1,3084.54,1993.687774
2025-12-14 18:00:00,3084.55,3105.06,3080.76,3101.6,1644.9879414
2025-12-14 19:00:00,3101.28,3101.85,3086.11,3093.83,991.4910613
2025-12-14 20:00:00,3093.79,3098.1,3063.93,3082.86,3005.6469891
2025-12-14 21:00:00,3082.74,3091.34,3077.2,3081.87,1194.2797204
2025-12-14 22:00:00,3081.88,3089.5,3053.8,3074.25,2407.4874564
2025-12-14 23:00:00,3074.43,3090.96,3026.14,3063.58,4966.449329
2025-12-15 00:00:00,3063.57,3084.63,3056.89,3074.71,4858.1522332
2025-12-15 01:00:00,3074.72,3120.94,3066.16,3108.26,4140.3853601
2025-12-15 02:00:00,3108.51,3152.37,3107.03,3120.51,4540.4786923
2025-12-15 03:00:00,3120.28,3126.02,3106.7,3108.51,2156.3915647
2025-12-15 04:00:00,3108.66,3128.1,3104.19,3123.73,1529.0234829
2025-12-15 05:00:00,3123.78,3124.78,3114.99,3120.07,1000.67339086
2025-12-15 06:00:00,3120.22,3144.79,3115.51,3137.13,1485.1445935
2025-12-15 07:00:00,3137.52,3141.98,3123.08,3129.12,1250.3657165
2025-12-15 08:00:00,3129.11,3144.53,3125.89,3140.09,1796.5730739
2025-12-15 09:00:00,3140.08,3161.25,3139.32,3153.92,2325.9851396
2025-12-15 10:00:00,3153.82,3178.52,3151.24,3159.69,2562.3247064
2025-12-15 11:00:00,3159.7,3162.64,3145.96,3156.87,1694.71467457
2025-12-15 12:00:00,3156.87,3159.02,3148.27,3155.93,1994.5693142
2025-12-15 13:00:00,3155.9,3156.74,3126.81,3132.45,3015.7075480191993
2025-12-15 14:00:00,3132.1,3146.92,3030.08,3048.85,10486.02527539
2025-12-15 15:00:00,3048.68,3060.45,2986.11,3010.86,17238.70944567
2025-12-15 16:00:00,3011.38,3017.72,2966.4,2989.16,8227.029454
2025-12-15 17:00:00,2989.16,2993.42,2932.58,2937.48,7003.3893027
2025-12-15 18:00:00,2936.71,2943.5,2894.02,2937.95,5878.2563324
2025-12-15 19:00:00,2937.87,2964.73,2927.94,2940.23,5179.9377378
2025-12-15 20:00:00,2940.22,2946.8,2916.9,2928.72,5229.3079721
2025-12-15 21:00:00,2929.28,2947.61,2919.4,2945.98,3484.2398725
2025-12-15 22:00:00,2946.2,2952.67,2936.02,2952.05,2293.54414567
2025-12-15 23:00:00,2952.06,2969.56,2949.44,2964.95,2946.9265573
2025-12-16 00:00:00,2964.95,2978.17,2940.67,2942.17,2802.98530785
2025-12-16 01:00:00,2942.36,2961.87,2935.24,2946.96,3571.5500683
2025-12-16 02:00:00,2946.79,2966.33,2938.61,2945.62,2972.011908
2025-12-16 03:00:00,2945.62,2950.56,2922.76,2936.92,3186.1548033
2025-12-16 04:00:00,2936.92,2939.65,2877.84,2918.39,4833.8698492
2025-12-16 05:00:00,2918.39,2927.93,2912.6,2922.91,3295.004655
2025-12-16 06:00:00,2922.91,2951.04,2922.91,2945.64,2066.1495689
2025-12-16 07:00:00,2945.28,2948.18,2918.3,2924.28,1968.9053592
2025-12-16 08:00:00,2924.28,2940.27,2920.23,2931.39,2449.5961308
2025-12-16 09:00:00,2931.39,2935.52,2923.42,2926.81,1517.7092035
2025-12-16 10:00:00,2927.36,2964.14,2921.56,2947.69,3090.5957824
2025-12-16 11:00:00,2948.01,2962.64,2938.36,2957.8,2765.5675022
2025-12-16 12:00:00,2957.99,2964.17,2947.56,2951.9,2230.403564
2025-12-16 13:00:00,2951.86,2982.79,2908.0,2910.47,7421.0201244
2025-12-16 14:00:00,2910.69,2960.4,2886.61,2941.5,7641.01472742
2025-12-16 15:00:00,2941.67,2975.78,2913.64,2963.56,6355.76994473
2025-12-16 16:00:00,2963.25,2964.09,2925.3,2938.44,4729.05886484
2025-12-16 17:00:00,2938.51,2954.42,2916.89,2919.27,3616.7905551
2025-12-16 18:00:00,2919.56,2967.85,2911.54,2952.21,3746.5418119
2025-12-16 19:00:00,2951.81,2957.56,2920.68,2945.97,3649.1129338
2025-12-16 20:00:00,2945.15,2963.57,2943.24,2947.82,2811.4600651
2025-12-16 21:00:00,2947.64,2958.0,2938.05,2951.42,2058.4885183
2025-12-16 22:00:00,2951.4,2961.0,2944.0,2954.18,1309.2797672
2025-12-16 23:00:00,2954.18,2965.6,2948.06,2962.26,1914.7192133
2025-12-17 00:00:00,2962.26,2962.26,2943.75,2949.49,1968.62679947
2025-12-17 01:00:00,2949.5,2974.07,2948.73,2954.2,1973.081005
2025-12-17 02:00:00,2954.06,2964.59,2938.57,2959.45,1893.3053022
2025-12-17 03:00:00,2959.46,2961.95,2942.98,2947.71,1356.0026315
2025-12-17 04:00:00,2947.71,2951.31,2926.9,2932.31,1877.9799917
2025-12-17 05:00:00,2932.29,2937.6,2914.44,2930.66,3257.2399426
2025-12-17 06:00:00,2930.65,2944.74,2930.31,2936.55,1767.4107887
2025-12-17 07:00:00,2936.55,2954.0,2932.07,2948.15,2005.86173707
2025-12-17 08:00:00,2948.15,2948.15,2923.05,2925.92,1756.9326233
2025-12-17 09:00:00,2925.91,2933.29,2918.28,2923.36,1728.0540677
2025-12-17 10:00:00,2923.37,2928.27,2908.6,2920.57,2196.4973843
2025-12-17 11:00:00,2920.57,2934.07,2917.6,2928.29,1513.0203541
2025-12-17 12:00:00,2928.62,2935.8,2919.26,2925.33,1969.7822038
2025-12-17 13:00:00,2925.33,2953.97,2918.48,2944.45,3225.86576532
2025-12-17 14:00:00,2944.46,2996.47,2886.18,2995.83,8898.3274406
2025-12-17 15:00:00,2995.19,3030.71,2894.49,2904.84,15888.54157391
2025-12-17 16:00:00,2904.71,2925.51,2834.11,2864.34,15188.14728946
2025-12-17 17:00:00,2864.24,2879.12,2841.98,2847.37,6022.70464268
2025-12-17 18:00:00,2848.38,2862.42,2806.09,2813.56,5304.8410806
2025-12-17 19:00:00,2813.94,2821.69,2790.99,2820.54,5002.5988569
2025-12-17 20:00:00,2820.34,2834.45,2805.41,2823.27,4090.1462058
2025-12-17 21:00:00,2823.41,2831.11,2811.74,2819.89,1723.4579404
2025-12-17 22:00:00,2819.67,2837.57,2813.47,2835.1,1931.8521769
2025-12-17 23:00:00,2835.1,2836.04,2818.36,2833.44,1584.4910202
2025-12-18 00:00:00,2833.61,2839.46,2826.38,2836.27,1277.8034451
2025-12-18 01:00:00,2836.27,2836.27,2821.5,2827.42,1991.450185
2025-12-18 02:00:00,2827.44,2847.89,2822.18,2837.17,2826.1994303
2025-12-18 03:00:00,2837.18,2838.4,2822.82,2832.11,1754.4107492
2025-12-18 04:00:00,2832.11,2841.85,2831.59,2838.13,1465.2275274
2025-12-18 05:00:00,2838.14,2838.16,2822.66,2825.5,1406.8722084
2025-12-18 06:00:00,2825.5,2833.18,2823.81,2831.26,1156.5277648
2025-12-18 07:00:00,2831.85,2839.22,2828.9,2836.47,1096.5428295
2025-12-18 08:00:00,2836.47,2852.25,2831.93,2841.72,1538.2821161
2025-12-18 09:00:00,2841.72,2857.44,2834.71,2852.73,1379.3444453
2025-12-18 10:00:00,2852.5,2864.61,2849.45,2859.57,1190.0599887
2025-12-18 11:00:00,2859.58,2859.71,2850.6,2859.38,1103.8082966
2025-12-18 12:00:00,2859.17,2875.15,2854.54,2871.44,1406.3303289
2025-12-18 13:00:00,2871.44,2979.39,2871.27,2963.69,10155.0109896
2025-12-18 14:00:00,2963.71,2992.32,2923.14,2950.38,10673.8105762
2025-12-18 15:00:00,2950.38,2997.45,2933.28,2965.14,6923.46337058
2025-12-18 16:00:00,2965.13,2967.55,2929.26,2944.08,3845.9481336
2025-12-18 17:00:00,2943.82,2944.31,2797.23,2845.56,14425.0058965
2025-12-18 18:00:00,2845.63,2868.08,2819.07,2828.14,5605.8395676
2025-12-18 19:00:00,2827.52,2832.83,2775.39,2782.05,8457.0553178
2025-12-18 20:00:00,2781.85,2814.03,2780.0,2780.64,4890.9409591
2025-12-18 21:00:00,2781.21,2831.84,2781.21,2829.44,5107.5519063
2025-12-18 22:00:00,2829.88,2838.68,2815.76,2829.47,2880.7758824
2025-12-18 23:00:00,2829.47,2833.66,2823.66,2828.53,1447.0762491
2025-12-19 00:00:00,2828.53,2841.13,2814.54,2831.03,2529.76783974
2025-12-19 01:00:00,2831.03,2833.3,2808.78,2821.11,2178.3011109
2025-12-19 02:00:00,2820.86,2840.82,2812.51,2835.8,2748.1656348
2025-12-19 03:00:00,2835.64,2935.06,2834.79,2909.03,12201.941401
2025-12-19 04:00:00,2908.41,2933.65,2907.39,2921.69,3834.4700232
2025-12-19 05:00:00,2921.2,2930.1,2909.63,2922.71,2396.67188427
2025-12-19 06:00:00,2922.7,2949.99,2915.44,2948.23,2136.0411524
2025-12-19 07:00:00,2948.03,2984.36,2945.63,2951.87,4975.6341854
2025-12-19 08:00:00,2951.86,2964.7,2938.01,2951.01,2937.79780055
2025-12-19 09:00:00,2951.01,2960.7,2946.26,2955.49,2160.6078136
2025-12-19 10:00:00,2955.24,2964.64,2949.01,2954.26,2062.0966496
2025-12-19 11:00:00,2954.32,2970.97,2950.53,2964.76,2630.9838139
2025-12-19 12:00:00,2964.93,2967.98,2946.21,2955.75,4033.2475169
2025-12-19 13:00:00,2956.14,2968.2,2953.48,2961.54,2896.47455931
2025-12-19 14:00:00,2961.54,2994.15,2942.15,2977.18,11811.1836079
2025-12-19 15:00:00,2976.89,3018.73,2954.23,2964.52,9281.399285
2025-12-19 16:00:00,2964.52,3007.3,2958.87,2966.92,5631.7978449
2025-12-19 17:00:00,2966.93,2993.51,2936.36,2939.94,6311.30339889
2025-12-19 18:00:00,2939.94,2977.7,2938.01,2966.06,4174.3201675
2025-12-19 19:00:00,2966.35,2996.85,2966.35,2985.35,3168.7176889
2025-12-19 20:00:00,2985.34,3003.15,2977.33,2995.66,2910.42656469
2025-12-19 21:00:00,2995.65,2995.76,2975.12,2977.78,1524.4081424
2025-12-19 22:00:00,2977.92,2992.79,2977.68,2988.17,1205.8705455
2025-12-19 23:00:00,2988.16,2988.57,2978.0,2979.52,879.7314475
2025-12-20 00:00:00,2979.53,2980.68,2970.92,2974.69,1635.5783371
2025-12-20 01:00:00,2974.57,2983.03,2973.44,2976.27,912.6828151
2025-12-20 02:00:00,2976.47,2990.35,2974.14,2982.65,949.8314029
2025-12-20 03:00:00,2982.66,2993.96,2982.5,2989.25,784.6898481
2025-12-20 04:00:00,2989.26,2990.91,2979.23,2984.23,1304.7586326
2025-12-20 05:00:00,2984.23,2989.7,2980.23,2981.06,884.1624753
2025-12-20 06:00:00,2981.06,2985.44,2980.0,2980.9,526.1979603
2025-12-20 07:00:00,2980.91,2985.9,2975.0,2981.67,1113.9083976
2025-12-20 08:00:00,2981.59,2989.99,2981.13,2983.11,1075.6429888
2025-12-20 09:00:00,2983.12,2986.92,2982.63,2983.34,762.7842934
2025-12-20 10:00:00,2983.34,2983.57,2975.0,2979.11,868.1072225
2025-12-20 11:00:00,2979.11,2990.52,2976.61,2987.16,932.5182183
2025-12-20 12:00:00,2987.16,2993.77,2986.58,2989.32,716.0655462
2025-12-20 13:00:00,2989.32,2991.91,2967.2,2980.04,2013.8742845
2025-12-20 14:00:00,2980.05,2981.26,2969.4,2980.03,1118.516432
2025-12-20 15:00:00,2980.04,2980.22,2968.37,2977.29,921.0248655
2025-12-20 16:00:00,2977.29,2980.14,2974.22,2978.68,484.1309905
2025-12-20 17:00:00,2978.69,2981.29,2974.51,2977.79,839.7205382
2025-12-20 18:00:00,2977.8,2980.49,2974.42,2977.8,598.0609488
2025-12-20 19:00:00,2977.8,2981.05,2974.51,2978.13,457.6434907
2025-12-20 20:00:00,2978.13,2985.58,2977.26,2984.65,358.5527485
2025-12-20 21:00:00,2984.65,2985.94,2978.58,2978.87,513.64259038
2025-12-20 22:00:00,2978.88,2980.31,2974.46,2977.28,372.4045984
2025-12-20 23:00:00,2977.28,2978.98,2972.8,2977.93,426.1405491
2025-12-21 00:00:00,2977.93,2981.2,2975.87,2979.92,495.1815144
2025-12-21 01:00:00,2979.93,2979.93,2962.48,2967.59,917.7194875
2025-12-21 02:00:00,2967.58,2975.21,2961.57,2965.76,1368.6072105
2025-12-21 03:00:00,2965.79,2975.72,2965.19,2973.0,676.5397133
2025-12-21 04:00:00,2973.01,2978.51,2971.81,2975.27,593.5275981
2025-12-21 05:00:00,2975.27,2978.51,2973.05,2973.55,487.617399
2025-12-21 06:00:00,2973.55,2977.96,2973.03,2976.01,474.0258599
2025-12-21 07:00:00,2976.01,2982.52,2975.57,2981.02,592.0151238
2025-12-21 08:00:00,2981.02,2999.47,2977.51,2992.17,2026.3157911
2025-12-21 09:00:00,2992.18,3013.51,2984.88,3003.44,2788.3066644
2025-12-21 10:00:00,3003.44,3008.57,2992.85,2996.43,1797.7887567
2025-12-21 11:00:00,2996.84,3001.59,2993.3,2996.46,803.0120111
2025-12-21 12:00:00,2996.47,3005.51,2982.41,2990.8,1691.1757987
2025-12-21 13:00:00,2990.72,2992.2,2944.34,2950.43,3899.0043053
2025-12-21 14:00:00,2950.43,2977.25,2947.02,2970.64,2670.9284264
2025-12-21 15:00:00,2970.65,2979.97,2962.48,2974.76,1597.4667864
2025-12-21 16:00:00,2974.87,2988.15,2969.2,2986.27,1514.3495023
2025-12-21 17:00:00,2986.27,2988.8,2977.08,2983.91,1270.96897309
2025-12-21 18:00:00,2983.9,2988.39,2967.7,2988.39,1434.8603856
2025-12-21 19:00:00,2988.4,2997.82,2977.94,2991.2,1821.5253668
2025-12-21 20:00:00,2991.2,2994.3,2985.27,2986.82,784.9954424
2025-12-21 21:00:00,2986.82,2991.05,2971.05,2973.76,936.545877
2025-12-21 22:00:00,2973.77,2996.36,2971.67,2996.36,1180.090795
2025-12-21 23:00:00,2996.38,3012.38,2992.3,3002.1,2198.5686434
2025-12-22 00:00:00,3002.11,3060.76,3002.11,3022.46,7374.6936329
2025-12-22 01:00:00,3022.46,3047.79,3018.36,3018.74,3271.7132437
2025-12-22 02:00:00,3018.75,3019.33,2973.18,3009.99,4443.6162332
2025-12-22 03:00:00,3010.0,3032.52,3002.02,3021.51,2576.5794252
2025-12-22 04:00:00,3021.51,3042.74,3020.01,3040.3,2710.5788614
2025-12-22 05:00:00,3040.31,3041.43,3025.61,3028.62,1892.6814149
2025-12-22 06:00:00,3028.62,3033.78,3022.61,3024.67,1508.5300406
2025-12-22 07:00:00,3024.66,3035.56,3023.26,3030.14,1312.0955212
2025-12-22 08:00:00,3029.78,3055.73,3024.17,3027.73,4009.2695687
2025-12-22 09:00:00,3027.74,3042.79,3025.61,3041.38,1614.0213796
2025-12-22 10:00:00,3041.39,3045.44,3032.19,3040.59,1532.9301504
2025-12-22 11:00:00,3040.59,3058.0,3036.81,3048.69,2336.658353
2025-12-22 12:00:00,3048.7,3076.87,3043.51,3058.13,3402.2033592
2025-12-22 13:00:00,3058.41,3064.69,3048.03,3056.87,2522.3184216
2025-12-22 14:00:00,3056.88,3074.27,3029.44,3061.45,5009.42917455
2025-12-22 15:00:00,3061.63,3072.91,3022.3,3052.49,5551.7015487
2025-12-22 16:00:00,3052.69,3059.35,3038.22,3043.72,3600.2441594
2025-12-22 17:00:00,3043.27,3044.39,3023.58,3032.95,2737.5522128
2025-12-22 18:00:00,3032.96,3040.85,3008.06,3015.68,2359.9645886
2025-12-22 19:00:00,3015.67,3015.9,2974.41,2981.17,4478.56106055
2025-12-22 20:00:00,2980.56,2986.73,2963.4,2976.34,4232.6869217
2025-12-22 21:00:00,2976.31,2997.95,2976.05,2988.74,1944.282816
2025-12-22 22:00:00,2988.44,3015.3,2982.04,3012.09,2015.0751506
2025-12-22 23:00:00,3012.01,3012.6,3001.45,3009.29,1380.9963786
2025-12-23 00:00:00,3009.48,3035.78,3005.38,3027.56,2231.63420379
2025-12-23 01:00:00,3027.97,3032.73,3016.6,3018.34,1561.1887312
2025-12-23 02:00:00,3018.25,3025.66,2987.89,2990.79,3210.3057739
2025-12-23 03:00:00,2990.93,2998.63,2971.79,2992.03,1983.1107775
2025-12-23 04:00:00,2991.65,2999.69,2983.54,2983.88,1217.9928756
2025-12-23 05:00:00,2983.9,2985.82,2966.11,2975.69,1577.4872177
2025-12-23 06:00:00,2975.44,2978.52,2946.04,2959.91,3096.4845426
2025-12-23 07:00:00,2959.91,2969.6,2955.57,2964.88,1761.6719439
2025-12-23 08:00:00,2964.89,2972.9,2959.94,2962.17,1290.67230132
2025-12-23 09:00:00,2962.17,2966.62,2952.64,2963.95,1361.3738383
2025-12-23 10:00:00,2963.95,2971.66,2963.94,2967.11,880.4301617
2025-12-23 11:00:00,2967.12,2975.16,2963.27,2973.32,975.9532149
2025-12-23 12:00:00,2973.61,2974.34,2954.84,2955.58,1564.3494487
2025-12-23 13:00:00,2955.57,2963.31,2930.43,2941.46,3815.6941761
2025-12-23 14:00:00,2941.68,2953.05,2901.2,2917.33,5825.0773592
2025-12-23 15:00:00,2917.05,2933.54,2906.77,2928.73,3915.0095488
2025-12-23 16:00:00,2928.73,2966.32,2922.41,2956.87,4149.1072879
2025-12-23 17:00:00,2956.88,2966.43,2909.93,2910.64,2252.8896634
2025-12-23 18:00:00,2910.47,2952.51,2909.0,2947.07,2804.1700336
2025-12-23 19:00:00,2947.08,2954.48,2930.96,2944.15,1554.5237775
2025-12-23 20:00:00,2943.88,2988.29,2940.75,2969.73,2315.4196646
2025-12-23 21:00:00,2970.06,2976.0,2960.01,2973.67,1235.9277662
2025-12-23 22:00:00,2974.55,2980.5,2949.99,2961.19,1879.9353084
2025-12-23 23:00:00,2961.2,2972.94,2952.15,2964.69,1353.6556792
2025-12-24 00:00:00,2965.06,2974.28,2956.41,2973.2,1197.9292152
2025-12-24 01:00:00,2973.23,2977.93,2960.95,2964.1,791.2320162
2025-12-24 02:00:00,2963.89,2965.4,2923.9,2935.54,2291.5244446
2025-12-24 03:00:00,2935.53,2948.44,2921.33,2946.33,1814.6093614
2025-12-24 04:00:00,2945.93,2958.88,2934.91,2935.44,1208.7480182
2025-12-24 05:00:00,2935.69,2941.3,2918.1,2929.31,1605.7225816
2025-12-24 06:00:00,2929.31,2938.59,2923.47,2933.5,1035.2014035
2025-12-24 07:00:00,2933.5,2943.71,2931.93,2932.6,932.8816679
2025-12-24 08:00:00,2932.61,2939.83,2921.61,2922.69,1431.0221154
2025-12-24 09:00:00,2922.81,2931.59,2914.41,2919.51,1244.99322329
2025-12-24 10:00:00,2919.07,2934.59,2918.4,2927.84,1330.1498511
2025-12-24 11:00:00,2927.84,2937.72,2925.29,2925.29,1099.7291326
2025-12-24 12:00:00,2925.29,2938.67,2923.38,2936.37,826.8373769
2025-12-24 13:00:00,2936.37,2937.32,2925.0,2930.94,1276.0427562
2025-12-24 14:00:00,2931.18,2936.55,2888.41,2914.76,4226.4030329
2025-12-24 15:00:00,2914.76,2930.28,2903.03,2925.53,3311.5770368
2025-12-24 16:00:00,2925.53,2948.87,2921.47,2940.48,3290.4521076
2025-12-24 17:00:00,2940.48,2954.32,2934.87,2937.3,1632.9814607
2025-12-24 18:00:00,2937.17,2944.84,2930.07,2941.87,1120.6566201
2025-12-24 19:00:00,2941.6,2947.19,2936.75,2945.72,737.3162693
2025-12-24 20:00:00,2945.73,2952.65,2941.71,2942.97,994.8523472
2025-12-24 21:00:00,2942.98,2953.94,2942.98,2950.84,803.32592533
2025-12-24 22:00:00,2950.85,2962.93,2949.18,2959.73,1454.7953552
2025-12-24 23:00:00,2959.74,2960.39,2946.26,2946.95,931.4964919
2025-12-25 00:00:00,2946.95,2948.95,2936.15,2939.42,1077.4938747
2025-12-25 01:00:00,2939.42,2951.02,2939.42,2948.63,656.1863287
2025-12-25 02:00:00,2948.64,2956.99,2942.87,2952.9,978.5070156
2025-12-25 03:00:00,2952.69,2953.08,2943.65,2947.21,908.2330923
2025-12-25 04:00:00,2947.22,2948.2,2942.2,2944.94,956.3222316
2025-12-25 05:00:00,2944.74,2944.74,2938.27,2942.16,1006.3842291
2025-12-25 06:00:00,2942.17,2943.47,2938.08,2943.22,778.4788605
2025-12-25 07:00:00,2943.23,2943.51,2939.0,2941.88,601.2267828
2025-12-25 08:00:00,2941.88,2946.84,2917.45,2930.51,4930.4669854
2025-12-25 09:00:00,2930.51,2931.34,2925.58,2928.3,1606.4864475
2025-12-25 10:00:00,2928.3,2928.77,2911.71,2920.5,2496.82534412
2025-12-25 11:00:00,2920.51,2928.4,2920.13,2925.06,1351.5795229
2025-12-25 12:00:00,2924.91,2929.67,2923.84,2927.87,1383.0461776
2025-12-25 13:00:00,2927.87,2934.6,2920.02,2931.16,2160.8413959
2025-12-25 14:00:00,2931.15,2938.68,2922.77,2932.91,2546.3333967
2025-12-25 15:00:00,2932.92,2970.86,2931.64,2960.65,6039.44994625
2025-12-25 16:00:00,2960.93,2967.46,2943.54,2948.32,3205.8286927
2025-12-25 17:00:00,2947.98,2954.26,2943.93,2952.75,2556.3024188
2025-12-25 18:00:00,2952.76,2965.08,2950.12,2958.98,2358.0982005
2025-12-25 19:00:00,2958.99,2959.77,2949.75,2956.38,1046.1959747
2025-12-25 20:00:00,2956.39,2956.61,2944.09,2950.18,1471.76331834
2025-12-25 21:00:00,2950.19,2953.39,2944.61,2946.95,1005.5097784
2025-12-25 22:00:00,2946.96,2948.21,2906.25,2922.01,3336.7984713
2025-12-25 23:00:00,2921.53,2926.77,2890.99,2904.0,6530.41688752
2025-12-26 00:00:00,2903.78,2911.55,2894.34,2903.86,5155.6297803
2025-12-26 01:00:00,2904.01,2923.45,2902.8,2918.27,3812.2846663
2025-12-26 02:00:00,2918.35,2994.36,2917.94,2973.3,11972.65977508
2025-12-26 03:00:00,2973.31,2976.67,2957.47,2964.81,4517.5963218
2025-12-26 04:00:00,2964.81,2975.0,2952.62,2971.97,2957.4396636
2025-12-26 05:00:00,2971.97,2974.75,2967.52,2973.32,2017.4217159
2025-12-26 06:00:00,2973.32,2982.34,2972.07,2976.67,2366.484197
2025-12-26 07:00:00,2976.67,2993.04,2953.34,2957.08,4435.3695159
2025-12-26 08:00:00,2957.09,2971.93,2954.9,2964.58,3479.8394019
2025-12-26 09:00:00,2964.57,2976.2,2963.21,2972.79,2248.0567483
2025-12-26 10:00:00,2972.79,2974.27,2967.14,2971.77,1985.7853555
2025-12-26 11:00:00,2971.78,2971.78,2962.66,2964.71,1482.53405967
2025-12-26 12:00:00,2964.71,2973.88,2964.68,2972.98,2057.988771
2025-12-26 13:00:00,2972.99,2985.78,2971.53,2984.51,3263.9812878
2025-12-26 14:00:00,2984.52,2985.18,2910.33,2917.89,13946.395777
2025-12-26 15:00:00,2917.28,2929.61,2894.79,2923.18,18504.1038523
2025-12-26 16:00:00,2923.45,2929.74,2907.24,2909.98,7337.7658968
2025-12-26 17:00:00,2910.06,2935.06,2907.84,2922.69,6521.3169949
2025-12-26 18:00:00,2922.69,2928.67,2919.95,2923.44,3368.24982867
2025-12-26 19:00:00,2923.44,2930.11,2918.53,2926.1,2235.1244752
2025-12-26 20:00:00,2926.1,2938.82,2922.58,2931.27,2966.155369
2025-12-26 21:00:00,2931.6,2935.32,2924.53,2924.61,1614.7182668
2025-12-26 22:00:00,2924.77,2931.55,2921.75,2931.54,1608.2562715
2025-12-26 23:00:00,2931.33,2934.11,2926.15,2927.94,1322.9855331
2025-12-27 00:00:00,2927.94,2931.33,2923.43,2927.39,1521.1467434
2025-12-27 01:00:00,2927.44,2928.93,2921.46,2927.78,908.7344258
2025-12-27 02:00:00,2927.78,2930.31,2923.99,2927.72,991.3163907
2025-12-27 03:00:00,2927.73,2933.64,2925.6,2933.15,882.3906486
2025-12-27 04:00:00,2933.16,2933.66,2928.13,2930.66,731.9373913
2025-12-27 05:00:00,2930.66,2931.49,2928.38,2931.11,435.9174372
2025-12-27 06:00:00,2931.11,2931.37,2927.96,2929.99,624.963788
2025-12-27 07:00:00,2930.0,2937.99,2929.99,2933.18,678.0890523
2025-12-27 08:00:00,2933.18,2936.93,2933.17,2934.29,532.0183256
2025-12-27 09:00:00,2934.3,2940.54,2931.96,2935.24,1466.2131944
2025-12-27 10:00:00,2935.24,2935.24,2918.21,2926.99,2670.1155631
2025-12-27 11:00:00,2926.99,2933.73,2923.24,2930.86,1529.9628166
2025-12-27 12:00:00,2930.86,2933.73,2928.82,2931.68,936.9110877
2025-12-27 13:00:00,2931.69,2932.61,2925.27,2929.81,1252.2115738
2025-12-27 14:00:00,2929.81,2931.48,2926.01,2929.84,1141.5579114
2025-12-27 15:00:00,2929.85,2930.72,2926.44,2926.57,682.5855364
2025-12-27 16:00:00,2926.57,2928.63,2917.31,2920.76,1601.8592791
2025-12-27 17:00:00,2920.7,2928.8,2919.87,2928.35,982.1974294
2025-12-27 18:00:00,2928.35,2928.36,2925.1,2926.23,524.1944926
2025-12-27 19:00:00,2926.23,2930.84,2925.93,2930.48,551.3397794
2025-12-27 20:00:00,2930.48,2934.58,2928.99,2929.0,653.6232349
2025-12-27 21:00:00,2929.0,2934.82,2928.4,2934.82,508.3139573
2025-12-27 22:00:00,2934.82,2953.58,2929.99,2933.32,3311.1058531
2025-12-27 23:00:00,2933.32,2960.68,2932.81,2949.03,3170.149897
2025-12-28 00:00:00,2949.02,2951.65,2943.34,2945.43,1698.71118284
2025-12-28 01:00:00,2945.43,2950.11,2941.04,2944.05,1084.593466
2025-12-28 02:00:00,2944.04,2949.93,2943.12,2947.15,740.3519623
2025-12-28 03:00:00,2947.15,2948.41,2941.36,2943.58,931.3306329
2025-12-28 04:00:00,2943.57,2947.09,2938.48,2938.96,1073.4487021
2025-12-28 05:00:00,2938.96,2940.95,2929.47,2934.97,2085.6507243
2025-12-28 06:00:00,2934.97,2943.98,2934.83,2942.63,1343.9064888
2025-12-28 07:00:00,2942.63,2942.86,2936.66,2939.03,1126.9811842
2025-12-28 08:00:00,2939.15,2947.67,2938.19,2939.65,1178.1949518
2025-12-28 09:00:00,2939.65,2943.94,2931.45,2937.61,1737.5883496
2025-12-28 10:00:00,2937.61,2944.52,2936.89,2943.16,1978.2274794
2025-12-28 11:00:00,2943.16,2946.93,2939.99,2944.05,1558.0975174
2025-12-28 12:00:00,2944.05,2945.19,2937.52,2938.94,1408.3734184
2025-12-28 13:00:00,2938.95,2944.99,2938.38,2940.18,1249.8151127
2025-12-28 14:00:00,2940.19,2955.39,2940.16,2945.65,2631.9684433
2025-12-28 15:00:00,2945.66,2960.93,2945.65,2949.44,2660.68456645
2025-12-28 16:00:00,2949.44,2954.77,2940.44,2942.86,2229.7958687
2025-12-28 17:00:00,2942.86,2951.49,2942.78,2945.77,1298.1801518
2025-12-28 18:00:00,2945.76,2946.2,2925.06,2931.28,4249.264718
2025-12-28 19:00:00,2931.29,2940.06,2926.54,2933.67,2553.8452835
2025-12-28 20:00:00,2933.66,2937.72,2930.28,2932.22,1881.5927219
2025-12-28 21:00:00,2932.38,2939.21,2928.84,2937.79,1948.60157398
2025-12-28 22:00:00,2937.85,2955.33,2935.16,2950.06,2434.609448
2025-12-28 23:00:00,2950.21,2954.18,2940.53,2950.57,2730.4820752
2025-12-29 00:00:00,2950.93,2977.11,2944.63,2966.29,6363.2133098
2025-12-29 01:00:00,2966.58,2986.55,2952.79,2981.0,6105.0790387
2025-12-29 02:00:00,2981.0,3018.2,2981.0,3003.59,11136.2188478
2025-12-29 03:00:00,3004.36,3048.27,3002.6,3043.63,9272.5291727
2025-12-29 04:00:00,3043.63,3057.19,3039.3,3039.63,5510.5275543
2025-12-29 05:00:00,3039.62,3044.95,3032.24,3037.49,3703.33799623
2025-12-29 06:00:00,3037.49,3044.29,3032.1,3036.1,2978.982733
2025-12-29 07:00:00,3036.1,3038.65,3009.73,3019.44,6331.1420506
2025-12-29 08:00:00,3019.43,3026.03,3011.71,3014.34,3989.8412635
2025-12-29 09:00:00,3014.33,3016.05,2956.94,2976.69,13022.4004745
2025-12-29 10:00:00,2976.71,2984.3,2961.9,2966.36,5625.7254358
2025-12-29 11:00:00,2966.36,2968.18,2958.39,2959.92,3966.8590365
2025-12-29 12:00:00,2959.64,2959.65,2910.29,2930.85,16283.21955123
2025-12-29 13:00:00,2930.94,2937.98,2919.8,2927.37,5187.04388161
2025-12-29 14:00:00,2927.36,2965.76,2917.31,2928.54,15222.126344
2025-12-29 15:00:00,2928.53,2950.73,2920.0,2935.76,12780.89651306
2025-12-29 16:00:00,2935.19,2943.12,2925.22,2936.47,7191.8157521
2025-12-29 17:00:00,2936.47,2943.57,2926.61,2943.57,6011.6177266
2025-12-29 18:00:00,2943.58,2946.03,2913.37,2919.43,5383.4991569
2025-12-29 19:00:00,2919.68,2941.9,2917.85,2932.31,5152.5175289
2025-12-29 20:00:00,2932.31,2942.83,2926.1,2929.65,5767.7813032
2025-12-29 21:00:00,2929.67,2939.13,2929.28,2937.6,2704.8736818
2025-12-29 22:00:00,2937.39,2944.4,2931.14,2938.17,2942.72327515
2025-12-29 23:00:00,2938.15,2944.27,2932.78,2938.35,2730.4658167
2025-12-30 00:00:00,2938.09,2942.04,2931.82,2938.02,3004.5392982
2025-12-30 01:00:00,2938.02,2939.2,2924.62,2936.59,3557.7040056
2025-12-30 02:00:00,2936.72,2939.71,2923.69,2928.24,4821.9577758
2025-12-30 03:00:00,2928.24,2955.7,2919.61,2951.69,8067.4764361
2025-12-30 04:00:00,2951.81,2958.85,2946.28,2946.71,3734.93907811
2025-12-30 05:00:00,2946.32,2948.3,2937.51,2941.82,3258.0166502
2025-12-30 06:00:00,2941.83,2951.6,2940.58,2945.8,3440.0450728
2025-12-30 07:00:00,2945.81,2955.62,2945.47,2950.94,3297.2907747
2025-12-30 08:00:00,2950.94,3003.44,2950.22,2977.61,13128.1094837
2025-12-30 09:00:00,2977.61,2987.99,2971.27,2985.44,6062.6994193
2025-12-30 10:00:00,2985.44,2988.17,2973.65,2976.82,4679.798182
2025-12-30 11:00:00,2976.83,2984.33,2973.64,2978.31,2930.78599
2025-12-30 12:00:00,2978.58,2985.71,2976.56,2980.71,1891.5940596
2025-12-30 13:00:00,2980.71,2991.63,2978.94,2986.64,4854.94085709
2025-12-30 14:00:00,2986.64,3009.5,2959.01,2996.42,17767.7714036
2025-12-30 15:00:00,2996.22,3002.5,2969.97,2989.3,12558.3561894
2025-12-30 16:00:00,2989.44,2994.63,2975.12,2983.03,9533.2299723
2025-12-30 17:00:00,2982.58,2986.69,2965.5,2976.54,5106.9675084
2025-12-30 18:00:00,2976.54,2978.88,2960.27,2971.75,4693.3700742
2025-12-30 19:00:00,2971.75,2974.69,2944.51,2971.73,9114.0341843
2025-12-30 20:00:00,2971.72,2973.82,2956.54,2958.73,4656.6292775
2025-12-30 21:00:00,2958.7,2969.42,2953.94,2968.81,2510.7958696
2025-12-30 22:00:00,2968.9,2972.0,2965.32,2969.59,2681.8406338
2025-12-30 23:00:00,2969.54,2975.73,2967.73,2973.72,2784.7447713
2025-12-31 00:00:00,2973.73,2973.73,2962.57,2966.57,3793.8915506
2025-12-31 01:00:00,2966.56,2984.78,2962.41,2980.29,5388.6500942
2025-12-31 02:00:00,2980.13,2983.52,2974.44,2981.66,2738.6125335
2025-12-31 03:00:00,2981.66,2983.89,2966.18,2970.49,3594.2665872
2025-12-31 04:00:00,2970.49,2975.25,2968.87,2969.34,2503.68877978
2025-12-31 05:00:00,2969.35,2980.19,2969.35,2975.27,2620.5247279
2025-12-31 06:00:00,2975.28,2978.73,2974.96,2975.55,1686.8235199
2025-12-31 07:00:00,2975.55,2977.39,2970.44,2976.85,2421.1537539
2025-12-31 08:00:00,2976.86,2979.89,2963.91,2969.52,3249.91646076
2025-12-31 09:00:00,2969.53,2977.94,2969.52,2976.9,2666.5117553
2025-12-31 10:00:00,2976.85,2982.7,2975.67,2981.29,1941.3216026
2025-12-31 11:00:00,2981.3,3003.63,2980.34,3002.37,5802.3940321
2025-12-31 12:00:00,3002.36,3002.57,2984.34,2987.37,5234.2720332
2025-12-31 13:00:00,2987.38,2999.99,2986.47,2997.3,3644.8042444
2025-12-31 14:00:00,2997.3,3027.89,2981.43,2993.92,14950.46373
2025-12-31 15:00:00,2993.91,2994.22,2967.81,2985.55,12838.6065307
2025-12-31 16:00:00,2985.75,2997.59,2958.95,2976.1,12231.257014
2025-12-31 17:00:00,2976.09,2980.49,2968.05,2975.82,6145.9758776
2025-12-31 18:00:00,2975.83,2986.09,2971.67,2974.49,4384.5172476
2025-12-31 19:00:00,2974.49,2981.78,2970.28,2971.22,2865.7997445
2025-12-31 20:00:00,2971.23,2979.79,2963.58,2975.81,5123.3276927
2025-12-31 21:00:00,2975.64,2984.79,2974.11,2982.32,2707.6132318
2025-12-31 22:00:00,2982.33,2984.21,2974.41,2977.04,1235.5111953
2025-12-31 23:00:00,2977.04,2977.04,2970.2,2971.62,2054.5678489
2026-01-01 00:00:00,2971.63,2983.01,2971.35,2979.82,2358.8441732
2026-01-01 01:00:00,2979.83,2988.88,2979.24,2984.14,2434.3411785
2026-01-01 02:00:00,2984.15,2987.79,2980.92,2982.9,1385.6745415
2026-01-01 03:00:00,2982.61,2986.1,2979.56,2979.9,1068.7447939
2026-01-01 04:00:00,2980.05,2980.97,2973.41,2975.63,2351.3639203
2026-01-01 05:00:00,2975.63,2983.76,2975.63,2981.6,1120.8864557
2026-01-01 06:00:00,2981.61,2981.61,2976.18,2976.26,700.0573505
2026-01-01 07:00:00,2976.26,2981.13,2976.25,2978.39,897.8448262
2026-01-01 08:00:00,2978.38,2982.85,2977.81,2982.6,953.8327188
2026-01-01 09:00:00,2982.61,2987.47,2982.14,2983.74,1557.1275175
2026-01-01 10:00:00,2983.75,2985.64,2982.15,2984.99,554.1835916
2026-01-01 11:00:00,2984.99,2992.96,2984.99,2989.69,1752.5298994
2026-01-01 12:00:00,2989.69,2990.48,2983.5,2987.65,1603.6805763
2026-01-01 13:00:00,2987.66,2989.91,2982.22,2983.1,1009.5823797
2026-01-01 14:00:00,2983.11,2986.47,2978.0,2985.13,2364.8808317
2026-01-01 15:00:00,2985.14,2994.77,2980.77,2989.7,3113.11684475
2026-01-01 16:00:00,2989.7,2990.96,2980.81,2982.38,2723.1084891
2026-01-01 17:00:00,2982.39,3006.09,2981.16,2990.34,4163.6568472
2026-01-01 18:00:00,2990.48,2992.63,2985.17,2990.21,3029.625117
2026-01-01 19:00:00,2990.22,2998.03,2987.27,2995.23,1481.4409293
2026-01-01 20:00:00,2995.41,2997.13,2987.54,2989.07,1932.7841846
2026-01-01 21:00:00,2989.08,2993.16,2987.6,2989.55,1262.4725055
2026-01-01 22:00:00,2989.56,3000.25,2987.6,2999.31,2098.33656732
2026-01-01 23:00:00,2999.32,3009.8,2991.92,3003.88,4668.8031173
2026-01-02 00:00:00,3004.12,3008.66,2995.73,3006.13,3691.4453173
2026-01-02 01:00:00,3006.13,3008.07,2998.25,3003.25,2375.3394192
2026-01-02 02:00:00,3003.18,3003.55,2992.64,3001.79,2922.793979
2026-01-02 03:00:00,3002.08,3035.11,3000.05,3022.46,9607.2295913
2026-01-02 04:00:00,3022.78,3024.46,3010.69,3011.98,4136.692971
2026-01-02 05:00:00,3011.98,3018.58,3009.15,3016.63,2707.1768983
2026-01-02 06:00:00,3016.64,3039.35,3014.62,3026.86,4866.57658321
2026-01-02 07:00:00,3026.86,3032.43,3017.01,3018.08,3583.3345386
2026-01-02 08:00:00,3018.08,3033.91,3015.91,3032.1,4366.645719
2026-01-02 09:00:00,3032.1,3054.53,3029.82,3047.83,8896.1701229
2026-01-02 10:00:00,3047.84,3069.15,3045.91,3057.14,11879.83517364
2026-01-02 11:00:00,3057.15,3057.7,3041.01,3047.91,5818.022645
2026-01-02 12:00:00,3047.82,3057.95,3043.21,3048.83,4381.46158232
2026-01-02 13:00:00,3048.84,3058.31,3046.62,3050.28,4234.6464201
2026-01-02 14:00:00,3050.28,3109.33,3020.4,3082.48,28112.4732292
2026-01-02 15:00:00,3082.77,3097.71,3054.94,3086.61,19853.5035902
2026-01-02 16:00:00,3086.6,3146.68,3079.28,3132.21,26295.2992967
2026-01-02 17:00:00,3132.2,3150.04,3110.77,3122.88,16840.26125299
2026-01-02 18:00:00,3122.98,3132.13,3097.15,3110.43,11630.83318016
2026-01-02 19:00:00,3110.54,3127.76,3107.94,3123.7,10049.5203368
2026-01-02 20:00:00,3123.71,3129.79,3111.19,3118.01,7676.0416966
2026-01-02 21:00:00,3117.75,3133.8,3116.61,3130.97,4220.4607433
2026-01-02 22:00:00,3130.98,3146.08,3128.27,3133.73,5128.3711266
2026-01-02 23:00:00,3133.72,3135.71,3120.15,3125.22,3559.31151797
2026-01-03 00:00:00,3125.23,3136.4,3122.54,3131.07,2714.2559746
2026-01-03 01:00:00,3131.08,3131.73,3123.55,3130.93,1586.501435
2026-01-03 02:00:00,3130.94,3130.95,3120.43,3126.28,2380.1723237
2026-01-03 03:00:00,3126.29,3127.32,3119.33,3125.6,1916.683222
2026-01-03 04:00:00,3125.61,3127.84,3115.06,3116.6,2354.4438567
2026-01-03 05:00:00,3116.61,3119.06,3104.91,3112.14,2408.7186293
2026-01-03 06:00:00,3112.15,3117.59,3098.42,3098.42,3078.9452919
2026-01-03 07:00:00,3098.4,3105.41,3076.17,3090.49,9483.67713239
2026-01-03 08:00:00,3090.48,3105.65,3083.99,3095.92,4729.2166966
2026-01-03 09:00:00,3095.87,3110.34,3092.32,3100.78,4124.0034592
2026-01-03 10:00:00,3100.78,3105.8,3097.08,3097.08,2318.8313913
2026-01-03 11:00:00,3097.09,3100.19,3092.0,3098.82,1965.0672154
2026-01-03 12:00:00,3098.82,3105.51,3093.75,3104.94,2648.4010762
2026-01-03 13:00:00,3104.95,3107.76,3100.85,3103.09,1871.7004294449735
2026-01-03 14:00:00,3103.1,3114.5,3101.43,3105.98,3288.3733698
2026-01-03 15:00:00,3105.98,3107.48,3096.56,3101.49,2834.4061556
2026-01-03 16:00:00,3101.34,3112.14,3098.28,3107.19,2858.4509219
2026-01-03 17:00:00,3107.19,3110.29,3105.76,3108.31,962.7731694
2026-01-03 18:00:00,3108.31,3118.52,3105.11,3116.41,1864.91591321
2026-01-03 19:00:00,3116.42,3116.42,3110.44,3113.11,1365.0459952
2026-01-03 20:00:00,3113.1,3116.92,3107.51,3115.44,1578.2504493
2026-01-03 21:00:00,3115.44,3129.27,3113.08,3120.41,2667.8719742
2026-01-03 22:00:00,3120.63,3126.04,3113.86,3122.83,2049.1593532
2026-01-03 23:00:00,3122.83,3130.96,3121.05,3127.03,2819.8765939
2026-01-04 00:00:00,3127.03,3166.97,3126.29,3157.7,12141.9535283
2026-01-04 01:00:00,3157.7,3162.25,3141.82,3150.1,5622.637527
2026-01-04 02:00:00,3150.11,3151.0,3137.7,3141.1,3338.8034661
2026-01-04 03:00:00,3141.11,3150.9,3140.06,3147.51,3316.1797254
2026-01-04 04:00:00,3147.51,3155.89,3144.85,3148.25,3023.15871531
2026-01-04 05:00:00,3148.25,3152.03,3145.14,3151.16,1921.4097809
2026-01-04 06:00:00,3151.16,3162.98,3138.75,3139.71,5933.7472572
2026-01-04 07:00:00,3139.77,3146.08,3134.31,3141.07,3215.9852908
2026-01-04 08:00:00,3141.08,3141.99,3125.93,3138.7,4374.7663434
2026-01-04 09:00:00,3138.7,3148.02,3134.37,3143.78,3496.6230948
2026-01-04 10:00:00,3143.79,3148.29,3142.81,3146.13,2405.5740964
2026-01-04 11:00:00,3146.14,3146.14,3134.95,3139.65,2557.50413393
2026-01-04 12:00:00,3139.66,3147.23,3133.56,3136.96,3261.1199103
2026-01-04 13:00:00,3136.96,3141.61,3131.75,3140.7,2402.7401258
2026-01-04 14:00:00,3140.7,3143.14,3131.7,3137.3,3663.7546733
2026-01-04 15:00:00,3137.31,3139.65,3117.88,3135.4,4099.5360394
2026-01-04 16:00:00,3135.4,3139.89,3131.11,3139.03,3676.698128
2026-01-04 17:00:00,3139.03,3143.6,3135.83,3137.43,2613.315678
2026-01-04 18:00:00,3137.44,3137.91,3122.92,3134.89,3343.86887236
2026-01-04 19:00:00,3134.89,3134.99,3119.0,3132.71,4973.9931795
2026-01-04 20:00:00,3132.71,3143.12,3130.8,3141.99,2531.1862432
2026-01-04 21:00:00,3142.0,3155.6,3137.41,3145.5,3322.8067068
2026-01-04 22:00:00,3145.49,3150.41,3136.41,3139.69,2661.8379465
2026-01-04 23:00:00,3139.53,3153.75,3134.69,3145.06,6816.9126924
2026-01-05 00:00:00,3144.85,3175.47,3143.78,3167.7,15508.5385824
2026-01-05 01:00:00,3168.26,3220.7,3163.55,3197.53,18229.4231657
2026-01-05 02:00:00,3197.73,3204.47,3182.76,3192.81,7262.8027099
2026-01-05 03:00:00,3193.0,3197.54,3184.66,3185.9,3799.2176518
2026-01-05 04:00:00,3185.9,3188.28,3157.67,3167.07,7443.37200086
2026-01-05 05:00:00,3167.07,3169.56,3147.99,3149.8,5318.45618699
2026-01-05 06:00:00,3149.79,3158.89,3135.4,3157.51,6050.7980122
2026-01-05 07:00:00,3157.51,3163.26,3155.38,3157.7,2562.8698428
2026-01-05 08:00:00,3157.71,3171.99,3155.71,3163.51,4158.6841845
2026-01-05 09:00:00,3163.51,3175.46,3153.52,3168.2,6126.2416304
2026-01-05 10:00:00,3168.21,3179.06,3162.49,3173.1,5255.3022145
2026-01-05 11:00:00,3173.16,3183.62,3168.12,3180.24,4245.7759691
2026-01-05 12:00:00,3180.24,3183.8,3166.1,3170.62,4336.8942536
2026-01-05 13:00:00,3170.62,3175.55,3143.46,3154.4,8167.1456571
2026-01-05 14:00:00,3154.41,3178.21,3135.27,3166.76,18951.4288959
2026-01-05 15:00:00,3166.84,3205.35,3152.6,3195.81,14839.2704913
2026-01-05 16:00:00,3195.73,3202.46,3172.76,3183.88,6278.6997547
2026-01-05 17:00:00,3184.37,3229.31,3159.42,3213.22,10129.1488539
2026-01-05 18:00:00,3213.23,3228.96,3186.1,3228.01,8483.5905513
2026-01-05 19:00:00,3228.32,3228.58,3214.82,3223.31,6086.1128024
2026-01-05 20:00:00,3223.31,3265.6,3219.95,3241.42,12130.49841409
2026-01-05 21:00:00,3242.43,3248.11,3231.64,3238.33,4801.8122449
2026-01-05 22:00:00,3238.33,3249.55,3230.65,3240.02,3326.2392207
2026-01-05 23:00:00,3240.03,3241.42,3225.28,3225.28,3613.0723804
2026-01-06 00:00:00,3225.29,3231.11,3203.35,3216.38,4945.9804706
2026-01-06 01:00:00,3216.37,3247.51,3215.81,3218.12,5304.2620357
2026-01-06 02:00:00,3218.13,3224.22,3208.92,3217.22,4200.1111407
2026-01-06 03:00:00,3217.22,3233.6,3214.33,3224.94,3690.9700223
2026-01-06 04:00:00,3224.95,3233.61,3222.92,3222.92,2385.4515847
2026-01-06 05:00:00,3222.92,3229.25,3216.96,3218.52,2932.8540166
2026-01-06 06:00:00,3218.52,3253.31,3218.02,3241.14,4892.2224086
2026-01-06 07:00:00,3241.14,3242.96,3211.01,3219.35,4353.76763636
2026-01-06 08:00:00,3219.36,3228.54,3214.68,3220.03,3237.9018036
2026-01-06 09:00:00,3220.02,3229.19,3217.57,3223.19,2736.5634514
2026-01-06 10:00:00,3223.19,3231.75,3221.46,3228.95,2408.0470603
2026-01-06 11:00:00,3228.96,3242.81,3227.25,3237.94,3833.2581896
2026-01-06 12:00:00,3237.95,3245.42,3236.03,3238.88,2379.0863474
2026-01-06 13:00:00,3238.65,3239.45,3229.56,3238.25,3140.1856606
2026-01-06 14:00:00,3238.25,3308.43,3238.25,3277.92,21684.2896307
2026-01-06 15:00:00,3278.13,3302.0,3260.79,3272.32,11609.8219909
2026-01-06 16:00:00,3272.31,3279.14,3234.0,3252.02,11966.5528856
2026-01-06 17:00:00,3252.02,3260.0,3190.07,3196.38,13345.6770357
2026-01-06 18:00:00,3195.9,3232.75,3183.02,3218.9,11654.0856276
2026-01-06 19:00:00,3219.34,3229.89,3213.45,3223.61,4331.3398926
2026-01-06 20:00:00,3223.62,3250.83,3223.3,3241.99,4776.0787115
2026-01-06 21:00:00,3241.71,3300.69,3238.57,3276.11,11277.574375
2026-01-06 22:00:00,3276.11,3290.48,3265.42,3277.34,4209.9887025
2026-01-06 23:00:00,3277.64,3301.42,3276.28,3296.84,4521.4051891
2026-01-07 00:00:00,3296.84,3296.84,3255.42,3258.39,5156.3303031
2026-01-07 01:00:00,3257.93,3272.28,3239.28,3245.35,6498.5314146
2026-01-07 02:00:00,3245.35,3274.06,3239.92,3270.12,5645.2183535
2026-01-07 03:00:00,3270.12,3282.18,3265.08,3266.97,2828.0341618
2026-01-07 04:00:00,3266.97,3272.02,3253.41,3256.61,3922.3242206
2026-01-07 05:00:00,3256.33,3262.58,3246.95,3248.64,3150.3697477
2026-01-07 06:00:00,3248.64,3259.97,3248.08,3251.5,2663.9589175
2026-01-07 07:00:00,3251.49,3262.82,3251.05,3255.09,1988.1885013
2026-01-07 08:00:00,3255.34,3263.4,3252.8,3254.69,2258.9863912
2026-01-07 09:00:00,3254.69,3254.99,3198.86,3200.2,11450.541141
2026-01-07 10:00:00,3200.19,3222.09,3196.31,3218.43,4672.8243151
2026-01-07 11:00:00,3218.43,3227.71,3216.9,3220.79,3276.9567557
2026-01-07 12:00:00,3220.52,3222.66,3211.28,3213.43,2769.2452346
2026-01-07 13:00:00,3213.35,3229.08,3202.21,3212.15,4407.6964025
2026-01-07 14:00:00,3212.16,3212.16,3168.55,3191.56,13697.4596853
2026-01-07 15:00:00,3191.65,3193.25,3144.44,3164.7,19134.2012259
2026-01-07 16:00:00,3164.71,3179.58,3149.96,3157.37,7610.7014478
2026-01-07 17:00:00,3157.51,3171.25,3146.24,3152.03,5562.1651882
2026-01-07 18:00:00,3152.03,3165.27,3133.7,3146.59,9234.2256852
2026-01-07 19:00:00,3146.23,3155.61,3125.32,3145.99,9028.0828866
2026-01-07 20:00:00,3145.99,3151.37,3127.88,3139.22,5874.8837343
2026-01-07 21:00:00,3139.16,3152.73,3138.52,3150.18,3012.4485273
2026-01-07 22:00:00,3150.07,3166.15,3143.83,3153.11,3008.5809241
2026-01-07 23:00:00,3153.12,3181.64,3143.67,3168.65,6764.0286544
2026-01-08 00:00:00,3168.78,3175.42,3155.2,3170.57,3284.9286165
2026-01-08 01:00:00,3170.57,3181.37,3168.26,3175.74,2751.3114242
2026-01-08 02:00:00,3175.74,3184.64,3148.48,3159.2,5079.9254345
2026-01-08 03:00:00,3159.4,3167.0,3133.28,3142.68,5117.0005313
2026-01-08 04:00:00,3142.69,3158.83,3139.05,3154.09,4058.6408656
2026-01-08 05:00:00,3154.1,3161.42,3142.01,3143.67,3144.2941237
2026-01-08 06:00:00,3143.67,3146.2,3104.3,3105.19,9768.7784959
2026-01-08 07:00:00,3105.19,3132.8,3090.0,3128.17,8699.0178592
2026-01-08 08:00:00,3128.18,3137.01,3113.6,3116.9,3672.6371687
2026-01-08 09:00:00,3117.0,3124.14,3105.32,3111.88,5110.2017043
2026-01-08 10:00:00,3111.89,3132.69,3096.9,3128.18,5066.4998537
2026-01-08 11:00:00,3128.18,3131.43,3112.45,3121.16,5763.0992344
2026-01-08 12:00:00,3121.16,3121.52,3085.74,3095.77,9186.2521017
2026-01-08 13:00:00,3095.77,3102.92,3091.01,3097.09,4525.5075933
2026-01-08 14:00:00,3097.08,3097.08,3054.93,3077.25,19984.243662
2026-01-08 15:00:00,3077.38,3112.63,3067.22,3104.76,16481.70760157
2026-01-08 16:00:00,3104.51,3123.57,3090.15,3122.45,9157.9084722
2026-01-08 17:00:00,3122.29,3139.26,3110.39,3134.66,8152.88343837
2026-01-08 18:00:00,3134.98,3135.54,3115.23,3120.12,5580.0482217
2026-01-08 19:00:00,3120.12,3128.89,3104.13,3111.57,4416.1355631
2026-01-08 20:00:00,3111.56,3111.56,3089.08,3107.92,6432.649496
2026-01-08 21:00:00,3107.49,3123.22,3107.26,3119.11,3134.8893659
2026-01-08 22:00:00,3118.81,3130.04,3107.69,3119.18,2687.4606216
2026-01-08 23:00:00,3119.19,3121.96,3105.99,3106.4,2717.1383646
2026-01-09 00:00:00,3106.69,3117.92,3104.37,3115.63,2294.6468941
2026-01-09 01:00:00,3115.87,3148.09,3081.43,3105.6,8596.4890385
2026-01-09 02:00:00,3105.65,3126.04,3103.34,3109.32,4238.1593168
2026-01-09 03:00:00,3109.33,3121.32,3103.07,3119.79,3015.9364921
2026-01-09 04:00:00,3119.79,3123.97,3112.7,3117.01,2367.0702779
2026-01-09 05:00:00,3116.68,3121.04,3113.74,3118.45,2339.3833576
2026-01-09 06:00:00,3118.46,3125.65,3117.72,3123.72,1797.6273913
2026-01-09 07:00:00,3123.37,3123.82,3110.47,3111.16,3458.772611
2026-01-09 08:00:00,3111.16,3115.25,3067.45,3082.84,9814.7168663
2026-01-09 09:00:00,3082.83,3100.95,3082.03,3092.18,5917.3384131
2026-01-09 10:00:00,3092.38,3099.15,3088.28,3096.97,3430.7266265
2026-01-09 11:00:00,3096.97,3104.62,3088.48,3090.41,2561.1987243
2026-01-09 12:00:00,3090.42,3096.26,3082.15,3084.47,2816.6529599
2026-01-09 13:00:00,3084.59,3111.09,3083.53,3098.72,7351.71797914
2026-01-09 14:00:00,3098.5,3098.73,3061.68,3078.98,9875.1408619
2026-01-09 15:00:00,3078.98,3143.07,3058.65,3112.02,19230.5771487
2026-01-09 16:00:00,3112.11,3145.63,3110.95,3133.54,9503.4676771
2026-01-09 17:00:00,3133.59,3135.06,3104.64,3114.38,6031.4274021
2026-01-09 18:00:00,3114.26,3118.74,3073.72,3094.95,8078.3666856
2026-01-09 19:00:00,3094.92,3094.92,3069.0,3080.16,6328.9716573
2026-01-09 20:00:00,3080.16,3091.44,3071.08,3073.6,5069.5532172
2026-01-09 21:00:00,3073.59,3093.5,3065.54,3086.19,3315.4694231
2026-01-09 22:00:00,3086.07,3089.0,3074.37,3086.19,2431.53625
2026-01-09 23:00:00,3086.19,3093.38,3083.79,3088.25,1326.4614532
2026-01-10 00:00:00,3088.26,3089.87,3081.66,3083.15,1325.146586
2026-01-10 01:00:00,3083.15,3091.36,3083.15,3089.89,1193.1155857
2026-01-10 02:00:00,3089.9,3094.63,3083.31,3088.04,839.7776755
2026-01-10 03:00:00,3088.04,3088.93,3080.03,3086.56,941.9312907
2026-01-10 04:00:00,3086.56,3087.48,3078.52,3079.84,1243.3144225
2026-01-10 05:00:00,3079.85,3087.64,3079.85,3086.57,763.4686294
2026-01-10 06:00:00,3086.58,3088.47,3083.41,3087.04,627.6540108
2026-01-10 07:00:00,3087.04,3093.39,3087.03,3092.64,1126.6174165
2026-01-10 08:00:00,3092.64,3092.96,3087.4,3089.98,743.5453255
2026-01-10 09:00:00,3089.99,3098.99,3089.6,3095.98,932.1063789
2026-01-10 10:00:00,3095.98,3103.32,3094.26,3103.03,1629.9412267
2026-01-10 11:00:00,3102.9,3103.36,3094.76,3096.78,861.087658
2026-01-10 12:00:00,3096.78,3103.36,3093.73,3099.22,1223.7995702
2026-01-10 13:00:00,3099.23,3099.23,3093.35,3094.88,511.0302376
2026-01-10 14:00:00,3094.88,3096.37,3088.9,3091.65,1243.1830789
2026-01-10 15:00:00,3091.66,3096.37,3091.66,3095.57,619.4847945
2026-01-10 16:00:00,3095.57,3097.57,3092.06,3095.38,624.76734743
2026-01-10 17:00:00,3095.39,3098.89,3091.94,3092.95,532.1562634
2026-01-10 18:00:00,3092.95,3094.13,3090.62,3092.93,562.5502454
2026-01-10 19:00:00,3092.94,3093.93,3090.27,3092.16,348.1007307
2026-01-10 20:00:00,3092.16,3093.47,3089.02,3089.77,670.11427602
2026-01-10 21:00:00,3089.78,3090.09,3085.01,3086.24,960.3394661
2026-01-10 22:00:00,3086.25,3089.53,3078.71,3080.69,1622.1956381
2026-01-10 23:00:00,3080.38,3089.47,3080.11,3086.61,1521.3241484
2026-01-11 00:00:00,3086.61,3092.74,3084.71,3091.92,1251.6028162
2026-01-11 01:00:00,3091.92,3095.34,3089.67,3095.34,572.63388824
2026-01-11 02:00:00,3095.35,3097.35,3091.99,3092.64,868.5881109
2026-01-11 03:00:00,3092.65,3097.38,3091.98,3097.06,801.3618733
2026-01-11 04:00:00,3097.06,3099.0,3094.98,3098.26,852.1616164
2026-01-11 05:00:00,3098.26,3102.0,3096.19,3099.29,713.0757949
2026-01-11 06:00:00,3099.29,3100.78,3089.71,3097.2,1184.9691978
2026-01-11 07:00:00,3097.2,3098.26,3092.67,3095.38,485.3388337
2026-01-11 08:00:00,3095.38,3108.13,3092.81,3103.16,1077.4493327
2026-01-11 09:00:00,3103.41,3109.39,3100.78,3104.4,965.4862499
2026-01-11 10:00:00,3104.41,3108.36,3102.29,3107.73,800.2984518
2026-01-11 11:00:00,3107.73,3107.73,3103.19,3104.96,607.8254488
2026-01-11 12:00:00,3105.25,3117.13,3104.91,3114.1,1877.7249779
2026-01-11 13:00:00,3114.1,3116.34,3107.06,3109.6,1538.3300694
2026-01-11 14:00:00,3109.6,3129.16,3109.59,3125.08,2077.8759265
2026-01-11 15:00:00,3125.47,3131.02,3110.2,3118.0,3515.7425364
2026-01-11 16:00:00,3118.01,3147.32,3115.46,3129.59,6864.3609451
2026-01-11 17:00:00,3129.6,3133.79,3118.2,3126.92,1785.95598423
2026-01-11 18:00:00,3126.92,3134.05,3120.61,3129.46,1638.6942132
2026-01-11 19:00:00,3129.47,3132.9,3118.86,3124.35,1480.2526661
2026-01-11 20:00:00,3124.36,3124.36,3101.92,3115.13,3717.9591746
2026-01-11 21:00:00,3115.13,3125.93,3107.69,3121.09,2817.0761514
2026-01-11 22:00:00,3121.08,3121.08,3106.27,3109.59,2753.1357768
2026-01-11 23:00:00,3109.54,3125.63,3092.53,3123.09,5527.8508863
2026-01-12 00:00:00,3123.49,3127.77,3097.36,3120.19,6100.8752296
2026-01-12 01:00:00,3120.29,3137.49,3113.91,3124.92,6522.1678824
2026-01-12 02:00:00,3124.92,3167.8,3122.57,3157.37,8715.1290437
2026-01-12 03:00:00,3157.69,3171.54,3151.52,3152.4,4893.081142
2026-01-12 04:00:00,3152.4,3163.62,3148.91,3159.21,2094.8181641
2026-01-12 05:00:00,3159.21,3166.92,3155.51,3158.9,1816.0215231
2026-01-12 06:00:00,3158.91,3166.03,3152.63,3154.8,1787.6006455
2026-01-12 07:00:00,3154.81,3161.43,3133.51,3135.3,3604.70396774
2026-01-12 08:00:00,3135.3,3147.65,3101.53,3115.56,8056.8651396
2026-01-12 09:00:00,3115.37,3124.83,3110.75,3116.37,3962.2433852
2026-01-12 10:00:00,3116.37,3119.99,3104.17,3106.86,3286.2507434
2026-01-12 11:00:00,3106.86,3121.52,3106.42,3115.41,3024.1862044
2026-01-12 12:00:00,3115.41,3122.73,3112.6,3117.12,2050.2610323
2026-01-12 13:00:00,3117.12,3120.22,3105.71,3109.26,2920.089253
2026-01-12 14:00:00,3109.26,3118.25,3066.0,3105.33,14420.2976533
2026-01-12 15:00:00,3105.16,3133.31,3092.93,3130.41,10975.5172638
2026-01-12 16:00:00,3130.27,3146.54,3120.59,3130.23,9446.4216826
2026-01-12 17:00:00,3130.73,3137.05,3084.01,3104.92,8941.792155
2026-01-12 18:00:00,3104.92,3119.57,3095.61,3108.32,5969.4233012
2026-01-12 19:00:00,3108.22,3122.08,3096.71,3121.9,3109.07174176
2026-01-12 20:00:00,3121.77,3127.85,3099.96,3103.28,3949.5958573
2026-01-12 21:00:00,3102.71,3106.83,3084.46,3091.93,3610.6271344
2026-01-12 22:00:00,3091.94,3107.48,3091.94,3095.72,2858.7872487
2026-01-12 23:00:00,3095.72,3098.85,3088.6,3095.57,2053.0819584
2026-01-13 00:00:00,3095.58,3109.98,3093.46,3108.74,2727.1994397
2026-01-13 01:00:00,3108.74,3114.41,3091.93,3097.73,3490.7773348
2026-01-13 02:00:00,3097.74,3108.29,3097.74,3101.47,2265.6331176
2026-01-13 03:00:00,3101.47,3119.04,3101.06,3116.15,3289.9221644
2026-01-13 04:00:00,3116.16,3123.44,3112.43,3122.32,2156.4164639
2026-01-13 05:00:00,3122.33,3146.6,3121.38,3131.59,4123.3023056
2026-01-13 06:00:00,3131.59,3137.54,3123.32,3134.34,2568.4772201
2026-01-13 07:00:00,3134.88,3135.4,3122.02,3122.02,1832.1734356
2026-01-13 08:00:00,3122.02,3137.98,3122.02,3135.93,1802.3422933
2026-01-13 09:00:00,3135.93,3148.58,3129.17,3138.61,4765.290783
2026-01-13 10:00:00,3138.62,3141.92,3130.0,3134.66,2123.0190865
2026-01-13 11:00:00,3134.66,3139.12,3131.38,3133.9,2223.5312846
2026-01-13 12:00:00,3133.9,3137.98,3129.93,3135.06,1870.9826363
2026-01-13 13:00:00,3135.07,3160.59,3130.22,3142.76,12123.4321078
2026-01-13 14:00:00,3142.76,3165.74,3130.17,3145.38,9755.4696061
2026-01-13 15:00:00,3144.94,3188.77,3133.07,3184.49,10134.8994043
2026-01-13 16:00:00,3184.39,3196.42,3171.98,3180.67,8406.3738705
2026-01-13 17:00:00,3180.83,3187.61,3172.74,3180.1,5410.9258649
2026-01-13 18:00:00,3180.09,3214.34,3177.96,3200.99,6499.6516684
2026-01-13 19:00:00,3201.0,3218.32,3191.45,3215.93,4193.9651036
2026-01-13 20:00:00,3215.94,3220.03,3190.6,3204.72,5628.1723412
2026-01-13 21:00:00,3204.42,3217.67,3199.89,3209.73,4758.8477001
2026-01-13 22:00:00,3209.73,3378.67,3209.73,3330.03,21126.46339862
2026-01-13 23:00:00,3330.57,3346.87,3314.32,3325.34,5900.85811808
2026-01-14 00:00:00,3325.34,3336.2,3315.2,3324.01,4007.8495894
2026-01-14 01:00:00,3324.01,3344.5,3321.21,3336.35,4367.4278887
2026-01-14 02:00:00,3336.35,3357.07,3320.45,3326.39,4396.6355172
2026-01-14 03:00:00,3326.39,3352.21,3321.04,3351.87,2034.7955235
2026-01-14 04:00:00,3351.88,3364.62,3336.1,3339.06,2883.5087133
2026-01-14 05:00:00,3339.05,3339.39,3325.56,3330.76,2011.1032854
2026-01-14 06:00:00,3330.49,3335.38,3321.91,3334.12,1866.3394342
2026-01-14 07:00:00,3334.27,3342.55,3327.6,3335.84,1705.2715264
2026-01-14 08:00:00,3335.84,3342.67,3327.36,3327.56,1346.4274745
2026-01-14 09:00:00,3327.3,3335.08,3324.67,3327.64,1233.1230728
2026-01-14 10:00:00,3327.85,3333.14,3304.6,3312.82,2103.653796
2026-01-14 11:00:00,3312.82,3313.45,3282.44,3286.17,3109.96992529
2026-01-14 12:00:00,3286.16,3299.12,3280.41,3296.28,2022.7496564
2026-01-14 13:00:00,3296.29,3307.64,3289.39,3303.06,3789.5644818
2026-01-14 14:00:00,3303.07,3358.09,3302.02,3349.18,9478.7042317
2026-01-14 15:00:00,3349.15,3362.67,3327.64,3345.86,8313.4038444
2026-01-14 16:00:00,3345.86,3403.59,3345.42,3370.2,8775.8155427
2026-01-14 17:00:00,3369.95,3381.08,3338.32,3342.39,6095.9906326
2026-01-14 18:00:00,3342.38,3354.29,3315.61,3339.3,5635.5229493
2026-01-14 19:00:00,3339.29,3401.02,3331.97,3367.31,6162.8567668
2026-01-14 20:00:00,3367.36,3392.84,3361.73,3383.35,4690.9377743
2026-01-14 21:00:00,3383.48,3383.48,3357.51,3372.96,3196.6819637
2026-01-14 22:00:00,3372.96,3374.62,3347.75,3349.08,2639.1467983
2026-01-14 23:00:00,3349.1,3369.4,3349.1,3354.52,2245.6285212
2026-01-15 00:00:00,3354.53,3355.77,3325.03,3330.91,3054.6800706
2026-01-15 01:00:00,3331.42,3342.85,3317.5,3325.07,2722.4611927
2026-01-15 02:00:00,3325.01,3332.45,3305.71,3313.99,2998.0188361
2026-01-15 03:00:00,3313.99,3321.6,3278.1,3286.59,4696.28865973
2026-01-15 04:00:00,3286.59,3308.44,3284.64,3304.97,2247.678115963115
2026-01-15 05:00:00,3305.21,3315.75,3302.84,3311.31,2310.2839849
2026-01-15 06:00:00,3311.17,3323.82,3309.98,3315.92,2096.7418053
2026-01-15 07:00:00,3315.93,3335.37,3314.76,3330.28,2092.9312874
2026-01-15 08:00:00,3330.29,3338.78,3320.47,3336.82,2138.9741219
2026-01-15 09:00:00,3336.59,3374.51,3330.32,3365.71,4090.957542
2026-01-15 10:00:00,3366.02,3378.22,3357.71,3364.08,2296.6855687
2026-01-15 11:00:00,3364.08,3365.89,3347.2,3349.63,1879.4714049
2026-01-15 12:00:00,3349.49,3370.9,3344.03,3369.32,2302.2204889
2026-01-15 13:00:00,3368.94,3385.04,3356.91,3371.16,2501.20134
2026-01-15 14:00:00,3371.17,3382.52,3322.33,3342.28,7950.0731657
2026-01-15 15:00:00,3341.97,3357.95,3285.29,3330.98,11149.4436181
2026-01-15 16:00:00,3330.94,3335.52,3310.16,3330.68,5830.6495482
2026-01-15 17:00:00,3330.67,3337.59,3297.13,3301.47,5688.7277797
2026-01-15 18:00:00,3301.46,3307.54,3273.72,3288.45,6095.6867652
2026-01-15 19:00:00,3288.45,3301.94,3276.9,3295.82,5351.8080491
2026-01-15 20:00:00,3295.68,3307.13,3276.84,3287.59,4318.3860155
2026-01-15 21:00:00,3288.8,3305.72,3284.4,3299.1,1960.6962238
2026-01-15 22:00:00,3299.1,3319.27,3296.2,3309.67,1962.7206922
2026-01-15 23:00:00,3308.74,3323.03,3301.83,3318.62,2315.3558956
2026-01-16 00:00:00,3318.62,3326.68,3315.96,3316.95,1620.4660508
2026-01-16 01:00:00,3317.23,3321.61,3301.49,3314.0,1848.549698
2026-01-16 02:00:00,3314.01,3314.01,3291.74,3303.03,2229.78335475
2026-01-16 03:00:00,3303.67,3307.99,3295.57,3295.58,1115.3465146
2026-01-16 04:00:00,3295.58,3304.58,3276.62,3288.18,2385.4260286
2026-01-16 05:00:00,3288.17,3316.02,3284.43,3309.22,2404.7431996
2026-01-16 06:00:00,3309.22,3316.9,3302.62,3314.02,1602.4834855
2026-01-16 07:00:00,3314.03,3315.83,3301.85,3309.38,1399.4954781
2026-01-16 08:00:00,3309.48,3319.81,3308.6,3313.23,1628.23189757
2026-01-16 09:00:00,3313.3,3316.73,3307.09,3307.38,889.9963953
2026-01-16 10:00:00,3307.38,3308.69,3294.53,3297.53,1473.2222474
2026-01-16 11:00:00,3297.78,3306.49,3293.61,3301.81,1488.6209923
2026-01-16 12:00:00,3301.92,3314.2,3300.52,3308.78,1567.7918145
2026-01-16 13:00:00,3308.79,3310.32,3295.74,3307.84,1719.2745476
2026-01-16 14:00:00,3307.84,3318.27,3290.51,3294.08,4450.8409092
2026-01-16 15:00:00,3294.04,3311.36,3253.0,3264.4,9538.7948658
2026-01-16 16:00:00,3264.15,3288.03,3259.89,3278.96,5726.7352355
2026-01-16 17:00:00,3279.09,3286.58,3266.5,3284.21,3135.9232582
2026-01-16 18:00:00,3284.24,3288.41,3277.95,3279.04,2066.2295048
2026-01-16 19:00:00,3279.04,3279.36,3269.01,3276.66,1850.3760103
2026-01-16 20:00:00,3276.78,3294.05,3264.32,3292.73,2472.3032159
2026-01-16 21:00:00,3292.88,3299.03,3288.69,3294.05,1564.2817244
2026-01-16 22:00:00,3294.06,3295.13,3282.94,3293.95,1386.2976708
2026-01-16 23:00:00,3293.95,3300.01,3292.49,3296.3,1272.550678
2026-01-17 00:00:00,3296.29,3297.53,3290.0,3292.67,1073.1033307
2026-01-17 01:00:00,3292.68,3295.73,3287.93,3290.66,714.1660597
2026-01-17 02:00:00,3290.66,3292.6,3283.99,3292.3,899.3057862
2026-01-17 03:00:00,3292.24,3292.27,3287.89,3289.38,477.0247485
2026-01-17 04:00:00,3289.3,3292.51,3286.3,3292.21,421.3412497
2026-01-17 05:00:00,3292.11,3294.14,3289.72,3291.52,441.0529995
2026-01-17 06:00:00,3291.53,3293.39,3287.2,3291.57,439.6665017
2026-01-17 07:00:00,3291.37,3292.45,3287.35,3291.18,384.5824918
2026-01-17 08:00:00,3291.18,3296.43,3289.08,3296.11,704.637241
2026-01-17 09:00:00,3296.12,3303.78,3293.64,3298.66,922.6930864
2026-01-17 10:00:00,3298.66,3300.74,3295.2,3296.35,386.0498713
2026-01-17 11:00:00,3296.36,3305.03,3292.43,3302.72,560.7341593
2026-01-17 12:00:00,3302.72,3306.44,3300.48,3302.74,650.41099847
2026-01-17 13:00:00,3302.75,3304.51,3299.73,3303.81,448.9957167
2026-01-17 14:00:00,3303.82,3311.91,3301.56,3310.56,975.259092
2026-01-17 15:00:00,3310.56,3329.74,3308.39,3329.74,2450.6028773
2026-01-17 16:00:00,3329.74,3329.94,3312.51,3319.43,2297.8382163
2026-01-17 17:00:00,3319.43,3327.97,3317.35,3319.35,613.3569209
2026-01-17 18:00:00,3319.35,3320.79,3314.87,3318.0,819.905555
2026-01-17 19:00:00,3318.01,3321.13,3314.55,3316.34,526.6472361
2026-01-17 20:00:00,3316.35,3320.22,3314.89,3317.46,510.591948
2026-01-17 21:00:00,3317.45,3317.48,3307.34,3312.61,747.868041
2026-01-17 22:00:00,3312.62,3312.62,3297.06,3301.93,1457.19764802
2026-01-17 23:00:00,3301.93,3310.58,3301.27,3310.47,687.129012
2026-01-18 00:00:00,3310.47,3314.38,3303.28,3304.74,701.2396613
2026-01-18 01:00:00,3304.74,3306.84,3296.45,3301.06,1235.7710295
2026-01-18 02:00:00,3301.07,3305.88,3296.72,3303.33,1005.3263587
2026-01-18 03:00:00,3303.33,3319.38,3303.33,3316.1,977.7393064
2026-01-18 04:00:00,3316.11,3318.08,3309.51,3312.06,684.6732749
2026-01-18 05:00:00,3312.06,3318.13,3311.13,3316.23,604.2319945
2026-01-18 06:00:00,3316.23,3318.0,3312.21,3315.84,377.0216556
2026-01-18 07:00:00,3315.84,3315.84,3306.34,3307.19,543.8875006
2026-01-18 08:00:00,3307.19,3316.72,3303.45,3315.43,468.0316227
2026-01-18 09:00:00,3315.43,3325.13,3314.42,3323.17,774.3455944
2026-01-18 10:00:00,3323.18,3325.9,3318.45,3325.77,571.2378719
2026-01-18 11:00:00,3325.77,3325.77,3318.02,3322.03,511.47971875
2026-01-18 12:00:00,3322.04,3327.15,3318.71,3322.5,378.63794574
2026-01-18 13:00:00,3322.5,3330.28,3314.61,3326.09,1197.9281111
2026-01-18 14:00:00,3326.1,3347.59,3322.71,3325.02,2572.7806711
2026-01-18 15:00:00,3324.9,3335.35,3319.2,3333.9,1066.9792991
2026-01-18 16:00:00,3333.91,3337.99,3329.5,3333.67,1136.3709166
2026-01-18 17:00:00,3333.67,3346.07,3332.51,3345.16,880.1958542
2026-01-18 18:00:00,3345.17,3368.85,3337.15,3361.67,3058.9128517
2026-01-18 19:00:00,3361.67,3365.63,3344.2,3346.43,1294.5971834
2026-01-18 20:00:00,3346.59,3352.38,3337.86,3341.14,1045.7894241
2026-01-18 21:00:00,3341.14,3346.26,3337.12,3341.76,589.9350218
2026-01-18 22:00:00,3341.76,3356.25,3340.14,3350.59,1032.8410757
2026-01-18 23:00:00,3350.59,3350.59,3278.91,3283.98,9608.0673769
2026-01-19 00:00:00,3283.98,3284.56,3178.31,3212.71,26604.38183014
2026-01-19 01:00:00,3212.49,3221.4,3194.93,3206.31,5427.2126991
2026-01-19 02:00:00,3206.9,3216.24,3194.02,3204.58,2820.00322337
2026-01-19 03:00:00,3204.58,3213.0,3195.48,3212.0,1954.921443
2026-01-19 04:00:00,3212.0,3217.51,3205.55,3212.87,2174.208116
2026-01-19 05:00:00,3212.88,3215.53,3196.23,3202.95,2826.5858844
2026-01-19 06:00:00,3202.96,3204.61,3187.96,3195.63,2160.5282487
2026-01-19 07:00:00,3195.65,3209.28,3195.65,3207.14,1138.6470871
2026-01-19 08:00:00,3207.14,3221.94,3197.47,3214.31,2944.3021982
2026-01-19 09:00:00,3214.32,3214.9,3205.52,3209.31,1832.0760295
2026-01-19 10:00:00,3209.49,3216.57,3205.87,3215.45,1379.8388944
2026-01-19 11:00:00,3215.55,3231.44,3213.34,3224.16,1949.85911342
2026-01-19 12:00:00,3224.16,3235.96,3219.83,3225.03,1997.4304472
2026-01-19 13:00:00,3225.03,3225.68,3213.21,3218.1,1371.1440529
2026-01-19 14:00:00,3218.3,3219.58,3202.92,3212.82,2573.9258929
2026-01-19 15:00:00,3212.99,3220.7,3210.11,3216.25,1757.6109796
2026-01-19 16:00:00,3216.25,3227.1,3212.74,3223.16,1989.8820988
2026-01-19 17:00:00,3223.17,3226.0,3217.08,3220.03,1264.8785409
2026-01-19 18:00:00,3220.03,3220.84,3208.5,3214.85,1233.5331399
2026-01-19 19:00:00,3214.86,3224.47,3214.85,3219.6,914.9259641
2026-01-19 20:00:00,3219.61,3225.4,3212.12,3214.02,1288.48626434
2026-01-19 21:00:00,3214.02,3221.46,3210.3,3212.74,1150.0167748
2026-01-19 22:00:00,3212.75,3214.52,3186.12,3188.94,2556.2936383
2026-01-19 23:00:00,3188.95,3197.89,3165.89,3189.51,4278.6732812
2026-01-20 00:00:00,3189.51,3200.3,3176.86,3184.16,3001.8637427
2026-01-20 01:00:00,3184.05,3199.21,3175.71,3193.04,3044.83930783
2026-01-20 02:00:00,3193.31,3200.84,3179.27,3192.75,3593.4192794
2026-01-20 03:00:00,3192.94,3194.95,3184.25,3188.12,1895.1741049
2026-01-20 04:00:00,3188.7,3189.26,3168.6,3172.79,2410.3081866
2026-01-20 05:00:00,3172.79,3175.3,3152.47,3171.61,6006.9503006
2026-01-20 06:00:00,3171.61,3172.33,3109.74,3116.99,8513.12525944
2026-01-20 07:00:00,3116.98,3131.39,3112.02,3123.21,3983.4911432
2026-01-20 08:00:00,3123.21,3123.59,3085.65,3107.11,7913.6645951
2026-01-20 09:00:00,3106.8,3108.69,3088.28,3094.07,3360.2850597
2026-01-20 10:00:00,3094.08,3108.55,3091.12,3102.97,2873.4496401
2026-01-20 11:00:00,3102.98,3113.04,3102.97,3109.54,1969.240639
2026-01-20 12:00:00,3109.66,3114.85,3102.55,3111.26,2509.5433326
2026-01-20 13:00:00,3111.27,3113.14,3074.36,3078.46,5484.0548261
2026-01-20 14:00:00,3078.95,3088.99,3034.16,3047.26,12327.788178
2026-01-20 15:00:00,3047.55,3049.89,2995.32,3033.04,13865.51307
2026-01-20 16:00:00,3032.94,3042.71,2997.82,3010.0,9369.8372499
2026-01-20 17:00:00,3008.98,3023.55,2984.4,3000.5,8087.8330216
2026-01-20 18:00:00,2999.48,3009.03,2988.01,2992.35,6008.7491863
2026-01-20 19:00:00,2991.78,3003.19,2980.23,2996.78,5536.8406954
2026-01-20 20:00:00,2996.28,3007.24,2986.25,3006.33,5744.926651
2026-01-20 21:00:00,3007.2,3007.2,2990.01,2993.77,2692.41625429
2026-01-20 22:00:00,2993.46,2999.09,2921.19,2951.16,7593.1911692
2026-01-20 23:00:00,2951.56,2952.43,2930.56,2939.92,6060.36659669
2026-01-21 00:00:00,2939.92,2969.77,2922.0,2960.22,6198.5444089
2026-01-21 01:00:00,2960.22,2974.18,2955.34,2965.18,5110.0937375
2026-01-21 02:00:00,2965.18,2975.31,2958.09,2961.55,3830.4122192
2026-01-21 03:00:00,2961.55,2984.11,2961.27,2981.62,3420.878686
2026-01-21 04:00:00,2981.62,2985.47,2974.93,2979.47,2530.8745098
2026-01-21 05:00:00,2979.47,3002.24,2977.88,2993.1,3340.4845404
2026-01-21 06:00:00,2993.26,2993.68,2975.34,2980.37,2320.0182276
2026-01-21 07:00:00,2980.37,2985.72,2966.29,2971.24,3077.3032515
2026-01-21 08:00:00,2970.9,2974.44,2956.21,2965.5,3744.851674
2026-01-21 09:00:00,2965.51,2974.93,2949.6,2954.06,2765.60015429
2026-01-21 10:00:00,2954.06,2970.05,2952.23,2964.06,1697.5475445
2026-01-21 11:00:00,2963.9,2971.69,2938.73,2943.69,3317.718957
2026-01-21 12:00:00,2943.32,2946.22,2902.71,2931.1,9050.9527583
2026-01-21 13:00:00,2931.5,2945.68,2920.51,2928.19,5665.8175749
2026-01-21 14:00:00,2928.1,2995.81,2924.64,2981.0,14979.49313792
2026-01-21 15:00:00,2981.06,3026.31,2975.03,3002.74,13294.7922432
2026-01-21 16:00:00,3002.74,3005.26,2886.3,2891.34,14530.3110372
2026-01-21 17:00:00,2891.62,2914.36,2866.61,2903.88,15972.2158066
2026-01-21 18:00:00,2903.89,2934.22,2888.11,2927.58,10046.1704703
2026-01-21 19:00:00,2927.42,3069.02,2916.62,3055.16,16401.9417884
2026-01-21 20:00:00,3055.25,3057.75,3003.68,3031.78,11442.77429799
2026-01-21 21:00:00,3031.85,3044.11,3021.2,3031.43,4412.6926832
2026-01-21 22:00:00,3031.43,3044.88,3009.07,3010.84,3639.5307562
2026-01-21 23:00:00,3010.41,3025.2,2972.4,2982.55,5504.4386124
2026-01-22 00:00:00,2982.55,3011.34,2980.84,3005.57,5453.3927841
2026-01-22 01:00:00,3005.46,3034.42,3002.81,3028.71,4944.3824433
2026-01-22 02:00:00,3028.72,3038.21,3015.27,3017.51,4788.6598559
2026-01-22 03:00:00,3017.51,3030.76,2998.86,3013.72,3205.6953382
2026-01-22 04:00:00,3013.72,3025.54,3011.45,3022.84,2373.8037006
2026-01-22 05:00:00,3022.84,3027.57,3014.77,3020.41,2660.4889764
2026-01-22 06:00:00,3019.92,3027.58,3009.05,3019.17,3432.6266774
2026-01-22 07:00:00,3019.17,3022.21,3000.69,3001.2,3640.7425748
2026-01-22 08:00:00,3000.91,3008.04,2992.47,3005.7,3879.4791045
2026-01-22 09:00:00,3005.7,3016.22,3003.29,3013.64,2250.2506412
2026-01-22 10:00:00,3013.63,3014.67,2999.97,3002.79,2299.0086092
2026-01-22 11:00:00,3002.72,3006.8,2978.04,2986.49,4084.6920541
2026-01-22 12:00:00,2986.5,2998.36,2978.47,2990.61,2688.5386437
2026-01-22 13:00:00,2990.74,3010.22,2962.41,2972.96,6692.9170082
2026-01-22 14:00:00,2972.7,2982.16,2935.53,2941.46,12647.7387569
2026-01-22 15:00:00,2941.26,2968.22,2905.96,2941.95,14981.8394748
2026-01-22 16:00:00,2942.05,2958.68,2924.1,2946.45,10555.4139726
2026-01-22 17:00:00,2946.44,2963.74,2935.01,2961.81,8449.5116666
2026-01-22 18:00:00,2961.81,2972.6,2938.6,2939.47,6489.5451711
2026-01-22 19:00:00,2939.48,2963.49,2928.31,2953.91,6624.7011987
2026-01-22 20:00:00,2953.77,2957.7,2930.75,2938.92,5700.8785586
2026-01-22 21:00:00,2939.01,2951.45,2933.88,2946.52,3621.3488728
2026-01-22 22:00:00,2946.28,2959.36,2943.02,2952.17,2667.4501538
2026-01-22 23:00:00,2951.87,2955.89,2940.76,2952.15,2733.4955823
2026-01-23 00:00:00,2952.64,2957.08,2946.17,2953.33,2747.3546421
2026-01-23 01:00:00,2953.42,2969.87,2953.42,2969.25,3208.2071345
2026-01-23 02:00:00,2969.06,2972.11,2952.91,2952.91,2271.0607174
2026-01-23 03:00:00,2952.92,2965.3,2952.0,2964.03,2022.9389953
2026-01-23 04:00:00,2964.29,2984.55,2963.0,2978.07,3236.8637115
2026-01-23 05:00:00,2977.94,2978.16,2964.2,2968.6,3055.5519582
2026-01-23 06:00:00,2968.6,2975.28,2937.75,2939.36,4800.2367594
2026-01-23 07:00:00,2940.01,2951.23,2934.77,2948.55,3007.4478039
2026-01-23 08:00:00,2948.56,2951.25,2922.57,2927.99,4541.857997
2026-01-23 09:00:00,2927.75,2935.31,2915.6,2921.14,3941.9148678
2026-01-23 10:00:00,2921.15,2934.55,2915.06,2930.93,3180.8359112
2026-01-23 11:00:00,2931.17,2946.74,2928.46,2940.81,2979.0542679
2026-01-23 12:00:00,2940.81,2940.81,2929.14,2934.89,2649.6277742
2026-01-23 13:00:00,2934.9,2943.95,2927.2,2930.84,3417.4575528
2026-01-23 14:00:00,2930.84,2942.18,2892.28,2916.05,10473.3945378
2026-01-23 15:00:00,2916.13,2965.0,2899.74,2952.15,13393.5480617
2026-01-23 16:00:00,2952.66,2980.09,2938.41,2967.99,10789.5954672
2026-01-23 17:00:00,2967.99,3018.86,2960.07,2987.33,11166.43333694
2026-01-23 18:00:00,2987.34,3007.41,2978.6,2988.63,7986.5404546
2026-01-23 19:00:00,2988.63,2988.63,2946.72,2959.79,8404.44344
2026-01-23 20:00:00,2959.8,2963.95,2930.35,2940.39,7776.8832366
2026-01-23 21:00:00,2940.39,2953.12,2938.45,2944.09,3568.5367079
2026-01-23 22:00:00,2943.83,2961.89,2943.5,2959.87,2675.8440928
2026-01-23 23:00:00,2959.86,2959.86,2951.19,2956.59,2032.3711802
2026-01-24 00:00:00,2956.59,2959.04,2949.15,2951.01,2035.731868
2026-01-24 01:00:00,2951.01,2959.33,2950.03,2956.4,1700.6379426
2026-01-24 02:00:00,2956.4,2962.2,2954.79,2959.23,1559.0495012
2026-01-24 03:00:00,2959.46,2970.16,2957.22,2962.71,2052.8611237
2026-01-24 04:00:00,2962.71,2966.83,2959.29,2962.3,1007.9991173
2026-01-24 05:00:00,2963.28,2965.66,2957.25,2961.18,1037.6199131
2026-01-24 06:00:00,2961.26,2964.2,2959.08,2961.75,1060.4143467
2026-01-24 07:00:00,2961.75,2962.17,2954.28,2957.32,1094.236769
2026-01-24 08:00:00,2957.31,2963.32,2955.25,2963.14,614.9399751
2026-01-24 09:00:00,2963.14,2964.71,2960.22,2960.63,582.5614195
2026-01-24 10:00:00,2960.63,2962.23,2958.72,2961.69,397.0813545
2026-01-24 11:00:00,2961.69,2964.36,2960.49,2961.15,453.2043909
2026-01-24 12:00:00,2961.15,2964.65,2959.34,2962.43,545.3843209
2026-01-24 13:00:00,2962.43,2963.51,2947.74,2948.33,600.7053582
2026-01-24 14:00:00,2948.86,2959.52,2943.77,2959.46,2238.208466
2026-01-24 15:00:00,2959.46,2968.07,2955.77,2957.2,1898.2932671
2026-01-24 16:00:00,2957.2,2961.58,2952.2,2958.95,1776.96054509
2026-01-24 17:00:00,2958.95,2966.0,2957.84,2964.25,1294.6056203
2026-01-24 18:00:00,2964.37,2968.48,2962.12,2963.78,841.2990617
2026-01-24 19:00:00,2963.77,2964.15,2952.47,2954.32,974.93793
2026-01-24 20:00:00,2954.32,2958.78,2954.03,2956.37,513.9999636
2026-01-24 21:00:00,2956.38,2957.72,2949.44,2957.72,829.5893187
2026-01-24 22:00:00,2957.98,2964.55,2957.97,2963.06,757.815463
2026-01-24 23:00:00,2963.07,2964.45,2952.49,2953.36,1071.1474437
2026-01-25 00:00:00,2953.36,2958.86,2952.53,2958.86,776.2484257
2026-01-25 01:00:00,2958.86,2960.34,2950.26,2955.29,1051.731399
2026-01-25 02:00:00,2955.29,2957.82,2953.34,2953.64,603.8286579
2026-01-25 03:00:00,2953.64,2954.16,2937.62,2942.62,2152.6445914
2026-01-25 04:00:00,2942.63,2949.35,2940.69,2945.29,1105.4473918
2026-01-25 05:00:00,2945.29,2948.56,2942.19,2947.56,716.8260587
2026-01-25 06:00:00,2947.43,2947.66,2935.1,2944.26,1522.00973
2026-01-25 07:00:00,2944.27,2944.27,2938.52,2939.63,747.4806661
2026-01-25 08:00:00,2939.63,2944.99,2921.1,2929.53,2415.9561156
2026-01-25 09:00:00,2929.23,2939.32,2926.68,2935.88,1745.26668
2026-01-25 10:00:00,2935.88,2947.8,2935.88,2945.21,1429.7355321
2026-01-25 11:00:00,2945.21,2946.29,2932.55,2937.5,1667.49483888
2026-01-25 12:00:00,2937.5,2945.01,2932.68,2942.54,1950.9830322
2026-01-25 13:00:00,2942.55,2945.73,2935.1,2941.85,1626.38214958
2026-01-25 14:00:00,2941.74,2942.63,2924.85,2932.86,3253.6321755
2026-01-25 15:00:00,2932.55,2936.14,2922.14,2926.81,2183.0129421
2026-01-25 16:00:00,2926.88,2927.82,2876.33,2896.97,13048.9294651
2026-01-25 17:00:00,2896.96,2898.6,2879.28,2884.45,4917.6287104
2026-01-25 18:00:00,2884.45,2888.86,2828.57,2848.31,14302.4300114
2026-01-25 19:00:00,2848.3,2853.67,2797.41,2813.27,11778.13173805
2026-01-25 20:00:00,2813.27,2824.08,2787.46,2809.83,7263.8271978
2026-01-25 21:00:00,2809.83,2825.81,2802.79,2818.59,6470.612677
2026-01-25 22:00:00,2819.05,2819.16,2790.17,2807.16,5069.3168823
2026-01-25 23:00:00,2807.16,2821.19,2787.42,2817.29,9120.6873894
2026-01-26 00:00:00,2817.21,2847.17,2812.41,2841.76,10085.1606349
2026-01-26 01:00:00,2841.77,2898.38,2838.75,2882.44,10258.6123152
2026-01-26 02:00:00,2882.89,2885.33,2863.31,2865.89,6382.2440271
2026-01-26 03:00:00,2865.91,2872.51,2841.23,2850.69,3962.24039595
2026-01-26 04:00:00,2850.7,2875.6,2850.09,2866.01,4271.9242374
2026-01-26 05:00:00,2866.26,2873.18,2860.24,2869.75,3329.14086027
2026-01-26 06:00:00,2869.75,2891.76,2866.16,2891.66,4549.7620439
2026-01-26 07:00:00,2891.67,2911.09,2886.16,2904.03,5169.3284971
2026-01-26 08:00:00,2904.04,2934.03,2897.49,2912.33,5978.8862337
2026-01-26 09:00:00,2912.33,2913.41,2881.42,2885.88,4073.83255079
2026-01-26 10:00:00,2885.88,2901.55,2884.79,2896.29,2351.562415
2026-01-26 11:00:00,2896.29,2901.37,2888.17,2892.1,2121.4855105
2026-01-26 12:00:00,2892.09,2914.98,2892.09,2902.68,2714.3104014
2026-01-26 13:00:00,2902.69,2911.25,2897.16,2909.72,3801.5232721
2026-01-26 14:00:00,2909.72,2934.6,2875.09,2922.72,14871.6295299
2026-01-26 15:00:00,2922.5,2951.2,2887.65,2899.06,15180.8929602
2026-01-26 16:00:00,2899.35,2917.56,2891.79,2901.2,10900.4783068
2026-01-26 17:00:00,2901.21,2915.9,2885.5,2909.45,6866.001331
2026-01-26 18:00:00,2909.33,2932.76,2908.1,2931.77,6665.2933977
2026-01-26 19:00:00,2932.04,2936.12,2918.33,2922.84,4910.01733573
2026-01-26 20:00:00,2923.2,2929.49,2898.51,2901.73,3374.2487695
2026-01-26 21:00:00,2902.15,2946.15,2895.75,2928.93,5819.8665762
2026-01-26 22:00:00,2928.95,2937.03,2919.85,2927.26,3016.6359138
2026-01-26 23:00:00,2927.18,2945.02,2918.31,2929.92,4229.0261727
2026-01-27 00:00:00,2930.37,2931.06,2917.95,2920.95,3051.211277
2026-01-27 01:00:00,2920.94,2940.35,2912.3,2932.35,4074.5129602
2026-01-27 02:00:00,2932.47,2947.3,2932.47,2945.52,3644.5287129
2026-01-27 03:00:00,2945.32,2948.79,2936.43,2941.4,2577.47266853
2026-01-27 04:00:00,2941.23,2957.41,2936.81,2940.67,4132.2923962
2026-01-27 05:00:00,2940.67,2942.11,2933.9,2939.31,2691.5303038
2026-01-27 06:00:00,2939.32,2942.56,2924.69,2928.95,2293.0611143
2026-01-27 07:00:00,2928.95,2937.28,2927.51,2929.0,1427.6810023
2026-01-27 08:00:00,2928.98,2932.6,2919.98,2923.45,2183.5178949
2026-01-27 09:00:00,2923.44,2923.45,2907.2,2907.9,3508.0171705
2026-01-27 10:00:00,2907.9,2915.27,2901.83,2903.57,2512.5084667
2026-01-27 11:00:00,2903.58,2921.99,2899.5,2916.96,2430.2599081
2026-01-27 12:00:00,2916.96,2928.22,2915.73,2918.24,3247.4775712
2026-01-27 13:00:00,2918.24,2919.3,2905.89,2912.54,3204.7922364
2026-01-27 14:00:00,2912.54,2943.49,2907.04,2918.49,10586.68236059
2026-01-27 15:00:00,2918.63,2941.61,2912.86,2937.47,10316.3218409
2026-01-27 16:00:00,2937.48,2998.25,2934.81,2990.73,15865.8221488
2026-01-27 17:00:00,2990.72,2994.3,2918.11,2930.09,14791.6859493
2026-01-27 18:00:00,2929.91,2989.28,2925.96,2978.08,11192.5299304
2026-01-27 19:00:00,2978.34,2992.04,2965.77,2980.22,7163.6000569
2026-01-27 20:00:00,2980.42,3027.98,2978.87,3021.07,12027.2612785
2026-01-27 21:00:00,3021.01,3030.31,3005.45,3015.54,8259.93222594
2026-01-27 22:00:00,3015.65,3023.12,3004.51,3019.63,3759.12167954
2026-01-27 23:00:00,3019.63,3035.1,3010.9,3026.23,4186.92662622
2026-01-28 00:00:00,3026.23,3029.61,3015.42,3024.23,3267.0850125
2026-01-28 01:00:00,3024.23,3026.74,3007.4,3018.21,3255.6450564
2026-01-28 02:00:00,3018.15,3018.2,3005.22,3011.06,3809.76072982
2026-01-28 03:00:00,3010.91,3012.46,2997.12,3004.74,4387.5633214
2026-01-28 04:00:00,3004.74,3006.93,2992.99,2999.16,2240.7949731
2026-01-28 05:00:00,2999.71,3008.56,2996.61,3004.48,2878.3172616
2026-01-28 06:00:00,3004.48,3018.08,3003.15,3014.59,3450.9361586
2026-01-28 07:00:00,3014.6,3015.26,3002.29,3004.81,2514.4250168
2026-01-28 08:00:00,3004.81,3006.57,2988.53,2990.61,2312.3201735
2026-01-28 09:00:00,2990.61,3017.4,2986.69,3017.4,2812.0644687
2026-01-28 10:00:00,3017.47,3039.42,3012.75,3025.97,4613.43757
2026-01-28 11:00:00,3025.61,3045.37,3014.99,3039.9,5648.6818501
2026-01-28 12:00:00,3039.65,3040.34,3023.59,3031.12,4401.276338
2026-01-28 13:00:00,3031.13,3045.66,3029.57,3034.65,5212.1686607
2026-01-28 14:00:00,3034.66,3034.66,3007.32,3012.55,8617.6598337
2026-01-28 15:00:00,3012.8,3021.09,2983.41,3007.15,8717.6977382
2026-01-28 16:00:00,3007.55,3017.78,2995.84,3000.13,7474.921927005973
2026-01-28 17:00:00,2999.66,3031.72,2989.31,3014.9,7788.8600027
2026-01-28 18:00:00,3014.9,3024.36,3000.23,3015.48,6014.5157979
2026-01-28 19:00:00,3014.95,3024.22,2996.84,3016.66,12860.8558001
2026-01-28 20:00:00,3016.65,3038.22,3008.47,3011.93,7808.10579
2026-01-28 21:00:00,3011.94,3023.84,2996.6,3021.46,4519.6071196
2026-01-28 22:00:00,3021.55,3027.42,3008.78,3018.85,2043.491053
2026-01-28 23:00:00,3018.86,3023.0,3008.31,3010.81,2582.4727666
2026-01-29 00:00:00,3010.81,3013.53,2996.34,3009.06,3754.8895827
2026-01-29 01:00:00,3009.48,3011.56,2987.18,2992.94,5445.1803699
2026-01-29 02:00:00,2992.93,2999.26,2944.48,2959.46,9465.0212206
2026-01-29 03:00:00,2959.45,2972.71,2947.91,2952.86,5692.4222169
2026-01-29 04:00:00,2952.85,2960.59,2937.52,2959.55,4090.2763882
2026-01-29 05:00:00,2959.56,2965.71,2948.26,2951.34,2986.0609076
2026-01-29 06:00:00,2951.46,2959.48,2950.37,2955.89,2189.4498329
2026-01-29 07:00:00,2955.88,2964.95,2955.42,2961.74,2007.6935896
2026-01-29 08:00:00,2961.74,2970.31,2943.52,2952.61,3767.6084355
2026-01-29 09:00:00,2952.6,2955.88,2942.61,2942.61,999.2144134
2026-01-29 10:00:00,2942.62,2949.09,2941.53,2944.55,959.6990748
2026-01-29 11:00:00,2944.55,2945.46,2923.76,2929.35,3719.84141602
2026-01-29 12:00:00,2929.36,2938.59,2925.93,2936.71,1695.1315891
2026-01-29 13:00:00,2936.71,2939.44,2931.84,2936.07,1054.3893151
2026-01-29 14:00:00,2936.07,2937.15,2875.84,2876.11,7445.3451177
2026-01-29 15:00:00,2876.56,2877.43,2796.89,2824.39,26107.6468076
2026-01-29 16:00:00,2824.25,2836.68,2801.91,2835.3,12284.53210171
2026-01-29 17:00:00,2835.31,2860.02,2818.9,2824.23,10112.7591788
2026-01-29 18:00:00,2824.59,2834.55,2754.82,2764.0,18576.6128398
2026-01-29 19:00:00,2764.01,2811.45,2758.31,2797.59,9649.8878706
2026-01-29 20:00:00,2797.72,2812.58,2788.96,2805.81,7128.7632409
2026-01-29 21:00:00,2806.03,2825.36,2805.43,2819.59,5153.3381741
2026-01-29 22:00:00,2819.94,2825.33,2810.62,2820.03,1613.2286524
2026-01-29 23:00:00,2820.03,2827.76,2812.87,2822.57,1919.0820151
2026-01-30 00:00:00,2822.57,2828.84,2802.5,2804.84,3127.3960518
2026-01-30 01:00:00,2804.84,2813.3,2684.38,2746.89,23364.9824901
2026-01-30 02:00:00,2747.33,2751.31,2699.08,2736.61,15564.35901846
2026-01-30 03:00:00,2736.61,2747.84,2734.27,2741.22,8240.5409953
2026-01-30 04:00:00,2741.13,2775.24,2738.19,2753.01,9330.1804368
2026-01-30 05:00:00,2753.01,2760.63,2747.05,2747.19,5092.94668422
2026-01-30 06:00:00,2747.19,2748.38,2696.8,2718.54,9204.9387429
2026-01-30 07:00:00,2718.24,2750.75,2718.11,2740.62,8710.8850121
2026-01-30 08:00:00,2740.3,2748.45,2723.1,2737.47,5802.4656845
2026-01-30 09:00:00,2737.49,2744.0,2710.39,2722.22,7389.2226832
2026-01-30 10:00:00,2722.03,2737.0,2711.6,2736.2,6645.5895684
2026-01-30 11:00:00,2736.2,2769.44,2734.34,2759.85,5252.123884
2026-01-30 12:00:00,2759.85,2766.55,2738.15,2740.8,5997.547454
2026-01-30 13:00:00,2740.81,2751.27,2719.66,2729.89,10213.6167772
2026-01-30 14:00:00,2729.89,2765.09,2724.56,2737.38,14795.5099281
2026-01-30 15:00:00,2737.55,2753.1,2693.75,2729.24,18172.4187848
2026-01-30 16:00:00,2729.23,2744.32,2705.97,2726.8,14208.3669126
2026-01-30 17:00:00,2726.8,2740.99,2706.62,2712.7,12483.4758148
2026-01-30 18:00:00,2712.5,2750.19,2636.4,2740.26,24421.8607038
2026-01-30 19:00:00,2740.27,2761.23,2734.74,2742.3,15663.2625808
2026-01-30 20:00:00,2742.42,2742.85,2665.3,2680.33,20305.59763972
2026-01-30 21:00:00,2680.68,2717.74,2677.57,2704.98,11867.5689422
2026-01-30 22:00:00,2705.1,2709.96,2693.45,2709.96,5254.891283
2026-01-30 23:00:00,2709.97,2711.88,2694.53,2707.26,2864.3457887
2026-01-31 00:00:00,2707.26,2714.57,2703.23,2706.44,4049.1284564
2026-01-31 01:00:00,2706.44,2714.57,2699.11,2700.0,3452.9599232
2026-01-31 02:00:00,2700.01,2709.29,2685.06,2702.09,4513.967905
2026-01-31 03:00:00,2702.09,2706.74,2694.51,2695.84,3296.47528
2026-01-31 04:00:00,2695.84,2704.99,2693.47,2695.71,2663.1941685
2026-01-31 05:00:00,2695.71,2703.3,2690.96,2697.73,2629.9652228
2026-01-31 06:00:00,2698.01,2701.01,2684.32,2692.56,3472.1396454
2026-01-31 07:00:00,2692.57,2693.76,2668.51,2680.11,4853.8083607
2026-01-31 08:00:00,2680.12,2683.45,2609.65,2644.01,19124.8937901
2026-01-31 09:00:00,2644.01,2659.83,2633.8,2648.34,6904.6492676
2026-01-31 10:00:00,2648.34,2655.6,2636.24,2651.69,4936.0118849
2026-01-31 11:00:00,2651.69,2651.69,2634.56,2640.71,3708.5886304
2026-01-31 12:00:00,2640.72,2644.41,2628.7,2633.43,6826.8680343
2026-01-31 13:00:00,2633.42,2636.97,2618.03,2629.27,8083.56709192
2026-01-31 14:00:00,2629.18,2635.97,2509.27,2538.72,32762.636544
2026-01-31 15:00:00,2538.59,2555.09,2526.46,2534.41,15986.4426008
2026-01-31 16:00:00,2534.36,2551.24,2467.9,2482.88,26920.299517
2026-01-31 17:00:00,2482.68,2495.31,2360.19,2403.54,43041.09748889
2026-01-31 18:00:00,2403.24,2417.27,2241.38,2381.11,36102.42965039
2026-01-31 19:00:00,2381.12,2450.01,2372.79,2382.78,27018.0581308
2026-01-31 20:00:00,2382.93,2407.27,2355.02,2382.71,19166.6963918
2026-01-31 21:00:00,2382.32,2423.94,2373.15,2419.31,18761.4780258
2026-01-31 22:00:00,2419.55,2424.92,2406.53,2419.52,10864.42831756
2026-01-31 23:00:00,2419.55,2474.06,2416.89,2451.93,19116.8785313
2026-02-01 00:00:00,2451.81,2476.2,2446.11,2452.12,13082.1011489
2026-02-01 01:00:00,2452.12,2455.66,2429.65,2444.67,11258.2527615
2026-02-01 02:00:00,2444.85,2461.57,2440.32,2452.68,8314.0644763
2026-02-01 03:00:00,2452.61,2456.66,2438.32,2445.65,7681.1803929
2026-02-01 04:00:00,2445.54,2454.68,2441.48,2448.18,6043.497444
2026-02-01 05:00:00,2448.2,2449.47,2424.7,2430.48,7027.7444941
2026-02-01 06:00:00,2430.48,2440.0,2408.31,2418.83,9092.9022927
2026-02-01 07:00:00,2418.79,2440.94,2393.64,2411.24,12865.9412594
2026-02-01 08:00:00,2411.24,2428.25,2396.61,2413.06,10078.2428432
2026-02-01 09:00:00,2413.06,2437.69,2406.6,2432.2,9218.0320862
2026-02-01 10:00:00,2432.26,2438.95,2376.38,2381.32,13646.1218524
2026-02-01 11:00:00,2380.99,2423.61,2380.99,2411.94,10034.56215267
2026-02-01 12:00:00,2411.95,2412.48,2382.05,2395.82,9189.20086
2026-02-01 13:00:00,2395.83,2410.56,2370.01,2381.18,9659.089837
2026-02-01 14:00:00,2380.99,2389.47,2327.43,2373.03,24489.0700845
2026-02-01 15:00:00,2373.07,2373.12,2286.73,2315.68,27681.2626747
2026-02-01 16:00:00,2315.92,2333.39,2284.76,2304.16,21854.3821743
2026-02-01 17:00:00,2304.37,2321.89,2297.2,2314.59,15952.180914
2026-02-01 18:00:00,2314.59,2378.14,2313.69,2351.12,20846.3999572
2026-02-01 19:00:00,2350.78,2357.32,2306.87,2320.6,14989.8854371
2026-02-01 20:00:00,2320.6,2349.9,2298.96,2316.38,19890.20617153
2026-02-01 21:00:00,2316.18,2319.37,2279.37,2290.5,19111.9067098
2026-02-01 22:00:00,2290.66,2334.74,2287.38,2319.18,18044.9332816
2026-02-01 23:00:00,2319.18,2321.49,2220.81,2270.36,34270.8162341
2026-02-02 00:00:00,2270.36,2324.11,2242.63,2293.18,28124.0444903
2026-02-02 01:00:00,2293.18,2319.07,2250.28,2291.42,24754.8110254
2026-02-02 02:00:00,2291.28,2300.49,2259.57,2262.32,16698.3905494
2026-02-02 03:00:00,2262.35,2267.57,2166.14,2239.17,36802.2090192
2026-02-02 04:00:00,2239.27,2268.21,2207.8,2240.65,22317.5916146
2026-02-02 05:00:00,2240.63,2242.98,2185.1,2198.33,25737.4026796
2026-02-02 06:00:00,2197.7,2254.8,2157.86,2227.48,37771.0097058
2026-02-02 07:00:00,2227.47,2253.0,2217.74,2228.97,25968.9261546
2026-02-02 08:00:00,2228.95,2258.94,2228.95,2249.35,18414.1676803
2026-02-02 09:00:00,2249.35,2318.37,2238.25,2291.53,22440.120353
2026-02-02 10:00:00,2291.63,2299.72,2273.84,2278.13,11665.2871754
2026-02-02 11:00:00,2278.13,2298.53,2274.08,2282.56,11966.0004807
2026-02-02 12:00:00,2282.56,2318.16,2282.22,2311.7,15414.8470449
2026-02-02 13:00:00,2311.68,2336.22,2302.45,2327.99,14659.8940949
2026-02-02 14:00:00,2327.9,2368.22,2298.87,2328.84,33687.4551283
2026-02-02 15:00:00,2328.91,2396.33,2320.13,2372.68,30049.2262257
2026-02-02 16:00:00,2372.67,2387.19,2350.71,2358.81,16601.514501
2026-02-02 17:00:00,2358.81,2381.62,2346.05,2356.7,12696.0627904
2026-02-02 18:00:00,2356.36,2359.66,2333.5,2345.09,9953.6769321
2026-02-02 19:00:00,2345.08,2350.69,2327.81,2331.84,9005.2016417
2026-02-02 20:00:00,2331.46,2340.71,2313.25,2321.93,13606.0885227
2026-02-02 21:00:00,2321.93,2345.14,2319.32,2342.0,8433.2583747
2026-02-02 22:00:00,2342.0,2355.02,2336.01,2351.28,5189.49232
2026-02-02 23:00:00,2351.3,2355.3,2340.0,2346.75,6673.1258204
2026-02-03 00:00:00,2346.81,2355.7,2325.44,2354.02,9414.3882405
2026-02-03 01:00:00,2354.02,2359.71,2337.94,2354.64,10636.0452757
2026-02-03 02:00:00,2354.65,2354.92,2297.21,2298.68,12640.0872729
2026-02-03 03:00:00,2298.67,2345.18,2284.1,2344.13,13916.3731768
2026-02-03 04:00:00,2343.89,2354.99,2333.41,2345.74,9335.6568482
2026-02-03 05:00:00,2345.74,2345.84,2315.19,2316.41,9286.7899452
2026-02-03 06:00:00,2316.41,2328.46,2298.66,2320.55,8561.1451593
2026-02-03 07:00:00,2320.42,2333.48,2312.93,2323.06,10263.8770456
2026-02-03 08:00:00,2323.15,2332.58,2309.41,2316.02,9518.8016008
2026-02-03 09:00:00,2316.02,2318.94,2262.7,2292.06,15492.8026719
2026-02-03 10:00:00,2292.12,2299.7,2276.72,2281.84,12389.0572375
2026-02-03 11:00:00,2281.86,2289.98,2270.58,2276.67,10570.72552288
2026-02-03 12:00:00,2276.7,2305.76,2272.36,2301.39,10847.8501506
2026-02-03 13:00:00,2301.38,2317.33,2296.4,2312.33,10336.9269532
2026-02-03 14:00:00,2312.34,2317.0,2255.09,2257.22,19251.4626709
2026-02-03 15:00:00,2257.01,2313.45,2251.79,2303.15,26182.5074699
2026-02-03 16:00:00,2303.16,2303.62,2235.64,2240.94,27771.6860569
2026-02-03 17:00:00,2241.01,2244.69,2194.27,2195.15,30498.88714317
2026-02-03 18:00:00,2195.32,2207.19,2108.47,2120.6,34721.75396977
2026-02-03 19:00:00,2120.66,2218.64,2112.15,2205.6,33219.6319639
2026-02-03 20:00:00,2205.39,2344.51,2188.2,2299.99,30507.2916761
2026-02-03 21:00:00,2299.63,2338.64,2279.55,2283.65,14406.7666932
2026-02-03 22:00:00,2283.9,2286.22,2228.21,2236.67,15209.22606806
2026-02-03 23:00:00,2236.07,2248.78,2212.59,2233.99,15948.0473793
2026-02-04 00:00:00,2233.86,2256.71,2223.97,2241.17,11570.79220949
2026-02-04 01:00:00,2241.17,2281.83,2241.17,2268.74,13853.5469949
2026-02-04 02:00:00,2268.67,2276.54,2242.6,2252.0,11272.4527142
2026-02-04 03:00:00,2252.07,2296.14,2249.17,2283.37,13278.1917146
2026-02-04 04:00:00,2283.37,2290.24,2270.38,2273.83,6625.5459201
2026-02-04 05:00:00,2273.83,2280.37,2256.11,2264.72,9559.4108501
2026-02-04 06:00:00,2265.29,2284.39,2258.32,2277.7,9725.2324122
2026-02-04 07:00:00,2277.69,2293.65,2263.66,2283.86,8596.6031408
2026-02-04 08:00:00,2283.87,2286.35,2266.67,2279.95,8992.9141277
2026-02-04 09:00:00,2279.58,2279.68,2251.57,2260.64,9178.02529216
2026-02-04 10:00:00,2260.64,2264.2,2250.57,2260.81,8533.4221409
2026-02-04 11:00:00,2260.81,2268.61,2226.35,2254.72,14653.9496958
2026-02-04 12:00:00,2255.03,2263.03,2231.77,2244.13,13525.7405722
2026-02-04 13:00:00,2244.07,2245.92,2197.29,2198.59,19301.9402776
2026-02-04 14:00:00,2198.59,2226.5,2169.18,2171.83,28927.5345994
2026-02-04 15:00:00,2171.89,2197.4,2136.71,2151.5,30980.9091263
2026-02-04 16:00:00,2152.02,2161.26,2105.75,2135.24,27295.4728681
2026-02-04 17:00:00,2135.16,2155.0,2093.28,2126.15,30888.2661693
2026-02-04 18:00:00,2126.23,2186.56,2076.74,2148.15,32786.0703876
2026-02-04 19:00:00,2148.15,2210.93,2132.86,2188.16,21979.5288925
2026-02-04 20:00:00,2188.26,2192.73,2161.91,2171.98,18154.8103073
2026-02-04 21:00:00,2171.98,2180.6,2108.36,2129.56,19737.3504825
2026-02-04 22:00:00,2129.57,2174.4,2088.04,2120.11,6125.8059449
2026-02-04 23:00:00,2120.13,2165.62,2115.47,2148.16,3288.5837887
2026-02-05 00:00:00,2147.87,2164.19,2136.79,2149.77,1703.2037475
2026-02-05 01:00:00,2150.02,2173.77,2123.21,2148.22,3150.18757359
2026-02-05 02:00:00,2148.24,2163.68,2113.2,2124.33,5093.224289
2026-02-05 03:00:00,2124.34,2136.5,2098.88,2109.97,3999.4278375
2026-02-05 04:00:00,2109.96,2125.38,2077.4,2104.15,7101.9552043
2026-02-05 05:00:00,2103.99,2124.34,2077.75,2101.44,7097.6480373
2026-02-05 06:00:00,2101.91,2107.58,2068.1,2087.85,5809.1460102
2026-02-05 07:00:00,2087.66,2124.14,2085.73,2091.66,3854.1693611
2026-02-05 08:00:00,2091.7,2121.3,2091.7,2111.74,3252.1365012
2026-02-05 09:00:00,2111.84,2149.75,2111.22,2134.11,3111.47416346
2026-02-05 10:00:00,2133.62,2140.4,2086.71,2097.75,4147.0845471
2026-02-05 11:00:00,2097.79,2105.3,2062.32,2079.85,5550.3425524
2026-02-05 12:00:00,2079.72,2092.77,2043.0,2063.78,6987.1267605
2026-02-05 13:00:00,2063.92,2082.3,2048.71,2058.55,4442.6185773
2026-02-05 14:00:00,2058.87,2106.34,2042.32,2046.55,5648.7057135
2026-02-05 15:00:00,2046.51,2053.99,1927.41,1961.14,15819.529416
2026-02-05 16:00:00,1961.15,2018.23,1944.65,1998.72,7828.29341536
2026-02-05 17:00:00,1998.81,2001.9,1943.0,1954.97,6535.72541214
2026-02-05 18:00:00,1955.03,1969.35,1913.8,1950.2,11623.7440063
2026-02-05 19:00:00,1950.24,1953.11,1917.85,1928.69,8022.8238404
2026-02-05 20:00:00,1928.93,1942.94,1825.13,1870.45,21615.19232184
2026-02-05 21:00:00,1870.08,1912.41,1840.14,1850.48,14838.4363792
2026-02-05 22:00:00,1850.71,1890.27,1817.15,1870.69,30923.1586261
2026-02-05 23:00:00,1870.7,1907.66,1820.4,1826.59,34132.0836035
2026-02-06 00:00:00,1826.77,1893.77,1746.08,1871.01,54906.4931937
2026-02-06 01:00:00,1871.17,1940.5,1870.72,1932.66,36951.5858402
2026-02-06 02:00:00,1932.47,1948.68,1891.65,1907.72,28439.305093
2026-02-06 03:00:00,1907.72,1918.65,1879.7,1891.64,24378.3286427
2026-02-06 04:00:00,1892.03,1917.99,1886.17,1909.25,17228.5810981
2026-02-06 05:00:00,1908.92,1975.47,1906.82,1958.6,19190.8034727
2026-02-06 06:00:00,1958.72,1967.26,1907.14,1908.38,21626.3693699
2026-02-06 07:00:00,1908.57,1915.36,1887.52,1899.72,18615.9995487
2026-02-06 08:00:00,1899.73,1907.55,1866.56,1874.62,26424.1460428
2026-02-06 09:00:00,1874.61,1929.3,1871.47,1919.08,21393.7402429
2026-02-06 10:00:00,1919.08,1936.09,1910.1,1927.1,14716.6100582
2026-02-06 11:00:00,1926.67,1950.0,1920.06,1933.18,12703.0515133
2026-02-06 12:00:00,1932.52,1932.52,1915.18,1921.07,11346.53812688
2026-02-06 13:00:00,1921.08,1962.74,1919.37,1950.13,16113.5203743
2026-02-06 14:00:00,1950.29,2002.89,1933.6,1978.62,29902.1130681
2026-02-06 15:00:00,1978.94,1997.6,1961.22,1980.85,25124.9747996
2026-02-06 16:00:00,1980.64,2047.45,1971.2,2036.15,29633.60100358
2026-02-06 17:00:00,2036.63,2090.45,2028.01,2067.25,30409.04539152
2026-02-06 18:00:00,2067.44,2070.48,2030.4,2044.98,29098.2057915
2026-02-06 19:00:00,2044.98,2072.32,2033.43,2066.33,23676.9726737
2026-02-06 20:00:00,2065.7,2094.31,2043.93,2054.45,21684.5968455
2026-02-06 21:00:00,2054.52,2061.99,2039.76,2054.15,14342.5300131
2026-02-06 22:00:00,2054.19,2095.0,2046.26,2075.42,14507.105552
2026-02-06 23:00:00,2075.42,2087.99,2049.44,2063.59,17811.5116814
2026-02-07 00:00:00,2063.59,2064.68,2036.93,2043.51,17773.6056485
2026-02-07 01:00:00,2043.51,2066.63,2032.22,2062.03,12466.0370118
2026-02-07 02:00:00,2061.91,2065.28,2048.65,2059.73,8229.701525
2026-02-07 03:00:00,2059.34,2085.89,2058.29,2080.86,11930.6403416
2026-02-07 04:00:00,2080.85,2119.23,2078.78,2087.6,20620.1243355
2026-02-07 05:00:00,2087.39,2103.94,2077.46,2083.95,13195.0289225
2026-02-07 06:00:00,2083.95,2093.42,2047.56,2047.56,12063.122943
2026-02-07 07:00:00,2047.75,2055.87,1994.47,2026.93,26631.285257
2026-02-07 08:00:00,2027.01,2032.3,2015.6,2019.07,14478.61654127
2026-02-07 09:00:00,2019.07,2030.16,2005.3,2014.54,9073.1750499
2026-02-07 10:00:00,2014.54,2019.64,2000.0,2010.54,9515.2472573
2026-02-07 11:00:00,2010.67,2022.09,2007.08,2018.73,6860.2140903
2026-02-07 12:00:00,2018.72,2075.6,2016.87,2041.43,18226.7282303
2026-02-07 13:00:00,2041.43,2050.9,2028.86,2041.43,11906.7007016
2026-02-07 14:00:00,2041.43,2049.63,2009.68,2020.62,13219.7188274
2026-02-07 15:00:00,2020.63,2063.68,2014.15,2052.11,16336.65393628
2026-02-07 16:00:00,2052.59,2124.09,2008.69,2050.66,142965.6852138
2026-02-07 17:00:00,2050.29,2073.22,2033.0,2061.38,16596.3905565
2026-02-07 18:00:00,2061.01,2109.68,2058.99,2097.14,19773.6474907
2026-02-07 19:00:00,2097.14,2101.26,2083.8,2091.35,11366.3130656
2026-02-07 20:00:00,2091.35,2113.84,2084.63,2105.34,10279.5602151
2026-02-07 21:00:00,2105.93,2110.78,2097.75,2100.59,9553.29703893
2026-02-07 22:00:00,2100.58,2107.83,2087.76,2088.32,6470.5342612
2026-02-07 23:00:00,2088.64,2095.5,2073.2,2086.96,10084.61205593
2026-02-08 00:00:00,2087.12,2094.79,2076.79,2084.24,8017.12470929
2026-02-08 01:00:00,2084.52,2097.64,2082.42,2096.04,1210.33031811
2026-02-08 02:00:00,2096.16,2107.22,2082.41,2088.68,1102.9042914
2026-02-08 03:00:00,2088.96,2093.28,2076.97,2078.89,1247.6224168
2026-02-08 04:00:00,2078.89,2089.41,2065.68,2087.78,1421.9293551
2026-02-08 05:00:00,2087.77,2088.43,2078.82,2084.65,902.6043557
2026-02-08 06:00:00,2084.69,2089.08,2077.19,2079.34,906.2548183
2026-02-08 07:00:00,2079.34,2084.4,2068.73,2084.4,2051.475178
2026-02-08 08:00:00,2084.39,2124.96,2078.17,2115.87,3154.2898679
2026-02-08 09:00:00,2116.05,2123.03,2095.51,2100.82,2986.7688582
2026-02-08 10:00:00,2100.54,2114.39,2083.89,2096.09,2344.4701537
2026-02-08 11:00:00,2096.1,2137.71,2094.61,2132.37,3298.1136043
2026-02-08 12:00:00,2132.77,2145.29,2125.71,2131.41,3406.1608317
2026-02-08 13:00:00,2131.42,2141.03,2118.66,2126.61,4463.93947787
2026-02-08 14:00:00,2126.61,2129.67,2116.49,2128.79,1306.4754227
2026-02-08 15:00:00,2128.79,2130.82,2097.86,2108.37,3459.5311512
2026-02-08 16:00:00,2108.62,2116.24,2072.85,2081.13,3366.5457257
2026-02-08 17:00:00,2081.12,2099.45,2080.04,2092.16,1400.8482972
2026-02-08 18:00:00,2092.17,2122.36,2090.7,2109.56,2606.0898745
2026-02-08 19:00:00,2109.35,2129.78,2107.9,2126.69,1177.4115074
2026-02-08 20:00:00,2127.07,2127.38,2100.28,2104.61,1486.5400649
2026-02-08 21:00:00,2104.61,2115.08,2089.99,2093.89,1582.9025331
2026-02-08 22:00:00,2093.89,2112.34,2093.89,2109.04,1591.3879839
2026-02-08 23:00:00,2108.29,2152.12,2071.75,2089.97,10065.8480115
2026-02-09 00:00:00,2089.73,2097.41,2076.21,2084.57,3196.5700869
2026-02-09 01:00:00,2084.11,2101.38,2055.09,2071.07,20464.5536897
2026-02-09 02:00:00,2071.07,2095.45,2065.61,2081.18,9732.3774921
2026-02-09 03:00:00,2081.49,2103.0,2081.31,2100.33,7785.2188807
2026-02-09 04:00:00,2100.32,2101.86,2086.77,2090.35,5452.3467653
2026-02-09 05:00:00,2089.81,2097.08,2083.67,2095.91,5234.7523547
2026-02-09 06:00:00,2095.91,2095.91,2072.68,2081.57,5932.4329881
2026-02-09 07:00:00,2081.36,2087.61,2064.78,2065.77,6603.9320223
2026-02-09 08:00:00,2065.77,2070.66,2034.54,2049.71,11757.6514524
2026-02-09 09:00:00,2049.99,2057.49,2034.7,2042.28,6939.1362469
2026-02-09 10:00:00,2042.27,2047.14,2013.5,2022.6,12675.7731646
2026-02-09 11:00:00,2022.83,2036.71,2020.9,2028.1,8610.7918909
2026-02-09 12:00:00,2028.4,2039.12,2027.53,2035.55,5347.0617758
2026-02-09 13:00:00,2035.55,2050.08,2022.74,2022.74,8207.9805853
2026-02-09 14:00:00,2022.75,2049.98,2008.68,2043.67,22781.6673101
2026-02-09 15:00:00,2043.75,2073.49,2032.74,2061.66,18500.0650907
2026-02-09 16:00:00,2061.6,2109.37,2047.76,2091.2,19795.1244094
2026-02-09 17:00:00,2091.2,2138.17,2078.07,2127.34,17382.9806778
2026-02-09 18:00:00,2127.35,2142.82,2109.53,2130.4,15120.76496
2026-02-09 19:00:00,2130.5,2138.37,2118.92,2131.49,11474.7615252
2026-02-09 20:00:00,2131.4,2147.9,2118.31,2124.75,12539.8659829
2026-02-09 21:00:00,2124.75,2133.21,2086.34,2122.22,11461.2724781
2026-02-09 22:00:00,2122.22,2125.89,2111.56,2115.24,8701.7746864
2026-02-09 23:00:00,2115.24,2122.31,2100.73,2104.79,9186.5578159
2026-02-10 00:00:00,2105.02,2112.74,2096.41,2096.68,6588.5446219
2026-02-10 01:00:00,2096.68,2124.47,2096.24,2116.97,9345.2846811
2026-02-10 02:00:00,2116.89,2121.7,2102.85,2108.16,1046.8231608
2026-02-10 03:00:00,2108.23,2110.69,2052.37,2064.97,3980.2328487
2026-02-10 04:00:00,2064.94,2074.34,2062.98,2070.56,1241.1096728
2026-02-10 05:00:00,2070.56,2071.96,2045.59,2053.14,2391.195399
2026-02-10 06:00:00,2052.9,2057.82,1998.23,2009.12,6402.4272237
2026-02-10 07:00:00,2009.3,2019.41,2000.07,2007.34,2410.1735574
2026-02-10 08:00:00,2007.51,2017.79,1995.84,2014.89,3221.8002411
2026-02-10 09:00:00,2014.88,2034.86,2010.35,2016.82,2382.673288
2026-02-10 10:00:00,2016.83,2021.88,2009.5,2014.05,915.324829
2026-02-10 11:00:00,2014.05,2022.4,2001.01,2002.81,2147.8796722
2026-02-10 12:00:00,2003.19,2017.35,2002.57,2008.27,1905.64397344
2026-02-10 13:00:00,2007.98,2027.64,1998.54,2022.46,4189.4889625
2026-02-10 14:00:00,2022.23,2040.03,1989.26,2010.12,4690.0282549
2026-02-10 15:00:00,2009.6,2029.84,2004.05,2022.57,3422.2984999
2026-02-10 16:00:00,2022.7,2038.08,2012.4,2026.11,2673.3692824
2026-02-10 17:00:00,2026.06,2046.77,2019.95,2039.88,1493.3570711
2026-02-10 18:00:00,2040.22,2042.77,1996.16,2009.43,3025.9939745
2026-02-10 19:00:00,2009.36,2025.61,2003.72,2017.97,1828.5723624
2026-02-10 20:00:00,2017.95,2021.44,2004.7,2011.09,1303.57341
2026-02-10 21:00:00,2011.43,2017.77,1996.94,2008.5,1487.9925946
2026-02-10 22:00:00,2008.79,2020.33,2007.27,2017.92,1321.3330388
2026-02-10 23:00:00,2017.87,2022.71,2012.7,2022.66,867.6842218
2026-02-11 00:00:00,2022.66,2029.54,2019.0,2025.5,763.6578705
2026-02-11 01:00:00,2025.53,2030.85,2016.7,2024.04,1058.3606206
2026-02-11 02:00:00,2024.7,2032.29,2014.6,2017.6,6521.0524687
2026-02-11 03:00:00,2017.6,2021.2,1998.09,2009.71,7282.0795764
2026-02-11 04:00:00,2009.57,2010.93,1963.77,1971.41,13415.8514668
2026-02-11 05:00:00,1971.42,1981.34,1971.42,1974.59,5657.742942
2026-02-11 06:00:00,1974.43,1977.3,1939.0,1949.18,14949.0406047
2026-02-11 07:00:00,1949.16,1958.41,1945.49,1950.88,6873.375504
2026-02-11 08:00:00,1950.89,1953.27,1936.87,1950.11,9357.119607
2026-02-11 09:00:00,1950.11,1954.19,1943.56,1946.99,5826.8756546
2026-02-11 10:00:00,1947.0,1947.0,1931.98,1939.04,7632.5496292
2026-02-11 11:00:00,1939.31,1956.38,1937.07,1953.8,6814.9954841
2026-02-11 12:00:00,1953.8,1967.14,1949.1,1952.24,6913.9216598
2026-02-11 13:00:00,1952.25,1969.02,1943.04,1960.42,12848.9356188
2026-02-11 14:00:00,1960.6,2015.82,1937.6,1943.27,24650.2336717
2026-02-11 15:00:00,1943.39,1950.41,1902.66,1929.6,24113.2673375
2026-02-11 16:00:00,1929.39,1956.22,1910.41,1915.52,16822.14561647
2026-02-11 17:00:00,1915.48,1942.65,1909.0,1929.86,14743.9229177
2026-02-11 18:00:00,1929.97,1948.89,1915.76,1944.04,12336.7252676
2026-02-11 19:00:00,1944.04,1959.6,1937.12,1952.42,13907.0762284
2026-02-11 20:00:00,1952.26,1958.72,1940.48,1954.0,9136.2046363
2026-02-11 21:00:00,1954.24,1987.94,1951.1,1970.35,11565.4127036
2026-02-11 22:00:00,1970.53,1973.26,1940.08,1951.44,5862.5576952
2026-02-11 23:00:00,1951.45,1956.96,1932.42,1941.06,8228.1516188
2026-02-12 00:00:00,1941.35,1963.47,1941.35,1958.82,7197.6311719
2026-02-12 01:00:00,1958.82,1977.68,1958.82,1965.86,8112.6546677
2026-02-12 02:00:00,1965.88,1971.71,1955.8,1958.44,6919.3346862
2026-02-12 03:00:00,1958.68,1969.15,1957.13,1969.14,4442.889809
2026-02-12 04:00:00,1968.66,1975.4,1960.4,1965.8,6091.3189287
2026-02-12 05:00:00,1965.8,1971.88,1953.37,1970.52,6869.0926027
2026-02-12 06:00:00,1970.57,1982.89,1965.81,1975.24,6544.6527948
2026-02-12 07:00:00,1975.04,1978.02,1966.33,1968.04,5285.9042674
2026-02-12 08:00:00,1968.05,1973.84,1957.36,1965.33,5254.9170294
2026-02-12 09:00:00,1965.62,1989.97,1963.51,1982.52,7570.6199578
2026-02-12 10:00:00,1982.41,1995.54,1977.6,1994.11,6066.5977946
2026-02-12 11:00:00,1994.1,2001.57,1984.29,1989.35,7597.1548502
2026-02-12 12:00:00,1988.97,1990.8,1975.0,1980.88,5754.5755325
2026-02-12 13:00:00,1980.87,1996.29,1975.61,1994.96,7075.9414365
2026-02-12 14:00:00,1995.03,1996.17,1973.44,1978.26,14062.0489829
2026-02-12 15:00:00,1978.26,1984.8,1945.37,1948.7,19391.1015094
2026-02-12 16:00:00,1948.77,1950.04,1896.58,1909.1,27389.2774166
2026-02-12 17:00:00,1909.13,1927.31,1902.81,1910.46,15691.6640192
2026-02-12 18:00:00,1910.47,1924.95,1902.05,1918.8,14987.5804204
2026-02-12 19:00:00,1918.7,1940.84,1911.71,1925.35,14876.6403345
2026-02-12 20:00:00,1925.48,1932.16,1909.35,1916.02,11679.7242309
2026-02-12 21:00:00,1915.83,1927.92,1914.39,1923.2,6228.3711282
2026-02-12 22:00:00,1923.45,1945.5,1920.38,1943.11,5779.3129823
2026-02-12 23:00:00,1942.95,1952.62,1939.19,1947.76,7373.0933115
2026-02-13 00:00:00,1947.83,1954.43,1927.62,1933.25,9025.5110471
2026-02-13 01:00:00,1933.36,1949.95,1933.36,1943.38,8670.8522647
2026-02-13 02:00:00,1943.88,1952.04,1941.0,1948.58,7097.8036762
2026-02-13 03:00:00,1948.82,1958.21,1944.39,1953.44,5570.16316095
2026-02-13 04:00:00,1953.45,1955.57,1943.16,1944.59,5158.8593664
2026-02-13 05:00:00,1944.69,1946.79,1933.36,1934.17,5707.9103109
2026-02-13 06:00:00,1934.17,1939.29,1924.76,1936.59,5359.2016841
2026-02-13 07:00:00,1936.59,1948.61,1932.85,1935.85,5481.2349002
2026-02-13 08:00:00,1935.86,1964.07,1933.7,1959.02,5544.8267132
2026-02-13 09:00:00,1959.02,1966.81,1953.02,1962.13,7317.5368808
2026-02-13 10:00:00,1962.05,1969.38,1956.69,1959.47,5553.6673803
2026-02-13 11:00:00,1959.39,1961.99,1945.6,1960.04,5706.60752933
2026-02-13 12:00:00,1960.12,1964.47,1952.57,1960.97,3994.7982421
2026-02-13 13:00:00,1960.97,1981.15,1956.16,1970.67,10920.0678227
2026-02-13 14:00:00,1970.44,2001.79,1963.21,1990.49,14606.26029583
2026-02-13 15:00:00,1991.2,2050.5,1987.31,2035.01,18505.46980436
2026-02-13 16:00:00,2035.01,2072.85,2031.44,2061.36,16845.360501
2026-02-13 17:00:00,2061.46,2067.87,2049.29,2059.48,8683.0195034
2026-02-13 18:00:00,2059.54,2064.53,2050.6,2057.36,9096.8260884
2026-02-13 19:00:00,2057.6,2061.62,2052.05,2057.65,6655.4578446
2026-02-13 20:00:00,2057.74,2059.55,2039.19,2045.84,7479.6712024
2026-02-13 21:00:00,2045.53,2058.47,2045.18,2053.77,3970.2698988
2026-02-13 22:00:00,2053.78,2059.21,2045.32,2054.22,4084.9005503
2026-02-13 23:00:00,2054.22,2054.26,2046.64,2048.64,3085.2102779
2026-02-14 00:00:00,2048.75,2056.03,2042.45,2055.21,3760.6728249
2026-02-14 01:00:00,2054.93,2057.39,2050.51,2054.4,3116.2551529
2026-02-14 02:00:00,2054.41,2054.48,2048.33,2050.09,2097.21093764
2026-02-14 03:00:00,2050.09,2056.21,2048.46,2054.07,1703.0278293
2026-02-14 04:00:00,2054.31,2057.98,2052.79,2053.45,1476.484587
2026-02-14 05:00:00,2053.45,2056.27,2050.84,2051.24,1703.553348
2026-02-14 06:00:00,2051.25,2054.61,2048.49,2053.46,1593.2948241
2026-02-14 07:00:00,2053.64,2061.41,2050.72,2057.31,2381.3744658
2026-02-14 08:00:00,2057.16,2092.0,2057.16,2082.32,8155.6180912
2026-02-14 09:00:00,2082.32,2088.59,2076.0,2078.08,3719.9090414
2026-02-14 10:00:00,2078.1,2078.31,2072.75,2077.58,2163.5005745
2026-02-14 11:00:00,2077.51,2108.27,2077.49,2099.61,7880.07854054
2026-02-14 12:00:00,2099.54,2100.17,2068.25,2071.04,7148.86179265
2026-02-14 13:00:00,2070.78,2076.17,2065.05,2071.47,5964.7986008
2026-02-14 14:00:00,2071.47,2088.67,2069.35,2085.36,5550.0479923
2026-02-14 15:00:00,2085.37,2093.74,2080.86,2087.42,4476.5712001
2026-02-14 16:00:00,2087.42,2087.82,2067.0,2082.45,6637.163488
2026-02-14 17:00:00,2082.86,2089.03,2077.59,2079.83,4359.6277807
2026-02-14 18:00:00,2080.16,2086.57,2078.89,2084.86,3062.8521847
2026-02-14 19:00:00,2085.41,2090.36,2078.59,2088.11,3372.785981
2026-02-14 20:00:00,2088.53,2092.84,2081.26,2089.81,2665.6910577
2026-02-14 21:00:00,2089.81,2098.71,2078.84,2085.89,4115.9621839
2026-02-14 22:00:00,2085.9,2094.62,2083.76,2090.24,2751.6929031
2026-02-14 23:00:00,2090.24,2093.05,2083.89,2086.34,3259.8579937
2026-02-15 00:00:00,2086.63,2090.95,2072.89,2080.14,4786.5957774
2026-02-15 01:00:00,2080.13,2085.01,2053.37,2064.28,9585.2471688
2026-02-15 02:00:00,2064.14,2072.59,2045.68,2060.04,8474.8547901
2026-02-15 03:00:00,2059.61,2063.48,2036.17,2058.98,10845.1633138
2026-02-15 04:00:00,2058.98,2087.5,2058.98,2076.34,9901.1149661
2026-02-15 05:00:00,2076.34,2096.06,2075.22,2088.7,5658.1537747
2026-02-15 06:00:00,2088.56,2094.49,2082.49,2085.84,4334.1577334
2026-02-15 07:00:00,2085.84,2103.29,2082.99,2091.17,7054.1424068
2026-02-15 08:00:00,2091.37,2096.74,2055.64,2069.22,8323.0589688
2026-02-15 09:00:00,2069.21,2078.86,2066.29,2068.57,3847.7103603
2026-02-15 10:00:00,2068.57,2070.07,2054.37,2061.4,5014.0559835
2026-02-15 11:00:00,2061.41,2066.99,2058.6,2061.97,3148.3677818
2026-02-15 12:00:00,2061.97,2068.51,2010.82,2010.82,7237.78308196
2026-02-15 13:00:00,2011.02,2028.36,1994.09,2002.76,13288.04362643
2026-02-15 14:00:00,2002.6,2012.48,1993.57,2010.28,6493.0591238
2026-02-15 15:00:00,2010.27,2015.21,2002.73,2011.42,4027.5328456
2026-02-15 16:00:00,2011.43,2011.77,1994.03,2006.25,5929.8864833
2026-02-15 17:00:00,2006.25,2009.19,1957.87,1971.34,10424.8259179
2026-02-15 18:00:00,1971.34,1981.63,1954.05,1959.79,11490.822396
2026-02-15 19:00:00,1959.19,1961.8,1929.13,1942.29,13811.15386454
2026-02-15 20:00:00,1942.3,1958.5,1934.25,1950.06,6751.3102415
2026-02-15 21:00:00,1950.17,1966.72,1950.02,1958.62,4192.55276856
2026-02-15 22:00:00,1958.53,1974.43,1956.57,1970.42,4242.0050686
2026-02-15 23:00:00,1970.42,1970.73,1944.56,1966.5,8496.4698702
2026-02-16 00:00:00,1966.55,1979.3,1963.61,1969.13,6725.5938731
2026-02-16 01:00:00,1969.54,1981.22,1957.08,1963.13,6732.1292489
2026-02-16 02:00:00,1963.13,1966.82,1952.58,1956.8,6656.9562599
2026-02-16 03:00:00,1957.24,1959.79,1948.7,1958.76,3971.3350249
2026-02-16 04:00:00,1958.77,1973.04,1958.56,1973.04,3618.3185637
2026-02-16 05:00:00,1973.08,1974.13,1953.01,1958.2,3315.7970951
2026-02-16 06:00:00,1958.02,1967.66,1955.95,1966.88,2914.4199009
2026-02-16 07:00:00,1966.88,1978.6,1964.43,1971.32,4082.1600512
2026-02-16 08:00:00,1971.31,1978.53,1970.02,1977.41,3197.212137
2026-02-16 09:00:00,1977.38,1993.23,1976.39,1987.52,4943.2696809
2026-02-16 10:00:00,1987.52,1988.64,1977.63,1978.94,2499.4056937
2026-02-16 11:00:00,1978.94,1984.11,1957.27,1976.49,6258.5893385
2026-02-16 12:00:00,1976.2,2009.61,1972.54,2006.18,7674.4680618
2026-02-16 13:00:00,2006.33,2023.34,1960.93,1967.97,15007.2774717
2026-02-16 14:00:00,1967.65,1983.25,1955.0,1973.06,12990.5317357
2026-02-16 15:00:00,1973.06,1986.07,1937.64,1956.81,16624.4574761
2026-02-16 16:00:00,1956.67,1980.06,1956.34,1973.63,9781.1427288
2026-02-16 17:00:00,1973.61,1988.28,1964.55,1978.97,7984.6296091
2026-02-16 18:00:00,1978.97,1985.69,1967.39,1968.74,4418.1080827
2026-02-16 19:00:00,1969.43,1979.85,1966.33,1973.82,2902.5422193
2026-02-16 20:00:00,1974.08,1995.45,1971.33,1993.25,4382.5786085
2026-02-16 21:00:00,1993.25,2003.89,1986.2,1999.46,5102.1728896
2026-02-16 22:00:00,1999.1,2002.57,1984.61,1990.15,3909.9671346
2026-02-16 23:00:00,1990.15,2002.49,1988.71,1998.44,3891.47511
2026-02-17 00:00:00,1998.44,2005.74,1993.51,1998.52,4735.914232
2026-02-17 01:00:00,1998.52,2008.04,1990.98,1991.98,4147.2826044
2026-02-17 02:00:00,1991.65,2008.6,1979.74,1998.79,7361.6015699
2026-02-17 03:00:00,1998.79,1999.14,1984.61,1985.88,3487.3451256
2026-02-17 04:00:00,1985.88,1998.31,1982.49,1989.29,2950.0112706
2026-02-17 05:00:00,1989.47,1991.06,1964.57,1975.62,5831.1776781
2026-02-17 06:00:00,1975.71,1985.05,1975.63,1981.27,2994.1160689
2026-02-17 07:00:00,1981.03,1988.25,1973.37,1985.85,3867.4347586
2026-02-17 08:00:00,1985.84,1990.84,1973.73,1977.06,4412.5305095
2026-02-17 09:00:00,1977.06,1980.08,1970.04,1975.97,2481.4381666
2026-02-17 10:00:00,1975.86,1977.6,1961.6,1966.9,2642.1911121
2026-02-17 11:00:00,1966.91,1972.51,1964.28,1968.51,2661.3603553
2026-02-17 12:00:00,1968.51,1976.93,1967.3,1969.79,2769.8434989
2026-02-17 13:00:00,1969.79,1999.7,1964.87,1990.69,5930.6815564
2026-02-17 14:00:00,1990.68,2002.74,1944.35,1948.3,12703.9789856
2026-02-17 15:00:00,1948.61,1969.43,1941.77,1967.25,14094.99392174
2026-02-17 16:00:00,1968.86,2010.62,1967.62,1980.35,13204.0649329
2026-02-17 17:00:00,1980.35,1984.09,1953.87,1966.36,11530.0330974
2026-02-17 18:00:00,1966.36,2008.09,1961.85,1998.69,10280.1027834
2026-02-17 19:00:00,1998.79,2015.4,1995.08,1997.84,8361.2656843
2026-02-17 20:00:00,1998.18,2001.59,1987.41,1994.65,7127.7751193
2026-02-17 21:00:00,1994.65,2002.79,1992.3,1999.86,3682.5227982
2026-02-17 22:00:00,1999.72,2003.84,1992.53,1994.09,2203.1187747
2026-02-17 23:00:00,1993.89,1997.98,1989.33,1991.42,2710.98799967
2026-02-18 00:00:00,1991.68,1997.9,1981.36,1981.71,2672.2440597
2026-02-18 01:00:00,1981.53,1984.06,1968.78,1977.92,4005.5491469
2026-02-18 02:00:00,1977.91,1993.03,1977.58,1987.73,3471.0492968
2026-02-18 03:00:00,1987.68,2000.31,1986.88,1997.07,2714.95780376
2026-02-18 04:00:00,1997.08,2002.59,1993.33,1999.15,2522.8093685
2026-02-18 05:00:00,1999.15,2002.94,1996.02,1996.47,2110.0384044
2026-02-18 06:00:00,1996.49,2008.57,1995.69,2002.1,1998.98484907
2026-02-18 07:00:00,2002.09,2023.47,1996.91,2018.04,3832.7585146
2026-02-18 08:00:00,2018.24,2038.99,2017.29,2020.71,4452.20951085
2026-02-18 09:00:00,2020.71,2022.77,2015.96,2016.58,2889.73113822
2026-02-18 10:00:00,2016.68,2018.06,1995.57,1997.1,4020.8764383
2026-02-18 11:00:00,1997.3,1998.28,1976.58,1981.45,4991.1162873
2026-02-18 12:00:00,1981.42,1989.28,1971.83,1982.44,5722.5211507
2026-02-18 13:00:00,1982.76,1991.88,1961.5,1970.78,5339.443945
2026-02-18 14:00:00,1970.34,1976.54,1954.45,1974.93,10415.8372237
2026-02-18 15:00:00,1974.57,2010.15,1973.6,1985.53,12180.9562648
2026-02-18 16:00:00,1985.46,1985.7,1965.01,1971.83,9845.8998445
2026-02-18 17:00:00,1971.92,1987.76,1970.64,1974.39,5250.0876108
2026-02-18 18:00:00,1974.78,1977.47,1949.11,1952.6,11155.8802833
2026-02-18 19:00:00,1952.41,1961.59,1923.6,1940.84,12176.9550953
2026-02-18 20:00:00,1940.92,1952.8,1935.8,1939.48,6039.2564694
2026-02-18 21:00:00,1939.59,1948.23,1936.0,1942.04,3702.9297163
2026-02-18 22:00:00,1942.04,1950.17,1939.76,1948.04,2267.74328363
2026-02-18 23:00:00,1948.32,1956.72,1944.61,1956.09,3376.3508025
2026-02-19 00:00:00,1955.95,1961.09,1950.49,1956.49,2771.2249797
2026-02-19 01:00:00,1956.48,1974.8,1956.48,1967.02,3925.7994311
2026-02-19 02:00:00,1967.03,1973.02,1962.74,1967.88,4254.8774631
2026-02-19 03:00:00,1967.98,1973.35,1963.16,1972.29,2970.1502201
2026-02-19 04:00:00,1972.35,1979.76,1969.2,1969.62,3713.694763
2026-02-19 05:00:00,1969.62,1972.68,1964.41,1970.34,3119.146086
2026-02-19 06:00:00,1970.27,1984.98,1970.04,1983.12,4163.2789236
2026-02-19 07:00:00,1982.99,1987.43,1979.13,1981.68,2723.4388215
2026-02-19 08:00:00,1981.67,1982.55,1966.34,1970.4,3805.1064862
2026-02-19 09:00:00,1970.4,1980.31,1961.9,1963.75,3262.6731422
2026-02-19 10:00:00,1963.8,1968.68,1957.92,1959.64,4150.1239589
2026-02-19 11:00:00,1959.66,1964.36,1947.53,1949.44,3317.6250885
2026-02-19 12:00:00,1949.52,1955.89,1945.21,1947.68,4085.1222318
2026-02-19 13:00:00,1947.63,1948.24,1911.41,1921.5,9066.4752343
2026-02-19 14:00:00,1921.52,1948.28,1912.15,1936.72,12437.7323829
2026-02-19 15:00:00,1936.95,1947.42,1913.37,1926.48,13209.3210248
2026-02-19 16:00:00,1926.28,1929.8,1907.07,1922.07,9122.1723181
2026-02-19 17:00:00,1922.12,1944.49,1910.81,1921.07,9116.9619133
2026-02-19 18:00:00,1920.68,1944.69,1916.8,1939.75,9268.8518319
2026-02-19 19:00:00,1939.99,1947.29,1927.83,1941.33,6121.6569152
2026-02-19 20:00:00,1941.23,1952.2,1934.76,1950.18,4344.4727758
2026-02-19 21:00:00,1950.18,1952.24,1945.82,1948.58,2979.4582797
2026-02-19 22:00:00,1948.57,1948.76,1936.88,1943.95,2414.8303534
2026-02-19 23:00:00,1943.92,1951.29,1942.45,1948.88,3246.2899723
2026-02-20 00:00:00,1948.88,1964.62,1947.47,1957.75,5134.3121849
2026-02-20 01:00:00,1957.82,1961.44,1950.02,1953.59,3756.8989464
2026-02-20 02:00:00,1953.9,1956.59,1948.23,1949.76,2030.59291414
2026-02-20 03:00:00,1949.67,1960.65,1949.67,1954.86,2345.2590399
2026-02-20 04:00:00,1954.86,1956.18,1931.05,1939.14,4971.2442903
2026-02-20 05:00:00,1939.21,1965.45,1936.28,1955.23,4327.5320052
2026-02-20 06:00:00,1955.65,1960.39,1949.91,1958.49,3277.5994759
2026-02-20 07:00:00,1958.49,1968.67,1956.84,1961.0,2870.0664094
2026-02-20 08:00:00,1960.91,1966.35,1957.21,1960.02,2976.01575905
2026-02-20 09:00:00,1959.99,1972.26,1959.99,1968.14,4287.0708746
2026-02-20 10:00:00,1968.14,1973.76,1956.57,1957.71,4308.3571654
2026-02-20 11:00:00,1957.71,1957.71,1940.54,1943.98,4562.1992942
2026-02-20 12:00:00,1944.01,1951.76,1942.53,1949.9,3322.4522113
2026-02-20 13:00:00,1949.91,1949.91,1923.24,1934.38,8964.7481738
2026-02-20 14:00:00,1934.01,1954.35,1933.24,1943.66,9441.4784545
2026-02-20 15:00:00,1943.81,1980.45,1935.74,1963.92,21123.8913412
2026-02-20 16:00:00,1964.01,1973.45,1953.72,1968.62,11269.0319877
2026-02-20 17:00:00,1968.58,1970.76,1939.12,1966.52,11543.7201602
2026-02-20 18:00:00,1966.52,1981.57,1959.77,1975.58,9856.194421
2026-02-20 19:00:00,1975.54,1978.16,1961.76,1963.72,4594.3007605
2026-02-20 20:00:00,1963.72,1971.21,1961.91,1971.21,3574.7224716
2026-02-20 21:00:00,1971.02,1975.08,1967.15,1974.37,2888.8815131
2026-02-20 22:00:00,1974.37,1974.37,1964.4,1971.39,2513.8677078
2026-02-20 23:00:00,1971.04,1973.28,1963.61,1969.08,2741.9765742
2026-02-21 00:00:00,1968.93,1969.39,1961.61,1963.2,2038.8245366
2026-02-21 01:00:00,1963.21,1969.18,1963.08,1966.09,1658.1616895
2026-02-21 02:00:00,1966.49,1970.55,1964.83,1965.99,1220.2496619
2026-02-21 03:00:00,1965.83,1965.96,1955.79,1958.82,1746.3604345
2026-02-21 04:00:00,1959.05,1963.3,1956.27,1962.37,1143.5132637
2026-02-21 05:00:00,1962.38,1964.44,1961.33,1963.16,788.6408818
2026-02-21 06:00:00,1962.89,1966.11,1960.65,1961.47,1122.5247923
2026-02-21 07:00:00,1961.48,1964.86,1960.0,1962.82,1043.4973873
2026-02-21 08:00:00,1962.81,1971.19,1962.0,1968.99,1616.840001
2026-02-21 09:00:00,1969.01,1977.68,1967.4,1970.27,2255.798146
2026-02-21 10:00:00,1970.27,1974.88,1969.98,1974.14,1128.22819908
2026-02-21 11:00:00,1974.14,1988.44,1973.82,1977.12,3006.5167745
2026-02-21 12:00:00,1977.13,1978.14,1969.33,1975.92,1759.7727422
2026-02-21 13:00:00,1975.93,1981.31,1972.8,1981.2,1168.2276114
2026-02-21 14:00:00,1981.19,1996.19,1978.46,1987.49,4899.8381079
2026-02-21 15:00:00,1987.49,1992.97,1984.24,1988.15,2439.2573351
2026-02-21 16:00:00,1988.12,1989.41,1976.4,1986.1,3950.7820432
2026-02-21 17:00:00,1986.32,1992.1,1984.32,1988.17,1496.8008823
2026-02-21 18:00:00,1988.75,1995.26,1987.75,1991.99,1743.6534548
2026-02-21 19:00:00,1991.99,1994.44,1987.81,1988.37,1098.4843004
2026-02-21 20:00:00,1988.38,1990.46,1973.48,1974.13,2748.468688
2026-02-21 21:00:00,1974.13,1982.44,1970.11,1982.05,2327.56698757
2026-02-21 22:00:00,1982.04,1982.42,1972.01,1974.64,1968.2039594
2026-02-21 23:00:00,1974.64,1977.72,1971.17,1973.45,1583.6677556
2026-02-22 00:00:00,1973.36,1975.2,1967.54,1972.84,2424.1649921
2026-02-22 01:00:00,1972.95,1979.75,1972.63,1977.25,1780.1766533
2026-02-22 02:00:00,1977.33,1982.99,1972.15,1972.23,2164.2727066
2026-02-22 03:00:00,1972.24,1976.2,1967.54,1974.68,2314.6459751
2026-02-22 04:00:00,1974.69,1976.18,1970.9,1973.65,1557.0702213
2026-02-22 05:00:00,1973.65,1975.04,1971.04,1974.85,891.4605887
2026-02-22 06:00:00,1975.01,1979.32,1974.31,1976.09,1206.0499736
2026-02-22 07:00:00,1976.1,1978.75,1974.62,1976.19,1069.5796134
2026-02-22 08:00:00,1975.89,1976.95,1970.54,1973.35,947.2421953
2026-02-22 09:00:00,1973.55,1976.23,1971.79,1975.79,1172.48676521
2026-02-22 10:00:00,1975.8,1980.03,1974.98,1977.57,976.4078655
2026-02-22 11:00:00,1977.58,1983.04,1977.58,1980.73,1416.0163494
2026-02-22 12:00:00,1980.73,1981.49,1961.81,1966.39,3650.77139213
2026-02-22 13:00:00,1966.38,1968.65,1944.79,1950.85,4681.4706514
2026-02-22 14:00:00,1950.96,1954.68,1943.56,1950.62,3950.75159993
2026-02-22 15:00:00,1950.65,1958.82,1946.0,1954.02,3352.9858552
2026-02-22 16:00:00,1954.03,1955.52,1947.56,1952.55,1631.5123066
2026-02-22 17:00:00,1952.55,1953.59,1935.0,1940.28,3153.20198259
2026-02-22 18:00:00,1940.28,1944.09,1938.55,1942.97,1602.6340955
2026-02-22 19:00:00,1942.97,1945.78,1940.5,1943.66,1143.3775689
2026-02-22 20:00:00,1943.74,1945.78,1939.83,1940.92,1247.8592443
2026-02-22 21:00:00,1941.28,1952.27,1941.13,1950.4,1530.4960985
2026-02-22 22:00:00,1950.44,1960.86,1946.67,1958.57,2658.1213221
2026-02-22 23:00:00,1958.5,1960.94,1948.51,1958.15,3658.1902091
2026-02-23 00:00:00,1957.9,1958.3,1928.68,1929.11,3942.3200641
2026-02-23 01:00:00,1929.11,1929.11,1847.02,1856.79,27098.2729563
2026-02-23 02:00:00,1856.78,1868.7,1851.57,1863.25,9096.3419249
2026-02-23 03:00:00,1863.29,1871.73,1856.24,1863.0,5444.3450833
2026-02-23 04:00:00,1863.0,1864.95,1853.9,1860.05,2806.7499112
2026-02-23 05:00:00,1860.05,1870.7,1860.0,1866.02,3342.06958445
2026-02-23 06:00:00,1866.03,1883.11,1864.32,1879.51,3903.4898169
2026-02-23 07:00:00,1879.52,1889.32,1877.16,1885.6,3489.172547
2026-02-23 08:00:00,1885.59,1889.95,1877.37,1880.67,3388.52796281
2026-02-23 09:00:00,1880.69,1918.81,1880.69,1918.03,6786.8207563
2026-02-23 10:00:00,1918.03,1928.26,1912.29,1913.64,4408.4677306
2026-02-23 11:00:00,1914.05,1920.5,1911.08,1915.41,2593.105759
2026-02-23 12:00:00,1915.31,1926.52,1905.92,1919.95,4766.87841271
2026-02-23 13:00:00,1919.96,1935.15,1918.59,1921.88,5022.2419241
2026-02-23 14:00:00,1921.88,1925.24,1895.17,1906.88,12249.8356461
2026-02-23 15:00:00,1907.15,1913.14,1892.65,1895.28,9197.6139153
2026-02-23 16:00:00,1895.29,1900.0,1880.68,1884.34,9973.1901233
2026-02-23 17:00:00,1884.46,1887.87,1837.21,1863.98,14384.8378597
2026-02-23 18:00:00,1863.88,1873.9,1854.43,1857.76,10168.1253582
2026-02-23 19:00:00,1857.48,1864.63,1846.86,1857.03,7830.6992061
2026-02-23 20:00:00,1857.17,1862.26,1846.75,1860.57,6064.9221886
2026-02-23 21:00:00,1860.6,1869.19,1858.64,1863.38,3177.0401576
2026-02-23 22:00:00,1863.53,1869.82,1859.8,1859.95,3461.022557
2026-02-23 23:00:00,1860.13,1867.02,1850.93,1856.55,3596.9783454
2026-02-24 00:00:00,1856.4,1869.39,1855.32,1867.89,3396.3059086
2026-02-24 01:00:00,1867.89,1868.03,1811.58,1840.79,14169.8388538
2026-02-24 02:00:00,1840.78,1854.48,1837.24,1843.85,7469.8404538
2026-02-24 03:00:00,1843.65,1843.65,1823.41,1831.95,9052.7510537
2026-02-24 04:00:00,1832.09,1833.84,1813.93,1830.84,9447.8636872
2026-02-24 05:00:00,1830.84,1840.84,1814.08,1826.45,8000.6893249
2026-02-24 06:00:00,1826.06,1831.34,1818.03,1820.82,4879.500387
2026-02-24 07:00:00,1820.82,1831.89,1815.32,1825.69,6650.0023251
2026-02-24 08:00:00,1825.69,1836.16,1818.56,1831.72,5366.875307
2026-02-24 09:00:00,1831.58,1834.41,1815.28,1827.15,5797.0956856
2026-02-24 10:00:00,1827.16,1829.56,1820.58,1825.95,3257.86613379
2026-02-24 11:00:00,1825.96,1827.18,1818.33,1826.83,2821.9454872
2026-02-24 12:00:00,1826.69,1830.3,1821.16,1823.96,3526.96464931
2026-02-24 13:00:00,1823.97,1827.48,1800.0,1815.9,9557.7012137
2026-02-24 14:00:00,1815.7,1847.84,1803.86,1834.68,15002.20345041
2026-02-24 15:00:00,1834.68,1850.04,1828.11,1847.51,13952.3656858
2026-02-24 16:00:00,1847.51,1863.25,1838.46,1858.88,11533.3677078
2026-02-24 17:00:00,1858.83,1865.3,1849.56,1855.87,7949.2282743
2026-02-24 18:00:00,1855.39,1860.5,1845.35,1855.06,4809.93463881
2026-02-24 19:00:00,1855.01,1862.68,1847.03,1852.49,4793.0975967
2026-02-24 20:00:00,1852.49,1862.37,1849.49,1858.68,4648.5075195
2026-02-24 21:00:00,1858.62,1858.62,1845.49,1854.15,3454.71190611
2026-02-24 22:00:00,1854.02,1863.99,1852.97,1860.6,3064.9870502
2026-02-24 23:00:00,1860.6,1860.63,1851.48,1851.86,2420.3354035
2026-02-25 00:00:00,1851.87,1856.63,1846.73,1851.98,2354.4767046
2026-02-25 01:00:00,1851.97,1924.8,1850.61,1918.51,18607.8491773
2026-02-25 02:00:00,1918.25,1944.89,1918.22,1920.85,10148.8897046
2026-02-25 03:00:00,1920.86,1922.63,1903.57,1906.01,5914.3675629
2026-02-25 04:00:00,1906.15,1914.19,1895.05,1906.36,4943.08043968
2026-02-25 05:00:00,1906.27,1908.12,1877.98,1887.96,6396.0664692
2026-02-25 06:00:00,1887.96,1896.34,1885.0,1885.19,2675.595081
2026-02-25 07:00:00,1885.19,1895.19,1882.53,1893.35,3602.6467192
2026-02-25 08:00:00,1893.34,1913.75,1890.36,1910.42,4013.3419752
2026-02-25 09:00:00,1910.41,1917.72,1907.8,1915.43,3673.8028167
2026-02-25 10:00:00,1915.25,1923.52,1910.56,1912.63,3043.034359
2026-02-25 11:00:00,1912.63,1928.52,1908.0,1926.36,4408.11292515
2026-02-25 12:00:00,1926.36,1956.57,1922.03,1953.23,7608.0722229
2026-02-25 13:00:00,1953.39,1976.91,1952.45,1964.69,8765.50939065
2026-02-25 14:00:00,1964.7,2001.53,1962.53,1997.59,12650.0512137
2026-02-25 15:00:00,1997.17,2028.27,1986.71,2013.48,14985.25928936
2026-02-25 16:00:00,2013.57,2049.16,2013.43,2046.04,12433.6568009
2026-02-25 17:00:00,2046.22,2086.52,2044.09,2073.93,14421.8354476
2026-02-25 18:00:00,2073.92,2081.1,2056.94,2073.87,10267.95794033
2026-02-25 19:00:00,2073.88,2074.91,2060.02,2071.12,5275.05495556
2026-02-25 20:00:00,2071.07,2083.96,2058.49,2075.23,6977.37120039
2026-02-25 21:00:00,2074.97,2148.53,2065.46,2099.92,16727.98132329
2026-02-25 22:00:00,2100.49,2115.38,2073.99,2083.31,7389.2891197
2026-02-25 23:00:00,2083.17,2086.98,2034.48,2057.78,8653.2480167
2026-02-26 00:00:00,2057.41,2076.48,2047.79,2062.46,8850.3162849
2026-02-26 01:00:00,2062.53,2066.94,2049.81,2058.14,4864.2972005
2026-02-26 02:00:00,2058.51,2059.07,2039.1,2053.25,6289.5899028
2026-02-26 03:00:00,2053.25,2059.26,2047.48,2054.6,3377.2473094
2026-02-26 04:00:00,2054.6,2082.64,2051.99,2074.99,5602.6909437
2026-02-26 05:00:00,2074.98,2075.28,2056.68,2066.16,4879.8623978
2026-02-26 06:00:00,2066.17,2076.46,2059.64,2062.74,4102.695941
2026-02-26 07:00:00,2062.72,2068.25,2052.03,2053.25,2692.2803862
2026-02-26 08:00:00,2053.29,2058.99,2045.0,2054.48,4818.5100806
2026-02-26 09:00:00,2054.48,2077.36,2052.96,2075.09,5798.6653884
2026-02-26 10:00:00,2074.96,2083.36,2062.32,2065.28,4564.554696
2026-02-26 11:00:00,2065.29,2067.41,2053.57,2057.54,3930.7157318
2026-02-26 12:00:00,2057.53,2071.79,2055.51,2069.99,4671.9594054
2026-02-26 13:00:00,2069.98,2073.8,2061.19,2065.23,4144.8809566
2026-02-26 14:00:00,2065.23,2077.85,2034.63,2051.52,16323.0738535
2026-02-26 15:00:00,2051.07,2053.09,2011.55,2033.34,19502.5755364
2026-02-26 16:00:00,2033.46,2037.91,1978.48,1983.58,17060.678086
2026-02-26 17:00:00,1983.75,1999.02,1982.29,1988.58,11302.5635978
2026-02-26 18:00:00,1988.42,2009.49,1975.4,2004.2,12009.4355757
2026-02-26 19:00:00,2004.26,2034.35,2003.55,2030.16,8682.7016415
2026-02-26 20:00:00,2030.1,2042.34,2021.67,2023.88,5006.1141017
2026-02-26 21:00:00,2023.52,2034.9,2018.31,2030.38,3401.4097691
2026-02-26 22:00:00,2030.38,2037.53,2027.41,2033.28,2062.9691912
2026-02-26 23:00:00,2033.27,2033.66,2024.4,2027.62,2629.2089661
2026-02-27 00:00:00,2027.68,2030.53,2008.44,2014.85,4680.6945574
2026-02-27 01:00:00,2014.75,2022.54,2000.96,2021.64,7938.4008077
2026-02-27 02:00:00,2021.65,2034.49,2019.3,2025.99,4504.1301974
2026-02-27 03:00:00,2026.31,2049.46,2019.51,2045.42,5270.8375244
2026-02-27 04:00:00,2045.43,2063.66,2038.75,2042.65,7988.4153192
2026-02-27 05:00:00,2042.65,2049.15,2038.68,2041.54,3261.2478372
2026-02-27 06:00:00,2041.62,2042.93,2028.69,2036.2,3383.7132208
2026-02-27 07:00:00,2036.19,2041.52,2022.15,2032.82,4319.4821261
2026-02-27 08:00:00,2032.82,2045.75,2028.32,2033.65,5016.6603215
2026-02-27 09:00:00,2033.65,2042.18,2008.54,2010.01,6558.1879861
2026-02-27 10:00:00,2010.02,2013.71,1978.96,1980.95,10094.6200049
2026-02-27 11:00:00,1980.97,1984.08,1953.27,1962.09,9641.0075847
2026-02-27 12:00:00,1962.07,1968.94,1949.46,1959.97,6997.8709726
2026-02-27 13:00:00,1959.93,1967.57,1939.21,1963.38,10059.35849685
2026-02-27 14:00:00,1963.37,1964.27,1940.07,1943.53,10400.3884525
2026-02-27 15:00:00,1942.6,1959.19,1940.66,1948.57,12202.119209
2026-02-27 16:00:00,1948.55,1948.82,1924.71,1927.26,10286.714822
2026-02-27 17:00:00,1927.12,1934.72,1907.55,1933.12,9606.7312585
2026-02-27 18:00:00,1932.56,1933.4,1915.47,1918.11,5088.9136848
2026-02-27 19:00:00,1917.96,1923.37,1912.17,1920.94,3294.5792928
2026-02-27 20:00:00,1921.12,1926.75,1920.43,1923.18,4705.1502584
2026-02-27 21:00:00,1923.17,1933.46,1917.19,1921.24,3522.69501075
2026-02-27 22:00:00,1921.24,1927.33,1887.29,1921.08,7349.1588383
2026-02-27 23:00:00,1921.26,1932.81,1919.96,1929.84,3090.8442316
2026-02-28 00:00:00,1929.75,1937.1,1924.69,1932.23,3018.1791518
2026-02-28 01:00:00,1932.45,1936.08,1920.11,1924.83,3419.0806974
2026-02-28 02:00:00,1924.59,1932.5,1922.64,1930.75,2479.43498283
2026-02-28 03:00:00,1930.34,1931.31,1920.72,1924.49,2337.3752715
2026-02-28 04:00:00,1924.5,1931.48,1914.71,1925.05,2997.2894831
2026-02-28 05:00:00,1925.15,1928.16,1914.38,1920.46,2323.7426412
2026-02-28 06:00:00,1920.08,1920.24,1835.67,1842.79,23014.39493482
2026-02-28 07:00:00,1842.66,1883.98,1835.61,1866.76,13781.36919
2026-02-28 08:00:00,1866.7,1868.56,1848.71,1852.82,10592.3981498
2026-02-28 09:00:00,1852.47,1863.2,1844.73,1855.36,5495.9104494
2026-02-28 10:00:00,1854.85,1867.99,1849.21,1865.1,5770.535657
2026-02-28 11:00:00,1865.1,1880.79,1861.78,1862.98,5286.5775798
2026-02-28 12:00:00,1863.36,1874.04,1862.51,1868.7,4196.5316661
2026-02-28 13:00:00,1868.71,1910.09,1864.25,1905.59,12399.3580882
2026-02-28 14:00:00,1905.71,1915.97,1883.35,1887.83,14099.6296855
2026-02-28 15:00:00,1887.74,1905.59,1873.8,1898.88,9029.5772271
2026-02-28 16:00:00,1898.88,1910.08,1891.81,1904.0,4905.1716333
2026-02-28 17:00:00,1903.99,1911.75,1886.54,1907.35,6056.1177968
2026-02-28 18:00:00,1906.71,1947.01,1901.25,1935.99,8918.8311717
2026-02-28 19:00:00,1936.04,1954.94,1920.7,1947.15,9159.441992
2026-02-28 20:00:00,1946.88,1972.29,1938.5,1965.93,11413.9523819
2026-02-28 21:00:00,1965.93,1967.71,1945.07,1957.64,6341.0309637
2026-02-28 22:00:00,1957.65,1984.81,1955.84,1965.29,6372.0636072
2026-02-28 23:00:00,1965.32,1969.93,1956.89,1964.74,4352.0469722
2026-03-01 00:00:00,1964.38,1969.18,1954.49,1962.63,3106.9862399
2026-03-01 01:00:00,1962.63,2022.99,1943.57,2012.48,9006.87326
2026-03-01 02:00:00,2012.37,2054.68,2008.61,2033.17,6000.4321483
2026-03-01 03:00:00,2032.83,2039.05,2017.03,2022.88,1983.71590631
2026-03-01 04:00:00,2023.0,2029.97,1998.62,2015.73,2399.1320353
2026-03-01 05:00:00,2016.0,2022.74,2009.75,2011.08,1307.5567825
2026-03-01 06:00:00,2011.08,2012.64,1989.2,1998.44,2366.9628961
2026-03-01 07:00:00,1998.44,2009.36,1993.01,2007.13,1305.7898753
2026-03-01 08:00:00,2007.13,2010.11,1981.04,1985.99,1775.6870172
2026-03-01 09:00:00,1986.28,1995.54,1975.25,1980.71,2255.7469531
2026-03-01 10:00:00,1980.71,1992.75,1972.27,1984.77,1956.3171884
2026-03-01 11:00:00,1984.78,1989.5,1981.62,1983.12,873.227704
2026-03-01 12:00:00,1983.13,1988.0,1976.4,1978.0,1357.8080419
2026-03-01 13:00:00,1978.0,2024.48,1968.78,2006.38,4339.217411
2026-03-01 14:00:00,2006.6,2027.99,1993.35,1999.95,4295.8054723
2026-03-01 15:00:00,2000.04,2016.02,1991.99,1993.15,2466.5409924
2026-03-01 16:00:00,1993.36,2009.34,1960.65,1974.11,6236.2959423
2026-03-01 17:00:00,1973.98,1975.9,1953.29,1960.79,4088.0712318
2026-03-01 18:00:00,1961.19,1997.06,1961.01,1975.82,4504.8399972
2026-03-01 19:00:00,1975.84,1976.13,1947.13,1953.91,3431.3754439
2026-03-01 20:00:00,1953.73,1955.02,1907.3,1914.3,5771.734382
2026-03-01 21:00:00,1914.23,1932.24,1912.99,1928.84,2167.5306501
2026-03-01 22:00:00,1929.02,1971.06,1914.91,1924.75,5731.5852894
2026-03-01 23:00:00,1924.87,1948.15,1918.93,1939.16,2941.915749
2026-03-02 00:00:00,1939.73,1967.31,1937.62,1960.78,2901.65252894
2026-03-02 01:00:00,1961.02,1989.18,1959.79,1963.69,3722.7174576
2026-03-02 02:00:00,1963.76,1966.19,1939.82,1955.56,8740.4786705
2026-03-02 03:00:00,1955.65,1979.88,1948.36,1972.15,7872.6420314
2026-03-02 04:00:00,1972.35,1980.1,1968.52,1972.96,4682.7536978
2026-03-02 05:00:00,1972.96,1983.32,1962.47,1970.97,5123.5872984
2026-03-02 06:00:00,1970.97,1971.22,1937.57,1943.37,8006.703872181782
2026-03-02 07:00:00,1943.38,1945.01,1925.76,1941.15,7514.4608182
2026-03-02 08:00:00,1941.54,1953.98,1919.48,1948.98,11173.462919933005
2026-03-02 09:00:00,1949.01,1967.13,1947.03,1947.82,8294.3863316
2026-03-02 10:00:00,1947.61,1956.61,1944.16,1952.41,6203.7127424
2026-03-02 11:00:00,1952.3,1957.18,1935.89,1947.71,7531.4531105
2026-03-02 12:00:00,1947.69,1948.98,1930.05,1938.26,5776.1019323
2026-03-02 13:00:00,1938.2,1944.44,1922.68,1927.87,7041.681056
2026-03-02 14:00:00,1927.87,1985.55,1921.55,1979.77,19763.28442602
2026-03-02 15:00:00,1979.73,2065.31,1974.39,2047.25,24626.32093177
2026-03-02 16:00:00,2047.25,2090.27,2043.33,2064.51,19438.6445828
2026-03-02 17:00:00,2064.3,2066.03,2025.58,2041.2,10674.39620401
2026-03-02 18:00:00,2041.11,2041.18,2024.23,2029.45,9667.9978597
2026-03-02 19:00:00,2029.45,2049.75,2017.71,2043.82,10227.336598
2026-03-02 20:00:00,2043.45,2057.75,2025.07,2035.17,11778.9505515
2026-03-02 21:00:00,2035.59,2047.79,2029.25,2042.67,5685.9555836
2026-03-02 22:00:00,2042.91,2058.49,2041.59,2053.61,5148.2135907
2026-03-02 23:00:00,2053.81,2055.47,2020.0,2027.31,5613.9002553
2026-03-03 00:00:00,2027.35,2039.0,2018.53,2035.44,6498.4168883
2026-03-03 01:00:00,2035.49,2041.84,2019.55,2020.02,6454.28294796
2026-03-03 02:00:00,2020.02,2022.86,1998.07,2013.56,9711.8616448
2026-03-03 03:00:00,2013.98,2015.64,2005.45,2008.77,4471.9385737
2026-03-03 04:00:00,2008.85,2013.85,1998.57,1999.84,3850.8768045
2026-03-03 05:00:00,1999.77,2019.31,1987.77,1993.38,5993.6540542
2026-03-03 06:00:00,1993.6,2002.0,1988.3,1999.74,5093.92664587
2026-03-03 07:00:00,1999.53,2004.26,1993.31,1996.36,3694.6936414
2026-03-03 08:00:00,1996.36,2000.45,1948.14,1953.07,10615.6108874
2026-03-03 09:00:00,1953.07,1968.82,1939.4,1951.76,11112.57763047
2026-03-03 10:00:00,1951.59,1964.06,1945.22,1957.9,7449.973137
2026-03-03 11:00:00,1958.04,1966.85,1951.8,1961.24,7679.9899051
2026-03-03 12:00:00,1961.34,1990.25,1960.94,1967.65,11196.57642439
2026-03-03 13:00:00,1967.66,1968.78,1943.85,1952.19,11608.5928706
2026-03-03 14:00:00,1952.19,1977.25,1929.17,1942.89,21104.5913158
2026-03-03 15:00:00,1942.74,1972.72,1931.91,1969.29,20481.649044
2026-03-03 16:00:00,1969.02,2013.88,1958.74,1983.77,23295.60994219
2026-03-03 17:00:00,1984.0,1985.57,1959.25,1980.59,17478.540972
2026-03-03 18:00:00,1980.59,2001.08,1969.7,1988.17,12389.1038243
2026-03-03 19:00:00,1988.2,1994.47,1977.03,1986.07,9572.3342651
2026-03-03 20:00:00,1986.08,1989.52,1970.0,1978.24,8351.9691876
2026-03-03 21:00:00,1978.36,1978.43,1959.34,1968.39,6249.4040107
2026-03-03 22:00:00,1968.39,1988.14,1968.39,1983.57,6662.1471457
2026-03-03 23:00:00,1983.2,2001.61,1981.2,1982.6,5920.97524275
2026-03-04 00:00:00,1982.93,1986.82,1961.71,1976.67,8075.5386362
2026-03-04 01:00:00,1976.67,1998.87,1970.14,1981.69,10956.9854334
2026-03-04 02:00:00,1981.58,1982.83,1968.81,1979.2,7728.8857843
2026-03-04 03:00:00,1979.2,1980.21,1945.0,1961.18,11283.4999153
2026-03-04 04:00:00,1960.82,1964.59,1950.65,1960.37,8287.782212
2026-03-04 05:00:00,1960.37,1977.48,1955.82,1971.32,6847.0853406
2026-03-04 06:00:00,1971.33,1986.83,1963.34,1980.33,7169.9596469
2026-03-04 07:00:00,1980.33,2010.18,1974.83,2006.72,9236.28514426
2026-03-04 08:00:00,2006.59,2066.54,2000.5,2063.67,18750.2799413
2026-03-04 09:00:00,2063.67,2089.42,2055.04,2075.1,16846.70393183
2026-03-04 10:00:00,2075.25,2092.85,2067.22,2072.25,10133.62034528
2026-03-04 11:00:00,2072.39,2078.44,2046.37,2054.77,6862.2521939
2026-03-04 12:00:00,2054.77,2059.5,2036.39,2054.6,9053.7394207
2026-03-04 13:00:00,2054.64,2068.4,2052.77,2064.54,8821.3454339
2026-03-04 14:00:00,2064.42,2110.17,2062.77,2079.74,24732.3290677
2026-03-04 15:00:00,2079.73,2157.58,2079.16,2149.99,23552.97174031
2026-03-04 16:00:00,2149.99,2165.39,2129.15,2142.49,17899.58794173
2026-03-04 17:00:00,2142.42,2156.75,2130.45,2146.13,12317.8863347
2026-03-04 18:00:00,2146.12,2164.28,2137.43,2163.14,10469.0088376
2026-03-04 19:00:00,2163.23,2198.94,2161.18,2177.41,14577.0388035
2026-03-04 20:00:00,2177.52,2179.78,2149.39,2150.11,8503.98721788
2026-03-04 21:00:00,2150.14,2155.68,2142.32,2149.92,5094.4068652
2026-03-04 22:00:00,2149.88,2163.97,2127.46,2132.55,5539.5334633
2026-03-04 23:00:00,2131.97,2136.93,2116.78,2127.79,5080.5771891
2026-03-05 00:00:00,2127.27,2135.81,2121.59,2128.42,5357.6772849
2026-03-05 01:00:00,2128.26,2142.36,2107.22,2113.38,8579.0861768
2026-03-05 02:00:00,2113.56,2134.11,2112.99,2122.12,6412.2602224
2026-03-05 03:00:00,2122.19,2126.11,2107.91,2119.58,5269.9313366
2026-03-05 04:00:00,2120.05,2144.32,2118.94,2137.26,6516.4613459
2026-03-05 05:00:00,2137.27,2139.25,2114.07,2119.46,5571.0291506
2026-03-05 06:00:00,2119.7,2131.07,2110.27,2128.21,6272.490129
2026-03-05 07:00:00,2128.27,2132.58,2095.57,2105.14,6212.4243291
2026-03-05 08:00:00,2105.13,2118.71,2093.85,2117.35,8053.7782758
2026-03-05 09:00:00,2117.67,2137.74,2116.51,2125.72,8442.63503372
2026-03-05 10:00:00,2125.49,2163.52,2120.15,2155.89,9349.3476999
2026-03-05 11:00:00,2156.04,2159.33,2133.73,2137.79,6122.4144697
2026-03-05 12:00:00,2137.92,2142.75,2123.52,2138.09,6567.2337887
2026-03-05 13:00:00,2138.25,2139.7,2109.02,2117.59,8674.6993669
2026-03-05 14:00:00,2117.6,2131.32,2096.28,2119.04,17388.0804388
2026-03-05 15:00:00,2119.04,2121.79,2067.69,2086.05,17032.2625737
2026-03-05 16:00:00,2086.87,2087.45,2056.8,2079.94,12360.77384282
2026-03-05 17:00:00,2080.32,2093.92,2054.84,2059.93,12826.0153882
2026-03-05 18:00:00,2059.83,2078.05,2057.19,2076.56,8209.8828153
2026-03-05 19:00:00,2076.8,2092.45,2072.37,2074.51,7231.2363346
2026-03-05 20:00:00,2074.47,2098.42,2070.0,2092.54,9141.1242223
2026-03-05 21:00:00,2092.37,2099.27,2075.53,2080.73,4324.182677
2026-03-05 22:00:00,2080.57,2085.01,2077.71,2079.99,2814.1060679
2026-03-05 23:00:00,2080.0,2084.38,2069.07,2072.81,2331.2697844
2026-03-06 00:00:00,2072.82,2080.17,2067.69,2074.52,2733.8859478
2026-03-06 01:00:00,2075.02,2091.43,2061.97,2087.85,7549.79710177
2026-03-06 02:00:00,2087.68,2093.22,2080.49,2083.9,5195.8664024
2026-03-06 03:00:00,2083.86,2088.7,2075.28,2084.02,3925.7201444
2026-03-06 04:00:00,2084.03,2085.82,2059.4,2070.84,4130.0791452
2026-03-06 05:00:00,2071.11,2074.16,2059.36,2068.96,4647.3653229
2026-03-06 06:00:00,2068.96,2080.56,2063.55,2074.31,4553.3051597
2026-03-06 07:00:00,2074.32,2087.48,2068.45,2082.79,4508.6486685
2026-03-06 08:00:00,2082.86,2082.86,2074.71,2076.02,4246.8573862
2026-03-06 09:00:00,2076.03,2077.37,2045.85,2060.14,8765.9810232
2026-03-06 10:00:00,2060.15,2069.76,2058.69,2063.41,3984.9880895
2026-03-06 11:00:00,2063.41,2067.37,2050.01,2051.16,4346.6944076
2026-03-06 12:00:00,2051.16,2055.13,2037.99,2048.56,7052.55397787
2026-03-06 13:00:00,2048.62,2062.12,2019.61,2020.14,14837.01621529
2026-03-06 14:00:00,2019.87,2024.2,1971.9,1981.93,19956.1404692
2026-03-06 15:00:00,1981.54,1997.69,1966.28,1978.02,14909.9363964
2026-03-06 16:00:00,1977.95,1984.97,1966.51,1971.36,9647.1964667
2026-03-06 17:00:00,1971.35,1982.6,1955.95,1966.84,8414.9017733
2026-03-06 18:00:00,1966.84,1983.42,1966.69,1974.59,7273.0356821
2026-03-06 19:00:00,1974.59,1993.05,1974.59,1983.77,5251.4510744
2026-03-06 20:00:00,1983.71,1988.66,1969.3,1978.8,5536.7716074
2026-03-06 21:00:00,1978.8,1984.56,1971.6,1983.69,2910.8488755
2026-03-06 22:00:00,1983.79,1990.34,1981.58,1987.26,2684.1422955
2026-03-06 23:00:00,1987.34,1987.8,1976.61,1978.77,1969.3126158
2026-03-07 00:00:00,1978.87,1983.36,1976.97,1981.48,1808.2245407
2026-03-07 01:00:00,1981.48,1983.71,1976.28,1980.71,2212.1087212
2026-03-07 02:00:00,1980.71,1984.57,1972.57,1983.64,1964.188419
2026-03-07 03:00:00,1983.41,1996.06,1979.58,1980.3,3391.855565
2026-03-07 04:00:00,1980.02,1980.22,1964.57,1975.35,2799.54107
2026-03-07 05:00:00,1975.35,1979.88,1972.66,1978.97,1571.6386615
2026-03-07 06:00:00,1978.8,1978.8,1968.68,1971.64,1735.2132742
2026-03-07 07:00:00,1971.81,1984.49,1967.19,1983.05,3027.2304844
2026-03-07 08:00:00,1983.06,1987.68,1975.74,1978.0,2310.8062934
2026-03-07 09:00:00,1978.0,1989.72,1975.36,1986.4,2040.2998591
2026-03-07 10:00:00,1986.41,1988.61,1983.13,1984.23,1501.2465585
2026-03-07 11:00:00,1984.24,1994.63,1982.34,1988.89,2534.8890258
2026-03-07 12:00:00,1988.9,1991.05,1979.83,1982.47,1424.7290263
2026-03-07 13:00:00,1982.47,1984.17,1977.67,1981.87,2077.1818153
2026-03-07 14:00:00,1981.87,1990.26,1970.45,1986.82,4179.6156095
2026-03-07 15:00:00,1986.83,1987.44,1976.29,1981.1,2706.7439588
2026-03-07 16:00:00,1981.11,1981.11,1974.51,1977.36,1997.7434371
2026-03-07 17:00:00,1977.35,1983.51,1976.4,1977.61,1753.9857079
2026-03-07 18:00:00,1977.62,1977.62,1966.01,1971.26,2421.7667971
2026-03-07 19:00:00,1971.25,1971.26,1948.0,1955.38,6002.32139995
2026-03-07 20:00:00,1955.31,1968.65,1954.85,1966.44,3581.3315727
2026-03-07 21:00:00,1966.44,1972.22,1963.84,1970.5,2033.7376603
2026-03-07 22:00:00,1970.51,1970.96,1958.4,1966.46,2494.5781674
2026-03-07 23:00:00,1966.46,1974.15,1965.54,1969.58,1988.2795777
2026-03-08 00:00:00,1969.59,1977.26,1966.63,1968.88,2379.302537
2026-03-08 01:00:00,1968.88,1972.1,1963.6,1969.02,2369.3816839
2026-03-08 02:00:00,1969.03,1969.91,1935.73,1942.21,6466.3068165
2026-03-08 03:00:00,1942.38,1951.6,1941.68,1947.66,3659.067044
2026-03-08 04:00:00,1947.63,1953.09,1929.94,1938.41,3793.5396295
2026-03-08 05:00:00,1938.41,1952.56,1938.32,1949.0,3876.9451395
2026-03-08 06:00:00,1949.0,1952.28,1943.09,1948.11,1967.3893982
2026-03-08 07:00:00,1947.68,1960.29,1947.27,1955.49,2929.1271742
2026-03-08 08:00:00,1955.08,1960.57,1949.12,1959.8,3111.1929201
2026-03-08 09:00:00,1959.8,1970.37,1956.87,1963.81,3238.7381361
2026-03-08 10:00:00,1963.54,1979.9,1963.38,1974.25,4083.4688786
2026-03-08 11:00:00,1974.24,1974.35,1944.93,1951.32,6172.7861705
2026-03-08 12:00:00,1951.33,1954.8,1925.09,1946.48,7934.13846003
2026-03-08 13:00:00,1946.49,1948.17,1925.02,1944.55,9552.5035387
2026-03-08 14:00:00,1944.56,1950.6,1937.65,1945.49,5747.9957362
2026-03-08 15:00:00,1945.49,1947.74,1937.43,1943.24,3753.751423
2026-03-08 16:00:00,1943.24,1944.75,1934.33,1936.85,4256.7172145
2026-03-08 17:00:00,1936.86,1946.68,1933.16,1935.55,5053.055662
2026-03-08 18:00:00,1935.68,1937.06,1928.15,1929.97,3815.29765115
2026-03-08 19:00:00,1930.24,1970.21,1928.16,1964.52,8169.80138501
2026-03-08 20:00:00,1964.68,1971.58,1953.87,1958.51,5793.6124152
2026-03-08 21:00:00,1958.91,1962.16,1944.37,1953.64,4788.1215039
2026-03-08 22:00:00,1953.96,1953.96,1911.11,1943.17,17196.0735335
2026-03-08 23:00:00,1943.3,1955.08,1935.55,1937.07,8443.8488651
2026-03-09 00:00:00,1937.07,1965.98,1929.83,1950.98,13213.443924
2026-03-09 01:00:00,1951.11,1963.22,1942.69,1945.97,11199.0767564
2026-03-09 02:00:00,1945.99,1963.16,1938.43,1959.85,9498.8028993
2026-03-09 03:00:00,1959.7,2005.21,1959.08,1977.49,13053.7180273
2026-03-09 04:00:00,1977.48,1989.55,1973.2,1977.04,5381.9187085
2026-03-09 05:00:00,1977.32,2014.02,1976.08,2010.43,11191.579181
2026-03-09 06:00:00,2010.62,2012.72,1983.51,1984.56,5924.954571
2026-03-09 07:00:00,1984.95,1985.77,1963.44,1983.88,5405.21157858
2026-03-09 08:00:00,1984.07,1999.84,1979.1,1996.57,8340.15930475
2026-03-09 09:00:00,1996.83,2022.18,1986.81,2004.46,9564.33064207
2026-03-09 10:00:00,2004.46,2007.02,1992.56,1995.48,6331.4084282
2026-03-09 11:00:00,1995.49,1999.99,1980.94,1992.15,5006.1370528
2026-03-09 12:00:00,1992.16,2013.87,1992.16,2002.37,6168.297252
2026-03-09 13:00:00,2002.38,2029.85,2001.23,2018.2,17127.7033315
2026-03-09 14:00:00,2018.2,2032.84,2007.63,2022.46,15018.4743332
2026-03-09 15:00:00,2022.28,2029.22,2013.95,2022.95,6319.64249
2026-03-09 16:00:00,2022.53,2038.68,2018.7,2027.28,8213.61448
2026-03-09 17:00:00,2027.16,2032.58,2005.97,2016.86,6774.5547205
2026-03-09 18:00:00,2016.86,2022.89,2006.19,2012.07,4953.3356057
2026-03-09 19:00:00,2012.07,2053.43,2010.0,2034.0,9642.77993329
2026-03-09 20:00:00,2033.89,2037.54,2018.53,2025.85,4071.6505796
2026-03-09 21:00:00,2025.84,2035.35,2021.98,2028.32,3929.05262736
2026-03-09 22:00:00,2028.08,2031.27,1999.04,2002.86,4448.81019591
2026-03-09 23:00:00,2002.86,2007.54,1989.2,1993.46,3727.3172797
2026-03-10 00:00:00,1993.08,2022.46,1990.92,2015.48,5776.9669209
2026-03-10 01:00:00,2015.47,2025.31,2006.79,2019.25,4495.9018159
2026-03-10 02:00:00,2019.17,2055.0,2014.04,2042.52,10074.09658513
2026-03-10 03:00:00,2042.52,2047.78,2022.77,2026.82,4927.8906494
2026-03-10 04:00:00,2026.83,2047.31,2026.41,2045.57,2842.2274182
2026-03-10 05:00:00,2045.71,2054.19,2039.74,2043.98,5167.9674784
2026-03-10 06:00:00,2043.98,2049.29,2036.42,2043.7,3194.3994949
2026-03-10 07:00:00,2043.7,2059.37,2040.59,2050.95,5377.4009189
2026-03-10 08:00:00,2050.98,2070.44,2050.98,2057.36,8630.6312253
2026-03-10 09:00:00,2057.34,2075.13,2055.71,2068.33,5037.2155911
2026-03-10 10:00:00,2068.33,2069.24,2055.68,2063.01,3570.4787883
2026-03-10 11:00:00,2062.81,2067.93,2056.02,2061.69,3579.7105807
2026-03-10 12:00:00,2061.8,2062.12,2047.51,2049.69,4219.7805259
2026-03-10 13:00:00,2050.04,2060.28,2024.45,2033.63,11402.3743095
2026-03-10 14:00:00,2033.63,2080.37,2008.9,2075.22,17438.3173004
2026-03-10 15:00:00,2075.08,2086.0,2058.84,2079.36,13577.27522941
2026-03-10 16:00:00,2079.37,2088.32,2069.41,2080.9,9114.0909164
2026-03-10 17:00:00,2080.69,2085.19,2058.33,2071.6,8573.2965054
2026-03-10 18:00:00,2071.61,2073.16,2035.73,2039.63,13132.5069869
2026-03-10 19:00:00,2039.7,2044.29,2027.23,2037.19,6688.25067043
2026-03-10 20:00:00,2036.99,2047.26,2035.18,2042.39,3725.2778621
2026-03-10 21:00:00,2042.39,2048.0,2018.85,2029.81,5161.3365392
2026-03-10 22:00:00,2029.38,2032.99,2021.13,2027.48,3986.1050895
2026-03-10 23:00:00,2027.66,2037.4,2027.51,2036.62,3269.328431
2026-03-11 00:00:00,2036.62,2041.69,2029.1,2037.84,3925.7406109
2026-03-11 01:00:00,2037.84,2041.02,2028.81,2035.99,3480.8177746
2026-03-11 02:00:00,2036.14,2038.96,2018.73,2026.79,3746.9310775
2026-03-11 03:00:00,2026.73,2029.25,2018.17,2021.53,2782.1811918
2026-03-11 04:00:00,2021.17,2041.32,2018.32,2038.84,3470.99838279
2026-03-11 05:00:00,2039.02,2041.01,2011.11,2014.59,3642.7144501
2026-03-11 06:00:00,2014.59,2025.8,2013.97,2024.31,3455.47619839
2026-03-11 07:00:00,2024.32,2025.74,2007.08,2012.23,3304.71068373
2026-03-11 08:00:00,2012.56,2025.69,2009.49,2023.79,4356.9339435
2026-03-11 09:00:00,2023.73,2027.51,2014.56,2018.0,3198.695732
2026-03-11 10:00:00,2018.02,2031.31,2017.25,2028.81,4036.8056454
2026-03-11 11:00:00,2028.8,2033.97,2015.32,2017.71,5293.9413669
2026-03-11 12:00:00,2017.79,2035.5,2012.89,2023.25,7801.65743459
2026-03-11 13:00:00,2022.68,2082.3,2021.68,2050.71,15245.8280615
2026-03-11 14:00:00,2050.71,2077.61,2043.22,2062.48,15245.4777073
2026-03-11 15:00:00,2062.77,2065.43,2030.22,2049.63,10330.8916804
2026-03-11 16:00:00,2049.74,2072.38,2046.47,2066.69,10683.2026421
2026-03-11 17:00:00,2066.93,2085.45,2057.76,2068.14,11536.7030377
2026-03-11 18:00:00,2068.13,2079.66,2063.58,2076.53,6920.1386716
2026-03-11 19:00:00,2076.54,2077.63,2068.55,2076.3,3545.4415086
2026-03-11 20:00:00,2076.02,2076.18,2065.75,2068.52,2738.5895784
2026-03-11 21:00:00,2068.53,2074.86,2063.46,2073.02,2989.3211198
2026-03-11 22:00:00,2073.05,2084.46,2059.05,2061.65,3776.860952
2026-03-11 23:00:00,2061.75,2064.99,2044.32,2051.99,3284.8805962
2026-03-12 00:00:00,2051.99,2057.86,2048.16,2055.93,3239.9029635
2026-03-12 01:00:00,2055.92,2056.13,2042.96,2046.03,4214.5233726
2026-03-12 02:00:00,2046.22,2047.75,2021.84,2024.74,4996.0277657
2026-03-12 03:00:00,2024.72,2034.94,2017.93,2023.22,2979.1464179
2026-03-12 04:00:00,2023.36,2029.58,2021.52,2023.23,2489.4372361
2026-03-12 05:00:00,2023.06,2027.84,2019.58,2026.86,1898.676648
2026-03-12 06:00:00,2026.86,2031.59,2024.73,2030.24,2063.726529
2026-03-12 07:00:00,2030.44,2042.5,2025.99,2040.78,3287.836951
2026-03-12 08:00:00,2040.79,2052.5,2038.52,2047.8,3729.9035505
2026-03-12 09:00:00,2047.79,2065.43,2038.76,2055.84,4731.8623851
2026-03-12 10:00:00,2055.54,2075.49,2052.59,2070.15,5620.4604375
2026-03-12 11:00:00,2069.68,2076.72,2058.6,2063.19,4664.8029708
2026-03-12 12:00:00,2062.87,2070.92,2057.9,2065.37,4485.2823374
2026-03-12 13:00:00,2065.83,2080.43,2051.66,2065.35,9636.00130951
2026-03-12 14:00:00,2065.35,2094.75,2037.58,2046.0,15049.48168
2026-03-12 15:00:00,2045.28,2081.99,2039.06,2072.47,10681.0034926
2026-03-12 16:00:00,2072.33,2078.17,2056.25,2069.17,9061.6720006
2026-03-12 17:00:00,2069.62,2075.11,2055.41,2058.39,6990.4343533
2026-03-12 18:00:00,2058.41,2062.08,2046.78,2048.8,5416.9279526
2026-03-12 19:00:00,2048.93,2073.48,2045.58,2069.69,5235.84544375
2026-03-12 20:00:00,2069.7,2073.75,2060.53,2062.58,2173.0010072
2026-03-12 21:00:00,2062.59,2069.36,2057.6,2063.03,2043.2076702
2026-03-12 22:00:00,2062.13,2067.51,2055.77,2065.59,2747.59563
2026-03-12 23:00:00,2065.59,2093.27,2064.83,2073.44,5634.6174148
2026-03-13 00:00:00,2073.49,2148.55,2070.41,2119.5,16383.841161
2026-03-13 01:00:00,2119.18,2130.37,2111.61,2124.64,5729.218885
2026-03-13 02:00:00,2124.76,2127.06,2102.37,2105.96,4001.8927216
2026-03-13 03:00:00,2105.97,2123.43,2102.23,2118.85,3871.2973208
2026-03-13 04:00:00,2118.86,2119.99,2109.68,2111.85,2619.9636632
2026-03-13 05:00:00,2111.78,2115.19,2103.67,2110.47,3017.99881036
2026-03-13 06:00:00,2110.47,2112.69,2090.27,2095.98,4376.8487723
2026-03-13 07:00:00,2096.0,2104.8,2092.81,2099.33,4123.7030326
2026-03-13 08:00:00,2099.53,2116.68,2091.6,2099.9,6578.9936917
2026-03-13 09:00:00,2100.05,2116.81,2096.4,2113.54,4401.9981357
2026-03-13 10:00:00,2113.55,2133.18,2112.97,2126.55,6842.2582588
2026-03-13 11:00:00,2126.65,2129.99,2118.23,2121.03,3487.66580296
2026-03-13 12:00:00,2121.02,2153.14,2120.52,2146.58,8707.707283
2026-03-13 13:00:00,2146.75,2200.0,2141.61,2185.64,16549.4043486
2026-03-13 14:00:00,2185.64,2209.45,2145.94,2151.19,14270.571405
2026-03-13 15:00:00,2151.19,2165.7,2125.3,2128.27,13542.47467545
2026-03-13 16:00:00,2128.01,2143.59,2111.41,2133.49,11323.988947
2026-03-13 17:00:00,2133.88,2141.09,2090.95,2102.89,8837.11433607
2026-03-13 18:00:00,2102.85,2108.64,2088.22,2100.79,6289.7603818
2026-03-13 19:00:00,2100.9,2105.96,2096.47,2102.38,5181.4220364
2026-03-13 20:00:00,2102.55,2113.8,2101.2,2111.37,3174.40645
2026-03-13 21:00:00,2111.4,2116.64,2101.65,2103.26,3585.1638342
2026-03-13 22:00:00,2103.26,2104.71,2078.72,2088.86,6841.1210419
2026-03-13 23:00:00,2088.86,2093.89,2085.72,2092.61,2933.825248
2026-03-14 00:00:00,2092.0,2094.96,2082.9,2085.64,2629.862219
2026-03-14 01:00:00,2085.36,2095.37,2081.6,2092.5,3247.4691517
2026-03-14 02:00:00,2092.51,2095.63,2089.63,2092.1,1740.9875643
2026-03-14 03:00:00,2092.39,2103.54,2092.39,2101.05,2027.6515885
2026-03-14 04:00:00,2101.1,2105.83,2087.8,2090.46,2571.2936359
2026-03-14 05:00:00,2090.46,2094.33,2085.91,2092.41,1872.3203225
2026-03-14 06:00:00,2092.48,2092.48,2068.68,2078.23,3056.47848521
2026-03-14 07:00:00,2077.89,2080.38,2075.8,2077.29,2179.9091995
2026-03-14 08:00:00,2077.3,2081.93,2072.79,2074.33,1556.7815336
2026-03-14 09:00:00,2074.39,2077.64,2063.68,2067.41,2288.1839127
2026-03-14 10:00:00,2067.4,2068.79,2061.61,2066.29,1887.7769812
2026-03-14 11:00:00,2066.29,2076.57,2065.86,2073.64,1711.5475621
2026-03-14 12:00:00,2073.64,2077.79,2070.08,2075.38,2178.3439762
2026-03-14 13:00:00,2075.44,2080.38,2073.1,2078.82,1933.957794
2026-03-14 14:00:00,2078.44,2080.3,2069.91,2071.18,1894.17897924
2026-03-14 15:00:00,2071.19,2077.8,2070.01,2074.72,1804.2867277
2026-03-14 16:00:00,2074.71,2078.67,2069.04,2077.64,1691.8991236
2026-03-14 17:00:00,2077.63,2078.1,2073.48,2075.05,1075.5878635
2026-03-14 18:00:00,2075.04,2078.12,2072.79,2076.95,820.4796688
2026-03-14 19:00:00,2076.96,2079.28,2074.92,2077.31,868.2960968
2026-03-14 20:00:00,2077.5,2087.38,2076.1,2086.0,1268.2351832
2026-03-14 21:00:00,2085.98,2088.8,2081.91,2086.37,1502.5964087
2026-03-14 22:00:00,2086.84,2088.24,2082.3,2084.06,1023.5965461
2026-03-14 23:00:00,2084.45,2099.68,2084.2,2096.04,4123.436646
2026-03-15 00:00:00,2096.19,2096.77,2086.23,2088.05,2046.3504459
2026-03-15 01:00:00,2088.06,2090.99,2083.52,2088.42,1932.3327532
2026-03-15 02:00:00,2088.42,2107.99,2088.42,2101.72,4268.4141503
2026-03-15 03:00:00,2102.04,2105.06,2093.79,2096.19,1998.8086233
2026-03-15 04:00:00,2096.2,2104.26,2096.2,2104.26,2373.5869158
2026-03-15 05:00:00,2104.33,2115.6,2102.19,2107.92,2933.5486574
2026-03-15 06:00:00,2107.93,2111.19,2103.2,2107.47,1404.2887101
2026-03-15 07:00:00,2107.76,2113.46,2103.57,2105.64,1272.4477684
2026-03-15 08:00:00,2105.64,2113.0,2105.64,2112.87,1496.1102388
2026-03-15 09:00:00,2112.88,2123.38,2112.73,2117.32,3117.9383706
2026-03-15 10:00:00,2117.31,2121.21,2114.24,2119.22,1333.0787001
2026-03-15 11:00:00,2119.14,2121.13,2115.13,2119.46,989.33499247
2026-03-15 12:00:00,2119.61,2119.81,2106.03,2109.6,1790.1276444
2026-03-15 13:00:00,2109.59,2112.65,2086.79,2097.52,6148.153012
2026-03-15 14:00:00,2097.39,2099.32,2086.71,2096.86,2478.2588253
2026-03-15 15:00:00,2096.98,2097.14,2090.11,2093.79,1523.6707923
2026-03-15 16:00:00,2093.8,2098.82,2088.86,2091.54,1936.8426815
2026-03-15 17:00:00,2091.56,2118.35,2091.3,2111.19,3422.65141137
2026-03-15 18:00:00,2110.95,2113.57,2094.6,2099.32,2835.1400562
2026-03-15 19:00:00,2099.17,2114.26,2096.65,2113.4,2514.94395062
2026-03-15 20:00:00,2113.46,2139.0,2110.15,2129.37,4805.4046751
2026-03-15 21:00:00,2129.21,2144.76,2123.83,2138.73,4499.784333
2026-03-15 22:00:00,2139.08,2192.39,2125.9,2183.98,13655.0914801
2026-03-15 23:00:00,2184.57,2202.55,2166.11,2178.19,10799.6222533
2026-03-16 00:00:00,2178.2,2186.79,2165.03,2171.12,6012.9927959
2026-03-16 01:00:00,2171.23,2190.42,2165.11,2185.88,5934.0495167
2026-03-16 02:00:00,2186.15,2189.3,2170.18,2180.82,4621.2349273
2026-03-16 03:00:00,2180.3,2253.71,2177.39,2235.85,15077.49472177
2026-03-16 04:00:00,2235.84,2277.95,2235.84,2262.48,12080.3204623
2026-03-16 05:00:00,2263.05,2288.77,2257.14,2280.49,8340.1387361
2026-03-16 06:00:00,2280.29,2281.1,2260.9,2261.55,3370.71365447
2026-03-16 07:00:00,2261.56,2269.16,2245.7,2248.82,3379.8606432
2026-03-16 08:00:00,2248.82,2258.79,2234.51,2243.23,4249.3908755
2026-03-16 09:00:00,2243.45,2265.4,2239.62,2260.49,3317.35395262
2026-03-16 10:00:00,2260.11,2278.57,2256.09,2278.26,4141.4594036
2026-03-16 11:00:00,2278.26,2279.97,2265.51,2269.95,3608.61258277
2026-03-16 12:00:00,2269.95,2303.53,2269.94,2279.16,10024.1344546
2026-03-16 13:00:00,2279.16,2308.28,2272.26,2288.86,11013.1032946
2026-03-16 14:00:00,2288.94,2304.49,2255.06,2287.94,13624.3396714
2026-03-16 15:00:00,2287.96,2299.2,2269.87,2273.46,8541.6839495
2026-03-16 16:00:00,2273.47,2300.16,2270.04,2296.99,8457.3582139
2026-03-16 17:00:00,2296.85,2322.92,2293.41,2314.27,7535.75039704
2026-03-16 18:00:00,2314.52,2346.16,2313.98,2321.01,9521.7431701
2026-03-16 19:00:00,2321.54,2347.99,2318.69,2330.93,7599.6474384
2026-03-16 20:00:00,2330.93,2347.42,2323.65,2345.38,3803.0196875
2026-03-16 21:00:00,2345.39,2376.69,2343.8,2361.04,8472.5597163
2026-03-16 22:00:00,2360.9,2385.96,2355.33,2357.85,6067.3190732
2026-03-16 23:00:00,2358.07,2361.31,2330.66,2352.87,5154.3332402
2026-03-17 00:00:00,2352.87,2376.3,2340.61,2357.34,12658.557806
2026-03-17 01:00:00,2357.56,2375.0,2345.81,2361.62,10363.4616398
2026-03-17 02:00:00,2361.21,2361.88,2345.0,2351.09,5370.7824074
2026-03-17 03:00:00,2351.4,2355.98,2308.32,2320.18,7704.9946254
2026-03-17 04:00:00,2320.18,2330.14,2296.12,2311.91,7011.289395
2026-03-17 05:00:00,2311.5,2318.28,2298.16,2307.4,4890.9764183
2026-03-17 06:00:00,2307.38,2324.62,2298.28,2315.34,4337.2978059
2026-03-17 07:00:00,2315.35,2338.31,2315.34,2327.96,3179.9574751
2026-03-17 08:00:00,2327.97,2335.11,2316.63,2320.5,4950.3714106
2026-03-17 09:00:00,2320.5,2329.34,2307.22,2315.43,5590.9751551
2026-03-17 10:00:00,2315.43,2317.29,2304.38,2312.87,3907.6092584
2026-03-17 11:00:00,2313.23,2332.61,2311.77,2327.03,4530.127157
2026-03-17 12:00:00,2327.04,2335.0,2313.15,2315.75,5470.3279791
2026-03-17 13:00:00,2315.01,2346.79,2313.42,2328.29,9474.0894618
2026-03-17 14:00:00,2328.64,2348.45,2319.02,2343.45,10038.1105259
2026-03-17 15:00:00,2343.68,2357.81,2304.52,2316.19,9451.3477249
2026-03-17 16:00:00,2316.2,2336.74,2312.49,2326.81,5966.152499
2026-03-17 17:00:00,2326.81,2342.56,2320.74,2339.98,5018.6160933
2026-03-17 18:00:00,2340.0,2342.72,2328.31,2333.2,3308.2757006
2026-03-17 19:00:00,2333.11,2339.91,2317.16,2320.49,3459.2333812
2026-03-17 20:00:00,2320.22,2330.41,2317.55,2327.95,1874.614045
2026-03-17 21:00:00,2327.94,2344.62,2327.94,2338.45,2984.5097599
2026-03-17 22:00:00,2338.28,2342.0,2318.47,2329.57,2984.8814789
2026-03-17 23:00:00,2329.58,2332.98,2316.21,2317.31,2426.8290135
2026-03-18 00:00:00,2317.32,2325.44,2307.09,2323.95,4167.94674
2026-03-18 01:00:00,2324.27,2335.22,2323.1,2324.93,3022.3362056
2026-03-18 02:00:00,2325.03,2342.04,2324.47,2331.39,2581.3629756
2026-03-18 03:00:00,2331.39,2350.02,2328.66,2340.46,3823.4268538
2026-03-18 04:00:00,2340.78,2341.99,2326.68,2327.58,1992.837479
2026-03-18 05:00:00,2327.57,2330.93,2314.09,2318.36,2767.6597314
2026-03-18 06:00:00,2318.37,2330.99,2318.37,2322.51,2410.3892929
2026-03-18 07:00:00,2322.63,2323.16,2312.02,2317.49,2234.3426837
2026-03-18 08:00:00,2317.5,2325.47,2317.43,2322.21,2001.041605
2026-03-18 09:00:00,2322.55,2333.51,2321.88,2329.28,2206.4758122
2026-03-18 10:00:00,2329.28,2331.94,2308.52,2312.86,2900.54682291
2026-03-18 11:00:00,2312.78,2319.03,2263.49,2269.43,10524.3991261
2026-03-18 12:00:00,2269.42,2270.57,2235.5,2237.54,10539.320682
2026-03-18 13:00:00,2237.52,2244.61,2223.6,2235.75,10735.9800884
2026-03-18 14:00:00,2235.91,2237.0,2187.03,2190.23,10912.6354976
2026-03-18 15:00:00,2190.27,2196.03,2170.14,2187.77,10827.02764372
2026-03-18 16:00:00,2187.42,2190.85,2166.6,2180.99,8028.75124735
2026-03-18 17:00:00,2181.0,2211.29,2177.03,2204.01,6734.1236735
2026-03-18 18:00:00,2204.02,2220.38,2175.96,2181.29,12766.9649288
2026-03-18 19:00:00,2181.29,2196.75,2178.8,2185.87,8057.5662048
2026-03-18 20:00:00,2185.85,2194.65,2153.03,2187.48,9817.1088998
2026-03-18 21:00:00,2187.06,2206.92,2185.7,2202.84,4902.8118349
2026-03-18 22:00:00,2202.84,2203.65,2186.09,2194.46,2396.42750541
2026-03-18 23:00:00,2194.66,2206.94,2189.12,2203.52,4383.8209975
2026-03-19 00:00:00,2203.52,2208.32,2190.72,2193.51,5151.4647636
2026-03-19 01:00:00,2193.39,2202.0,2187.25,2197.02,4084.8010618
2026-03-19 02:00:00,2197.09,2204.99,2188.94,2196.86,3164.2231047
2026-03-19 03:00:00,2196.88,2233.55,2196.88,2212.65,7565.29854392
2026-03-19 04:00:00,2212.29,2213.17,2190.93,2193.54,5001.6910796
2026-03-19 05:00:00,2193.82,2198.5,2186.75,2189.26,3004.96926277
2026-03-19 06:00:00,2189.26,2195.46,2177.92,2180.85,3982.40600391
2026-03-19 07:00:00,2180.51,2182.0,2143.25,2166.81,9531.9115165
2026-03-19 08:00:00,2166.71,2170.99,2158.34,2160.43,5564.2894767
2026-03-19 09:00:00,2160.82,2190.85,2160.21,2189.19,8460.76090730511
2026-03-19 10:00:00,2189.35,2192.22,2172.73,2172.74,3348.5332293
2026-03-19 11:00:00,2172.74,2177.59,2165.81,2166.79,3548.8460939
2026-03-19 12:00:00,2166.8,2167.48,2130.24,2132.13,6553.5963911
2026-03-19 13:00:00,2132.53,2143.27,2111.37,2137.42,15201.2227217
2026-03-19 14:00:00,2137.71,2147.27,2102.38,2121.65,10273.3746021
2026-03-19 15:00:00,2121.49,2136.69,2099.02,2118.64,10695.0048048
2026-03-19 16:00:00,2118.64,2122.06,2106.42,2115.35,8635.7130265
2026-03-19 17:00:00,2115.1,2131.69,2104.96,2126.99,6707.2612487
2026-03-19 18:00:00,2126.6,2129.33,2114.33,2124.94,3758.3073062
2026-03-19 19:00:00,2125.03,2156.98,2125.03,2141.54,11258.7466768
2026-03-19 20:00:00,2141.21,2152.79,2139.37,2146.39,3305.5981834
2026-03-19 21:00:00,2146.39,2155.63,2145.24,2149.96,3288.7770164
2026-03-19 22:00:00,2149.93,2152.39,2133.34,2140.27,3553.5382974
2026-03-19 23:00:00,2140.29,2147.55,2130.99,2138.06,3327.8430836
2026-03-20 00:00:00,2138.07,2149.57,2134.79,2145.62,3373.0469476
2026-03-20 01:00:00,2145.73,2160.85,2145.11,2151.08,3882.0462107
2026-03-20 02:00:00,2151.09,2151.71,2132.57,2144.75,3542.6457076
2026-03-20 03:00:00,2144.54,2157.38,2143.8,2151.36,2990.2672802
2026-03-20 04:00:00,2151.35,2159.26,2139.53,2148.4,2324.0015361
2026-03-20 05:00:00,2148.39,2151.89,2137.79,2140.16,2672.8456887
2026-03-20 06:00:00,2140.38,2141.77,2132.24,2136.73,2480.52345446
2026-03-20 07:00:00,2136.71,2153.36,2121.36,2150.77,4385.2923618
2026-03-20 08:00:00,2150.77,2176.77,2146.72,2164.23,7281.3890047
2026-03-20 09:00:00,2163.86,2164.04,2135.22,2141.34,5382.3107643
2026-03-20 10:00:00,2141.35,2151.25,2131.69,2148.53,3798.5053057
2026-03-20 11:00:00,2148.37,2158.69,2134.91,2141.49,3902.116453
2026-03-20 12:00:00,2141.6,2152.73,2135.19,2141.16,4744.861609
2026-03-20 13:00:00,2141.17,2153.0,2123.19,2128.03,9947.9392456
2026-03-20 14:00:00,2127.44,2147.61,2116.6,2129.29,12761.6700947
2026-03-20 15:00:00,2129.28,2138.71,2120.17,2134.51,7397.5706101
2026-03-20 16:00:00,2134.13,2144.8,2130.58,2137.37,4582.0983794
2026-03-20 17:00:00,2137.33,2141.05,2119.78,2136.74,5310.5318008
2026-03-20 18:00:00,2136.7,2137.65,2117.45,2123.11,6844.9652696
2026-03-20 19:00:00,2123.33,2134.87,2117.38,2132.78,5829.2933281
2026-03-20 20:00:00,2132.78,2137.0,2124.0,2133.13,2761.6603752
2026-03-20 21:00:00,2133.26,2157.43,2130.82,2147.56,4517.1682348
2026-03-20 22:00:00,2147.56,2167.99,2147.56,2154.77,4107.6498355
2026-03-20 23:00:00,2154.77,2155.64,2143.38,2146.36,2505.4448586
2026-03-21 00:00:00,2146.22,2156.62,2144.25,2153.28,2100.70108479
2026-03-21 01:00:00,2153.29,2159.79,2147.48,2147.91,1945.0520468
2026-03-21 02:00:00,2147.56,2156.6,2146.34,2154.75,1052.8465163
2026-03-21 03:00:00,2155.0,2155.88,2151.14,2153.6,585.4983798
2026-03-21 04:00:00,2153.45,2158.19,2150.49,2151.86,1139.3628706
2026-03-21 05:00:00,2151.84,2157.99,2151.83,2153.43,1091.9858243
2026-03-21 06:00:00,2153.32,2156.49,2152.3,2155.76,671.8779892
2026-03-21 07:00:00,2155.76,2161.35,2153.72,2155.14,913.1621461
2026-03-21 08:00:00,2155.36,2157.1,2149.66,2154.04,849.7392009
2026-03-21 09:00:00,2154.05,2158.91,2153.8,2158.48,974.4206809
2026-03-21 10:00:00,2158.76,2159.21,2152.99,2153.92,815.0319082
2026-03-21 11:00:00,2154.01,2157.71,2152.99,2157.27,429.528534
2026-03-21 12:00:00,2157.29,2160.61,2156.77,2157.78,890.795342
2026-03-21 13:00:00,2157.79,2159.67,2154.95,2155.84,730.2156034
2026-03-21 14:00:00,2155.84,2168.17,2150.51,2152.16,2243.76326437
2026-03-21 15:00:00,2152.17,2157.49,2146.56,2155.27,1830.9755237
2026-03-21 16:00:00,2155.27,2155.58,2144.45,2146.67,1508.8147811
2026-03-21 17:00:00,2146.66,2150.51,2142.1,2148.46,1065.8728786
2026-03-21 18:00:00,2148.47,2155.63,2147.78,2151.8,1069.4657702
2026-03-21 19:00:00,2151.44,2153.02,2149.06,2152.46,613.7759982
2026-03-21 20:00:00,2152.47,2156.72,2150.67,2155.67,1164.4657476
2026-03-21 21:00:00,2155.67,2156.98,2152.41,2153.76,1271.2520623
2026-03-21 22:00:00,2153.75,2153.95,2149.58,2150.21,998.1824236
2026-03-21 23:00:00,2149.93,2149.93,2070.92,2084.58,11399.8478108
2026-03-22 00:00:00,2084.55,2095.39,2050.04,2087.54,15760.159758
2026-03-22 01:00:00,2087.68,2094.4,2082.01,2091.39,3976.3268535
2026-03-22 02:00:00,2091.4,2109.49,2088.14,2102.66,3382.6922914
2026-03-22 03:00:00,2102.66,2127.42,2098.52,2113.92,3695.2651675
2026-03-22 04:00:00,2113.93,2122.86,2106.44,2119.39,3827.1924351
2026-03-22 05:00:00,2119.39,2120.73,2112.72,2112.96,1985.4544899
2026-03-22 06:00:00,2112.97,2113.33,2107.42,2108.68,2327.1153487
2026-03-22 07:00:00,2108.5,2111.99,2092.55,2093.58,2912.4046966
2026-03-22 08:00:00,2093.62,2095.69,2074.28,2086.56,6614.7838144
2026-03-22 09:00:00,2086.55,2096.51,2079.67,2085.32,3523.5402452
2026-03-22 10:00:00,2085.13,2086.94,2077.27,2081.64,1807.0454736
2026-03-22 11:00:00,2081.46,2083.82,2067.11,2070.06,3786.3984117
2026-03-22 12:00:00,2070.05,2088.45,2068.4,2082.55,3531.0624821
2026-03-22 13:00:00,2082.56,2092.6,2072.78,2078.71,3347.3481491
2026-03-22 14:00:00,2078.72,2085.23,2071.67,2078.31,3869.5140053
2026-03-22 15:00:00,2078.32,2084.28,2075.87,2082.96,2305.4633164
2026-03-22 16:00:00,2083.09,2084.48,2077.88,2082.39,2119.5681104
2026-03-22 17:00:00,2082.2,2084.82,2077.55,2080.1,1447.2700188
2026-03-22 18:00:00,2080.0,2080.54,2057.38,2072.28,3766.94245521
2026-03-22 19:00:00,2072.25,2072.77,2054.1,2063.06,3801.03105439
2026-03-22 20:00:00,2063.21,2072.13,2056.33,2058.55,3093.0609596
2026-03-22 21:00:00,2058.56,2060.47,2025.96,2045.97,10416.8426234
2026-03-22 22:00:00,2045.97,2065.5,2032.65,2062.47,8425.4517867
2026-03-22 23:00:00,2062.7,2074.27,2051.32,2053.88,4608.9727171
2026-03-23 00:00:00,2053.89,2063.07,2035.69,2043.16,7229.5731726
2026-03-23 01:00:00,2043.32,2062.27,2039.59,2047.53,6528.3857145
2026-03-23 02:00:00,2047.53,2070.65,2046.83,2063.81,4571.1602858
2026-03-23 03:00:00,2063.41,2072.17,2051.95,2052.35,3814.3729455
2026-03-23 04:00:00,2052.54,2066.39,2050.69,2065.47,3526.52644954
2026-03-23 05:00:00,2065.47,2072.11,2060.81,2069.44,3730.48971317
2026-03-23 06:00:00,2069.26,2069.26,2028.61,2037.36,6028.09876392
2026-03-23 07:00:00,2037.34,2049.78,2022.94,2044.87,6745.5635627
2026-03-23 08:00:00,2044.95,2059.02,2043.93,2048.04,4968.6137473
2026-03-23 09:00:00,2048.02,2049.13,2029.21,2043.62,4301.0065321
2026-03-23 10:00:00,2043.66,2054.04,2040.47,2049.04,4060.0208088
2026-03-23 11:00:00,2049.04,2197.93,2049.04,2134.64,42892.2398757
2026-03-23 12:00:00,2134.91,2147.67,2107.63,2144.26,15926.093082
2026-03-23 13:00:00,2144.27,2188.6,2140.28,2185.57,14557.0807274
2026-03-23 14:00:00,2185.6,2192.41,2169.48,2182.08,10243.71195818
2026-03-23 15:00:00,2181.31,2187.92,2124.6,2128.45,10028.19736947
2026-03-23 16:00:00,2128.7,2142.38,2117.78,2135.81,11729.233416
2026-03-23 17:00:00,2135.95,2158.64,2124.84,2152.42,8078.4145913
2026-03-23 18:00:00,2152.51,2171.87,2145.78,2168.73,5904.6577284
2026-03-23 19:00:00,2168.59,2178.61,2150.4,2154.73,4689.831175
2026-03-23 20:00:00,2154.45,2166.63,2150.7,2161.4,2225.7934174
2026-03-23 21:00:00,2161.41,2163.79,2154.6,2157.56,1478.5074386
2026-03-23 22:00:00,2157.7,2159.48,2143.69,2153.32,2797.261539
2026-03-23 23:00:00,2152.7,2155.09,2140.68,2152.53,2233.419196
2026-03-24 00:00:00,2152.18,2156.44,2130.41,2143.69,4714.4691487
2026-03-24 01:00:00,2143.23,2149.75,2124.33,2137.39,4525.1397594
2026-03-24 02:00:00,2137.63,2145.92,2132.67,2136.27,3923.1635432
2026-03-24 03:00:00,2136.18,2143.16,2130.47,2141.43,3602.7416913
2026-03-24 04:00:00,2141.69,2152.42,2131.83,2136.08,3618.9742795
2026-03-24 05:00:00,2136.18,2138.46,2129.01,2133.67,2604.96727403
2026-03-24 06:00:00,2133.68,2146.19,2131.98,2145.29,2904.3713592
2026-03-24 07:00:00,2145.42,2170.75,2144.14,2165.74,6694.91496804
2026-03-24 08:00:00,2165.62,2167.37,2152.34,2155.37,2940.7491331
2026-03-24 09:00:00,2155.11,2167.3,2147.42,2164.87,2416.5539818
2026-03-24 10:00:00,2164.88,2164.88,2155.29,2161.29,1072.3346444
2026-03-24 11:00:00,2161.2,2175.23,2152.11,2165.82,1997.8993509
2026-03-24 12:00:00,2165.92,2170.14,2158.86,2162.5,1354.2899003
2026-03-24 13:00:00,2162.43,2165.77,2130.49,2138.44,5346.8257273
2026-03-24 14:00:00,2138.18,2148.3,2119.25,2134.17,5985.494025
2026-03-24 15:00:00,2134.49,2147.57,2131.56,2135.42,3015.91116797
2026-03-24 16:00:00,2134.84,2140.61,2120.36,2127.03,2284.1824955
2026-03-24 17:00:00,2127.6,2129.08,2103.0,2108.94,4489.0640606
2026-03-24 18:00:00,2109.47,2127.92,2105.25,2118.84,2345.7033389
2026-03-24 19:00:00,2119.02,2128.01,2114.5,2116.83,1178.7182171
2026-03-24 20:00:00,2116.83,2154.43,2115.63,2148.12,4745.1004247
2026-03-24 21:00:00,2148.46,2151.74,2140.52,2148.6,2299.370457
2026-03-24 22:00:00,2148.68,2155.51,2140.65,2145.66,1747.6965205
2026-03-24 23:00:00,2145.53,2163.75,2142.83,2156.21,1436.9932636
2026-03-25 00:00:00,2156.42,2168.7,2146.2,2161.82,1567.48491033
2026-03-25 01:00:00,2161.7,2166.85,2156.96,2156.97,1201.7951176
2026-03-25 02:00:00,2156.97,2161.48,2153.72,2154.87,1125.1157828
2026-03-25 03:00:00,2155.68,2160.57,2147.16,2158.48,1225.0121946
2026-03-25 04:00:00,2158.49,2167.71,2156.89,2166.22,733.910373074603
2026-03-25 05:00:00,2166.34,2179.79,2164.83,2169.2,1660.0217269
2026-03-25 06:00:00,2169.21,2172.99,2163.03,2163.56,1131.7471853
2026-03-25 07:00:00,2163.56,2177.5,2159.69,2164.83,1125.3016978
2026-03-25 08:00:00,2165.08,2190.52,2164.41,2176.71,2533.2325469
2026-03-25 09:00:00,2176.52,2188.88,2175.12,2186.46,1662.6902333
2026-03-25 10:00:00,2186.47,2188.67,2181.19,2185.48,1279.72310277
2026-03-25 11:00:00,2185.47,2198.97,2180.0,2186.52,3339.5984537
2026-03-25 12:00:00,2186.52,2194.96,2164.78,2183.63,4233.9115228
2026-03-25 13:00:00,2183.33,2198.06,2179.67,2184.36,3195.8044584
2026-03-25 14:00:00,2184.51,2187.96,2173.13,2174.0,3878.3911445
2026-03-25 15:00:00,2174.21,2176.68,2147.61,2162.54,4722.160261
2026-03-25 16:00:00,2162.45,2186.48,2156.01,2173.88,3693.1835378
2026-03-25 17:00:00,2173.89,2175.91,2160.48,2163.38,2023.10317
2026-03-25 18:00:00,2164.06,2173.33,2157.66,2161.82,1481.05977928
2026-03-25 19:00:00,2162.33,2176.75,2159.64,2172.63,1376.2150111
2026-03-25 20:00:00,2172.79,2172.96,2159.09,2166.63,1083.7695222
2026-03-25 21:00:00,2166.64,2169.16,2161.91,2164.12,915.8469809
2026-03-25 22:00:00,2164.13,2183.35,2161.83,2174.68,1918.2977214
2026-03-25 23:00:00,2174.58,2177.22,2164.73,2168.99,841.6343442
2026-03-26 00:00:00,2168.78,2172.29,2162.41,2166.58,985.4228318
2026-03-26 01:00:00,2166.49,2169.29,2160.19,2165.15,1046.32278819
2026-03-26 02:00:00,2164.74,2165.73,2144.0,2150.33,1580.6373979
2026-03-26 03:00:00,2149.55,2155.45,2144.57,2153.13,974.3665027
2026-03-26 04:00:00,2153.24,2154.17,2147.86,2149.69,749.749281
2026-03-26 05:00:00,2149.69,2151.0,2113.81,2119.77,4178.2580029
2026-03-26 06:00:00,2119.6,2124.99,2112.39,2121.91,1881.0690657
2026-03-26 07:00:00,2122.04,2124.93,2113.17,2123.42,1254.0440456
2026-03-26 08:00:00,2123.44,2128.23,2114.48,2120.24,1629.2954156
2026-03-26 09:00:00,2119.82,2122.3,2075.19,2083.34,5326.0122378
2026-03-26 10:00:00,2082.79,2083.7,2073.26,2078.76,1807.9040655
2026-03-26 11:00:00,2078.77,2081.33,2063.26,2068.6,2425.6744956
2026-03-26 12:00:00,2068.9,2075.64,2066.19,2073.64,1788.1383555
2026-03-26 13:00:00,2073.64,2093.69,2069.99,2081.14,5381.4272969
2026-03-26 14:00:00,2081.19,2085.67,2067.11,2075.94,4454.2486342
2026-03-26 15:00:00,2076.49,2076.72,2051.72,2070.11,4933.6283236
2026-03-26 16:00:00,2070.08,2070.72,2060.0,2060.72,2407.2943372
2026-03-26 17:00:00,2060.88,2070.47,2045.0,2048.82,3276.8781311
2026-03-26 18:00:00,2049.06,2055.39,2034.14,2046.84,4181.7871716
2026-03-26 19:00:00,2047.25,2054.1,2039.3,2048.82,2303.2232884
2026-03-26 20:00:00,2048.84,2080.64,2046.38,2064.78,7682.43621885
2026-03-26 21:00:00,2064.79,2076.78,2060.01,2068.67,2708.5187523
2026-03-26 22:00:00,2068.36,2072.7,2054.59,2065.78,2013.7011372
2026-03-26 23:00:00,2065.89,2069.5,2055.95,2060.25,1747.2129753
2026-03-27 00:00:00,2060.46,2067.61,2056.69,2065.11,2007.1493969
2026-03-27 01:00:00,2065.12,2074.52,2063.84,2074.03,1400.8202959
2026-03-27 02:00:00,2074.03,2076.99,2067.33,2068.13,945.3416843
2026-03-27 03:00:00,2068.13,2068.98,2058.91,2061.51,1156.1906007
2026-03-27 04:00:00,2061.51,2061.87,2042.92,2053.26,2201.312839
2026-03-27 05:00:00,2053.14,2066.56,2052.19,2061.46,1120.6133455
2026-03-27 06:00:00,2061.12,2068.05,2058.41,2062.69,884.8130557
2026-03-27 07:00:00,2062.7,2072.1,2059.89,2066.11,1520.7881182
2026-03-27 08:00:00,2066.12,2069.71,2034.11,2047.77,4029.7256215
2026-03-27 09:00:00,2047.93,2051.88,2036.4,2041.18,1729.3644974
2026-03-27 10:00:00,2041.19,2044.45,1985.0,1991.69,9990.4054218
2026-03-27 11:00:00,1991.25,1998.25,1982.81,1991.68,3666.1422808
2026-03-27 12:00:00,1991.69,1993.66,1982.18,1989.16,2709.7995156
2026-03-27 13:00:00,1989.6,1997.6,1968.93,1979.22,6616.3698462
2026-03-27 14:00:00,1979.21,1989.64,1972.28,1989.41,4795.1911553
2026-03-27 15:00:00,1989.41,2010.12,1983.25,1990.92,6270.4181958
2026-03-27 16:00:00,1990.44,1992.75,1980.27,1986.61,3004.0722799
2026-03-27 17:00:00,1986.61,1998.13,1974.85,1977.23,2967.6750415
2026-03-27 18:00:00,1977.23,1986.27,1974.4,1984.2,2074.7592101
2026-03-27 19:00:00,1984.31,1997.31,1978.64,1991.74,2702.8014946
2026-03-27 20:00:00,1991.86,1995.72,1980.0,1985.87,1725.2517066
2026-03-27 21:00:00,1986.05,1991.15,1984.62,1985.37,1434.8341087
2026-03-27 22:00:00,1985.9,1987.29,1981.49,1985.69,647.0874177
2026-03-27 23:00:00,1985.69,1994.0,1980.28,1992.91,907.3937543
2026-03-28 00:00:00,1992.91,1995.35,1989.63,1992.43,843.8051747
2026-03-28 01:00:00,1992.44,1992.73,1984.82,1990.35,977.5450428
2026-03-28 02:00:00,1990.45,1993.69,1982.89,1987.22,493.6693487
2026-03-28 03:00:00,1987.28,1991.26,1987.02,1988.91,505.6594657
2026-03-28 04:00:00,1989.24,1992.59,1987.25,1990.91,498.0626702
2026-03-28 05:00:00,1991.1,1994.97,1988.4,1994.42,660.6443825
2026-03-28 06:00:00,1994.43,2007.51,1993.35,2001.44,1494.6925395
2026-03-28 07:00:00,2000.92,2008.17,2000.77,2007.19,592.2144287
2026-03-28 08:00:00,2007.19,2008.27,1998.15,1999.1,860.735464
2026-03-28 09:00:00,1999.35,1999.81,1995.71,1999.54,741.9767573
2026-03-28 10:00:00,1999.54,2004.63,1992.91,1996.73,849.9759319
2026-03-28 11:00:00,1996.73,2000.74,1995.86,1998.2,491.9068789
2026-03-28 12:00:00,1997.75,2004.43,1992.32,1999.64,1524.8403943
2026-03-28 13:00:00,1999.65,2046.52,1999.32,2026.1,5865.1630179
2026-03-28 14:00:00,2026.27,2029.02,2016.2,2020.69,2356.5031225
2026-03-28 15:00:00,2020.7,2039.51,2018.47,2026.84,3221.4057699
2026-03-28 16:00:00,2027.06,2029.99,2021.36,2024.77,1310.9852556
2026-03-28 17:00:00,2024.61,2027.06,2016.4,2020.92,1117.9029321
2026-03-28 18:00:00,2020.92,2024.56,2020.49,2021.75,410.1435361
2026-03-28 19:00:00,2021.75,2022.85,2017.15,2020.49,309.7284257
2026-03-28 20:00:00,2020.49,2026.43,2020.48,2024.45,1080.2702965
2026-03-28 21:00:00,2024.45,2025.59,2007.2,2009.42,2225.72353487
2026-03-28 22:00:00,2009.42,2013.05,2005.35,2011.86,1689.0974813
2026-03-28 23:00:00,2011.87,2011.87,1989.07,1994.76,2373.5378957
2026-03-29 00:00:00,1994.41,1999.89,1991.61,1999.13,1339.0050717
2026-03-29 01:00:00,1999.04,2007.79,1997.54,2005.14,1413.0050848
2026-03-29 02:00:00,2005.19,2010.41,2002.59,2009.08,1097.4800664
2026-03-29 03:00:00,2009.09,2019.45,2007.18,2011.19,1689.4918483
2026-03-29 04:00:00,2011.1,2012.45,2004.34,2005.63,703.457033
2026-03-29 05:00:00,2005.63,2007.6,1997.6,2005.37,1154.5677578
2026-03-29 06:00:00,2005.33,2008.28,2000.19,2005.03,787.3128501
2026-03-29 07:00:00,2004.86,2009.75,2000.3,2006.09,613.5423584
2026-03-29 08:00:00,2006.09,2007.43,2002.73,2004.41,475.8895623
2026-03-29 09:00:00,2004.42,2005.48,1994.37,1999.11,879.5605025
2026-03-29 10:00:00,1999.1,1999.1,1991.88,1996.07,662.2751474
2026-03-29 11:00:00,1996.06,2008.03,1995.33,2003.83,793.4226425
2026-03-29 12:00:00,2003.82,2004.81,1997.71,2001.67,786.2488633
2026-03-29 13:00:00,2001.67,2002.25,1983.64,1987.09,2020.7349735
2026-03-29 14:00:00,1987.09,2002.69,1984.12,1994.01,1712.6266357
2026-03-29 15:00:00,1994.28,1999.13,1986.34,1992.7,1977.5389269
2026-03-29 16:00:00,1992.78,2003.78,1992.1,1998.07,1500.9311074
2026-03-29 17:00:00,1998.08,2000.04,1987.82,1995.25,1210.2382749
2026-03-29 18:00:00,1995.24,2001.95,1991.41,1997.33,793.0877579
2026-03-29 19:00:00,1997.34,2000.17,1994.18,1995.66,677.9009703
2026-03-29 20:00:00,1995.88,2009.3,1995.88,2002.72,1311.5323209
2026-03-29 21:00:00,2002.72,2007.24,2001.61,2006.89,1087.5970101
2026-03-29 22:00:00,2006.59,2006.59,1938.2,1973.74,7739.0161077
2026-03-29 23:00:00,1973.97,1994.67,1973.62,1984.37,5909.7793382
2026-03-30 00:00:00,1985.19,2024.0,1980.59,1997.34,6878.4945854
2026-03-30 01:00:00,1997.54,2016.36,1997.44,2010.85,2771.8491829
2026-03-30 02:00:00,2011.01,2043.84,2008.0,2029.86,4285.149376
2026-03-30 03:00:00,2029.93,2041.93,2027.7,2036.01,2296.5580314
2026-03-30 04:00:00,2036.24,2052.91,2036.18,2048.6,2730.17330411
2026-03-30 05:00:00,2048.91,2058.96,2045.4,2047.9,2655.2093717
2026-03-30 06:00:00,2047.75,2052.16,2041.42,2042.47,1547.1821405
2026-03-30 07:00:00,2042.17,2067.5,2041.69,2059.55,3011.8069166
2026-03-30 08:00:00,2059.55,2074.84,2058.02,2062.43,3301.8619523
2026-03-30 09:00:00,2062.42,2062.97,2053.98,2055.1,1464.5566224
2026-03-30 10:00:00,2055.1,2058.33,2048.61,2057.83,1293.6239667
2026-03-30 11:00:00,2057.83,2081.74,2057.58,2070.79,4822.0774947
2026-03-30 12:00:00,2071.41,2078.71,2068.62,2074.46,2686.1003127
2026-03-30 13:00:00,2074.52,2085.07,2058.0,2060.75,5782.0033747
2026-03-30 14:00:00,2060.76,2075.92,2044.13,2071.87,7183.3214314
2026-03-30 15:00:00,2071.89,2079.83,2061.8,2074.73,5559.4433106
2026-03-30 16:00:00,2074.74,2075.1,2059.16,2066.52,2064.7815041
2026-03-30 17:00:00,2066.27,2072.31,2032.37,2041.66,3998.867218
2026-03-30 18:00:00,2041.67,2044.18,2028.02,2032.71,3072.7393023
2026-03-30 19:00:00,2032.56,2032.73,2013.42,2024.03,4287.3799449
2026-03-30 20:00:00,2023.79,2027.9,2021.1,2023.23,1881.35046631
2026-03-30 21:00:00,2023.23,2049.0,2021.17,2035.83,6241.3796776
2026-03-30 22:00:00,2035.9,2044.26,2029.38,2033.16,1969.7636514
2026-03-30 23:00:00,2033.02,2033.17,2013.79,2026.24,2899.6366436
2026-03-31 00:00:00,2026.85,2041.2,2016.22,2036.01,4421.320746
2026-03-31 01:00:00,2036.75,2092.1,2032.65,2073.3,8736.57662341
2026-03-31 02:00:00,2073.08,2082.55,2067.34,2073.04,2731.8455384
2026-03-31 03:00:00,2073.05,2076.47,2061.87,2066.51,2252.9840004
2026-03-31 04:00:00,2066.85,2072.2,2056.79,2060.7,3405.0937005
2026-03-31 05:00:00,2060.71,2069.18,2054.98,2064.11,2752.2605769
2026-03-31 06:00:00,2064.17,2064.92,2055.05,2062.43,2020.6827805
2026-03-31 07:00:00,2062.43,2063.02,2042.42,2055.84,3380.7690911
2026-03-31 08:00:00,2055.88,2059.14,2036.0,2039.71,2988.3921799
2026-03-31 09:00:00,2039.72,2044.24,2012.55,2018.06,5219.8932809
2026-03-31 10:00:00,2018.31,2030.25,2016.75,2026.5,2222.6090732
2026-03-31 11:00:00,2026.43,2044.44,2022.99,2041.11,6159.0834685
2026-03-31 12:00:00,2041.17,2057.9,2035.36,2048.06,4254.5956446
2026-03-31 13:00:00,2047.72,2079.98,2047.72,2075.35,6517.210524
2026-03-31 14:00:00,2075.25,2092.0,2037.39,2045.9,9970.2269363
2026-03-31 15:00:00,2046.35,2078.07,2045.57,2054.94,7725.15049994
2026-03-31 16:00:00,2054.67,2108.41,2054.45,2091.67,13570.233853
2026-03-31 17:00:00,2091.36,2124.67,2088.98,2093.22,12435.52746364
2026-03-31 18:00:00,2093.56,2114.8,2084.6,2099.56,5970.60109929
2026-03-31 19:00:00,2099.65,2104.19,2092.04,2096.62,4090.0724218
2026-03-31 20:00:00,2096.23,2110.8,2096.23,2107.67,2285.4992598
2026-03-31 21:00:00,2107.43,2109.53,2093.29,2102.72,3040.4039238
2026-03-31 22:00:00,2102.42,2104.4,2087.58,2095.89,2637.2355112
2026-03-31 23:00:00,2096.53,2108.63,2092.92,2105.28,2132.2325348
2026-04-01 00:00:00,2105.18,2117.81,2096.81,2114.21,2911.8808746
2026-04-01 01:00:00,2114.88,2115.88,2091.61,2093.25,3464.7876749
2026-04-01 02:00:00,2093.17,2096.4,2082.22,2088.56,3232.728978
2026-04-01 03:00:00,2088.58,2106.99,2088.58,2103.03,2206.0709772
2026-04-01 04:00:00,2103.04,2116.29,2100.32,2111.03,2399.7001896
2026-04-01 05:00:00,2111.3,2136.06,2106.54,2122.88,4083.1223625
2026-04-01 06:00:00,2122.88,2156.41,2122.67,2151.29,4994.6156525
2026-04-01 07:00:00,2151.29,2158.31,2130.29,2130.94,3393.3515478
2026-04-01 08:00:00,2130.94,2143.12,2125.4,2136.99,2675.9649555
2026-04-01 09:00:00,2136.98,2140.32,2128.36,2136.42,2309.1094333
2026-04-01 10:00:00,2136.42,2137.92,2126.4,2132.58,1825.7632082
2026-04-01 11:00:00,2132.36,2139.48,2130.76,2135.31,1486.9118054
2026-04-01 12:00:00,2135.01,2150.78,2121.96,2130.46,4956.9951051
2026-04-01 13:00:00,2130.89,2134.91,2108.81,2118.75,7496.3725067
2026-04-01 14:00:00,2119.35,2130.62,2113.96,2126.58,4852.9961438
2026-04-01 15:00:00,2126.95,2137.5,2122.04,2135.0,3023.3170375
2026-04-01 16:00:00,2135.07,2152.85,2125.14,2146.27,3587.80284951
2026-04-01 17:00:00,2146.26,2167.95,2134.05,2137.19,4132.69839646
2026-04-01 18:00:00,2137.2,2137.9,2123.77,2129.38,3106.97440592
2026-04-01 19:00:00,2129.64,2144.99,2128.12,2140.48,2777.9971942
2026-04-01 20:00:00,2141.66,2147.68,2130.65,2144.17,2159.2485724
2026-04-01 21:00:00,2143.93,2165.53,2143.38,2157.31,3983.3425053
2026-04-01 22:00:00,2156.62,2158.86,2138.1,2140.08,2625.07662979
2026-04-01 23:00:00,2140.08,2146.29,2135.81,2140.28,1613.7386011
2026-04-02 00:00:00,2140.12,2159.64,2136.32,2156.23,3418.20478899
2026-04-02 01:00:00,2156.22,2156.22,2089.72,2100.49,20495.7345492
2026-04-02 02:00:00,2099.59,2099.6,2064.25,2074.08,6732.16229853
2026-04-02 03:00:00,2074.09,2076.81,2046.17,2056.44,3542.1921736
2026-04-02 04:00:00,2056.06,2058.4,2041.77,2044.68,2639.4890081
2026-04-02 05:00:00,2044.69,2051.59,2038.61,2050.65,2547.3895395
2026-04-02 06:00:00,2050.33,2054.0,2045.53,2050.1,1644.82606649
2026-04-02 07:00:00,2050.09,2056.63,2044.5,2056.1,1296.7824481
2026-04-02 08:00:00,2056.09,2056.09,2045.6,2046.32,1410.1761031
2026-04-02 09:00:00,2046.33,2048.23,2039.59,2044.09,1546.9919375
2026-04-02 10:00:00,2044.09,2044.87,2032.6,2038.8,2509.6466175
2026-04-02 11:00:00,2039.0,2040.27,2023.5,2033.12,2407.1117209
2026-04-02 12:00:00,2033.13,2033.35,2024.21,2026.93,2935.98163851
2026-04-02 13:00:00,2027.03,2041.24,2016.76,2038.75,6543.1519591
2026-04-02 14:00:00,2038.99,2072.02,2032.73,2063.75,10809.71481929
2026-04-02 15:00:00,2063.74,2067.8,2048.35,2059.76,5499.8749552
2026-04-02 16:00:00,2059.76,2076.97,2052.2,2063.22,4054.1130077
2026-04-02 17:00:00,2063.05,2071.85,2044.79,2047.17,3067.3807047
2026-04-02 18:00:00,2047.17,2063.04,2043.49,2058.29,2336.5043318
2026-04-02 19:00:00,2058.36,2066.59,2054.77,2065.0,1918.5614101
2026-04-02 20:00:00,2065.41,2074.25,2061.01,2068.31,2088.8252951
2026-04-02 21:00:00,2068.23,2070.6,2055.89,2063.01,2319.1186832
2026-04-02 22:00:00,2063.01,2064.75,2053.33,2059.72,1749.1007973
2026-04-02 23:00:00,2059.81,2061.81,2054.0,2057.18,1122.0753599
2026-04-03 00:00:00,2057.32,2059.5,2049.97,2052.94,1164.5151633
2026-04-03 01:00:00,2052.95,2062.7,2045.28,2050.36,2296.8330275
2026-04-03 02:00:00,2050.38,2059.86,2040.57,2052.56,2982.7960874
2026-04-03 03:00:00,2052.57,2057.27,2050.16,2054.3,1525.1650727
2026-04-03 04:00:00,2054.24,2057.82,2048.88,2054.56,1186.67875235
2026-04-03 05:00:00,2054.69,2064.45,2047.41,2057.03,2042.0637069
2026-04-03 06:00:00,2057.04,2066.72,2054.92,2063.99,2116.5684496
2026-04-03 07:00:00,2063.85,2075.33,2062.1,2065.92,1463.6247247
2026-04-03 08:00:00,2065.91,2072.24,2058.69,2060.8,877.0452398
2026-04-03 09:00:00,2060.8,2063.84,2057.11,2061.43,589.9817257
2026-04-03 10:00:00,2061.19,2061.19,2053.49,2059.97,732.0724613697917
2026-04-03 11:00:00,2059.97,2064.79,2057.92,2063.04,776.8855275
2026-04-03 12:00:00,2063.05,2082.0,2045.6,2050.0,3204.7757332
2026-04-03 13:00:00,2050.0,2051.11,2041.68,2048.15,1642.5936083
2026-04-03 14:00:00,2048.16,2057.06,2045.31,2054.49,1297.7065707
2026-04-03 15:00:00,2054.42,2057.61,2049.48,2051.38,694.7844602
2026-04-03 16:00:00,2051.38,2056.76,2049.85,2054.89,797.2540534
2026-04-03 17:00:00,2054.89,2055.3,2043.81,2050.36,795.7918034
2026-04-03 18:00:00,2050.24,2053.41,2047.94,2049.13,430.08644818
2026-04-03 19:00:00,2049.41,2054.43,2045.54,2052.79,549.6817901
2026-04-03 20:00:00,2052.81,2055.01,2051.9,2052.93,382.8454061
2026-04-03 21:00:00,2052.93,2060.89,2052.79,2058.59,890.1209307
2026-04-03 22:00:00,2058.59,2059.85,2049.69,2052.17,662.6440329
2026-04-03 23:00:00,2052.18,2054.06,2049.32,2053.75,517.3299806
2026-04-04 00:00:00,2053.75,2053.83,2051.55,2052.25,154.3426726
2026-04-04 01:00:00,2052.25,2053.87,2049.31,2051.2,496.5798598
2026-04-04 02:00:00,2051.23,2053.4,2048.08,2049.99,593.4120851
2026-04-04 03:00:00,2050.0,2052.06,2049.76,2050.32,277.3108125
2026-04-04 04:00:00,2050.32,2051.64,2048.66,2050.95,290.5057153
2026-04-04 05:00:00,2051.1,2054.75,2050.29,2053.43,397.7806182
2026-04-04 06:00:00,2053.53,2057.89,2052.7,2056.57,372.5414829
2026-04-04 07:00:00,2056.64,2056.95,2051.61,2053.75,244.9711282
2026-04-04 08:00:00,2053.75,2055.25,2049.48,2050.54,311.7731573
2026-04-04 09:00:00,2050.55,2051.84,2049.32,2050.57,410.4023098
2026-04-04 10:00:00,2050.44,2054.76,2047.78,2054.32,894.429573
2026-04-04 11:00:00,2054.32,2055.18,2051.27,2051.74,393.2139581
2026-04-04 12:00:00,2051.75,2053.18,2048.15,2049.83,464.90206510248913
2026-04-04 13:00:00,2049.83,2054.99,2049.83,2053.67,558.0142758
2026-04-04 14:00:00,2053.66,2054.58,2044.33,2053.04,723.9287744
2026-04-04 15:00:00,2053.04,2061.64,2052.35,2056.2,1548.3607527
2026-04-04 16:00:00,2056.21,2062.04,2053.1,2055.31,1025.8456239
2026-04-04 17:00:00,2055.81,2058.03,2052.68,2057.0,1042.3187588
2026-04-04 18:00:00,2057.01,2058.41,2055.15,2055.33,363.4455732
2026-04-04 19:00:00,2055.34,2083.61,2055.19,2065.13,3392.18180413
2026-04-04 20:00:00,2064.59,2064.71,2059.84,2062.36,568.0822993
2026-04-04 21:00:00,2062.62,2071.71,2062.62,2068.58,1138.8617004
2026-04-04 22:00:00,2068.59,2071.94,2067.9,2069.14,836.37182
2026-04-04 23:00:00,2069.12,2069.14,2062.67,2065.57,688.256344
2026-04-05 00:00:00,2065.42,2065.62,2060.26,2062.03,429.1521615
2026-04-05 01:00:00,2062.17,2062.18,2057.14,2057.42,736.4629433
2026-04-05 02:00:00,2057.27,2059.76,2053.83,2059.72,746.3032811
2026-04-05 03:00:00,2059.72,2060.41,2055.33,2056.41,306.8830618
2026-04-05 04:00:00,2056.41,2057.95,2054.21,2055.01,270.3273326
2026-04-05 05:00:00,2055.01,2056.66,2047.19,2048.34,795.2118855
2026-04-05 06:00:00,2048.86,2048.86,2027.5,2038.3,2802.43581621
2026-04-05 07:00:00,2038.3,2042.4,2034.55,2037.2,1186.0759151
2026-04-05 08:00:00,2036.95,2039.75,2035.76,2039.39,475.809666
2026-04-05 09:00:00,2039.09,2045.93,2038.84,2044.22,694.6030646
2026-04-05 10:00:00,2044.23,2052.48,2042.54,2044.57,951.30694095
2026-04-05 11:00:00,2044.58,2045.94,2040.61,2042.14,476.8814868
2026-04-05 12:00:00,2042.14,2042.14,2022.11,2028.54,2177.5618514
2026-04-05 13:00:00,2028.35,2037.87,2025.54,2036.48,1668.3084835
2026-04-05 14:00:00,2036.49,2043.18,2035.17,2038.55,1363.8207445
2026-04-05 15:00:00,2038.56,2070.05,2034.36,2053.61,4533.945317
2026-04-05 16:00:00,2053.81,2059.11,2050.15,2052.11,1075.3164097
2026-04-05 17:00:00,2052.1,2062.31,2048.74,2062.22,1037.8851009
2026-04-05 18:00:00,2062.39,2066.57,2056.57,2062.67,941.9400181
2026-04-05 19:00:00,2063.13,2069.81,2057.94,2061.71,1001.0538298
2026-04-05 20:00:00,2062.02,2074.93,2061.77,2068.75,828.7054372
2026-04-05 21:00:00,2068.76,2068.76,2056.94,2060.2,1869.05338
2026-04-05 22:00:00,2060.19,2087.9,2050.0,2084.94,5804.6813028
2026-04-05 23:00:00,2085.77,2123.03,2082.01,2109.42,7366.6581428
2026-04-06 00:00:00,2110.38,2135.25,2110.38,2121.7,5724.385032
2026-04-06 01:00:00,2121.88,2124.5,2112.59,2114.57,2786.7213405
2026-04-06 02:00:00,2115.02,2147.11,2114.4,2133.66,3701.3877725
2026-04-06 03:00:00,2133.39,2137.05,2126.56,2129.03,1823.5389493
2026-04-06 04:00:00,2129.23,2134.33,2124.98,2130.88,1305.7330705
2026-04-06 05:00:00,2131.09,2134.33,2128.25,2131.47,723.7267404
2026-04-06 06:00:00,2131.46,2138.85,2120.0,2127.06,2356.2529785
2026-04-06 07:00:00,2127.68,2140.87,2122.69,2134.73,1764.4130264
2026-04-06 08:00:00,2134.76,2147.67,2133.49,2137.97,2283.8456199
2026-04-06 09:00:00,2137.98,2174.11,2137.98,2151.14,5625.21099713
2026-04-06 10:00:00,2151.15,2157.52,2149.22,2153.4,1617.2993458
2026-04-06 11:00:00,2153.36,2153.49,2146.72,2151.21,965.0162952
2026-04-06 12:00:00,2151.22,2154.3,2142.11,2143.19,2595.057496
2026-04-06 13:00:00,2143.77,2149.07,2137.78,2145.67,3798.58036024
2026-04-06 14:00:00,2146.22,2165.19,2138.02,2157.03,8296.1545978
2026-04-06 15:00:00,2156.76,2169.66,2155.64,2164.68,3983.5706798
2026-04-06 16:00:00,2164.69,2168.59,2140.7,2140.9,2658.429922
2026-04-06 17:00:00,2140.88,2141.25,2124.0,2135.26,3505.4311572
2026-04-06 18:00:00,2135.26,2148.49,2131.79,2144.88,1951.6012843
2026-04-06 19:00:00,2144.9,2146.0,2135.93,2144.45,1749.5242861
2026-04-06 20:00:00,2144.58,2155.0,2140.35,2148.58,1305.5059409
2026-04-06 21:00:00,2148.83,2148.83,2137.3,2139.37,1796.517604
2026-04-06 22:00:00,2139.49,2140.94,2105.71,2105.72,3352.8122943
2026-04-06 23:00:00,2105.71,2110.49,2088.06,2107.44,5203.6839249
2026-04-07 00:00:00,2106.51,2120.23,2105.57,2112.95,3320.94794064
2026-04-07 01:00:00,2112.49,2120.3,2097.86,2099.44,3774.03607755
2026-04-07 02:00:00,2099.44,2111.53,2093.47,2107.04,2531.0455787
2026-04-07 03:00:00,2106.93,2110.0,2103.97,2108.42,1556.3635678
2026-04-07 04:00:00,2108.44,2119.25,2103.8,2114.29,1759.370944
2026-04-07 05:00:00,2114.29,2114.75,2103.96,2105.94,1685.5965908
2026-04-07 06:00:00,2105.57,2106.7,2096.93,2104.03,1680.5670511
2026-04-07 07:00:00,2104.31,2106.43,2098.99,2104.17,1489.4797063
2026-04-07 08:00:00,2104.17,2117.29,2103.41,2115.0,2883.60643585
2026-04-07 09:00:00,2115.01,2133.82,2114.17,2128.06,3022.2735829
2026-04-07 10:00:00,2128.06,2131.31,2085.9,2089.36,6402.7939516
2026-04-07 11:00:00,2089.17,2093.7,2082.27,2089.48,3556.7787294
2026-04-07 12:00:00,2089.49,2093.21,2074.31,2086.99,7097.0359888
2026-04-07 13:00:00,2086.99,2093.04,2074.68,2075.0,5324.7153104
2026-04-07 14:00:00,2075.22,2081.72,2060.22,2069.4,6745.2637984
2026-04-07 15:00:00,2069.39,2083.46,2064.66,2080.35,4966.2463094
2026-04-07 16:00:00,2080.15,2090.26,2077.52,2083.52,3592.7255237
2026-04-07 17:00:00,2083.51,2114.29,2079.98,2099.19,4838.4453576
2026-04-07 18:00:00,2099.27,2101.28,2082.4,2086.28,2407.7990961
2026-04-07 19:00:00,2085.88,2116.98,2084.29,2113.63,6781.0575148
2026-04-07 20:00:00,2113.66,2125.42,2110.44,2115.34,4057.1629193
2026-04-07 21:00:00,2115.44,2152.9,2115.44,2144.92,10164.20051818
2026-04-07 22:00:00,2144.94,2219.52,2144.94,2219.52,19678.4817837
2026-04-07 23:00:00,2219.56,2273.24,2215.53,2240.24,20754.79627574715
2026-04-08 00:00:00,2240.01,2250.4,2227.84,2235.95,7410.10329109
2026-04-08 01:00:00,2236.14,2242.4,2230.16,2233.63,1931.7094738
2026-04-08 02:00:00,2234.16,2247.09,2230.4,2237.07,2767.1656568
2026-04-08 03:00:00,2237.08,2239.41,2231.86,2234.17,1228.7750163
2026-04-08 04:00:00,2234.17,2252.55,2234.17,2240.2,3159.67529395
2026-04-08 05:00:00,2240.22,2245.13,2238.12,2240.08,1812.6172121
2026-04-08 06:00:00,2240.51,2254.09,2235.41,2245.68,2234.16556963
2026-04-08 07:00:00,2245.71,2260.78,2244.34,2253.46,2204.62583276
2026-04-08 08:00:00,2253.46,2259.0,2250.17,2256.45,2445.9094253
2026-04-08 09:00:00,2256.46,2263.12,2246.25,2249.63,2048.1502994
2026-04-08 10:00:00,2249.69,2253.64,2242.13,2242.67,1378.5269476
2026-04-08 11:00:00,2242.65,2255.17,2237.81,2247.4,3202.20574226
2026-04-08 12:00:00,2247.7,2259.53,2242.37,2255.56,2212.3641546
2026-04-08 13:00:00,2256.06,2270.5,2231.68,2236.2,7502.904003856857
2026-04-08 14:00:00,2236.0,2240.91,2187.29,2195.48,9008.2591638
2026-04-08 15:00:00,2195.73,2218.04,2193.5,2215.36,5187.7027142
2026-04-08 16:00:00,2214.85,2225.0,2211.35,2220.59,2676.9458282
2026-04-08 17:00:00,2220.59,2239.19,2213.16,2231.68,3533.7604425
2026-04-08 18:00:00,2231.88,2232.34,2199.41,2201.22,3650.4002973
2026-04-08 19:00:00,2201.41,2211.62,2197.5,2210.94,2760.06149487
2026-04-08 20:00:00,2210.94,2216.59,2205.8,2209.78,1596.2584157
2026-04-08 21:00:00,2209.79,2222.45,2208.12,2214.47,2186.0239515
2026-04-08 22:00:00,2214.48,2215.27,2186.76,2189.71,2352.2048923
2026-04-08 23:00:00,2189.71,2194.02,2179.69,2189.87,1949.6985603
2026-04-09 00:00:00,2190.04,2193.72,2179.3,2183.0,2496.90232
2026-04-09 01:00:00,2183.0,2185.21,2162.2,2178.77,2893.6964394
2026-04-09 02:00:00,2178.96,2185.51,2173.93,2181.37,1479.3725041
2026-04-09 03:00:00,2181.69,2183.85,2175.36,2182.68,713.1407407
2026-04-09 04:00:00,2182.69,2182.69,2176.53,2177.74,567.822593
2026-04-09 05:00:00,2177.81,2189.0,2175.57,2182.28,1061.5525782
2026-04-09 06:00:00,2182.3,2186.17,2175.7,2181.35,949.3125919
2026-04-09 07:00:00,2181.79,2185.95,2180.0,2180.97,1073.0313396
2026-04-09 08:00:00,2180.99,2190.85,2176.61,2186.21,1469.5310557
2026-04-09 09:00:00,2185.93,2197.21,2179.65,2194.18,1585.4587999
2026-04-09 10:00:00,2194.18,2196.31,2187.99,2191.09,1433.8010068
2026-04-09 11:00:00,2191.08,2193.24,2178.21,2180.07,1563.9983757
2026-04-09 12:00:00,2180.08,2187.62,2174.4,2183.35,1922.8699339
2026-04-09 13:00:00,2183.84,2186.07,2158.72,2165.44,4210.7674593
2026-04-09 14:00:00,2165.41,2182.06,2157.36,2177.37,3309.7707167
2026-04-09 15:00:00,2177.82,2225.0,2169.61,2217.95,8865.77627997
2026-04-09 16:00:00,2218.25,2229.62,2193.28,2208.04,5146.5936796
2026-04-09 17:00:00,2207.74,2225.6,2206.6,2222.77,4670.8779701
2026-04-09 18:00:00,2222.89,2223.67,2201.02,2207.04,4283.2037727
2026-04-09 19:00:00,2206.56,2224.42,2204.32,2216.51,3998.0981867
2026-04-09 20:00:00,2216.32,2221.91,2210.29,2213.25,2017.45191878
2026-04-09 21:00:00,2213.09,2226.13,2207.64,2210.79,3370.9011908
2026-04-09 22:00:00,2210.8,2245.88,2197.28,2197.74,6745.0808587
2026-04-09 23:00:00,2197.52,2201.1,2183.31,2190.42,3381.32293776
2026-04-10 00:00:00,2190.39,2196.98,2181.88,2195.0,3453.5758561
2026-04-10 01:00:00,2195.01,2204.14,2176.53,2194.56,3718.1095205
2026-04-10 02:00:00,2194.59,2198.16,2187.04,2188.9,995.3839451
2026-04-10 03:00:00,2189.1,2192.37,2182.62,2186.12,1076.9173333
2026-04-10 04:00:00,2186.13,2199.71,2185.79,2196.12,1362.16025584
2026-04-10 05:00:00,2196.0,2203.2,2192.61,2197.09,1071.6805636
2026-04-10 06:00:00,2197.09,2198.55,2184.11,2186.26,1359.9825878
2026-04-10 07:00:00,2186.26,2188.89,2176.42,2179.67,1841.2058694
2026-04-10 08:00:00,2179.83,2190.1,2177.43,2185.89,1681.3769543
2026-04-10 09:00:00,2185.89,2197.55,2185.88,2195.89,2268.4044505480956
2026-04-10 10:00:00,2195.9,2198.06,2190.71,2196.86,1638.0866291
2026-04-10 11:00:00,2197.02,2223.63,2196.66,2215.8,3194.4663251
2026-04-10 12:00:00,2215.79,2228.26,2207.95,2218.65,4822.26819212
2026-04-10 13:00:00,2218.65,2225.06,2207.9,2222.77,3030.5892699
2026-04-10 14:00:00,2222.7,2253.23,2220.42,2242.45,8007.16903181
2026-04-10 15:00:00,2242.08,2257.31,2220.39,2224.25,3834.4718862
2026-04-10 16:00:00,2224.47,2247.3,2221.15,2245.0,3041.773562
2026-04-10 17:00:00,2245.53,2249.53,2238.97,2248.54,1128.5589656
2026-04-10 18:00:00,2248.53,2251.65,2238.97,2249.43,1063.1572091
2026-04-10 19:00:00,2249.43,2255.7,2243.54,2253.59,987.2401761
2026-04-10 20:00:00,2253.17,2257.4,2243.2,2255.46,1787.2636018
2026-04-10 21:00:00,2255.64,2256.21,2242.48,2255.08,2001.0434517
2026-04-10 22:00:00,2255.37,2255.91,2235.47,2242.94,1457.962103
2026-04-10 23:00:00,2242.61,2245.84,2239.28,2245.3,485.4694495
2026-04-11 00:00:00,2245.31,2245.31,2235.9,2238.72,722.4865674
2026-04-11 01:00:00,2238.73,2246.48,2235.06,2244.21,662.4804737
2026-04-11 02:00:00,2244.71,2252.45,2242.45,2248.14,808.3489628
2026-04-11 03:00:00,2248.5,2250.93,2235.99,2237.04,772.9894614
2026-04-11 04:00:00,2237.44,2243.11,2235.94,2240.98,748.1522703
2026-04-11 05:00:00,2240.99,2241.77,2229.26,2233.09,1131.6982756
2026-04-11 06:00:00,2232.68,2236.6,2230.08,2235.98,587.6295414
2026-04-11 07:00:00,2235.98,2237.05,2231.3,2232.92,450.1483374
2026-04-11 08:00:00,2232.93,2235.71,2232.32,2232.93,382.993522
2026-04-11 09:00:00,2232.93,2249.59,2232.39,2243.19,1194.6236381
2026-04-11 10:00:00,2243.69,2245.31,2237.85,2240.86,617.870601
2026-04-11 11:00:00,2240.26,2247.19,2238.92,2246.19,818.537066
2026-04-11 12:00:00,2246.28,2246.47,2241.34,2245.38,227.4577862
2026-04-11 13:00:00,2245.52,2245.52,2233.92,2239.94,1405.2580302
2026-04-11 14:00:00,2239.73,2244.35,2238.34,2242.22,672.0534108
2026-04-11 15:00:00,2242.01,2256.65,2241.47,2249.44,1060.8594706
2026-04-11 16:00:00,2249.45,2274.34,2246.64,2258.94,3074.0035212
2026-04-11 17:00:00,2258.97,2265.43,2253.82,2259.47,1161.2881644
2026-04-11 18:00:00,2259.69,2311.83,2257.35,2304.95,6792.731698
2026-04-11 19:00:00,2305.33,2330.08,2305.33,2315.66,4957.8521209
2026-04-11 20:00:00,2315.83,2316.85,2288.3,2298.36,2865.8557143
2026-04-11 21:00:00,2298.3,2304.02,2292.5,2298.96,2399.4390647
2026-04-11 22:00:00,2299.17,2307.93,2289.06,2296.59,1563.8291281
2026-04-11 23:00:00,2296.59,2296.59,2276.7,2284.58,1355.1096332
2026-04-12 00:00:00,2284.58,2288.37,2277.36,2285.84,1781.3921267
2026-04-12 01:00:00,2285.73,2288.48,2207.83,2219.01,8754.0573705
2026-04-12 02:00:00,2218.67,2234.06,2207.09,2223.78,3274.6611874
2026-04-12 03:00:00,2223.21,2227.22,2213.04,2213.97,2106.5957957
2026-04-12 04:00:00,2213.75,2216.46,2210.0,2212.28,1381.169583
2026-04-12 05:00:00,2212.29,2219.94,2208.58,2217.11,1095.6384423
2026-04-12 06:00:00,2217.09,2220.8,2214.47,2216.27,573.6489531
2026-04-12 07:00:00,2216.01,2220.48,2212.63,2218.14,695.1141555
2026-04-12 08:00:00,2218.15,2219.19,2212.01,2214.38,558.089765
2026-04-12 09:00:00,2214.38,2216.3,2211.62,2213.96,916.7321119
2026-04-12 10:00:00,2213.98,2217.23,2194.03,2201.95,2293.316219
2026-04-12 11:00:00,2201.54,2207.35,2197.58,2204.48,1267.4401341
2026-04-12 12:00:00,2204.42,2208.0,2188.62,2194.83,2781.2505482
2026-04-12 13:00:00,2194.39,2198.87,2185.3,2186.98,3794.6804506
2026-04-12 14:00:00,2186.99,2193.58,2178.66,2180.72,2631.8506001
2026-04-12 15:00:00,2181.01,2188.73,2175.0,2186.42,1192.6609637755075
2026-04-12 16:00:00,2186.41,2190.26,2182.81,2187.35,1065.1090928
2026-04-12 17:00:00,2187.36,2205.21,2187.36,2202.36,1449.8957411
2026-04-12 18:00:00,2202.96,2207.03,2199.44,2200.36,1074.1794747
2026-04-12 19:00:00,2200.36,2204.82,2197.39,2198.26,466.3179221
2026-04-12 20:00:00,2198.25,2218.09,2193.22,2213.54,1658.2713868
2026-04-12 21:00:00,2213.55,2217.7,2205.0,2211.1,2233.0769058
2026-04-12 22:00:00,2211.1,2211.28,2183.95,2199.32,7068.6140155
2026-04-12 23:00:00,2199.02,2199.31,2186.25,2191.4,2148.1134949
2026-04-13 00:00:00,2191.72,2208.17,2187.31,2204.77,3073.9884693
2026-04-13 01:00:00,2204.86,2208.79,2200.48,2203.85,1872.9111694
2026-04-13 02:00:00,2203.43,2205.67,2192.41,2194.08,758.6626635
2026-04-13 03:00:00,2194.49,2196.05,2190.52,2194.25,711.3615131
2026-04-13 04:00:00,2194.18,2199.18,2187.52,2190.2,1247.5324657
2026-04-13 05:00:00,2190.24,2191.53,2182.49,2191.39,1577.2818908
2026-04-13 06:00:00,2191.4,2201.73,2190.5,2198.75,1361.3363389
2026-04-13 07:00:00,2198.76,2200.17,2183.26,2186.69,1460.2098055
2026-04-13 08:00:00,2186.69,2189.76,2179.88,2185.11,1878.8985822
2026-04-13 09:00:00,2185.11,2195.71,2185.11,2187.97,1399.26946301
2026-04-13 10:00:00,2187.98,2188.66,2179.0,2183.4,1095.6858821
2026-04-13 11:00:00,2183.48,2191.02,2182.18,2187.39,2133.8601547
2026-04-13 12:00:00,2187.39,2198.68,2175.52,2192.15,2966.1020897
2026-04-13 13:00:00,2192.4,2215.18,2181.43,2214.81,6654.5386586
2026-04-13 14:00:00,2214.67,2234.94,2203.18,2234.09,6094.4263014
2026-04-13 15:00:00,2233.49,2236.12,2199.35,2209.11,4898.19347324
2026-04-13 16:00:00,2209.12,2234.93,2199.85,2226.39,5006.8506931
2026-04-13 17:00:00,2225.85,2243.2,2222.28,2225.17,2894.867621
2026-04-13 18:00:00,2224.86,2233.62,2218.51,2232.13,2504.6023686
2026-04-13 19:00:00,2232.12,2268.83,2227.96,2261.99,6406.9611012
2026-04-13 20:00:00,2262.12,2262.98,2247.37,2252.57,2835.56846337
2026-04-13 21:00:00,2252.06,2266.83,2249.44,2259.8,2826.5129445
2026-04-13 22:00:00,2259.81,2362.53,2259.48,2352.43,16897.6469651
2026-04-13 23:00:00,2352.84,2394.45,2341.25,2368.89,13252.9756225
2026-04-14 00:00:00,2368.9,2374.93,2359.64,2361.64,3890.50900866
2026-04-14 01:00:00,2360.69,2372.83,2354.01,2368.29,3234.5232811
2026-04-14 02:00:00,2368.29,2378.0,2366.0,2366.94,2134.1803417
2026-04-14 03:00:00,2366.95,2369.81,2361.6,2365.13,766.5769611
2026-04-14 04:00:00,2365.36,2367.55,2361.74,2363.59,752.08853738
2026-04-14 05:00:00,2364.01,2368.92,2354.52,2355.44,942.95556289
2026-04-14 06:00:00,2355.44,2376.36,2355.44,2372.95,1391.7303051
2026-04-14 07:00:00,2372.95,2389.59,2370.7,2377.6,2910.95720157
2026-04-14 08:00:00,2377.81,2395.87,2374.04,2387.51,3770.3835952
2026-04-14 09:00:00,2387.52,2394.46,2382.88,2387.01,2136.9756432
2026-04-14 10:00:00,2386.79,2387.58,2373.24,2374.76,1529.20345344
2026-04-14 11:00:00,2374.06,2377.83,2367.61,2374.33,1504.0894252
2026-04-14 12:00:00,2374.16,2377.69,2368.6,2373.8,2566.5040121
2026-04-14 13:00:00,2373.81,2395.66,2372.65,2391.45,6979.957991002424
2026-04-14 14:00:00,2391.29,2415.7,2353.07,2353.36,11875.4643747
2026-04-14 15:00:00,2353.37,2371.81,2333.05,2364.68,8753.94128911
2026-04-14 16:00:00,2364.28,2371.13,2330.0,2334.25,5298.24776936
2026-04-14 17:00:00,2334.2,2345.37,2323.99,2338.25,3362.7716181
2026-04-14 18:00:00,2338.96,2344.59,2309.55,2314.14,3542.2964422751024
2026-04-14 19:00:00,2314.1,2322.65,2303.36,2313.01,3402.5071497
2026-04-14 20:00:00,2313.51,2322.59,2308.76,2314.58,1645.9200527
2026-04-14 21:00:00,2314.99,2326.3,2314.99,2323.85,3251.8352189
2026-04-14 22:00:00,2323.61,2332.05,2311.81,2315.12,2427.8471122
2026-04-14 23:00:00,2315.13,2326.72,2314.48,2322.4,1514.4720546
2026-04-15 00:00:00,2322.42,2342.47,2321.67,2333.72,3783.94386928
2026-04-15 01:00:00,2333.47,2342.0,2331.11,2335.73,1914.4254556
2026-04-15 02:00:00,2335.71,2337.82,2317.69,2324.56,1665.5149976
2026-04-15 03:00:00,2324.99,2329.15,2320.37,2328.61,977.5908474
2026-04-15 04:00:00,2328.62,2335.0,2328.09,2333.12,1923.7430748
2026-04-15 05:00:00,2333.29,2338.37,2314.31,2319.6,2276.6707753
2026-04-15 06:00:00,2319.51,2321.15,2315.24,2317.36,706.6465452
2026-04-15 07:00:00,2317.29,2323.57,2308.65,2316.35,2274.7887376
2026-04-15 08:00:00,2316.53,2332.98,2313.87,2327.54,1305.154019
2026-04-15 09:00:00,2327.55,2329.63,2318.55,2320.04,1023.39941696
2026-04-15 10:00:00,2320.01,2328.3,2312.33,2316.63,2010.35031917
2026-04-15 11:00:00,2316.8,2339.34,2316.29,2337.2,2395.8025094
2026-04-15 12:00:00,2337.21,2339.52,2329.82,2333.26,2468.7624209
2026-04-15 13:00:00,2332.82,2334.77,2317.58,2326.75,3884.7514494
2026-04-15 14:00:00,2326.75,2344.86,2321.64,2338.12,4570.0459903
2026-04-15 15:00:00,2338.6,2349.36,2320.47,2332.27,5200.4339679
2026-04-15 16:00:00,2331.73,2349.92,2329.17,2341.47,3098.6974701
2026-04-15 17:00:00,2341.69,2358.36,2339.5,2348.52,3502.8632655
2026-04-15 18:00:00,2348.62,2359.73,2346.24,2358.6,2174.5608797
2026-04-15 19:00:00,2358.6,2385.59,2357.4,2374.79,4251.93857364
2026-04-15 20:00:00,2375.16,2375.98,2354.01,2362.81,2427.5679438
2026-04-15 21:00:00,2362.8,2363.67,2348.9,2361.26,2356.2977691
2026-04-15 22:00:00,2361.25,2380.6,2360.49,2363.28,3137.1048448
2026-04-15 23:00:00,2363.71,2363.71,2349.81,2360.07,2531.0398281
2026-04-16 00:00:00,2360.07,2363.66,2350.0,2360.81,1799.8759516
2026-04-16 01:00:00,2360.59,2360.59,2344.78,2351.96,1722.6880632
2026-04-16 02:00:00,2352.13,2369.55,2350.35,2357.09,3075.9067795
2026-04-16 03:00:00,2356.6,2365.86,2355.86,2357.81,1526.1959126
2026-04-16 04:00:00,2357.57,2364.22,2347.53,2354.55,2091.7036104
2026-04-16 05:00:00,2354.19,2361.93,2350.01,2356.49,1185.3460058
2026-04-16 06:00:00,2356.85,2360.93,2350.01,2356.34,1083.0394129
2026-04-16 07:00:00,2356.09,2357.48,2335.82,2341.67,2441.7656544
2026-04-16 08:00:00,2341.68,2345.88,2334.87,2339.08,1870.026698
2026-04-16 09:00:00,2339.09,2348.42,2337.68,2338.08,923.3769616
2026-04-16 10:00:00,2338.12,2340.3,2328.73,2332.77,1935.1442431
2026-04-16 11:00:00,2332.75,2336.53,2329.91,2335.92,1108.770368
2026-04-16 12:00:00,2335.94,2348.58,2334.98,2340.51,2110.6792738
2026-04-16 13:00:00,2340.52,2352.39,2291.14,2308.52,6934.8246043
2026-04-16 14:00:00,2308.07,2316.05,2285.03,2310.34,6916.5205903
2026-04-16 15:00:00,2309.57,2349.59,2308.34,2339.13,5330.9802029
2026-04-16 16:00:00,2339.48,2348.54,2310.17,2316.52,5639.2758596
2026-04-16 17:00:00,2316.72,2329.42,2310.25,2325.97,3371.5518661
2026-04-16 18:00:00,2325.62,2346.52,2320.33,2343.11,3498.99412731
2026-04-16 19:00:00,2344.09,2361.94,2334.32,2359.82,3825.53816478
2026-04-16 20:00:00,2359.88,2364.2,2341.05,2350.17,3111.7132354213504
2026-04-16 21:00:00,2350.24,2356.56,2336.44,2340.95,4601.5595851
2026-04-16 22:00:00,2340.83,2350.67,2339.12,2342.6,2181.2391836
2026-04-16 23:00:00,2342.6,2354.95,2341.55,2348.23,2127.2835497
2026-04-17 00:00:00,2348.22,2351.05,2341.1,2344.81,2022.83434528
2026-04-17 01:00:00,2344.34,2348.97,2327.14,2335.36,2821.4422968
2026-04-17 02:00:00,2335.35,2338.95,2324.94,2331.87,1555.3920947
2026-04-17 03:00:00,2331.88,2331.88,2323.9,2325.23,978.4854301
2026-04-17 04:00:00,2325.65,2333.76,2324.17,2329.0,601.71122855
2026-04-17 05:00:00,2329.12,2329.38,2316.92,2319.26,1325.5057744
2026-04-17 06:00:00,2319.26,2332.28,2317.77,2331.55,1306.7015426
2026-04-17 07:00:00,2331.47,2342.0,2330.04,2334.35,1875.9501927
2026-04-17 08:00:00,2334.27,2359.37,2333.02,2354.0,4115.368297639851
2026-04-17 09:00:00,2354.9,2377.27,2348.12,2358.98,5635.1104327
2026-04-17 10:00:00,2358.98,2360.89,2336.13,2344.24,4257.0186963
2026-04-17 11:00:00,2344.23,2357.0,2343.2,2354.77,1338.384081
2026-04-17 12:00:00,2354.83,2382.36,2349.45,2372.25,6929.9183383
2026-04-17 13:00:00,2372.03,2440.55,2366.83,2436.98,20527.82754552
2026-04-17 14:00:00,2437.12,2457.21,2425.86,2446.73,9688.608417709487
2026-04-17 15:00:00,2447.24,2449.58,2433.17,2442.01,5656.1963531
2026-04-17 16:00:00,2442.01,2465.0,2441.73,2451.49,5191.0534324
2026-04-17 17:00:00,2451.49,2452.58,2422.64,2440.32,4696.77638756
2026-04-17 18:00:00,2440.32,2442.58,2415.31,2420.17,3517.0963447
2026-04-17 19:00:00,2420.37,2432.98,2417.65,2427.71,2435.7231815
2026-04-17 20:00:00,2427.72,2435.33,2416.94,2427.14,1530.2375331
2026-04-17 21:00:00,2426.99,2433.39,2419.22,2429.75,1502.738268
2026-04-17 22:00:00,2429.75,2441.99,2422.55,2433.29,2603.0478678
2026-04-17 23:00:00,2433.3,2433.33,2415.59,2418.56,1917.9782203
2026-04-18 00:00:00,2418.98,2423.61,2409.93,2420.91,1439.450299
2026-04-18 01:00:00,2421.45,2427.45,2416.95,2420.89,927.6717636
2026-04-18 02:00:00,2421.14,2424.91,2416.79,2419.06,757.4972756
2026-04-18 03:00:00,2419.41,2419.87,2399.45,2404.92,1480.4479649
2026-04-18 04:00:00,2405.39,2410.39,2399.74,2407.61,1609.0579793
2026-04-18 05:00:00,2407.62,2413.57,2405.81,2408.84,469.1485772
2026-04-18 06:00:00,2408.85,2411.8,2405.48,2410.18,550.2416616
2026-04-18 07:00:00,2409.87,2410.81,2401.83,2403.8,572.7894402
2026-04-18 08:00:00,2403.8,2404.85,2367.81,2380.64,4651.0079232
2026-04-18 09:00:00,2380.49,2380.67,2369.72,2375.96,1807.2576807
2026-04-18 10:00:00,2375.97,2375.97,2354.39,2359.02,2985.1485135
2026-04-18 11:00:00,2359.68,2360.55,2343.73,2353.13,2957.0487747747343
2026-04-18 12:00:00,2353.13,2363.27,2351.76,2357.81,1399.9160458
2026-04-18 13:00:00,2357.3,2360.28,2345.61,2355.27,1776.1624475
2026-04-18 14:00:00,2355.29,2365.54,2349.67,2365.27,1424.1775375
2026-04-18 15:00:00,2365.27,2370.0,2358.62,2363.51,990.3842085
2026-04-18 16:00:00,2363.49,2375.16,2355.15,2360.8,3242.4204877
2026-04-18 17:00:00,2360.45,2364.65,2353.43,2361.17,2032.9732721
2026-04-18 18:00:00,2361.17,2363.53,2339.27,2346.98,3154.811835
2026-04-18 19:00:00,2347.34,2355.62,2346.5,2348.6,1306.4110755
2026-04-18 20:00:00,2348.59,2354.81,2345.01,2352.59,1535.7129464
2026-04-18 21:00:00,2352.6,2355.22,2347.47,2355.22,1550.029055
2026-04-18 22:00:00,2355.22,2359.25,2348.61,2356.63,1525.6910602
2026-04-18 23:00:00,2356.39,2359.58,2349.73,2350.09,627.1703421
2026-04-19 00:00:00,2350.23,2355.11,2344.29,2349.08,745.5728285
2026-04-19 01:00:00,2349.09,2352.92,2341.72,2347.91,738.9247973
2026-04-19 02:00:00,2347.93,2348.91,2333.44,2339.03,1587.6742812
2026-04-19 03:00:00,2338.26,2344.04,2332.0,2339.86,848.3156272
2026-04-19 04:00:00,2339.86,2345.91,2321.6,2333.34,2172.3586845
2026-04-19 05:00:00,2333.35,2338.45,2329.09,2333.02,677.6642491
2026-04-19 06:00:00,2332.97,2333.32,2322.13,2327.33,2763.6070754
2026-04-19 07:00:00,2327.29,2327.38,2298.15,2315.82,4447.5984276
2026-04-19 08:00:00,2315.67,2321.0,2311.32,2319.02,1419.2672559
2026-04-19 09:00:00,2318.66,2319.4,2306.14,2309.94,1206.4634687
2026-04-19 10:00:00,2310.06,2320.0,2306.68,2317.82,1122.5059247
2026-04-19 11:00:00,2318.02,2330.97,2317.32,2329.04,1376.0056576
2026-04-19 12:00:00,2329.18,2336.99,2324.83,2331.42,2177.0440155
2026-04-19 13:00:00,2331.42,2350.37,2330.68,2338.72,2851.9446756
2026-04-19 14:00:00,2338.72,2343.31,2327.37,2338.11,1851.8882525
2026-04-19 15:00:00,2338.12,2341.81,2315.24,2331.33,2358.2955114
2026-04-19 16:00:00,2330.95,2331.73,2304.75,2311.61,2801.2138177
2026-04-19 17:00:00,2311.78,2317.4,2294.1,2295.78,4004.0372184
2026-04-19 18:00:00,2296.45,2301.24,2287.9,2295.6,3493.90990262
2026-04-19 19:00:00,2295.59,2304.87,2294.11,2300.56,1702.3024073
2026-04-19 20:00:00,2299.67,2300.03,2272.88,2280.24,2877.4406389
2026-04-19 21:00:00,2280.26,2290.0,2274.46,2275.75,2742.5703072
2026-04-19 22:00:00,2275.72,2275.72,2252.31,2270.06,8123.5920364
2026-04-19 23:00:00,2269.45,2270.32,2256.44,2263.03,2263.8879737
2026-04-20 00:00:00,2263.58,2282.89,2259.92,2280.5,2782.5090569
2026-04-20 01:00:00,2279.75,2294.25,2278.03,2286.09,2175.63502132
2026-04-20 02:00:00,2286.09,2286.85,2272.34,2277.83,2221.2902736
2026-04-20 03:00:00,2277.83,2288.76,2276.14,2286.77,1175.6193934
2026-04-20 04:00:00,2286.77,2286.77,2278.67,2283.69,1065.7176031
2026-04-20 05:00:00,2283.14,2283.25,2263.37,2270.13,1700.7125363
2026-04-20 06:00:00,2270.17,2289.2,2268.74,2285.49,1907.5295062
2026-04-20 07:00:00,2286.25,2332.23,2283.01,2298.13,6729.85294774
2026-04-20 08:00:00,2298.16,2307.99,2289.58,2293.85,2535.1089493
2026-04-20 09:00:00,2293.71,2313.36,2293.11,2308.68,1991.82234151
2026-04-20 10:00:00,2309.01,2319.99,2302.92,2303.58,1582.02683588
2026-04-20 11:00:00,2303.15,2312.43,2299.64,2308.39,1610.2037093
2026-04-20 12:00:00,2308.21,2323.24,2304.4,2318.55,2785.7452465
2026-04-20 13:00:00,2318.72,2326.14,2301.09,2311.04,4425.14817867
2026-04-20 14:00:00,2310.35,2321.88,2282.97,2290.35,7019.14614934
2026-04-20 15:00:00,2290.67,2318.84,2278.21,2313.55,7040.6114758
2026-04-20 16:00:00,2313.83,2314.69,2298.56,2299.71,2657.8863051
2026-04-20 17:00:00,2299.86,2322.52,2297.7,2317.05,3276.1157273
2026-04-20 18:00:00,2316.94,2343.88,2316.94,2333.72,5971.44891
2026-04-20 19:00:00,2334.36,2335.55,2327.0,2331.69,2293.2487997
2026-04-20 20:00:00,2331.69,2340.0,2325.4,2337.52,2460.0061169
2026-04-20 21:00:00,2337.78,2346.78,2315.19,2321.75,4892.4084408
2026-04-20 22:00:00,2321.55,2328.51,2316.5,2319.35,1876.9227368
2026-04-20 23:00:00,2319.36,2319.36,2307.5,2313.49,1877.3099372
2026-04-21 00:00:00,2313.74,2324.5,2311.37,2321.63,2297.6075498
2026-04-21 01:00:00,2321.91,2326.2,2312.4,2314.91,1880.5247031
2026-04-21 02:00:00,2314.8,2315.34,2306.35,2308.47,1676.3157368
2026-04-21 03:00:00,2308.06,2313.04,2299.67,2311.58,1100.8196999
2026-04-21 04:00:00,2311.79,2315.59,2304.13,2314.59,1281.0205122
2026-04-21 05:00:00,2314.33,2320.96,2312.67,2313.83,1152.6740765
2026-04-21 06:00:00,2313.84,2327.06,2307.85,2317.49,1500.37851157
2026-04-21 07:00:00,2317.13,2324.6,2311.06,2318.01,1829.2708233
2026-04-21 08:00:00,2318.01,2338.2,2313.56,2323.43,2859.5217978
2026-04-21 09:00:00,2323.42,2327.52,2318.1,2325.02,1763.6961703
2026-04-21 10:00:00,2325.17,2336.95,2324.99,2330.86,1715.7070574
2026-04-21 11:00:00,2331.02,2331.05,2316.04,2320.22,2347.9598471
2026-04-21 12:00:00,2320.44,2324.27,2294.3,2308.31,5131.0689982
2026-04-21 13:00:00,2308.32,2317.12,2301.0,2312.12,3845.7964808
2026-04-21 14:00:00,2313.18,2327.35,2295.37,2299.23,5170.36868792
2026-04-21 15:00:00,2299.31,2310.65,2290.25,2310.2,5506.8839352
2026-04-21 16:00:00,2310.21,2324.62,2306.27,2307.42,3621.573595
2026-04-21 17:00:00,2307.21,2319.7,2284.59,2306.08,6362.4968865
2026-04-21 18:00:00,2305.78,2313.22,2300.26,2312.74,3827.5324704
2026-04-21 19:00:00,2312.75,2331.3,2287.3,2298.2,7374.9963663
2026-04-21 20:00:00,2298.36,2325.79,2295.89,2315.07,6802.302158
2026-04-21 21:00:00,2314.36,2318.04,2309.81,2312.23,1563.0546747
2026-04-21 22:00:00,2312.5,2316.74,2301.54,2311.25,1953.94976297
2026-04-21 23:00:00,2311.24,2329.48,2310.85,2327.2,2229.3799756
2026-04-22 00:00:00,2327.21,2330.34,2322.72,2325.67,2054.6270657
2026-04-22 01:00:00,2325.56,2328.43,2313.23,2322.33,2288.2880971
2026-04-22 02:00:00,2322.34,2374.99,2320.14,2370.08,8152.9847679
2026-04-22 03:00:00,2370.42,2379.27,2358.35,2363.61,4496.9465421
2026-04-22 04:00:00,2363.62,2369.32,2358.17,2363.91,1786.17526816
2026-04-22 05:00:00,2363.92,2412.69,2361.54,2396.47,10691.7743571
2026-04-22 06:00:00,2396.32,2396.56,2389.02,2392.98,1788.79812758
2026-04-22 07:00:00,2392.98,2397.19,2383.87,2389.47,2460.5082055
2026-04-22 08:00:00,2389.47,2400.75,2382.87,2387.97,3315.6360196
2026-04-22 09:00:00,2387.97,2393.63,2384.64,2387.49,1454.06807293
2026-04-22 10:00:00,2387.49,2393.46,2385.0,2390.3,744.1070158
2026-04-22 11:00:00,2390.52,2400.0,2386.45,2398.28,2281.202049
2026-04-22 12:00:00,2398.75,2406.77,2396.18,2404.96,2948.8151119
2026-04-22 13:00:00,2404.78,2435.3,2401.24,2417.0,8376.3398994
2026-04-22 14:00:00,2417.69,2423.62,2392.13,2403.36,5758.7750752
2026-04-22 15:00:00,2402.97,2413.59,2390.51,2403.11,4118.48703243
2026-04-22 16:00:00,2403.82,2413.64,2384.0,2385.97,3999.5654309
2026-04-22 17:00:00,2386.21,2402.53,2386.21,2399.26,2768.8526241
2026-04-22 18:00:00,2399.24,2404.48,2394.76,2396.87,2037.8067666
2026-04-22 19:00:00,2396.88,2406.84,2389.25,2397.29,2849.83307058
2026-04-22 20:00:00,2397.76,2401.92,2390.68,2391.56,2062.39509332
2026-04-22 21:00:00,2391.56,2405.79,2391.39,2402.55,1436.2600403
2026-04-22 22:00:00,2402.54,2405.01,2394.06,2400.32,1316.8555276
2026-04-22 23:00:00,2400.56,2400.56,2374.04,2374.17,2435.0917747
2026-04-23 00:00:00,2374.31,2382.71,2344.19,2372.15,6695.2161375
2026-04-23 01:00:00,2372.38,2372.38,2360.94,2366.71,2231.7025311
2026-04-23 02:00:00,2366.72,2366.72,2344.2,2352.17,3600.0994181
2026-04-23 03:00:00,2351.87,2353.36,2331.35,2341.3,3505.5748523
2026-04-23 04:00:00,2340.59,2348.67,2337.21,2347.72,1467.6929593
2026-04-23 05:00:00,2347.89,2352.48,2340.57,2348.8,1829.30354715
2026-04-23 06:00:00,2348.81,2358.69,2348.81,2354.45,1649.2180812
2026-04-23 07:00:00,2354.5,2356.8,2340.25,2344.19,1886.0988212
2026-04-23 08:00:00,2344.2,2345.08,2335.15,2339.96,1655.39703
2026-04-23 09:00:00,2339.95,2339.95,2314.05,2316.66,3832.78394857
2026-04-23 10:00:00,2316.01,2319.3,2306.24,2314.6,3540.852777
2026-04-23 11:00:00,2315.22,2332.33,2314.45,2329.34,2158.7181919
2026-04-23 12:00:00,2329.34,2335.42,2320.91,2329.13,3620.0093493
2026-04-23 13:00:00,2329.24,2332.86,2315.15,2319.96,3663.7296838
2026-04-23 14:00:00,2319.37,2335.0,2316.21,2334.08,4447.615101
2026-04-23 15:00:00,2334.38,2344.2,2324.25,2333.42,4183.2326585
2026-04-23 16:00:00,2333.6,2335.94,2323.52,2326.32,3124.1034595
2026-04-23 17:00:00,2326.32,2329.43,2285.36,2310.67,11148.8858914
2026-04-23 18:00:00,2310.49,2319.64,2304.26,2305.84,4923.1584759
2026-04-23 19:00:00,2305.43,2318.84,2300.5,2312.92,3264.9781854
2026-04-23 20:00:00,2312.86,2329.52,2312.86,2325.48,2174.1337999
2026-04-23 21:00:00,2325.48,2328.6,2320.52,2322.12,1998.8402216
2026-04-23 22:00:00,2321.23,2338.59,2321.23,2331.74,2243.4327444
2026-04-23 23:00:00,2331.73,2333.06,2323.76,2330.2,1137.5555728
2026-04-24 00:00:00,2330.45,2337.57,2326.85,2332.56,1603.508935338647
2026-04-24 01:00:00,2332.85,2334.0,2318.55,2332.91,1908.62828628
2026-04-24 02:00:00,2332.77,2335.1,2315.26,2319.95,1697.1424563
2026-04-24 03:00:00,2319.84,2322.41,2300.79,2308.64,2355.25290563
2026-04-24 04:00:00,2308.47,2311.59,2300.28,2306.48,1306.98775275
2026-04-24 05:00:00,2306.38,2317.59,2300.21,2315.06,884.7572388
2026-04-24 06:00:00,2315.08,2317.09,2308.5,2308.93,633.1368658
2026-04-24 07:00:00,2308.94,2316.31,2308.45,2311.6,791.6056433
2026-04-24 08:00:00,2311.6,2322.85,2307.57,2315.16,1948.9798974
2026-04-24 09:00:00,2315.27,2315.67,2303.59,2310.17,1466.2751225
2026-04-24 10:00:00,2309.96,2319.03,2306.0,2316.06,1151.5386139
2026-04-24 11:00:00,2316.49,2332.15,2316.27,2328.27,4174.3173229
2026-04-24 12:00:00,2328.28,2331.7,2318.61,2325.35,2194.1299728
2026-04-24 13:00:00,2325.4,2331.63,2311.01,2317.44,2901.9876907
2026-04-24 14:00:00,2317.04,2318.56,2304.01,2313.72,3220.3618542
2026-04-24 15:00:00,2313.72,2329.8,2301.84,2323.98,3707.5895649
2026-04-24 16:00:00,2323.97,2324.43,2310.19,2316.83,2078.724224
2026-04-24 17:00:00,2316.63,2322.2,2308.56,2319.66,2339.2667757
2026-04-24 18:00:00,2319.96,2321.1,2309.83,2319.81,1509.6943986
2026-04-24 19:00:00,2320.36,2324.87,2319.07,2321.07,1326.14458436
2026-04-24 20:00:00,2321.31,2328.03,2315.03,2326.57,1315.5622516
2026-04-24 21:00:00,2326.42,2327.31,2312.0,2315.03,1646.5106115
2026-04-24 22:00:00,2315.03,2315.96,2307.27,2311.86,921.471647
2026-04-24 23:00:00,2311.86,2316.06,2311.86,2314.9,295.2810294
2026-04-25 00:00:00,2314.86,2315.94,2311.31,2315.42,527.6346244
2026-04-25 01:00:00,2315.94,2321.24,2315.67,2318.06,420.4651901
2026-04-25 02:00:00,2318.06,2319.33,2314.45,2316.83,453.8255545
2026-04-25 03:00:00,2317.5,2320.44,2315.55,2318.26,521.1820952
2026-04-25 04:00:00,2318.4,2319.11,2315.92,2316.65,315.0290137
2026-04-25 05:00:00,2316.64,2316.64,2313.12,2315.83,239.2661305
2026-04-25 06:00:00,2315.92,2317.47,2314.73,2316.17,321.4379046
2026-04-25 07:00:00,2316.05,2318.57,2314.17,2316.51,687.4247675
2026-04-25 08:00:00,2316.29,2320.98,2315.9,2319.05,475.4483561
2026-04-25 09:00:00,2319.06,2323.09,2317.14,2318.94,574.1753228
2026-04-25 10:00:00,2318.94,2322.5,2318.57,2320.48,455.1864657
2026-04-25 11:00:00,2320.48,2320.48,2311.35,2313.61,602.4499594
2026-04-25 12:00:00,2313.69,2316.96,2311.67,2313.33,684.2919092
2026-04-25 13:00:00,2313.33,2317.86,2313.33,2316.35,537.2083526
2026-04-25 14:00:00,2316.36,2318.93,2315.13,2316.06,685.9941597
2026-04-25 15:00:00,2316.06,2318.29,2302.48,2308.12,866.1509332
2026-04-25 16:00:00,2308.06,2310.67,2300.82,2309.57,1461.6481651
2026-04-25 17:00:00,2309.58,2313.36,2307.11,2309.24,852.9998184
2026-04-25 18:00:00,2309.24,2313.7,2308.19,2311.57,691.4395846
2026-04-25 19:00:00,2311.55,2312.19,2307.1,2309.9,534.51207319
2026-04-25 20:00:00,2309.91,2313.18,2308.95,2313.18,477.6162466
2026-04-25 21:00:00,2313.19,2317.18,2313.07,2315.31,810.3304513
2026-04-25 22:00:00,2315.79,2320.47,2314.82,2317.77,725.1490214
2026-04-25 23:00:00,2317.77,2319.5,2316.8,2319.34,338.4808861
2026-04-26 00:00:00,2319.35,2319.61,2311.77,2315.49,519.9027435
2026-04-26 01:00:00,2315.24,2318.02,2313.35,2313.82,449.9304854
2026-04-26 02:00:00,2313.82,2321.5,2313.59,2314.92,445.5330265
2026-04-26 03:00:00,2315.15,2316.47,2306.39,2309.81,746.0390294
2026-04-26 04:00:00,2309.82,2319.86,2308.96,2317.72,690.7843382
2026-04-26 05:00:00,2317.67,2336.72,2317.57,2327.63,2766.1925588
2026-04-26 06:00:00,2327.69,2333.09,2327.48,2329.87,783.7859337
2026-04-26 07:00:00,2329.88,2331.93,2328.29,2331.1,463.6435349
2026-04-26 08:00:00,2331.1,2337.27,2330.14,2332.32,930.4918504
2026-04-26 09:00:00,2332.28,2335.46,2329.68,2334.54,651.850926
2026-04-26 10:00:00,2334.53,2336.47,2331.95,2332.92,765.92991721
2026-04-26 11:00:00,2332.91,2337.61,2332.63,2336.01,655.2133356
2026-04-26 12:00:00,2336.01,2336.15,2324.92,2328.7,1284.8597378
2026-04-26 13:00:00,2328.9,2335.82,2328.19,2335.17,962.9246575
2026-04-26 14:00:00,2335.17,2352.25,2333.58,2346.35,3319.4696924
2026-04-26 15:00:00,2346.36,2348.74,2344.23,2347.78,904.0481277
2026-04-26 16:00:00,2347.79,2349.28,2342.3,2342.3,1319.7188175
2026-04-26 17:00:00,2342.3,2349.82,2340.13,2349.16,730.3491641
2026-04-26 18:00:00,2349.17,2368.78,2347.16,2361.89,3709.6821496
2026-04-26 19:00:00,2361.87,2376.76,2359.56,2367.51,2368.92542085
2026-04-26 20:00:00,2367.51,2372.89,2362.65,2362.82,1370.1515299
2026-04-26 21:00:00,2362.72,2370.19,2348.76,2364.83,4635.0776468
2026-04-26 22:00:00,2364.5,2380.25,2353.72,2361.76,3935.268574217698
2026-04-26 23:00:00,2361.76,2378.66,2356.75,2369.52,2313.4111434
2026-04-27 00:00:00,2369.63,2391.8,2358.74,2390.17,3021.8851308
2026-04-27 01:00:00,2390.77,2404.15,2377.51,2394.56,4813.96842506
2026-04-27 02:00:00,2394.57,2396.77,2387.16,2392.87,1533.8139345
2026-04-27 03:00:00,2392.08,2400.12,2390.47,2394.77,1473.7220698
2026-04-27 04:00:00,2394.63,2395.83,2380.92,2383.08,1281.4891399
2026-04-27 05:00:00,2383.49,2383.6,2318.8,2322.93,9122.2274871
2026-04-27 06:00:00,2322.79,2328.76,2312.75,2321.16,2464.7606043
2026-04-27 07:00:00,2320.55,2323.65,2315.1,2316.36,1342.5230708
2026-04-27 08:00:00,2316.27,2319.97,2309.25,2319.56,1829.1710644
2026-04-27 09:00:00,2319.53,2325.71,2315.52,2322.23,1315.90231197
2026-04-27 10:00:00,2321.9,2323.79,2318.74,2320.16,532.7994974
2026-04-27 11:00:00,2320.11,2322.6,2316.9,2320.41,554.6635859
2026-04-27 12:00:00,2320.41,2320.83,2312.62,2314.21,1127.2407911
2026-04-27 13:00:00,2313.97,2320.48,2303.57,2312.66,1169.98983433
2026-04-27 14:00:00,2312.15,2329.3,2308.82,2314.94,1263.87241914
2026-04-27 15:00:00,2315.47,2315.47,2266.19,2275.22,2735.9426157
2026-04-27 16:00:00,2275.01,2280.84,2270.05,2277.83,1475.1280358
2026-04-27 17:00:00,2277.83,2292.63,2277.83,2286.95,2263.504526
2026-04-27 18:00:00,2286.91,2291.96,2284.7,2288.88,1108.6616543
2026-04-27 19:00:00,2288.66,2291.21,2275.0,2289.54,1785.5915626
2026-04-27 20:00:00,2289.41,2296.62,2289.35,2292.15,1076.5706107
2026-04-27 21:00:00,2291.76,2292.69,2287.09,2287.35,1005.17245079
2026-04-27 22:00:00,2287.56,2295.84,2284.59,2294.66,1508.0430968
2026-04-27 23:00:00,2294.67,2308.55,2291.43,2303.79,1690.9819212
2026-04-28 00:00:00,2303.81,2310.92,2299.54,2306.98,1765.8927117
2026-04-28 01:00:00,2306.75,2308.63,2298.0,2298.55,1510.6191201
2026-04-28 02:00:00,2298.79,2300.96,2280.7,2289.31,2379.1444074
2026-04-28 03:00:00,2289.31,2291.08,2282.23,2290.7,1261.4493105
2026-04-28 04:00:00,2290.71,2294.63,2283.26,2288.68,1269.9427835
2026-04-28 05:00:00,2288.73,2297.13,2286.7,2288.0,1317.0327345
2026-04-28 06:00:00,2287.91,2290.89,2270.0,2277.72,2080.0868943
2026-04-28 07:00:00,2277.72,2288.51,2270.56,2287.94,1847.4376013
2026-04-28 08:00:00,2287.93,2291.42,2283.93,2286.7,1383.5639716
2026-04-28 09:00:00,2287.03,2288.4,2276.55,2282.1,1577.8492983
2026-04-28 10:00:00,2282.11,2287.09,2280.63,2284.0,1092.2378712
2026-04-28 11:00:00,2284.27,2285.28,2270.5,2275.27,1988.9233564
2026-04-28 12:00:00,2275.4,2280.79,2271.53,2277.94,2791.0769424
2026-04-28 13:00:00,2277.75,2285.76,2258.01,2276.3,7625.2826107
2026-04-28 14:00:00,2276.23,2276.39,2261.12,2273.21,4113.52152817
2026-04-28 15:00:00,2273.22,2280.59,2269.29,2279.71,2568.8049027
2026-04-28 16:00:00,2279.68,2288.61,2274.32,2285.78,2369.4111289
2026-04-28 17:00:00,2285.94,2293.09,2278.73,2290.54,1737.2698457
2026-04-28 18:00:00,2290.54,2298.09,2287.71,2297.02,2144.1621972
2026-04-28 19:00:00,2297.02,2305.45,2290.2,2301.54,1985.67865118
2026-04-28 20:00:00,2301.78,2305.45,2295.21,2295.21,740.3338067
2026-04-28 21:00:00,2295.21,2296.93,2285.55,2290.19,1498.6156938
2026-04-28 22:00:00,2290.2,2294.48,2285.35,2286.08,711.3516684
2026-04-28 23:00:00,2286.08,2290.11,2284.11,2289.42,683.5916141
2026-04-29 00:00:00,2289.4,2294.02,2285.44,2292.32,1138.7890597
2026-04-29 01:00:00,2292.41,2297.03,2279.11,2292.46,2181.1413048
2026-04-29 02:00:00,2292.68,2295.44,2284.44,2288.67,1040.4276192
2026-04-29 03:00:00,2288.94,2316.19,2287.6,2311.46,1671.9663392
2026-04-29 04:00:00,2311.77,2342.0,2309.39,2326.88,1471.7748242
2026-04-29 05:00:00,2327.13,2332.2,2322.61,2328.72,768.2843952
2026-04-29 06:00:00,2328.73,2336.29,2320.35,2324.24,1209.4143773
2026-04-29 07:00:00,2324.79,2330.13,2321.7,2323.62,647.2962953
2026-04-29 08:00:00,2323.63,2328.76,2321.11,2325.24,600.92411351
2026-04-29 09:00:00,2325.24,2346.27,2322.8,2339.55,1357.872294
2026-04-29 10:00:00,2339.55,2346.54,2329.87,2333.45,3232.8840125
2026-04-29 11:00:00,2333.44,2335.62,2328.74,2331.64,1842.0298634
2026-04-29 12:00:00,2331.59,2331.85,2307.94,2316.24,5322.6350056
2026-04-29 13:00:00,2316.16,2317.99,2289.5,2302.96,5944.8947831
2026-04-29 14:00:00,2302.96,2307.77,2293.71,2299.3,3352.5353182
2026-04-29 15:00:00,2299.18,2301.02,2263.09,2272.39,6572.5154002
2026-04-29 16:00:00,2272.48,2279.1,2263.15,2266.81,3733.47170806
2026-04-29 17:00:00,2267.27,2283.07,2266.16,2283.07,2228.96630923
2026-04-29 18:00:00,2282.42,2285.55,2220.29,2239.22,18634.81417439
2026-04-29 19:00:00,2239.41,2242.39,2225.06,2233.45,3494.810558
2026-04-29 20:00:00,2233.67,2248.61,2230.26,2240.66,4127.0761058
2026-04-29 21:00:00,2240.66,2264.71,2238.47,2252.79,2941.3206629
2026-04-29 22:00:00,2252.98,2258.79,2250.0,2257.68,1072.2737954
2026-04-29 23:00:00,2257.65,2260.26,2250.08,2252.73,1101.103434
2026-04-30 00:00:00,2253.09,2275.03,2249.33,2272.31,3242.1416649
2026-04-30 01:00:00,2272.35,2279.15,2267.13,2269.4,2259.5214164
2026-04-30 02:00:00,2269.46,2273.33,2235.97,2245.31,4303.4671044
2026-04-30 03:00:00,2245.04,2256.79,2243.99,2253.73,1511.5620036
2026-04-30 04:00:00,2253.34,2254.37,2236.92,2239.42,1969.9570535
2026-04-30 05:00:00,2239.43,2248.31,2231.64,2242.56,1713.0645833
2026-04-30 06:00:00,2242.66,2252.47,2242.1,2248.31,1482.5787889
2026-04-30 07:00:00,2248.16,2262.23,2243.44,2259.45,1722.458997
2026-04-30 08:00:00,2260.5,2262.2,2255.13,2256.84,1334.1443589
2026-04-30 09:00:00,2256.71,2271.03,2256.11,2262.06,1375.0787015
2026-04-30 10:00:00,2262.05,2265.49,2256.62,2261.69,1054.2135426
2026-04-30 11:00:00,2261.69,2273.4,2252.25,2258.11,2535.1419818
2026-04-30 12:00:00,2258.11,2271.0,2257.71,2265.45,1727.8412989
2026-04-30 13:00:00,2265.57,2272.64,2254.8,2263.93,2629.9450306
2026-04-30 14:00:00,2263.94,2270.99,2246.71,2262.14,3449.0451088
2026-04-30 15:00:00,2262.0,2275.35,2257.71,2265.92,2181.1703599
2026-04-30 16:00:00,2265.93,2267.3,2255.49,2257.13,1335.1664131
2026-04-30 17:00:00,2257.25,2260.37,2251.59,2258.5,1037.4003726
2026-04-30 18:00:00,2258.38,2265.43,2254.79,2260.13,1050.7359019
2026-04-30 19:00:00,2260.0,2266.8,2258.18,2262.24,1293.7654395
2026-04-30 20:00:00,2261.97,2267.4,2260.45,2264.24,1178.660259
2026-04-30 21:00:00,2264.23,2264.69,2254.25,2257.11,894.5885658
2026-04-30 22:00:00,2256.27,2261.22,2252.27,2254.09,527.5104315
2026-04-30 23:00:00,2254.38,2259.1,2253.74,2257.56,487.3560995
2026-05-01 00:00:00,2257.61,2266.05,2257.14,2259.97,997.1394815
2026-05-01 01:00:00,2260.09,2270.4,2260.09,2267.78,947.1913417
2026-05-01 02:00:00,2267.78,2270.06,2264.81,2266.6,690.1154146
2026-05-01 03:00:00,2266.69,2294.99,2266.14,2282.86,3491.0384489
2026-05-01 04:00:00,2282.87,2285.81,2277.57,2280.19,1405.5481156
2026-05-01 05:00:00,2280.15,2286.79,2278.44,2283.29,853.6892043
2026-05-01 06:00:00,2283.29,2286.6,2272.22,2277.6,1178.4945205
2026-05-01 07:00:00,2277.33,2281.3,2273.36,2279.65,920.2982488
2026-05-01 08:00:00,2279.7,2288.7,2277.54,2286.99,1259.8107237
2026-05-01 09:00:00,2287.11,2287.24,2279.91,2282.04,831.808775
2026-05-01 10:00:00,2281.8,2286.02,2277.3,2282.43,856.9442657
2026-05-01 11:00:00,2282.43,2293.0,2281.68,2286.58,1241.51985217
2026-05-01 12:00:00,2286.58,2312.21,2284.07,2301.26,4205.8445265
2026-05-01 13:00:00,2301.56,2323.88,2301.56,2318.41,4040.122254
2026-05-01 14:00:00,2318.41,2325.79,2301.71,2308.36,3613.1818308
2026-05-01 15:00:00,2307.99,2316.81,2298.89,2307.92,3061.989741
2026-05-01 16:00:00,2307.83,2314.43,2298.26,2302.23,2203.9477347
2026-05-01 17:00:00,2301.94,2313.42,2298.72,2311.88,1527.1695255
2026-05-01 18:00:00,2311.91,2312.35,2303.49,2304.65,1334.3728752
2026-05-01 19:00:00,2304.98,2307.75,2302.42,2304.95,998.1379227
2026-05-01 20:00:00,2305.07,2305.67,2279.39,2285.02,2158.365518
2026-05-01 21:00:00,2285.01,2294.02,2283.86,2292.57,1826.5223097
2026-05-01 22:00:00,2292.39,2299.44,2290.87,2293.31,663.8436001
2026-05-01 23:00:00,2293.3,2296.36,2289.27,2295.71,613.8443924
2026-05-02 00:00:00,2295.72,2299.47,2293.04,2297.69,832.4754658
2026-05-02 01:00:00,2297.51,2300.36,2295.89,2298.79,482.2948625
2026-05-02 02:00:00,2298.58,2308.0,2295.4,2303.32,715.5833739
2026-05-02 03:00:00,2303.34,2308.1,2301.09,2304.24,587.2447991
2026-05-02 04:00:00,2304.23,2304.81,2299.62,2301.16,507.8279749
2026-05-02 05:00:00,2301.19,2301.35,2296.67,2299.63,380.71943562
2026-05-02 06:00:00,2299.57,2306.28,2297.13,2305.52,521.6380831
2026-05-02 07:00:00,2305.5,2306.41,2301.04,2301.04,288.5930672
2026-05-02 08:00:00,2301.06,2304.27,2299.02,2303.22,359.1266428
2026-05-02 09:00:00,2303.23,2307.71,2303.21,2305.13,472.5879462
2026-05-02 10:00:00,2305.13,2305.75,2302.1,2303.5,627.4148575
2026-05-02 11:00:00,2303.5,2304.86,2300.17,2301.81,367.3568748
2026-05-02 12:00:00,2301.81,2305.45,2301.04,2303.32,510.0709936
2026-05-02 13:00:00,2303.32,2311.9,2303.32,2308.1,740.8982473
2026-05-02 14:00:00,2308.21,2308.63,2305.25,2306.59,390.973127
2026-05-02 15:00:00,2306.59,2309.81,2305.32,2309.03,308.8462725
2026-05-02 16:00:00,2309.11,2313.5,2307.88,2309.29,782.4086152
2026-05-02 17:00:00,2309.3,2310.03,2305.48,2305.69,306.96393051
2026-05-02 18:00:00,2305.71,2311.32,2303.68,2310.12,454.9791566
2026-05-02 19:00:00,2310.13,2312.74,2309.06,2311.11,289.1048514
2026-05-02 20:00:00,2311.13,2311.86,2309.68,2311.65,252.3784842
2026-05-02 21:00:00,2311.64,2342.0,2310.83,2325.52,4236.6719067
2026-05-02 22:00:00,2325.49,2328.0,2317.7,2326.89,1210.8038259
2026-05-02 23:00:00,2326.89,2326.89,2314.56,2316.88,807.5599244
2026-05-03 00:00:00,2316.89,2317.84,2308.79,2313.9,1224.02409495
2026-05-03 01:00:00,2314.1,2314.11,2303.38,2303.9,863.6238037
2026-05-03 02:00:00,2303.8,2306.73,2299.35,2303.31,866.2040445
2026-05-03 03:00:00,2303.31,2304.32,2300.0,2302.02,569.7439096
2026-05-03 04:00:00,2301.91,2304.08,2297.48,2301.54,466.3891065
2026-05-03 05:00:00,2301.51,2304.95,2301.3,2304.18,294.3026078
2026-05-03 06:00:00,2304.17,2306.22,2299.66,2304.38,512.9448478
2026-05-03 07:00:00,2304.39,2313.8,2304.38,2309.01,909.9414934
2026-05-03 08:00:00,2309.01,2312.38,2307.38,2308.0,1251.6966637
2026-05-03 09:00:00,2308.01,2322.38,2307.34,2316.5,2016.9365539
2026-05-03 10:00:00,2316.5,2316.76,2311.5,2311.5,389.1860073
2026-05-03 11:00:00,2311.51,2327.67,2310.47,2319.69,1434.1207116
2026-05-03 12:00:00,2319.93,2332.88,2319.93,2325.43,1454.98018662
2026-05-03 13:00:00,2325.55,2328.82,2320.4,2322.02,1237.5278928
2026-05-03 14:00:00,2322.02,2329.2,2321.07,2328.14,839.5362911
2026-05-03 15:00:00,2328.13,2333.28,2324.7,2328.2,811.5592379
2026-05-03 16:00:00,2328.21,2334.57,2322.25,2328.37,1148.4753031
2026-05-03 17:00:00,2328.38,2335.55,2323.89,2332.0,1140.2293999
2026-05-03 18:00:00,2332.06,2333.63,2328.27,2330.99,624.272236
2026-05-03 19:00:00,2330.99,2337.8,2328.57,2335.55,934.1285138
2026-05-03 20:00:00,2335.55,2344.28,2328.65,2329.63,2019.2809093
2026-05-03 21:00:00,2329.63,2334.32,2315.15,2324.18,2249.6630047
2026-05-03 22:00:00,2325.1,2356.47,2324.45,2343.76,5294.7314418
2026-05-03 23:00:00,2343.6,2347.23,2319.78,2322.82,2383.9716983
2026-05-04 00:00:00,2322.58,2322.58,2309.31,2318.97,2352.2461207
2026-05-04 01:00:00,2319.72,2354.4,2313.24,2351.02,3598.9898507
2026-05-04 02:00:00,2351.42,2387.31,2345.53,2374.47,7486.094978593212
2026-05-04 03:00:00,2374.36,2391.42,2371.5,2384.97,3126.3087119
2026-05-04 04:00:00,2385.04,2399.18,2384.32,2390.13,2716.5543547
2026-05-04 05:00:00,2390.36,2391.12,2374.98,2376.16,1861.7623413
2026-05-04 06:00:00,2376.17,2378.33,2354.1,2368.27,1917.0847866
2026-05-04 07:00:00,2368.76,2374.72,2362.8,2363.0,2564.3142741
2026-05-04 08:00:00,2363.0,2365.06,2357.38,2359.94,1725.4985559
2026-05-04 09:00:00,2359.92,2370.71,2357.96,2368.36,1359.1037388
2026-05-04 10:00:00,2368.58,2369.42,2314.36,2338.27,10864.6159827
2026-05-04 11:00:00,2338.03,2343.68,2332.85,2337.49,1749.4417501
2026-05-04 12:00:00,2337.49,2343.87,2333.24,2335.78,1227.5423542
2026-05-04 13:00:00,2335.41,2344.59,2325.63,2336.56,3260.5260206
2026-05-04 14:00:00,2336.57,2382.12,2327.56,2371.29,5324.37753762
2026-05-04 15:00:00,2371.31,2374.32,2335.97,2350.19,7512.90123024
2026-05-04 16:00:00,2350.25,2365.4,2336.6,2355.37,5266.7155422
2026-05-04 17:00:00,2355.26,2379.77,2353.88,2370.26,3087.7733926
2026-05-04 18:00:00,2370.44,2375.17,2357.28,2361.61,2625.536939
2026-05-04 19:00:00,2361.67,2364.13,2354.02,2356.58,1537.3943963
2026-05-04 20:00:00,2356.34,2359.12,2347.46,2350.02,1160.40626681
2026-05-04 21:00:00,2350.01,2364.51,2349.91,2361.14,1186.8955937
2026-05-04 22:00:00,2361.09,2365.97,2354.03,2354.65,1259.3875524
2026-05-04 23:00:00,2354.64,2354.64,2344.79,2346.9,1061.9484656
2026-05-05 00:00:00,2346.9,2359.08,2344.87,2358.76,1098.5626041
2026-05-05 01:00:00,2358.77,2364.32,2355.03,2362.09,908.6073196
2026-05-05 02:00:00,2361.85,2377.66,2359.43,2367.75,2034.7291741
2026-05-05 03:00:00,2368.15,2389.13,2364.66,2382.67,2185.78484593
2026-05-05 04:00:00,2382.52,2385.8,2376.19,2381.13,1429.2200766
2026-05-05 05:00:00,2381.09,2390.5,2377.17,2379.82,2103.255428
2026-05-05 06:00:00,2379.97,2381.18,2367.32,2379.19,1398.0180568
2026-05-05 07:00:00,2379.12,2388.32,2375.92,2381.0,1247.5189041
2026-05-05 08:00:00,2380.55,2384.29,2373.01,2376.66,843.4409976
2026-05-05 09:00:00,2376.66,2376.66,2366.87,2369.53,975.5790999
2026-05-05 10:00:00,2369.53,2379.59,2367.38,2378.47,1147.3344906
2026-05-05 11:00:00,2378.46,2383.77,2373.06,2379.82,1112.8949385
2026-05-05 12:00:00,2379.78,2390.31,2376.22,2388.76,1749.0390843
2026-05-05 13:00:00,2388.77,2399.96,2383.37,2388.8,4572.225273
2026-05-05 14:00:00,2388.87,2392.56,2369.5,2378.93,4317.1167703
2026-05-05 15:00:00,2378.69,2387.73,2375.58,2381.29,1713.5945143
2026-05-05 16:00:00,2381.17,2383.22,2361.1,2365.89,2168.5806252
2026-05-05 17:00:00,2365.9,2369.97,2359.73,2362.93,1408.0524917
2026-05-05 18:00:00,2363.16,2374.83,2363.16,2372.32,963.4111927
2026-05-05 19:00:00,2372.33,2376.38,2369.45,2371.97,783.9771994
2026-05-05 20:00:00,2371.96,2387.0,2371.42,2382.63,2304.1472304
2026-05-05 21:00:00,2382.88,2388.58,2368.62,2375.6,2127.1470554
2026-05-05 22:00:00,2375.61,2381.9,2354.35,2367.87,3442.90447384
2026-05-05 23:00:00,2367.63,2369.79,2354.86,2360.79,1657.67955691
2026-05-06 00:00:00,2360.78,2367.9,2354.2,2364.84,2374.145132
2026-05-06 01:00:00,2364.53,2376.89,2362.6,2372.76,1470.0914542
2026-05-06 02:00:00,2373.24,2373.87,2360.25,2369.54,964.5832004
2026-05-06 03:00:00,2369.67,2380.8,2367.76,2376.46,1171.7247118
2026-05-06 04:00:00,2376.67,2379.22,2361.26,2366.19,1038.4138961
2026-05-06 05:00:00,2365.88,2366.9,2354.48,2365.0,1273.4699572
2026-05-06 06:00:00,2364.99,2371.31,2361.18,2370.52,1031.3522539
2026-05-06 07:00:00,2370.77,2375.17,2369.11,2371.81,1251.78433392
2026-05-06 08:00:00,2371.67,2396.24,2369.46,2394.16,2809.7407828
2026-05-06 09:00:00,2394.36,2417.99,2384.84,2412.25,5165.889492
2026-05-06 10:00:00,2412.94,2414.04,2405.5,2410.1,5682.564937
2026-05-06 11:00:00,2409.81,2423.02,2407.75,2410.19,3069.570883
2026-05-06 12:00:00,2410.24,2413.58,2400.1,2405.21,2531.429044
2026-05-06 13:00:00,2405.21,2405.21,2365.0,2368.62,6057.38493071
2026-05-06 14:00:00,2368.29,2373.0,2345.88,2359.47,5554.23660412
2026-05-06 15:00:00,2359.31,2366.25,2354.67,2359.1,2293.1535896
2026-05-06 16:00:00,2359.0,2367.5,2350.46,2357.99,2179.4072678
2026-05-06 17:00:00,2357.98,2360.84,2347.84,2349.95,1125.5467758
2026-05-06 18:00:00,2349.96,2352.69,2337.48,2345.21,2343.316584
2026-05-06 19:00:00,2345.17,2350.0,2342.22,2348.62,950.40364812
2026-05-06 20:00:00,2348.28,2357.06,2345.3,2350.49,1294.1289696
2026-05-06 21:00:00,2350.69,2357.19,2345.67,2354.25,961.3229825
2026-05-06 22:00:00,2354.48,2355.04,2345.19,2347.46,1517.82332811
2026-05-06 23:00:00,2347.46,2351.15,2338.67,2350.96,1610.75981676
2026-05-07 00:00:00,2350.9,2352.28,2328.95,2329.8,1686.4839253
2026-05-07 01:00:00,2329.42,2335.39,2314.02,2327.63,2847.8812811
2026-05-07 02:00:00,2327.68,2328.13,2312.86,2322.24,2434.0730892
2026-05-07 03:00:00,2322.12,2325.64,2315.64,2322.27,1297.5506732
2026-05-07 04:00:00,2322.1,2327.57,2317.51,2327.57,1121.7967037
2026-05-07 05:00:00,2327.58,2334.12,2327.08,2331.23,869.1951128
2026-05-07 06:00:00,2331.18,2338.16,2319.79,2337.18,2620.12698
2026-05-07 07:00:00,2337.19,2346.73,2336.76,2344.41,2032.242357
2026-05-07 08:00:00,2344.4,2346.5,2332.05,2333.88,1509.2562833
2026-05-07 09:00:00,2333.82,2337.0,2326.89,2329.07,1493.4693735
2026-05-07 10:00:00,2329.07,2331.62,2317.5,2327.14,1367.3139246
2026-05-07 11:00:00,2327.06,2331.65,2325.5,2330.07,825.5379457
2026-05-07 12:00:00,2330.02,2337.18,2329.09,2333.27,1122.7523735
2026-05-07 13:00:00,2332.78,2332.78,2305.06,2314.45,3628.2162955
2026-05-07 14:00:00,2314.46,2318.88,2289.67,2299.29,4995.961761
2026-05-07 15:00:00,2299.3,2304.67,2286.0,2294.82,3284.330371
2026-05-07 16:00:00,2294.48,2298.42,2285.8,2292.21,2137.8798291
2026-05-07 17:00:00,2292.05,2301.33,2280.0,2300.02,2345.51404628
2026-05-07 18:00:00,2299.69,2304.1,2291.04,2296.13,1501.630048
2026-05-07 19:00:00,2296.13,2296.9,2288.24,2295.83,1553.9571916
2026-05-07 20:00:00,2296.16,2303.36,2288.02,2289.09,1689.6168596
2026-05-07 21:00:00,2289.16,2294.06,2281.23,2287.84,1888.9241161
2026-05-07 22:00:00,2287.82,2290.33,2281.08,2287.12,2011.7579567
2026-05-07 23:00:00,2286.97,2293.31,2286.21,2291.03,666.7259088
2026-05-08 00:00:00,2291.21,2294.29,2283.55,2286.57,863.96252487
2026-05-08 01:00:00,2287.3,2289.19,2280.35,2284.75,703.844381
2026-05-08 02:00:00,2285.42,2285.42,2268.1,2279.04,2121.9654368
2026-05-08 03:00:00,2278.86,2281.5,2265.26,2278.97,1524.9512664
2026-05-08 04:00:00,2278.97,2284.66,2276.55,2281.81,653.8014676
2026-05-08 05:00:00,2281.68,2284.37,2276.46,2276.46,841.2932735
2026-05-08 06:00:00,2276.34,2278.65,2268.97,2275.2,1052.2452563
2026-05-08 07:00:00,2275.23,2282.44,2267.46,2281.61,800.7227977
2026-05-08 08:00:00,2281.37,2289.6,2280.18,2283.79,664.7864538
2026-05-08 09:00:00,2284.09,2292.16,2280.57,2284.37,1112.185438
2026-05-08 10:00:00,2284.35,2290.75,2281.13,2287.93,1049.248296
2026-05-08 11:00:00,2288.26,2298.0,2288.26,2295.36,1512.5487088
2026-05-08 12:00:00,2295.36,2301.83,2282.73,2284.74,2127.988407
2026-05-08 13:00:00,2284.74,2287.08,2270.0,2276.46,2257.2885397
2026-05-08 14:00:00,2276.47,2292.76,2273.4,2285.8,4385.4671904
2026-05-08 15:00:00,2285.06,2294.16,2274.69,2293.19,2789.6598616
2026-05-08 16:00:00,2293.35,2294.16,2286.18,2290.01,2635.5883112
2026-05-08 17:00:00,2290.02,2315.61,2289.3,2304.75,3333.2121393
2026-05-08 18:00:00,2304.76,2321.46,2304.76,2313.79,2107.3740955
2026-05-08 19:00:00,2313.79,2320.48,2312.41,2315.99,1396.77582508
2026-05-08 20:00:00,2316.31,2316.79,2305.29,2306.7,1255.8617308
2026-05-08 21:00:00,2306.73,2314.82,2304.45,2314.82,1355.4783083
2026-05-08 22:00:00,2314.42,2318.76,2310.61,2310.86,915.7314719
2026-05-08 23:00:00,2311.15,2311.15,2303.46,2307.37,675.37426628
2026-05-09 00:00:00,2307.37,2312.2,2304.65,2308.39,831.8919317
2026-05-09 01:00:00,2308.46,2318.33,2308.2,2314.43,1244.9951252
2026-05-09 02:00:00,2314.42,2320.62,2314.08,2316.94,829.7000818
2026-05-09 03:00:00,2317.03,2320.75,2312.72,2315.41,839.97176342
2026-05-09 04:00:00,2315.6,2325.34,2311.36,2312.6,1273.662341413155
2026-05-09 05:00:00,2312.31,2318.28,2310.97,2314.79,614.995319
2026-05-09 06:00:00,2314.79,2318.91,2312.64,2314.46,721.27751609
2026-05-09 07:00:00,2314.51,2318.47,2311.16,2314.51,802.0868007
2026-05-09 08:00:00,2314.51,2320.08,2314.28,2317.17,972.3540189
2026-05-09 09:00:00,2317.17,2317.54,2311.18,2313.3,582.86077517
2026-05-09 10:00:00,2313.31,2315.21,2310.11,2312.54,775.6902798
2026-05-09 11:00:00,2312.55,2315.71,2312.41,2315.17,368.7780084
2026-05-09 12:00:00,2314.74,2318.3,2313.24,2316.44,385.932728
2026-05-09 13:00:00,2316.45,2316.45,2311.61,2314.28,447.966104
2026-05-09 14:00:00,2314.29,2315.06,2305.36,2308.3,1863.0450447
2026-05-09 15:00:00,2308.14,2317.5,2299.46,2317.5,1960.672998
2026-05-09 16:00:00,2317.5,2325.19,2315.22,2319.7,1682.6653889
2026-05-09 17:00:00,2319.7,2333.33,2319.7,2329.65,2514.44161022
2026-05-09 18:00:00,2329.64,2338.35,2328.65,2330.32,1264.6017234
2026-05-09 19:00:00,2330.47,2332.91,2326.8,2332.17,876.325099
2026-05-09 20:00:00,2332.31,2332.76,2327.51,2329.15,396.1759792
2026-05-09 21:00:00,2329.31,2331.79,2328.61,2330.54,566.0224938
2026-05-09 22:00:00,2330.86,2333.55,2327.46,2329.66,703.9040672
2026-05-09 23:00:00,2330.07,2331.76,2324.67,2326.76,589.7570219
2026-05-10 00:00:00,2326.53,2329.84,2321.44,2323.59,909.8339573
2026-05-10 01:00:00,2324.13,2324.66,2318.35,2323.86,743.4070993
2026-05-10 02:00:00,2323.83,2328.08,2320.13,2327.64,808.4026854
2026-05-10 03:00:00,2327.58,2333.04,2323.7,2327.73,786.8443069
2026-05-10 04:00:00,2327.66,2331.0,2326.01,2328.24,449.6961512
2026-05-10 05:00:00,2328.2,2329.98,2326.67,2327.2,544.0300786
2026-05-10 06:00:00,2327.16,2330.98,2327.06,2329.46,491.548681
2026-05-10 07:00:00,2329.64,2332.23,2327.55,2327.55,520.8769656
2026-05-10 08:00:00,2327.56,2331.68,2326.26,2329.88,577.82699723
2026-05-10 09:00:00,2330.04,2333.51,2326.93,2328.47,405.9641314
2026-05-10 10:00:00,2328.46,2328.86,2323.32,2325.48,767.9169523
2026-05-10 11:00:00,2325.48,2327.67,2318.81,2322.77,930.6092423
2026-05-10 12:00:00,2322.3,2325.35,2320.85,2324.0,522.2594814
2026-05-10 13:00:00,2324.15,2332.44,2323.23,2329.96,801.2209034
2026-05-10 14:00:00,2330.0,2335.28,2327.03,2330.67,1077.6292321
2026-05-10 15:00:00,2330.69,2350.97,2330.69,2347.31,2550.488591
2026-05-10 16:00:00,2347.73,2350.74,2340.11,2349.92,1895.35426773
2026-05-10 17:00:00,2350.27,2367.68,2345.27,2363.84,3018.3377659
2026-05-10 18:00:00,2363.85,2366.17,2356.39,2358.33,1262.8051303
2026-05-10 19:00:00,2357.88,2366.59,2350.93,2365.33,1059.060642
2026-05-10 20:00:00,2365.34,2369.54,2311.8,2328.86,6100.4468217
2026-05-10 21:00:00,2328.74,2336.99,2324.41,2331.35,3214.1245705
2026-05-10 22:00:00,2330.89,2377.42,2328.33,2373.43,7426.278478
2026-05-10 23:00:00,2373.6,2382.44,2367.97,2371.08,3001.5421288
2026-05-11 00:00:00,2371.08,2374.28,2344.79,2352.62,4458.7510172
2026-05-11 01:00:00,2352.42,2365.36,2345.44,2358.92,2175.45207942
2026-05-11 02:00:00,2359.19,2360.85,2343.45,2345.31,1747.568658
2026-05-11 03:00:00,2345.08,2345.31,2320.42,2330.56,2714.8497652
2026-05-11 04:00:00,2330.55,2335.89,2326.52,2333.17,1059.6899779
2026-05-11 05:00:00,2332.9,2340.23,2332.08,2335.39,654.4934228
2026-05-11 06:00:00,2334.95,2342.37,2330.38,2333.65,1110.7933599
2026-05-11 07:00:00,2333.65,2333.65,2328.1,2330.67,915.0630749
2026-05-11 08:00:00,2330.67,2335.02,2327.05,2330.83,964.8675206
2026-05-11 09:00:00,2330.69,2338.78,2330.47,2336.16,641.0788966
2026-05-11 10:00:00,2336.15,2339.87,2329.63,2329.66,857.8694963
2026-05-11 11:00:00,2329.65,2335.91,2327.63,2335.64,854.3641231
2026-05-11 12:00:00,2335.71,2338.91,2328.61,2329.69,1712.786421
2026-05-11 13:00:00,2329.61,2333.05,2314.74,2322.58,3252.0654142
2026-05-11 14:00:00,2322.18,2328.85,2304.24,2316.53,5068.1641635
2026-05-11 15:00:00,2316.85,2335.49,2313.47,2333.54,2727.9924885
2026-05-11 16:00:00,2333.54,2341.12,2327.01,2329.93,2849.70463516
2026-05-11 17:00:00,2330.17,2343.7,2323.92,2337.06,1519.4275954
2026-05-11 18:00:00,2337.0,2344.43,2334.7,2335.42,1500.0467521
2026-05-11 19:00:00,2335.72,2344.24,2332.03,2340.49,1759.3123871
2026-05-11 20:00:00,2340.49,2345.51,2336.0,2338.15,1666.4453298
2026-05-11 21:00:00,2338.16,2342.55,2336.23,2340.79,1811.5848364709886
2026-05-11 22:00:00,2341.13,2345.75,2336.73,2341.49,1401.6819359
2026-05-11 23:00:00,2341.4,2342.19,2335.16,2339.84,779.5607415
2026-05-12 00:00:00,2339.84,2340.64,2332.29,2333.48,1253.6499714
2026-05-12 01:00:00,2333.42,2335.39,2295.54,2311.5,3509.7272351
2026-05-12 02:00:00,2311.34,2317.23,2307.34,2315.87,1169.5679449
2026-05-12 03:00:00,2315.86,2316.93,2307.38,2309.41,866.9523503
2026-05-12 04:00:00,2309.41,2314.34,2305.53,2310.95,897.3514992
2026-05-12 05:00:00,2310.84,2314.03,2309.8,2310.41,981.01369073
2026-05-12 06:00:00,2310.33,2313.94,2302.66,2303.92,1264.0866253
2026-05-12 07:00:00,2303.76,2304.99,2291.79,2295.42,2499.9400011
2026-05-12 08:00:00,2295.5,2296.5,2281.06,2288.34,2937.3180718
2026-05-12 09:00:00,2288.29,2295.11,2281.7,2292.86,1717.7208934
2026-05-12 10:00:00,2292.58,2294.04,2281.69,2286.13,1876.8789045
2026-05-12 11:00:00,2286.76,2287.14,2278.1,2286.97,1380.7217528
2026-05-12 12:00:00,2286.79,2294.67,2281.46,2289.04,2438.6538263
2026-05-12 13:00:00,2289.42,2292.51,2268.85,2272.04,2825.3060211
2026-05-12 14:00:00,2272.19,2281.49,2262.52,2269.01,3675.79649657
2026-05-12 15:00:00,2269.02,2274.39,2257.05,2261.53,2997.76653154
2026-05-12 16:00:00,2261.73,2270.99,2256.59,2263.85,1882.7809412627128
2026-05-12 17:00:00,2263.86,2277.76,2263.86,2276.5,1890.3484678
2026-05-12 18:00:00,2276.49,2284.52,2274.47,2279.25,1576.2250399
2026-05-12 19:00:00,2279.57,2287.23,2279.1,2284.95,971.9204396
2026-05-12 20:00:00,2285.17,2287.37,2281.45,2285.21,792.8723156
2026-05-12 21:00:00,2285.21,2287.69,2282.98,2285.53,592.3877178
2026-05-12 22:00:00,2285.7,2291.82,2282.5,2282.5,1059.8722109
2026-05-12 23:00:00,2282.5,2284.17,2274.08,2275.19,1056.8268368
2026-05-13 00:00:00,2275.2,2286.88,2273.3,2281.66,1195.9932774
2026-05-13 01:00:00,2282.03,2295.47,2280.88,2290.18,1475.7696487
2026-05-13 02:00:00,2290.48,2300.04,2287.49,2294.12,905.3692737
2026-05-13 03:00:00,2294.13,2303.79,2292.42,2301.62,924.82833968
2026-05-13 04:00:00,2301.81,2308.92,2298.72,2306.83,872.8232142
2026-05-13 05:00:00,2306.87,2307.7,2295.57,2297.66,727.9629794
2026-05-13 06:00:00,2297.66,2305.05,2297.49,2301.57,1116.0663508
2026-05-13 07:00:00,2301.56,2302.74,2296.71,2300.97,968.6163759
2026-05-13 08:00:00,2301.02,2316.58,2300.5,2316.45,1531.2309339
2026-05-13 09:00:00,2316.45,2323.0,2314.16,2320.92,1346.85198635
2026-05-13 10:00:00,2320.91,2321.13,2305.37,2308.63,1455.7841915
2026-05-13 11:00:00,2308.58,2308.67,2298.91,2301.66,1519.0723695
2026-05-13 12:00:00,2301.66,2307.3,2270.15,2284.5,5014.142664
2026-05-13 13:00:00,2284.24,2288.21,2259.17,2262.69,3794.8006964
2026-05-13 14:00:00,2262.45,2270.56,2251.06,2267.59,3167.5769265
2026-05-13 15:00:00,2267.59,2270.33,2234.11,2236.73,3464.5278307
2026-05-13 16:00:00,2236.51,2253.45,2235.65,2250.95,2496.1199904
2026-05-13 17:00:00,2251.04,2261.86,2251.04,2258.34,1786.6814187
2026-05-13 18:00:00,2258.41,2268.29,2258.4,2259.55,1473.229332
2026-05-13 19:00:00,2259.55,2260.73,2250.41,2256.5,1372.9574236
2026-05-13 20:00:00,2256.47,2264.35,2256.22,2263.55,782.9959047
2026-05-13 21:00:00,2263.78,2264.13,2253.58,2255.59,1274.7570927
2026-05-13 22:00:00,2255.59,2260.29,2250.8,2259.16,1577.29790211
2026-05-13 23:00:00,2259.15,2261.54,2254.48,2258.52,1347.3630861
2026-05-14 00:00:00,2258.64,2269.25,2258.03,2266.25,1783.0011485
2026-05-14 01:00:00,2266.23,2269.04,2260.0,2264.91,1618.2334254
2026-05-14 02:00:00,2264.83,2266.56,2247.53,2251.44,1441.6951026
2026-05-14 03:00:00,2251.17,2254.96,2238.47,2242.23,2807.4647673
2026-05-14 04:00:00,2242.29,2258.3,2239.27,2256.36,1281.03438302
2026-05-14 05:00:00,2256.64,2273.72,2255.52,2268.08,1492.649614
2026-05-14 06:00:00,2268.39,2275.03,2267.07,2267.8,1484.3050558
2026-05-14 07:00:00,2267.32,2270.84,2263.89,2264.89,662.9118779
2026-05-14 08:00:00,2265.16,2270.74,2262.06,2266.36,806.494986
2026-05-14 09:00:00,2266.39,2267.8,2252.64,2257.97,1175.8528545
2026-05-14 10:00:00,2257.96,2265.48,2255.78,2262.13,1113.6896043
2026-05-14 11:00:00,2262.07,2264.05,2252.7,2254.04,1059.24491932
2026-05-14 12:00:00,2253.73,2263.25,2248.33,2261.5,1640.6226476
2026-05-14 13:00:00,2261.58,2265.55,2248.5,2249.63,2305.748131
2026-05-14 14:00:00,2249.34,2289.01,2246.66,2287.39,3457.969208
2026-05-14 15:00:00,2287.45,2299.5,2280.6,2298.9,3263.22576028
2026-05-14 16:00:00,2298.66,2318.6,2294.01,2316.42,3095.8669796
2026-05-14 17:00:00,2316.42,2319.24,2296.43,2308.26,3333.5644268917245
2026-05-14 18:00:00,2308.16,2316.8,2303.26,2309.77,1980.0286522
2026-05-14 19:00:00,2310.12,2312.05,2297.76,2298.42,1554.1003363
2026-05-14 20:00:00,2298.6,2301.52,2288.55,2297.62,1488.2489314
2026-05-14 21:00:00,2298.16,2299.81,2289.95,2297.36,1323.9398104
2026-05-14 22:00:00,2297.3,2301.37,2295.3,2297.87,775.4974147
2026-05-14 23:00:00,2297.87,2297.87,2280.7,2283.31,1139.3461563
2026-05-15 00:00:00,2283.32,2299.99,2281.82,2291.42,1670.6830773
2026-05-15 01:00:00,2291.78,2294.66,2275.19,2275.45,1998.7758816
2026-05-15 02:00:00,2275.42,2279.33,2260.77,2276.29,2936.8768895
2026-05-15 03:00:00,2276.49,2279.69,2268.21,2273.47,1142.8620799
2026-05-15 04:00:00,2273.48,2273.94,2262.87,2262.88,991.4766146
2026-05-15 05:00:00,2263.25,2266.9,2238.23,2245.33,2551.7173403
2026-05-15 06:00:00,2244.95,2256.69,2244.05,2255.24,1454.264992
2026-05-15 07:00:00,2255.36,2271.52,2253.67,2265.29,1522.14522553
2026-05-15 08:00:00,2265.29,2265.5,2250.0,2257.44,2245.1315146
2026-05-15 09:00:00,2257.67,2260.08,2250.52,2254.32,1554.0801742
2026-05-15 10:00:00,2254.33,2264.25,2252.46,2262.28,2490.6891237
2026-05-15 11:00:00,2262.28,2263.97,2257.23,2257.43,1937.7519774
2026-05-15 12:00:00,2257.42,2260.48,2250.87,2254.15,2871.2993871
2026-05-15 13:00:00,2254.14,2254.14,2210.65,2213.29,11695.8385331
2026-05-15 14:00:00,2213.44,2223.92,2205.0,2213.31,12711.0747582
2026-05-15 15:00:00,2213.42,2223.8,2209.74,2222.23,2510.4569682
2026-05-15 16:00:00,2222.48,2230.89,2218.42,2224.39,1587.6381084
2026-05-15 17:00:00,2224.39,2232.6,2223.94,2229.24,1388.1513835
2026-05-15 18:00:00,2229.24,2232.51,2224.85,2227.9,1643.30299304
2026-05-15 19:00:00,2227.9,2228.14,2221.88,2222.92,1296.341955
2026-05-15 20:00:00,2222.93,2225.93,2216.66,2219.86,1507.3745857
2026-05-15 21:00:00,2219.86,2224.76,2214.75,2216.71,1229.8971594
2026-05-15 22:00:00,2216.86,2224.31,2216.85,2223.78,896.9995336
2026-05-15 23:00:00,2223.65,2225.78,2222.22,2224.1,960.7637182
2026-05-16 00:00:00,2224.36,2231.29,2223.25,2226.52,822.3648354
2026-05-16 01:00:00,2226.58,2230.46,2222.95,2229.5,668.1467988
2026-05-16 02:00:00,2229.35,2231.04,2226.85,2230.02,571.3778485
2026-05-16 03:00:00,2229.66,2230.2,2226.82,2227.67,408.6672005
2026-05-16 04:00:00,2227.53,2228.51,2218.07,2225.56,808.4982386
2026-05-16 05:00:00,2225.56,2226.69,2222.49,2224.98,452.9652799
2026-05-16 06:00:00,2224.99,2226.48,2209.46,2215.36,1340.0075142
2026-05-16 07:00:00,2215.39,2215.69,2182.06,2194.69,4930.287155505675
2026-05-16 08:00:00,2194.34,2196.75,2192.0,2193.45,790.5008471
2026-05-16 09:00:00,2193.46,2193.95,2163.3,2173.58,3904.9601905
2026-05-16 10:00:00,2173.48,2174.89,2162.61,2173.8,2380.5347033
2026-05-16 11:00:00,2174.18,2181.3,2174.18,2176.34,945.7198046
2026-05-16 12:00:00,2176.34,2179.32,2173.52,2176.52,724.181225
2026-05-16 13:00:00,2176.51,2179.89,2172.57,2176.91,1197.3122414
2026-05-16 14:00:00,2177.1,2188.0,2173.85,2179.95,1195.6680843
2026-05-16 15:00:00,2179.95,2183.54,2177.13,2179.93,851.5439738
2026-05-16 16:00:00,2179.93,2183.62,2170.6,2173.8,1129.103272
2026-05-16 17:00:00,2174.14,2180.95,2174.14,2178.68,809.62658935
2026-05-16 18:00:00,2179.01,2184.72,2176.03,2181.48,864.64974476
2026-05-16 19:00:00,2181.48,2182.75,2178.99,2179.63,363.51950609
2026-05-16 20:00:00,2179.64,2182.7,2179.64,2181.13,657.33809666
2026-05-16 21:00:00,2181.05,2183.57,2180.6,2182.34,432.4106762
2026-05-16 22:00:00,2181.98,2183.08,2179.33,2180.42,418.4025045
2026-05-16 23:00:00,2180.42,2182.87,2179.24,2180.67,274.8951286
2026-05-17 00:00:00,2180.67,2185.57,2173.51,2177.16,804.5589963
2026-05-17 01:00:00,2177.5,2183.35,2167.63,2169.61,1598.9073405
2026-05-17 02:00:00,2169.18,2175.93,2169.17,2174.72,616.2571474
2026-05-17 03:00:00,2174.37,2184.2,2174.26,2181.57,490.5324489
2026-05-17 04:00:00,2181.57,2189.67,2181.18,2187.48,662.1652423
2026-05-17 05:00:00,2187.46,2194.95,2185.89,2185.95,629.1308118
2026-05-17 06:00:00,2185.95,2187.72,2181.63,2184.95,524.5367956
2026-05-17 07:00:00,2184.95,2188.08,2182.44,2186.38,547.6135849
2026-05-17 08:00:00,2186.38,2187.07,2183.16,2185.96,415.6961173
2026-05-17 09:00:00,2185.96,2191.48,2185.73,2190.17,445.2372589
2026-05-17 10:00:00,2190.17,2198.39,2190.17,2194.32,1066.3006579
2026-05-17 11:00:00,2194.26,2194.9,2187.9,2192.28,729.7819004
2026-05-17 12:00:00,2192.28,2198.45,2191.4,2194.42,1079.0801526
2026-05-17 13:00:00,2194.43,2195.1,2187.67,2191.84,789.998603
2026-05-17 14:00:00,2191.84,2192.35,2178.12,2187.0,1531.9755644
2026-05-17 15:00:00,2187.0,2188.66,2181.47,2186.62,783.8923847
2026-05-17 16:00:00,2186.53,2188.89,2182.21,2182.44,628.5941168
2026-05-17 17:00:00,2182.83,2185.33,2176.41,2183.85,1163.1462735
2026-05-17 18:00:00,2183.54,2188.62,2179.19,2188.62,827.0799802
2026-05-17 19:00:00,2188.7,2193.61,2187.83,2192.56,729.7388355
2026-05-17 20:00:00,2192.45,2193.67,2187.13,2189.4,766.0403441
2026-05-17 21:00:00,2189.36,2195.0,2187.39,2191.7,630.6299627
2026-05-17 22:00:00,2191.65,2191.81,2174.14,2179.8,2885.6121779
2026-05-17 23:00:00,2179.8,2179.94,2093.04,2131.05,10859.2066833
2026-05-18 00:00:00,2130.86,2131.74,2104.95,2115.59,7088.7195956
2026-05-18 01:00:00,2115.58,2121.21,2106.61,2117.91,4171.3405955
2026-05-18 02:00:00,2117.58,2123.87,2112.84,2116.57,1664.0778646
2026-05-18 03:00:00,2116.5,2123.79,2115.95,2118.68,1915.0872303
2026-05-18 04:00:00,2118.68,2125.43,2114.58,2124.77,1246.6076318
2026-05-18 05:00:00,2124.78,2125.65,2117.0,2118.04,1147.3659875
2026-05-18 06:00:00,2118.27,2121.18,2110.12,2118.67,1880.2726599
2026-05-18 07:00:00,2119.17,2123.44,2112.16,2121.01,1469.5429709
2026-05-18 08:00:00,2121.01,2124.04,2116.44,2121.69,1416.303481
2026-05-18 09:00:00,2121.67,2121.67,2115.65,2116.7,1846.6821898
2026-05-18 10:00:00,2116.7,2117.44,2112.21,2114.34,2231.0432376
2026-05-18 11:00:00,2114.34,2139.75,2110.28,2133.58,3833.2533246
2026-05-18 12:00:00,2133.58,2157.11,2133.58,2150.94,7198.4819489
2026-05-18 13:00:00,2150.94,2151.39,2120.54,2130.92,9599.3052699
2026-05-18 14:00:00,2130.65,2130.65,2098.66,2110.24,11257.92929353
2026-05-18 15:00:00,2110.29,2110.99,2093.5,2107.27,8742.5887156
2026-05-18 16:00:00,2107.56,2111.33,2090.43,2097.67,5937.3657182
2026-05-18 17:00:00,2097.69,2109.99,2095.18,2108.03,4314.8355577
2026-05-18 18:00:00,2108.0,2108.83,2078.02,2081.31,6486.05046533
2026-05-18 19:00:00,2081.3,2128.18,2079.46,2124.73,12340.25546557
2026-05-18 20:00:00,2124.74,2130.92,2114.87,2117.61,3725.0573346
2026-05-18 21:00:00,2117.6,2142.48,2114.39,2137.42,3977.781848
2026-05-18 22:00:00,2137.33,2142.2,2130.01,2135.74,2526.6435906
2026-05-18 23:00:00,2135.55,2138.85,2127.68,2129.84,1571.6947873
2026-05-19 00:00:00,2129.85,2146.96,2128.22,2135.64,3462.4664634
2026-05-19 01:00:00,2135.65,2138.21,2123.61,2124.82,3263.429944
2026-05-19 02:00:00,2124.82,2135.49,2119.51,2123.13,2768.9023095
2026-05-19 03:00:00,2123.15,2134.21,2122.06,2131.04,1596.480297
2026-05-19 04:00:00,2131.31,2136.67,2128.03,2133.64,1656.3146903
2026-05-19 05:00:00,2133.65,2137.36,2123.81,2135.16,1983.2628405
2026-05-19 06:00:00,2135.17,2140.19,2132.66,2137.56,1713.9619748
2026-05-19 07:00:00,2137.55,2145.0,2135.32,2141.13,1434.5250945
2026-05-19 08:00:00,2141.13,2141.31,2130.87,2133.47,2016.8163782
2026-05-19 09:00:00,2133.48,2134.32,2111.11,2114.45,2678.9947371
2026-05-19 10:00:00,2114.5,2122.05,2107.06,2118.33,2581.6961272
2026-05-19 11:00:00,2118.36,2120.06,2109.24,2110.83,1581.7892801
2026-05-19 12:00:00,2110.48,2119.5,2108.5,2118.23,1315.1760247
2026-05-19 13:00:00,2118.23,2127.26,2107.61,2118.97,3451.6101545
2026-05-19 14:00:00,2118.97,2123.53,2094.81,2106.53,5086.1634144
2026-05-19 15:00:00,2106.35,2113.6,2103.75,2110.17,1516.8471901
2026-05-19 16:00:00,2110.33,2122.29,2107.16,2121.18,1404.7473984
2026-05-19 17:00:00,2121.25,2124.99,2112.99,2115.95,1122.8600961
2026-05-19 18:00:00,2115.86,2119.44,2110.79,2115.21,926.8392226
2026-05-19 19:00:00,2115.12,2123.31,2110.18,2113.06,620.0828037
2026-05-19 20:00:00,2113.06,2118.83,2112.38,2118.49,332.8651647
2026-05-19 21:00:00,2118.49,2120.56,2116.8,2116.85,583.2363339
2026-05-19 22:00:00,2116.85,2116.85,2102.35,2106.36,1088.8615621
2026-05-19 23:00:00,2106.37,2118.56,2104.58,2111.77,1082.7189955
2026-05-20 00:00:00,2111.79,2115.7,2103.34,2111.33,1939.8241272
2026-05-20 01:00:00,2111.32,2118.72,2103.27,2115.16,1884.1123671
2026-05-20 02:00:00,2115.01,2117.08,2106.42,2108.94,1017.2839355
2026-05-20 03:00:00,2109.25,2116.1,2106.23,2111.62,729.9577106081176
2026-05-20 04:00:00,2111.66,2114.56,2107.0,2113.22,590.0007823
2026-05-20 05:00:00,2113.25,2130.28,2113.25,2125.73,1529.0117411
2026-05-20 06:00:00,2125.69,2135.02,2125.55,2133.81,1170.45178809
2026-05-20 07:00:00,2133.81,2136.42,2128.36,2129.72,856.7591304
2026-05-20 08:00:00,2129.73,2138.06,2128.65,2131.68,1202.0202231
2026-05-20 09:00:00,2131.68,2132.96,2127.68,2129.37,557.5816444
2026-05-20 10:00:00,2129.37,2137.0,2129.37,2130.79,676.1958142
2026-05-20 11:00:00,2130.8,2132.15,2123.84,2128.2,608.7831388
2026-05-20 12:00:00,2127.97,2139.75,2126.71,2133.94,981.8477650478409
2026-05-20 13:00:00,2133.95,2135.47,2115.51,2120.53,2472.850803
2026-05-20 14:00:00,2120.53,2139.6,2113.93,2135.19,4468.0958174
2026-05-20 15:00:00,2134.82,2148.85,2128.92,2136.74,3333.8228492
2026-05-20 16:00:00,2136.74,2140.49,2123.98,2135.38,1985.6659458
2026-05-20 17:00:00,2135.33,2149.11,2131.96,2140.3,1970.5068953
2026-05-20 18:00:00,2140.21,2140.86,2131.18,2132.08,1322.7841359
2026-05-20 19:00:00,2132.08,2141.72,2129.01,2139.16,1189.25560333
2026-05-20 20:00:00,2139.17,2140.72,2129.37,2136.23,1463.7399118
2026-05-20 21:00:00,2136.04,2138.76,2130.5,2130.57,620.3309372
2026-05-20 22:00:00,2130.56,2130.56,2118.46,2128.16,1417.0551567
2026-05-20 23:00:00,2128.16,2130.18,2122.56,2129.48,800.7478047
2026-05-21 00:00:00,2129.48,2145.18,2128.55,2142.86,1609.8952679
2026-05-21 01:00:00,2142.69,2157.42,2139.09,2140.77,1945.72653673
2026-05-21 02:00:00,2140.77,2148.18,2139.48,2141.51,1124.4875305
2026-05-21 03:00:00,2141.51,2146.9,2140.73,2145.71,740.720541
2026-05-21 04:00:00,2145.72,2148.76,2142.65,2144.93,604.5590467
2026-05-21 05:00:00,2144.81,2148.19,2133.19,2136.43,827.0409638
2026-05-21 06:00:00,2136.43,2138.44,2127.69,2128.56,1074.276829
2026-05-21 07:00:00,2128.54,2136.63,2124.36,2135.08,1181.0127031
2026-05-21 08:00:00,2135.0,2148.27,2135.0,2138.0,1454.296364
2026-05-21 09:00:00,2137.77,2140.58,2127.88,2128.06,995.7992448
2026-05-21 10:00:00,2128.07,2130.13,2109.89,2114.15,2937.6259046
2026-05-21 11:00:00,2114.15,2119.82,2111.77,2114.96,1379.0152939
2026-05-21 12:00:00,2114.96,2119.61,2111.91,2116.96,1524.6841375
2026-05-21 13:00:00,2117.07,2124.06,2105.31,2120.44,2795.8471477
2026-05-21 14:00:00,2120.59,2125.61,2110.53,2122.0,2822.77658643
2026-05-21 15:00:00,2122.0,2138.15,2119.15,2132.37,2177.1535707
2026-05-21 16:00:00,2132.43,2136.46,2122.67,2127.67,1361.4605669
2026-05-21 17:00:00,2127.71,2153.66,2125.77,2146.68,3698.22705702
2026-05-21 18:00:00,2146.65,2148.07,2121.55,2126.79,2099.5313001
2026-05-21 19:00:00,2126.92,2146.15,2126.46,2142.76,1380.485219
2026-05-21 20:00:00,2142.78,2143.48,2137.0,2138.55,684.1052963
2026-05-21 21:00:00,2138.56,2140.85,2134.04,2135.46,696.6792364
2026-05-21 22:00:00,2135.6,2136.78,2131.0,2131.9,558.6095016
2026-05-21 23:00:00,2131.89,2136.94,2127.29,2133.96,681.1073925
2026-05-22 00:00:00,2133.96,2135.06,2129.16,2129.16,901.2598242
2026-05-22 01:00:00,2129.16,2137.2,2125.64,2135.94,1010.7427804
2026-05-22 02:00:00,2135.93,2140.25,2134.33,2137.85,874.2890777608835
2026-05-22 03:00:00,2137.84,2141.3,2135.39,2137.94,425.3371673
2026-05-22 04:00:00,2137.95,2141.51,2132.74,2134.0,435.36533446
2026-05-22 05:00:00,2133.95,2136.05,2127.34,2129.26,718.2062367
2026-05-22 06:00:00,2129.33,2131.02,2123.88,2125.79,864.7803052
2026-05-22 07:00:00,2125.79,2132.79,2122.0,2128.57,549.5029419
2026-05-22 08:00:00,2128.57,2133.22,2119.98,2122.27,926.8739248
2026-05-22 09:00:00,2122.26,2125.12,2119.01,2123.92,577.2007032
2026-05-22 10:00:00,2123.77,2125.25,2120.9,2123.07,457.0526125
2026-05-22 11:00:00,2123.08,2130.9,2120.08,2130.58,673.4829934
2026-05-22 12:00:00,2130.59,2138.06,2129.19,2134.86,1095.106315
2026-05-22 13:00:00,2134.86,2135.71,2123.83,2130.31,1804.2667166
2026-05-22 14:00:00,2130.12,2130.12,2112.61,2117.03,2130.8349308
2026-05-22 15:00:00,2116.92,2125.58,2112.35,2119.48,1569.1750153
2026-05-22 16:00:00,2119.48,2123.97,2118.11,2122.71,902.0621406
2026-05-22 17:00:00,2122.85,2129.96,2119.2,2119.51,1316.3309805
2026-05-22 18:00:00,2119.52,2121.68,2084.71,2100.01,2363.3128295
2026-05-22 19:00:00,2100.01,2103.1,2057.93,2065.68,5816.8883948
2026-05-22 20:00:00,2065.67,2078.71,2064.59,2073.13,2000.2778938
2026-05-22 21:00:00,2073.13,2079.6,2071.6,2078.24,1227.495512
2026-05-22 22:00:00,2078.25,2079.58,2066.63,2072.61,1182.9676981
2026-05-22 23:00:00,2072.63,2077.14,2057.42,2065.88,1653.6924056
2026-05-23 00:00:00,2066.11,2070.58,2050.37,2064.63,2697.5615865637037
2026-05-23 01:00:00,2064.56,2069.83,2062.48,2068.99,612.7796464
2026-05-23 02:00:00,2068.8,2070.24,2063.42,2068.25,745.5165386
2026-05-23 03:00:00,2068.17,2071.77,2067.89,2070.65,287.0341932
2026-05-23 04:00:00,2070.65,2070.94,2065.42,2067.08,514.2424578
2026-05-23 05:00:00,2067.08,2067.69,2061.84,2064.69,476.5458027
2026-05-23 06:00:00,2064.69,2065.54,2060.4,2061.44,494.8640906
2026-05-23 07:00:00,2061.64,2062.79,2009.16,2028.54,7174.4243758
2026-05-23 08:00:00,2028.53,2032.16,2021.28,2030.21,1581.63331346
2026-05-23 09:00:00,2030.19,2030.93,2027.16,2027.31,782.3759143
2026-05-23 10:00:00,2027.31,2033.45,2027.08,2031.29,444.8426896
2026-05-23 11:00:00,2031.28,2035.63,2030.58,2031.45,497.3367025
2026-05-23 12:00:00,2031.45,2031.93,2027.01,2031.08,533.1775057
2026-05-23 13:00:00,2031.08,2046.02,2031.08,2044.69,1616.5655793
2026-05-23 14:00:00,2044.69,2065.24,2040.62,2061.52,1721.3923158
2026-05-23 15:00:00,2061.53,2068.4,2055.52,2060.25,1753.0357109
2026-05-23 16:00:00,2060.26,2064.97,2057.18,2061.38,1021.1584382
2026-05-23 17:00:00,2061.51,2065.43,2059.02,2063.88,1178.9034573
2026-05-23 18:00:00,2063.89,2083.1,2063.61,2074.26,2369.455718
2026-05-23 19:00:00,2074.27,2080.55,2069.82,2077.35,1215.6687772
2026-05-23 20:00:00,2077.35,2146.73,2074.5,2146.03,8405.180319
2026-05-23 21:00:00,2146.0,2149.74,2105.91,2116.77,5116.83178444
2026-05-23 22:00:00,2116.77,2120.18,2103.24,2116.64,1706.6773336
2026-05-23 23:00:00,2116.64,2121.93,2114.48,2117.59,974.6456927
2026-05-24 00:00:00,2117.62,2121.83,2113.16,2119.67,1001.6842871
2026-05-24 01:00:00,2119.66,2125.65,2118.35,2122.38,928.0090509
2026-05-24 02:00:00,2122.38,2125.35,2118.16,2122.35,1023.12903462
2026-05-24 03:00:00,2122.34,2127.16,2116.81,2118.77,644.5041878
2026-05-24 04:00:00,2118.77,2123.7,2118.77,2120.07,381.0449218
2026-05-24 05:00:00,2120.07,2121.24,2113.68,2119.92,392.9748059
2026-05-24 06:00:00,2119.91,2130.0,2117.58,2127.87,610.625718
2026-05-24 07:00:00,2127.92,2129.57,2119.47,2120.87,453.7833729
2026-05-24 08:00:00,2120.87,2123.1,2119.22,2120.24,479.7220825
2026-05-24 09:00:00,2120.25,2124.32,2119.01,2123.42,546.4249141
2026-05-24 10:00:00,2123.41,2131.66,2119.46,2122.13,1090.9618052
2026-05-24 11:00:00,2122.12,2127.65,2121.98,2125.89,982.5064489
2026-05-24 12:00:00,2125.89,2126.31,2117.1,2119.82,741.1801033
2026-05-24 13:00:00,2119.82,2120.75,2105.97,2110.21,1388.0888803
2026-05-24 14:00:00,2110.21,2112.08,2079.13,2098.07,4307.4131349
2026-05-24 15:00:00,2098.06,2100.05,2093.98,2095.67,922.61789231
2026-05-24 16:00:00,2095.74,2108.81,2095.04,2103.72,1189.3362098
2026-05-24 17:00:00,2103.4,2106.74,2101.58,2102.9,707.8596339
2026-05-24 18:00:00,2102.98,2104.9,2097.66,2099.81,540.0737911
2026-05-24 19:00:00,2099.82,2102.53,2095.99,2100.76,798.4773561
2026-05-24 20:00:00,2100.76,2102.1,2091.46,2092.69,1352.0072502
2026-05-24 21:00:00,2092.69,2098.66,2062.78,2070.56,3319.5363486
2026-05-24 22:00:00,2070.56,2099.66,2070.52,2092.41,2810.9363606
2026-05-24 23:00:00,2092.42,2106.64,2091.49,2099.69,1268.5390023
2026-05-25 00:00:00,2099.69,2108.96,2099.69,2105.13,1446.6493437
2026-05-25 01:00:00,2105.14,2108.17,2093.46,2094.11,878.6818509
2026-05-25 02:00:00,2094.16,2113.36,2094.16,2098.28,1663.1241306
2026-05-25 03:00:00,2098.23,2100.11,2092.46,2095.46,749.197952
2026-05-25 04:00:00,2095.47,2108.22,2092.28,2105.83,908.867025
2026-05-25 05:00:00,2105.84,2111.56,2104.23,2108.04,1044.8681442
2026-05-25 06:00:00,2108.03,2111.44,2099.35,2108.91,914.3603428
2026-05-25 07:00:00,2108.92,2117.42,2106.42,2116.26,1842.462834
2026-05-25 08:00:00,2116.25,2117.63,2111.74,2116.72,655.0628596
2026-05-25 09:00:00,2116.72,2123.96,2115.99,2116.84,914.407187
2026-05-25 10:00:00,2116.84,2121.08,2114.9,2116.82,585.5597471
2026-05-25 11:00:00,2116.82,2120.22,2114.04,2115.02,567.3067424
2026-05-25 12:00:00,2115.03,2119.55,2112.09,2117.35,778.4957758
2026-05-25 13:00:00,2117.36,2119.87,2114.52,2116.43,643.1792428
2026-05-25 14:00:00,2116.44,2130.39,2115.75,2128.31,1401.861119
2026-05-25 15:00:00,2128.37,2138.32,2122.99,2127.08,1634.7881856
2026-05-25 16:00:00,2127.08,2141.7,2124.94,2136.4,1123.9158378
2026-05-25 17:00:00,2136.41,2140.6,2128.16,2128.74,965.87736408
2026-05-25 18:00:00,2128.74,2133.72,2126.33,2126.87,765.9124066
2026-05-25 19:00:00,2126.87,2126.87,2116.59,2121.38,888.4664991
2026-05-25 20:00:00,2121.34,2123.13,2107.36,2108.58,1058.2118744
2026-05-25 21:00:00,2108.59,2113.02,2107.96,2110.81,862.1220351
2026-05-25 22:00:00,2110.83,2115.8,2102.53,2103.68,1541.9675593
2026-05-25 23:00:00,2103.67,2113.72,2102.42,2113.02,781.5962883
2026-05-26 00:00:00,2113.02,2113.94,2085.19,2097.61,2446.0745105
2026-05-26 01:00:00,2097.6,2100.58,2088.24,2094.61,1671.2324499
2026-05-26 02:00:00,2094.62,2095.92,2084.89,2088.97,1271.5291946
2026-05-26 03:00:00,2088.97,2093.85,2084.55,2093.35,764.69491256
2026-05-26 04:00:00,2093.54,2096.58,2088.9,2093.64,614.7265467
2026-05-26 05:00:00,2093.65,2103.55,2092.25,2100.9,658.6020641
2026-05-26 06:00:00,2100.91,2104.54,2094.85,2101.61,983.19293686
2026-05-26 07:00:00,2101.61,2102.4,2090.82,2095.49,1066.8606188
2026-05-26 08:00:00,2095.64,2100.11,2095.16,2097.36,501.9288599
2026-05-26 09:00:00,2097.38,2099.75,2094.19,2096.84,785.7606918
2026-05-26 10:00:00,2096.78,2137.16,2094.3,2127.61,3699.512969
2026-05-26 11:00:00,2127.62,2130.62,2118.68,2121.04,1573.0941006
2026-05-26 12:00:00,2121.05,2126.82,2111.08,2126.46,1585.977374
2026-05-26 13:00:00,2126.45,2131.54,2109.51,2125.04,2346.9392308
2026-05-26 14:00:00,2125.04,2140.49,2106.12,2109.58,4711.6256568
2026-05-26 15:00:00,2109.44,2112.24,2078.75,2087.33,4903.6841464
2026-05-26 16:00:00,2087.55,2089.94,2073.97,2079.67,3203.9515536
2026-05-26 17:00:00,2079.67,2083.98,2055.06,2070.82,4187.9946422
2026-05-26 18:00:00,2070.77,2080.79,2066.89,2068.71,1618.7936988
2026-05-26 19:00:00,2068.82,2076.76,2065.74,2074.23,1170.0533499
2026-05-26 20:00:00,2074.45,2078.49,2073.98,2078.25,1002.787003
2026-05-26 21:00:00,2078.12,2078.57,2069.44,2072.79,1031.8231394256252
2026-05-26 22:00:00,2072.86,2076.27,2065.79,2068.82,824.5374761
2026-05-26 23:00:00,2068.83,2076.76,2068.83,2073.85,712.3424139
2026-05-27 00:00:00,2074.0,2084.0,2073.84,2083.21,1088.7597202
2026-05-27 01:00:00,2083.21,2083.94,2071.65,2074.56,846.3654103
2026-05-27 02:00:00,2074.57,2075.97,2068.85,2075.97,870.6764429
2026-05-27 03:00:00,2075.97,2080.0,2068.71,2070.01,814.906218
2026-05-27 04:00:00,2069.67,2073.09,2056.76,2072.26,2119.876056
2026-05-27 05:00:00,2072.21,2079.04,2071.51,2077.43,822.6074996
2026-05-27 06:00:00,2077.43,2081.31,2074.89,2079.61,665.1297114
2026-05-27 07:00:00,2079.61,2084.13,2076.14,2083.62,893.9318669
2026-05-27 08:00:00,2083.61,2096.4,2083.42,2084.93,1711.8957394
2026-05-27 09:00:00,2084.93,2087.6,2078.39,2083.31,1056.6556023
2026-05-27 10:00:00,2083.34,2087.81,2079.59,2079.81,738.2254672
2026-05-27 11:00:00,2079.82,2085.38,2078.57,2080.44,803.3694995
2026-05-27 12:00:00,2080.46,2097.1,2074.26,2078.82,2681.548667
2026-05-27 13:00:00,2078.82,2080.76,2052.05,2064.52,5608.6300069
2026-05-27 14:00:00,2064.52,2071.63,2054.9,2062.59,3377.0252168
2026-05-27 15:00:00,2062.59,2079.57,2061.28,2071.45,1966.5961855
2026-05-27 16:00:00,2071.54,2074.35,2060.08,2070.32,1569.6671528
2026-05-27 17:00:00,2070.32,2070.42,2044.5,2052.19,2416.5402775
2026-05-27 18:00:00,2052.16,2056.82,2043.26,2056.48,1576.3732856
2026-05-27 19:00:00,2056.49,2060.96,2054.28,2057.39,1070.9405023
2026-05-27 20:00:00,2057.39,2065.84,2057.13,2063.27,1129.8161949
2026-05-27 21:00:00,2063.19,2063.19,2015.77,2021.4,4963.004321
2026-05-27 22:00:00,2021.44,2035.0,2016.48,2025.38,3588.7780411
2026-05-27 23:00:00,2025.36,2030.4,2018.33,2025.07,2183.5987814
2026-05-28 00:00:00,2025.07,2029.17,2021.02,2028.39,1547.5811418
2026-05-28 01:00:00,2028.42,2029.17,2012.41,2020.28,2164.9931079
2026-05-28 02:00:00,2020.28,2021.85,2014.52,2017.78,1451.0817183
2026-05-28 03:00:00,2017.68,2021.0,1971.4,1981.8,9269.8036576
2026-05-28 04:00:00,1981.7,1986.47,1967.31,1982.11,4401.3367144
2026-05-28 05:00:00,1982.13,1983.51,1975.47,1978.35,1731.9416213
2026-05-28 06:00:00,1978.42,1984.4,1972.33,1984.05,1487.5492865
2026-05-28 07:00:00,1984.06,1996.39,1982.49,1995.24,1245.1531123
2026-05-28 08:00:00,1995.25,1995.9,1984.75,1988.21,854.4961855
2026-05-28 09:00:00,1988.21,1995.36,1984.65,1993.9,914.1452548
2026-05-28 10:00:00,1993.9,1998.6,1988.67,1990.06,1023.7079118
2026-05-28 11:00:00,1990.07,1992.65,1986.32,1989.75,1017.1346637
2026-05-28 12:00:00,1989.63,1994.49,1981.37,1991.71,1476.5181826
2026-05-28 13:00:00,1991.72,1995.06,1975.3,1981.54,3166.1794831
2026-05-28 14:00:00,1981.55,2002.37,1967.69,1993.51,6989.600693
2026-05-28 15:00:00,1993.52,1999.23,1983.89,1990.44,2799.651893
2026-05-28 16:00:00,1990.44,2014.8,1985.18,2013.18,3229.2059993
2026-05-28 17:00:00,2013.19,2026.73,2009.05,2019.33,2488.8502214
2026-05-28 18:00:00,2019.32,2029.85,2017.94,2024.8,1880.261071
2026-05-28 19:00:00,2024.98,2024.98,2013.96,2014.39,1288.7601172
2026-05-28 20:00:00,2014.4,2019.96,2006.46,2014.03,1413.1351680686132
2026-05-28 21:00:00,2014.04,2024.09,2013.27,2020.1,1101.3721774
2026-05-28 22:00:00,2020.11,2023.12,2005.36,2005.55,938.9187243
2026-05-28 23:00:00,2005.55,2011.78,2005.55,2009.89,600.3193728
2026-05-29 00:00:00,2009.7,2017.01,2009.7,2012.31,845.7198735
2026-05-29 01:00:00,2012.31,2016.41,2005.97,2008.02,956.8568853
2026-05-29 02:00:00,2008.02,2010.57,1997.49,1999.07,1040.7247616
2026-05-29 03:00:00,1999.14,2007.59,1999.14,2002.72,695.8196343
2026-05-29 04:00:00,2002.72,2008.4,1998.21,2008.4,814.9080639
2026-05-29 05:00:00,2008.41,2015.57,2007.92,2014.47,1072.8141664
2026-05-29 06:00:00,2014.41,2021.0,2012.1,2017.9,922.5970065
2026-05-29 07:00:00,2017.91,2019.48,2003.4,2007.53,1059.3773357
2026-05-29 08:00:00,2007.53,2013.58,2005.46,2006.28,1063.0454006
2026-05-29 09:00:00,2006.29,2016.01,2006.08,2014.82,826.493721
2026-05-29 10:00:00,2014.63,2014.75,2009.77,2011.14,530.5706111
2026-05-29 11:00:00,2010.99,2014.35,2002.31,2007.53,908.3081399
2026-05-29 12:00:00,2007.53,2007.53,1995.19,1999.76,1586.8476503
2026-05-29 13:00:00,1999.61,2006.0,1988.34,1999.38,2804.5766724
2026-05-29 14:00:00,1999.48,2004.05,1976.84,2001.56,4557.8289506
2026-05-29 15:00:00,2001.81,2046.1,1999.29,2031.37,7644.7300416
2026-05-29 16:00:00,2031.37,2042.87,2022.28,2040.46,3305.7146799
2026-05-29 17:00:00,2040.36,2044.04,2026.21,2028.33,2247.2413316
2026-05-29 18:00:00,2028.34,2031.5,2006.28,2011.42,2968.5661888
2026-05-29 19:00:00,2011.39,2022.28,2004.96,2017.01,1709.9337104
2026-05-29 20:00:00,2017.05,2023.74,2015.05,2018.14,975.8645878
2026-05-29 21:00:00,2018.24,2023.83,2008.27,2009.48,1239.4940655
2026-05-29 22:00:00,2009.49,2017.23,2007.73,2013.85,1092.1224954
2026-05-29 23:00:00,2013.85,2014.9,2006.84,2014.36,1171.0275097
2026-05-30 00:00:00,2014.36,2016.32,2010.48,2014.57,707.5624704
2026-05-30 01:00:00,2014.8,2021.44,2013.64,2019.45,731.8563223
2026-05-30 02:00:00,2019.46,2021.39,2017.13,2021.39,300.2753676
2026-05-30 03:00:00,2021.22,2023.35,2014.79,2016.74,627.5221712
2026-05-30 04:00:00,2016.74,2018.43,2002.13,2010.94,1459.2075053
2026-05-30 05:00:00,2010.9,2018.95,2008.2,2015.71,1269.5013988
2026-05-30 06:00:00,2015.7,2020.5,2012.7,2016.77,568.7253148
2026-05-30 07:00:00,2016.78,2017.8,2013.59,2016.26,353.4457647
2026-05-30 08:00:00,2016.27,2016.27,2013.94,2014.15,264.3491389
2026-05-30 09:00:00,2014.2,2017.17,2013.86,2016.65,372.5600498
2026-05-30 10:00:00,2016.65,2021.89,2016.27,2017.91,688.3492875
2026-05-30 11:00:00,2017.96,2018.87,2015.2,2017.37,259.3549405
2026-05-30 12:00:00,2017.37,2020.23,2017.06,2019.75,326.4954208
2026-05-30 13:00:00,2019.74,2022.61,2017.42,2020.66,491.2453284
2026-05-30 14:00:00,2020.71,2030.47,2020.49,2026.6,1454.9406337
2026-05-30 15:00:00,2026.6,2032.23,2024.25,2026.6,1021.5324569
2026-05-30 16:00:00,2026.6,2028.14,2024.22,2026.88,664.7992556
2026-05-30 17:00:00,2026.88,2028.91,2019.65,2027.04,1033.9613356
2026-05-30 18:00:00,2027.03,2030.17,2024.58,2027.6,701.3911485
2026-05-30 19:00:00,2027.6,2029.0,2024.67,2028.68,558.7118542
2026-05-30 20:00:00,2028.68,2029.46,2025.81,2026.86,620.8672431
2026-05-30 21:00:00,2027.0,2031.1,2027.0,2028.09,571.8187665
2026-05-30 22:00:00,2028.19,2028.19,2020.69,2023.42,829.6784075
2026-05-30 23:00:00,2023.43,2026.19,2020.15,2022.54,520.0532426
2026-05-31 00:00:00,2022.63,2028.03,2020.79,2026.98,464.5028909
2026-05-31 01:00:00,2026.97,2034.42,2026.89,2029.15,982.1758274
2026-05-31 02:00:00,2029.22,2037.75,2027.7,2033.95,1369.225145
2026-05-31 03:00:00,2034.24,2036.72,2032.03,2033.46,457.2060272
2026-05-31 04:00:00,2033.46,2034.81,2031.49,2033.63,245.0991415
2026-05-31 05:00:00,2033.63,2033.78,2029.34,2030.2,292.8015014
2026-05-31 06:00:00,2030.18,2030.85,2028.54,2029.76,263.5128911
2026-05-31 07:00:00,2029.59,2029.59,2022.74,2023.96,464.7161703
2026-05-31 08:00:00,2023.97,2028.95,2022.72,2027.52,522.2919916
2026-05-31 09:00:00,2027.52,2028.44,2018.47,2020.97,721.4312789
2026-05-31 10:00:00,2020.98,2021.44,2015.33,2020.97,973.0299357
2026-05-31 11:00:00,2020.97,2024.18,2020.96,2023.13,403.927902
2026-05-31 12:00:00,2023.12,2024.9,2019.25,2022.23,444.7630291
2026-05-31 13:00:00,2022.23,2026.23,2019.76,2020.45,536.6021616
2026-05-31 14:00:00,2020.45,2021.4,2005.97,2008.02,2749.6433005
2026-05-31 15:00:00,2008.03,2015.31,2007.56,2010.71,1001.1445279
2026-05-31 16:00:00,2010.72,2012.53,1998.55,2002.31,1725.5309608
2026-05-31 17:00:00,2002.3,2007.85,1997.0,2006.02,900.9890346
2026-05-31 18:00:00,2006.28,2006.32,1999.09,2000.84,596.2647939
2026-05-31 19:00:00,2000.79,2002.78,1994.0,1999.62,776.6012006
2026-05-31 20:00:00,1999.63,2008.31,1999.63,2007.2,731.8730641
2026-05-31 21:00:00,2007.26,2014.47,2005.24,2012.36,1190.8492912
2026-05-31 22:00:00,2012.31,2014.51,2004.87,2012.6,1300.541504
2026-05-31 23:00:00,2012.7,2023.25,2000.47,2007.16,1584.9697193
2026-06-01 00:00:00,2007.17,2021.49,2006.39,2015.67,2305.6786285
2026-06-01 01:00:00,2015.67,2016.9,1994.17,1994.99,1689.8402521
2026-06-01 02:00:00,1994.86,2017.58,1991.55,2011.46,1888.7637568
2026-06-01 03:00:00,2011.34,2018.04,2008.82,2009.11,1326.0328452
2026-06-01 04:00:00,2009.11,2011.87,1993.84,1999.97,1557.7118225
2026-06-01 05:00:00,1999.87,2001.27,1991.58,1994.62,1246.9670905
2026-06-01 06:00:00,1994.61,1995.29,1980.34,1988.03,2200.4885743
2026-06-01 07:00:00,1988.03,1990.48,1971.92,1976.43,2357.0181282
2026-06-01 08:00:00,1976.43,1984.98,1971.7,1984.08,1957.9675259
2026-06-01 09:00:00,1984.08,1990.1,1983.92,1987.65,1366.6109957
2026-06-01 10:00:00,1987.68,1988.95,1981.16,1984.29,1153.6425532
2026-06-01 11:00:00,1984.5,1986.93,1977.2,1981.42,1711.5629477
2026-06-01 12:00:00,1981.54,1994.04,1967.89,1989.58,4255.962032
2026-06-01 13:00:00,1989.46,1990.07,1956.74,1971.15,7108.4581047
2026-06-01 14:00:00,1971.42,1977.35,1964.8,1968.41,4073.7724763
2026-06-01 15:00:00,1968.41,1980.07,1960.21,1968.59,3263.8283905
2026-06-01 16:00:00,1968.55,1978.44,1958.75,1977.92,2716.790037
2026-06-01 17:00:00,1977.93,1996.37,1977.54,1990.26,3382.4866563
2026-06-01 18:00:00,1990.26,1995.62,1982.9,1992.76,1614.2483904
2026-06-01 19:00:00,1992.69,2008.48,1991.85,2004.26,1824.05997
2026-06-01 20:00:00,2004.38,2008.5,2001.03,2005.32,1143.1116294
2026-06-01 21:00:00,2005.33,2009.08,1992.41,1994.37,2019.603284
2026-06-01 22:00:00,1994.35,2005.72,1984.49,2004.2,2766.8047052
2026-06-01 23:00:00,2004.27,2008.39,1997.96,2006.64,1915.7766333
2026-06-02 00:00:00,2006.6,2006.73,1995.26,1996.38,1466.7843524
2026-06-02 01:00:00,1996.38,1999.0,1979.56,1980.4,2752.1155246
2026-06-02 02:00:00,1980.15,1996.99,1962.54,1996.93,4180.4366297
2026-06-02 03:00:00,1996.94,2004.88,1995.08,2003.86,1708.1288906
2026-06-02 04:00:00,2003.86,2006.31,1995.62,1996.72,1412.9375829
2026-06-02 05:00:00,1996.87,2001.06,1984.59,1984.85,2307.3205884
2026-06-02 06:00:00,1984.85,1988.66,1978.2,1982.36,2422.1394457
2026-06-02 07:00:00,1982.36,1989.96,1974.03,1981.92,2459.8533825
2026-06-02 08:00:00,1981.92,1988.94,1976.99,1979.11,2144.4023791
2026-06-02 09:00:00,1979.14,1979.74,1966.67,1975.05,2371.0522857
2026-06-02 10:00:00,1975.07,1983.82,1971.69,1983.54,1769.9027838
2026-06-02 11:00:00,1983.35,1983.71,1975.8,1978.76,1706.8444324
2026-06-02 12:00:00,1978.76,1982.74,1972.32,1976.23,2087.3636136
2026-06-02 13:00:00,1976.33,1981.8,1970.84,1974.09,3875.367318
2026-06-02 14:00:00,1974.43,1975.15,1925.61,1941.51,10197.6236375
2026-06-02 15:00:00,1941.48,1941.55,1884.42,1914.99,11975.2936792
2026-06-02 16:00:00,1914.95,1943.83,1909.61,1920.53,6563.8922036
2026-06-02 17:00:00,1920.64,1931.45,1919.37,1924.31,2996.9472988
2026-06-02 18:00:00,1924.31,1928.02,1903.56,1913.24,3058.7464533
2026-06-02 19:00:00,1913.27,1917.93,1881.5,1912.14,5982.9823144
2026-06-02 20:00:00,1912.32,1918.6,1895.65,1906.74,3892.8289446
2026-06-02 21:00:00,1906.7,1911.5,1897.01,1900.44,2874.4041467
2026-06-02 22:00:00,1900.43,1909.6,1861.97,1868.57,10936.9959324
2026-06-02 23:00:00,1868.59,1873.44,1839.85,1860.0,13668.6308658
2026-06-03 00:00:00,1859.94,1874.34,1854.84,1867.16,5310.8695442
2026-06-03 01:00:00,1867.38,1870.19,1850.0,1864.55,3927.8732513
2026-06-03 02:00:00,1864.55,1864.99,1851.35,1854.34,2901.4147136
2026-06-03 03:00:00,1854.34,1856.83,1817.14,1827.99,7707.3926304
2026-06-03 04:00:00,1828.0,1851.84,1827.54,1850.9,4512.950927414777
2026-06-03 05:00:00,1850.9,1876.14,1849.85,1873.33,5472.5781947
2026-06-03 06:00:00,1873.33,1884.2,1870.44,1871.87,4374.2645128
2026-06-03 07:00:00,1871.87,1880.35,1867.93,1878.34,2040.2569013
2026-06-03 08:00:00,1878.25,1883.39,1873.41,1880.06,2701.65514291
2026-06-03 09:00:00,1880.06,1886.43,1870.01,1876.5,2822.94229862
2026-06-03 10:00:00,1876.29,1892.92,1874.9,1884.65,2424.766132
2026-06-03 11:00:00,1884.69,1887.93,1876.38,1877.99,1705.7418808
2026-06-03 12:00:00,1878.26,1879.99,1868.04,1876.4,2606.7298389
2026-06-03 13:00:00,1876.74,1879.51,1861.49,1867.43,4429.3143118
2026-06-03 14:00:00,1867.38,1868.68,1852.71,1858.69,4642.2459241
2026-06-03 15:00:00,1858.71,1859.88,1836.41,1837.03,4521.1257587
2026-06-03 16:00:00,1837.05,1844.0,1811.57,1832.86,7521.0759713
2026-06-03 17:00:00,1832.72,1839.09,1818.37,1828.22,3922.6078698
2026-06-03 18:00:00,1828.23,1834.61,1821.59,1832.25,2415.0682073
2026-06-03 19:00:00,1832.25,1833.7,1795.8,1803.71,5511.1005753
2026-06-03 20:00:00,1803.64,1813.2,1769.44,1781.56,8254.6208049
2026-06-03 21:00:00,1781.55,1850.22,1777.56,1849.89,11369.6821296
2026-06-03 22:00:00,1849.89,1851.98,1822.86,1828.87,7970.7132076
2026-06-03 23:00:00,1829.02,1830.79,1812.82,1813.27,5021.2819259
2026-06-04 00:00:00,1813.26,1820.81,1782.94,1793.96,10825.2709956
2026-06-04 01:00:00,1794.1,1801.09,1755.39,1759.96,15044.8168495
2026-06-04 02:00:00,1759.95,1778.65,1717.38,1766.96,18297.0494199
2026-06-04 03:00:00,1767.14,1812.5,1766.53,1808.98,5985.8490428
2026-06-04 04:00:00,1809.37,1817.86,1802.62,1805.35,2891.8626601
2026-06-04 05:00:00,1805.29,1805.29,1780.26,1784.22,3955.6750179
2026-06-04 06:00:00,1784.1,1801.8,1781.95,1790.04,2915.1381367
2026-06-04 07:00:00,1790.04,1790.9,1773.48,1777.28,3268.0681466
2026-06-04 08:00:00,1777.27,1783.22,1764.2,1773.74,3865.7616905
2026-06-04 09:00:00,1773.73,1774.31,1744.83,1766.61,5791.326997
2026-06-04 10:00:00,1766.61,1767.24,1730.55,1737.21,6306.525224
2026-06-04 11:00:00,1737.37,1754.8,1732.77,1751.28,4838.5352279
2026-06-04 12:00:00,1751.28,1782.68,1744.28,1778.2,6503.2511331
2026-06-04 13:00:00,1778.29,1790.12,1755.79,1785.72,7667.2132066
2026-06-04 14:00:00,1785.74,1794.15,1766.46,1774.39,4510.4467226
2026-06-04 15:00:00,1774.38,1791.23,1770.62,1776.9,3975.233804
2026-06-04 16:00:00,1776.91,1780.9,1766.22,1772.19,2761.3817838
2026-06-04 17:00:00,1772.17,1776.04,1754.21,1768.06,3811.1270283
2026-06-04 18:00:00,1768.08,1783.32,1759.86,1776.42,3280.7897013
2026-06-04 19:00:00,1776.17,1786.97,1771.01,1776.85,2778.8981126
2026-06-04 20:00:00,1776.84,1777.34,1764.61,1774.81,2393.4804129
2026-06-04 21:00:00,1774.81,1783.1,1757.18,1760.85,2643.442588
2026-06-04 22:00:00,1760.95,1770.2,1752.74,1768.45,5230.4101229
2026-06-04 23:00:00,1768.53,1776.87,1757.43,1770.76,2423.811876360468
2026-06-05 00:00:00,1770.63,1774.71,1758.58,1759.4,2581.8864736
2026-06-05 01:00:00,1759.5,1764.05,1747.0,1753.48,3991.9473227
2026-06-05 02:00:00,1753.49,1755.02,1727.84,1730.45,5050.3379007
2026-06-05 03:00:00,1730.45,1739.49,1722.64,1729.46,3969.0621781
2026-06-05 04:00:00,1729.73,1746.28,1719.0,1744.5,7627.7792576
2026-06-05 05:00:00,1744.51,1747.73,1681.71,1684.34,13017.3090962
2026-06-05 06:00:00,1684.34,1689.22,1625.12,1656.65,29879.94831299
2026-06-05 07:00:00,1656.6,1679.9,1633.63,1679.4,19091.1432867
2026-06-05 08:00:00,1679.44,1679.8,1659.88,1663.73,4819.8282786
2026-06-05 09:00:00,1664.18,1690.09,1662.94,1682.88,5250.8712807
2026-06-05 10:00:00,1683.16,1685.04,1672.26,1676.88,2805.66118179
2026-06-05 11:00:00,1676.94,1681.79,1663.04,1663.59,3875.3086332
2026-06-05 12:00:00,1663.44,1671.53,1646.46,1657.3,7678.956253
2026-06-05 13:00:00,1657.18,1677.56,1613.74,1615.14,10140.4282132
2026-06-05 14:00:00,1615.17,1624.48,1593.03,1600.98,17032.9849291
2026-06-05 15:00:00,1601.01,1604.47,1572.41,1583.57,14983.04956784
2026-06-05 16:00:00,1583.31,1612.2,1547.95,1608.53,24977.700801
2026-06-05 17:00:00,1608.37,1612.79,1588.01,1594.47,8253.9050432
2026-06-05 18:00:00,1594.19,1598.8,1546.71,1553.33,11045.6378507
2026-06-05 19:00:00,1553.19,1580.19,1540.4,1574.01,13964.8329589
2026-06-05 20:00:00,1574.01,1608.57,1557.51,1603.77,11402.19860225
2026-06-05 21:00:00,1603.39,1619.4,1602.61,1610.1,7471.238413
2026-06-05 22:00:00,1609.81,1610.31,1589.61,1597.26,8300.4010257
2026-06-05 23:00:00,1597.4,1604.23,1561.18,1583.39,6561.08167926
2026-06-06 00:00:00,1583.39,1601.18,1582.69,1592.91,3417.4445033
2026-06-06 01:00:00,1593.13,1596.92,1578.4,1583.69,2249.0393404
2026-06-06 02:00:00,1583.11,1585.67,1567.01,1576.23,3471.1145841
2026-06-06 03:00:00,1576.27,1576.4,1555.51,1563.03,4129.1537954
2026-06-06 04:00:00,1563.46,1569.43,1510.23,1522.25,8375.7991162
2026-06-06 05:00:00,1522.52,1568.8,1505.5,1566.7,6257.0653149
2026-06-06 06:00:00,1566.69,1581.73,1556.19,1560.33,2457.45546407
2026-06-06 07:00:00,1560.04,1579.96,1556.35,1575.06,1599.9136238
2026-06-06 08:00:00,1575.51,1592.88,1570.26,1582.8,2109.3104318
2026-06-06 09:00:00,1582.64,1588.59,1566.16,1570.67,1560.593481
2026-06-06 10:00:00,1570.7,1570.7,1535.65,1548.32,3151.4171136
2026-06-06 11:00:00,1547.92,1567.08,1547.17,1558.83,1569.4192637
2026-06-06 12:00:00,1558.76,1575.42,1551.68,1571.14,2017.1986161
2026-06-06 13:00:00,1571.36,1573.58,1554.29,1557.3,1376.8595958
2026-06-06 14:00:00,1557.29,1566.84,1556.32,1557.71,1090.5397836
2026-06-06 15:00:00,1558.57,1565.84,1544.64,1560.5,2024.8654276
2026-06-06 16:00:00,1560.42,1565.95,1553.0,1563.75,1617.1758449
2026-06-06 17:00:00,1563.76,1566.56,1547.32,1553.7,1426.3864822
2026-06-06 18:00:00,1553.61,1566.15,1550.37,1556.66,1064.7469731
2026-06-06 19:00:00,1556.66,1563.48,1553.65,1554.5,727.8477979
2026-06-06 20:00:00,1554.1,1560.21,1551.24,1557.58,992.3902463
2026-06-06 21:00:00,1557.63,1565.19,1557.63,1558.02,536.6253178
2026-06-06 22:00:00,1558.22,1562.0,1551.9,1558.2,621.6666971
2026-06-06 23:00:00,1558.36,1569.97,1556.86,1569.75,670.376374
2026-06-07 00:00:00,1569.53,1572.34,1564.19,1565.26,834.7981908
2026-06-07 01:00:00,1565.25,1596.64,1564.36,1590.16,2313.93792168
2026-06-07 02:00:00,1590.16,1594.72,1582.48,1592.88,806.90103021
2026-06-07 03:00:00,1592.52,1600.56,1589.87,1594.92,874.0246303
2026-06-07 04:00:00,1594.89,1599.04,1585.21,1596.88,723.8618951
2026-06-07 05:00:00,1596.89,1609.3,1593.4,1604.11,1762.9327686
2026-06-07 06:00:00,1604.0,1623.1,1598.71,1611.95,2540.4372075
2026-06-07 07:00:00,1611.96,1616.8,1607.54,1615.18,1285.3362267
2026-06-07 08:00:00,1615.38,1642.24,1608.8,1641.44,2535.0027393
2026-06-07 09:00:00,1641.44,1648.38,1629.54,1633.29,1740.08637
2026-06-07 10:00:00,1633.66,1635.75,1625.19,1626.04,977.9438486
2026-06-07 11:00:00,1625.87,1633.81,1622.6,1630.14,730.8426925
2026-06-07 12:00:00,1630.33,1631.32,1607.01,1620.2,2411.9754622
2026-06-07 13:00:00,1619.84,1623.1,1613.39,1617.74,1101.1509427
2026-06-07 14:00:00,1617.68,1640.05,1617.05,1628.08,1485.8835883
2026-06-07 15:00:00,1628.18,1636.09,1621.15,1629.86,1049.1290049
2026-06-07 16:00:00,1630.03,1633.56,1623.66,1628.69,858.007966
2026-06-07 17:00:00,1628.35,1638.01,1627.79,1631.55,771.8274749
2026-06-07 18:00:00,1631.56,1636.76,1628.96,1630.23,808.3981177
2026-06-07 19:00:00,1630.24,1630.39,1604.3,1613.15,2188.8656885
2026-06-07 20:00:00,1613.15,1631.57,1609.65,1628.03,1130.5139841
2026-06-07 21:00:00,1628.4,1634.68,1623.63,1634.4,693.2261595
2026-06-07 22:00:00,1634.76,1721.09,1629.29,1672.62,6935.739172276497
2026-06-07 23:00:00,1672.38,1691.51,1670.95,1690.55,2106.2728542
2026-06-08 00:00:00,1690.61,1711.76,1683.57,1697.64,2212.7821991
2026-06-08 01:00:00,1697.9,1700.27,1671.45,1687.31,1814.9526881
2026-06-08 02:00:00,1687.68,1689.33,1678.16,1684.41,707.23558171
2026-06-08 03:00:00,1683.87,1692.52,1677.14,1680.03,757.6401949
2026-06-08 04:00:00,1680.27,1681.09,1656.27,1657.04,1329.6820081
2026-06-08 05:00:00,1657.28,1659.86,1645.18,1653.63,1296.7716756
2026-06-08 06:00:00,1653.69,1669.95,1652.9,1666.56,1029.1601548
2026-06-08 07:00:00,1666.48,1678.64,1661.95,1673.43,1101.9533157
2026-06-08 08:00:00,1673.15,1673.15,1659.25,1661.36,964.6761173
2026-06-08 09:00:00,1661.37,1671.91,1657.39,1671.28,1128.0518175
2026-06-08 10:00:00,1671.04,1677.23,1663.73,1672.22,930.7867932
2026-06-08 11:00:00,1672.3,1696.71,1667.94,1683.55,2140.7215519
2026-06-08 12:00:00,1683.61,1698.56,1667.8,1695.16,2488.9834347
2026-06-08 13:00:00,1695.38,1696.96,1678.51,1681.58,1795.8977791
2026-06-08 14:00:00,1681.4,1694.2,1676.64,1691.19,1846.7772636
2026-06-08 15:00:00,1691.66,1706.02,1688.81,1691.65,2211.4324042
2026-06-08 16:00:00,1691.61,1703.81,1682.65,1682.69,1493.5990754
2026-06-08 17:00:00,1682.87,1687.75,1675.81,1686.67,1306.2656027
2026-06-08 18:00:00,1686.66,1692.4,1678.91,1684.82,837.7786722
2026-06-08 19:00:00,1684.79,1691.19,1681.15,1684.9,1157.1212
2026-06-08 20:00:00,1684.98,1689.4,1679.53,1689.4,772.2406374
2026-06-08 21:00:00,1689.58,1714.09,1689.58,1703.57,1675.19823529
2026-06-08 22:00:00,1703.5,1703.96,1688.45,1703.29,905.2116902
2026-06-08 23:00:00,1703.12,1714.4,1687.1,1690.43,1103.5510903
2026-06-09 00:00:00,1689.9,1696.88,1660.38,1663.65,2746.8203776
2026-06-09 01:00:00,1663.29,1674.36,1659.18,1668.84,1055.1138536
2026-06-09 02:00:00,1669.17,1672.17,1654.73,1668.06,840.6106036
2026-06-09 03:00:00,1668.1,1671.55,1663.96,1669.91,564.7074339
2026-06-09 04:00:00,1669.46,1696.39,1664.66,1686.49,1991.6620409
2026-06-09 05:00:00,1686.49,1695.23,1681.56,1688.38,800.2499019
2026-06-09 06:00:00,1688.5,1695.51,1684.35,1685.84,769.9079081
2026-06-09 07:00:00,1686.1,1691.62,1675.66,1680.27,1419.4680876
2026-06-09 08:00:00,1680.28,1680.94,1668.76,1675.28,1399.1664787
2026-06-09 09:00:00,1675.45,1680.2,1664.89,1670.57,1135.3942971
2026-06-09 10:00:00,1670.87,1676.3,1666.83,1674.61,1095.9421474
2026-06-09 11:00:00,1674.61,1675.23,1666.16,1672.01,710.5212324
2026-06-09 12:00:00,1671.81,1683.38,1671.28,1676.58,1381.0955707
2026-06-09 13:00:00,1676.75,1680.42,1664.12,1666.93,2168.2742589
2026-06-09 14:00:00,1666.95,1670.92,1634.04,1646.02,4352.1857916
2026-06-09 15:00:00,1646.08,1653.63,1634.61,1636.52,2285.8660351
2026-06-09 16:00:00,1636.22,1639.21,1614.17,1632.12,4479.6208057
2026-06-09 17:00:00,1632.37,1649.8,1632.37,1643.11,1995.5327964
2026-06-09 18:00:00,1643.59,1655.55,1639.93,1652.38,1550.899882
2026-06-09 19:00:00,1652.29,1658.57,1647.8,1657.65,1329.5008843
2026-06-09 20:00:00,1657.76,1663.64,1655.32,1660.69,747.999592
2026-06-09 21:00:00,1660.7,1661.72,1647.16,1649.95,911.41523352
2026-06-09 22:00:00,1650.16,1654.96,1639.57,1640.14,1259.20053242
2026-06-09 23:00:00,1640.13,1642.77,1630.8,1639.44,1031.2313481
2026-06-10 00:00:00,1639.88,1646.89,1629.77,1645.79,1156.0162444
2026-06-10 01:00:00,1645.6,1646.83,1633.69,1639.05,1050.3218749
2026-06-10 02:00:00,1639.05,1642.34,1621.8,1624.88,1197.7108906
2026-06-10 03:00:00,1624.01,1636.48,1623.51,1630.61,692.96616826
2026-06-10 04:00:00,1630.95,1632.97,1622.48,1626.03,751.5724873
2026-06-10 05:00:00,1626.2,1629.88,1616.23,1627.82,1095.88028122
2026-06-10 06:00:00,1628.09,1634.33,1622.81,1632.22,1255.5456718
2026-06-10 07:00:00,1632.01,1643.59,1630.83,1639.9,1369.0165817
2026-06-10 08:00:00,1640.13,1640.89,1618.32,1621.18,1676.3978764
2026-06-10 09:00:00,1621.52,1626.4,1606.01,1623.84,2040.586136
2026-06-10 10:00:00,1623.84,1630.0,1618.24,1628.47,980.7092806
2026-06-10 11:00:00,1628.46,1630.09,1612.14,1620.02,3094.4874681
2026-06-10 12:00:00,1620.24,1645.11,1615.96,1635.47,4973.0018365
2026-06-10 13:00:00,1635.47,1668.09,1632.02,1651.57,7205.8961225
2026-06-10 14:00:00,1651.6,1655.59,1637.31,1646.74,5339.7840332
2026-06-10 15:00:00,1646.77,1665.07,1636.0,1658.03,6677.3925569
2026-06-10 16:00:00,1658.27,1658.59,1632.52,1642.18,4463.1426556
2026-06-10 17:00:00,1642.34,1647.71,1622.79,1632.44,5278.768478
2026-06-10 18:00:00,1632.44,1637.01,1622.82,1631.02,3219.6847139
2026-06-10 19:00:00,1631.17,1633.6,1623.03,1630.25,2910.9139986
2026-06-10 20:00:00,1630.01,1636.29,1623.45,1630.54,2642.2233007
2026-06-10 21:00:00,1630.42,1630.65,1603.39,1611.09,4721.0151251
2026-06-10 22:00:00,1611.24,1622.3,1604.68,1616.4,4329.1136093
2026-06-10 23:00:00,1616.57,1625.17,1609.39,1621.82,2510.6153851
2026-06-11 00:00:00,1621.57,1634.75,1621.57,1628.67,2634.0911989
2026-06-11 01:00:00,1628.88,1647.62,1628.88,1643.01,2113.4059733
2026-06-11 02:00:00,1643.15,1645.49,1630.96,1641.0,2146.6833766
2026-06-11 03:00:00,1641.04,1662.15,1635.67,1653.87,3146.2309755
2026-06-11 04:00:00,1653.97,1659.75,1650.17,1656.88,1485.1977874
2026-06-11 05:00:00,1656.93,1657.0,1647.78,1647.98,1408.7395292
2026-06-11 06:00:00,1647.95,1663.0,1646.37,1654.96,2576.1751777
2026-06-11 07:00:00,1654.6,1658.32,1651.8,1654.51,924.0397412
2026-06-11 08:00:00,1654.33,1664.05,1654.33,1660.09,1528.1140723
2026-06-11 09:00:00,1659.78,1662.19,1656.33,1659.04,1478.3548356
2026-06-11 10:00:00,1658.96,1661.71,1654.24,1658.79,2180.7109734
2026-06-11 11:00:00,1658.79,1673.25,1656.44,1666.72,3214.3964058
2026-06-11 12:00:00,1666.7,1666.92,1643.11,1651.75,6380.87709471
2026-06-11 13:00:00,1651.05,1659.58,1644.58,1653.5,4683.7904017
2026-06-11 14:00:00,1653.49,1655.35,1639.31,1643.03,5266.52452123
2026-06-11 15:00:00,1642.94,1650.55,1636.22,1645.61,3817.4290114
2026-06-11 16:00:00,1645.51,1649.39,1638.64,1639.63,2755.6175888
2026-06-11 17:00:00,1639.62,1693.39,1632.9,1688.59,13888.373473
2026-06-11 18:00:00,1688.34,1692.0,1677.03,1683.95,5269.96469
2026-06-11 19:00:00,1683.84,1693.39,1676.23,1682.06,3442.6349167
2026-06-11 20:00:00,1681.56,1683.06,1667.4,1672.49,1777.0291584
2026-06-11 21:00:00,1672.43,1683.49,1672.3,1677.28,1222.223889
2026-06-11 22:00:00,1676.97,1683.15,1675.31,1676.18,1103.1044947
2026-06-11 23:00:00,1676.17,1679.16,1670.34,1673.31,1202.8926567
2026-06-12 00:00:00,1673.6,1678.38,1669.88,1672.86,1367.0446678
2026-06-12 01:00:00,1672.93,1672.93,1660.1,1667.24,1698.6364271
2026-06-12 02:00:00,1667.25,1678.29,1666.95,1675.83,1135.2686243
2026-06-12 03:00:00,1675.84,1676.88,1668.87,1673.31,925.1482297
2026-06-12 04:00:00,1673.31,1681.94,1669.28,1677.52,1465.2205856
2026-06-12 05:00:00,1677.61,1678.0,1662.32,1664.32,1378.1335567
2026-06-12 06:00:00,1664.31,1666.83,1652.4,1657.47,1543.9045308
2026-06-12 07:00:00,1657.64,1664.82,1656.25,1661.95,1283.6278224
2026-06-12 08:00:00,1662.08,1677.99,1662.02,1673.35,1441.6194579
2026-06-12 09:00:00,1673.27,1685.48,1671.53,1680.4,1491.50822879
2026-06-12 10:00:00,1680.27,1683.24,1672.08,1675.21,1169.0825576
2026-06-12 11:00:00,1674.92,1678.66,1672.17,1673.94,930.5756377
2026-06-12 12:00:00,1673.88,1673.88,1663.0,1666.64,1813.9871116
2026-06-12 13:00:00,1666.7,1669.01,1653.71,1657.66,2927.1882738
2026-06-12 14:00:00,1657.68,1685.99,1656.13,1685.61,5118.2783616
2026-06-12 15:00:00,1685.94,1691.22,1658.72,1659.92,5700.0164824
2026-06-12 16:00:00,1660.06,1675.65,1657.32,1672.75,3136.718789
2026-06-12 17:00:00,1672.89,1678.1,1667.4,1668.81,1898.9433852
2026-06-12 18:00:00,1668.89,1673.65,1663.46,1666.81,1788.7251405
2026-06-12 19:00:00,1666.79,1672.57,1664.93,1666.18,1483.6825422
2026-06-12 20:00:00,1665.67,1667.93,1661.99,1664.9,945.1319991
2026-06-12 21:00:00,1664.91,1667.95,1663.17,1664.46,613.0947905
2026-06-12 22:00:00,1664.26,1667.28,1661.46,1662.78,672.2309157
2026-06-12 23:00:00,1662.55,1666.32,1659.37,1666.25,810.3663469
2026-06-13 00:00:00,1666.35,1669.08,1665.1,1667.42,600.1126878
2026-06-13 01:00:00,1667.39,1675.67,1666.5,1674.15,957.4531591
2026-06-13 02:00:00,1674.15,1674.43,1665.55,1668.18,638.8706615
2026-06-13 03:00:00,1668.04,1669.54,1663.28,1665.29,680.0135905
2026-06-13 04:00:00,1665.29,1668.17,1663.58,1664.5,623.0418895
2026-06-13 05:00:00,1664.7,1665.53,1662.12,1665.14,748.789951
2026-06-13 06:00:00,1665.15,1670.15,1663.83,1669.84,907.9525037
2026-06-13 07:00:00,1669.79,1677.8,1668.36,1676.52,2283.7990419
2026-06-13 08:00:00,1676.5,1679.64,1673.7,1674.6,2022.8755956
2026-06-13 09:00:00,1674.48,1676.38,1673.01,1673.68,946.6438065
2026-06-13 10:00:00,1673.69,1676.11,1672.75,1674.05,721.7111851
2026-06-13 11:00:00,1674.25,1678.53,1673.48,1678.05,1107.8162904
2026-06-13 12:00:00,1678.04,1683.56,1676.8,1680.46,784.2389746
2026-06-13 13:00:00,1680.49,1681.66,1676.72,1678.31,834.8246634
2026-06-13 14:00:00,1678.0,1681.35,1677.78,1679.88,931.7098584
2026-06-13 15:00:00,1680.01,1686.3,1678.48,1682.12,1494.7073033
2026-06-13 16:00:00,1682.13,1682.72,1671.3,1677.0,3352.3792795
2026-06-13 17:00:00,1677.0,1678.38,1673.19,1674.35,1001.239983
2026-06-13 18:00:00,1674.23,1682.71,1674.11,1678.52,729.3842971
2026-06-13 19:00:00,1678.52,1680.25,1676.11,1678.55,698.5380699
2026-06-13 20:00:00,1678.51,1678.51,1675.3,1676.66,415.3998002
2026-06-13 21:00:00,1676.69,1697.1,1675.3,1686.28,1801.7078423
2026-06-13 22:00:00,1686.28,1686.6,1681.76,1681.85,677.5755007
2026-06-13 23:00:00,1681.71,1684.26,1678.3,1680.66,560.027615
2026-06-14 00:00:00,1681.16,1683.68,1678.92,1681.95,685.5919647
2026-06-14 01:00:00,1682.08,1690.43,1680.32,1683.84,1131.9572228
2026-06-14 02:00:00,1683.93,1685.74,1681.48,1682.57,519.9903192
2026-06-14 03:00:00,1682.34,1683.27,1679.94,1681.81,400.9614839
2026-06-14 04:00:00,1681.91,1682.84,1676.16,1677.81,559.5276725
2026-06-14 05:00:00,1677.81,1679.11,1674.0,1678.12,902.8360895
2026-06-14 06:00:00,1678.44,1682.33,1675.41,1676.4,1497.7964939
2026-06-14 07:00:00,1676.4,1677.38,1673.9,1675.78,545.198259
2026-06-14 08:00:00,1675.78,1678.64,1674.52,1675.41,727.5567075
2026-06-14 09:00:00,1675.58,1679.01,1669.18,1678.39,1498.67946413
2026-06-14 10:00:00,1678.4,1678.48,1673.12,1673.12,621.1159588
2026-06-14 11:00:00,1673.13,1676.95,1672.42,1673.54,592.2985897
2026-06-14 12:00:00,1673.55,1674.49,1665.36,1666.76,954.2369026
2026-06-14 13:00:00,1666.76,1668.86,1664.43,1666.1,1063.0848844
2026-06-14 14:00:00,1666.34,1670.2,1654.82,1659.65,2918.2019232
2026-06-14 15:00:00,1659.64,1664.73,1659.61,1662.96,1081.402672
2026-06-14 16:00:00,1662.75,1668.4,1659.69,1661.51,1096.5391136
2026-06-14 17:00:00,1661.12,1666.53,1660.81,1662.27,1221.2921967
2026-06-14 18:00:00,1662.09,1663.39,1658.85,1662.1,645.7362724
2026-06-14 19:00:00,1661.9,1667.85,1660.97,1665.19,1118.2110324
2026-06-14 20:00:00,1665.19,1673.57,1662.48,1670.39,1068.6554841
2026-06-14 21:00:00,1670.38,1732.19,1669.81,1718.28,10756.8370088
2026-06-14 22:00:00,1718.62,1728.73,1712.17,1722.63,6007.3555091
2026-06-14 23:00:00,1722.64,1726.59,1716.55,1726.05,2458.2626109
2026-06-15 00:00:00,1725.76,1732.45,1719.89,1720.83,2574.0410874
2026-06-15 01:00:00,1721.25,1721.9,1710.05,1715.94,2184.8332355
2026-06-15 02:00:00,1715.94,1727.1,1714.33,1716.89,1422.590295
2026-06-15 03:00:00,1716.9,1724.15,1715.71,1720.98,868.2717732
2026-06-15 04:00:00,1720.54,1720.72,1716.09,1717.3,942.1986581
2026-06-15 05:00:00,1717.14,1722.76,1716.11,1720.72,582.506011
2026-06-15 06:00:00,1720.72,1723.29,1718.43,1720.0,451.6408228
2026-06-15 07:00:00,1720.0,1723.85,1716.4,1716.68,570.4740397
2026-06-15 08:00:00,1716.68,1721.93,1715.83,1720.27,626.5221774
2026-06-15 09:00:00,1720.43,1726.98,1712.37,1718.61,1514.27223877
2026-06-15 10:00:00,1718.61,1749.27,1718.27,1737.88,3135.7914863
2026-06-15 11:00:00,1737.83,1769.41,1733.98,1764.51,5374.6027756
2026-06-15 12:00:00,1764.59,1777.48,1760.18,1777.24,3624.674461
2026-06-15 13:00:00,1777.23,1827.24,1774.48,1813.93,9532.62248816815
2026-06-15 14:00:00,1814.02,1818.17,1804.61,1814.51,3430.6890652
2026-06-15 15:00:00,1814.41,1849.37,1813.29,1845.21,5059.4605815
2026-06-15 16:00:00,1845.16,1847.16,1837.53,1842.75,2255.3472569
2026-06-15 17:00:00,1842.78,1842.78,1823.62,1829.25,2262.0660452
2026-06-15 18:00:00,1829.24,1835.38,1825.86,1828.16,1291.8405916
2026-06-15 19:00:00,1828.01,1834.48,1811.75,1822.07,2589.002995
2026-06-15 20:00:00,1822.07,1826.18,1815.12,1816.5,1351.3700834
2026-06-15 21:00:00,1817.05,1822.33,1809.52,1811.56,1772.4006345
2026-06-15 22:00:00,1811.22,1813.37,1786.98,1789.67,2760.4195658
2026-06-15 23:00:00,1789.67,1797.16,1783.1,1795.9,1715.2258363
2026-06-16 00:00:00,1795.91,1802.24,1789.02,1789.57,1572.7700361
2026-06-16 01:00:00,1789.58,1797.49,1789.03,1792.28,1057.0655948
2026-06-16 02:00:00,1792.27,1794.18,1767.35,1769.97,3289.6210159
2026-06-16 03:00:00,1769.99,1780.66,1764.94,1779.36,2095.7590035
2026-06-16 04:00:00,1779.39,1783.27,1758.75,1760.7,2040.0448733
2026-06-16 05:00:00,1760.81,1766.03,1760.64,1762.57,1251.4863226
2026-06-16 06:00:00,1762.56,1774.17,1762.46,1771.59,866.6625652
2026-06-16 07:00:00,1771.81,1776.54,1769.13,1774.29,911.5587398
2026-06-16 08:00:00,1774.29,1807.91,1773.28,1803.12,3852.64872759
2026-06-16 09:00:00,1803.11,1805.75,1786.92,1789.66,2793.5844769
2026-06-16 10:00:00,1789.76,1800.39,1788.59,1793.78,2246.9292344
2026-06-16 11:00:00,1793.78,1800.45,1791.09,1799.44,1133.8356225
2026-06-16 12:00:00,1799.73,1839.35,1796.69,1814.65,6825.2526855
2026-06-16 13:00:00,1814.75,1816.72,1791.53,1797.48,6807.3210989
2026-06-16 14:00:00,1797.77,1805.75,1763.19,1780.3,8569.6092103
2026-06-16 15:00:00,1780.47,1788.34,1775.0,1782.73,2992.2841557
2026-06-16 16:00:00,1782.52,1785.24,1773.32,1777.7,1905.8988472
2026-06-16 17:00:00,1778.42,1799.49,1777.34,1795.18,2296.5462099
2026-06-16 18:00:00,1795.19,1808.41,1792.67,1799.24,2835.3892877
2026-06-16 19:00:00,1799.23,1801.15,1790.03,1795.15,2049.6426972
2026-06-16 20:00:00,1795.28,1798.46,1789.58,1797.72,1087.75120383
2026-06-16 21:00:00,1797.83,1800.38,1790.72,1796.14,1047.8506224
2026-06-16 22:00:00,1796.15,1799.45,1791.1,1796.06,892.6673411
2026-06-16 23:00:00,1796.48,1798.88,1791.24,1793.03,686.79013257
2026-06-17 00:00:00,1793.49,1798.81,1791.99,1794.08,961.6317501
2026-06-17 01:00:00,1794.1,1798.92,1779.8,1797.39,1879.2629525
2026-06-17 02:00:00,1797.88,1809.84,1788.91,1795.29,2067.0301851
2026-06-17 03:00:00,1795.59,1797.19,1787.73,1793.47,842.7092669
2026-06-17 04:00:00,1794.0,1801.7,1792.03,1794.2,780.0220686
2026-06-17 05:00:00,1794.28,1799.09,1789.45,1794.13,717.94977989
2026-06-17 06:00:00,1794.24,1797.22,1786.58,1790.39,864.4729603
2026-06-17 07:00:00,1790.31,1792.53,1779.06,1785.22,2154.501189
2026-06-17 08:00:00,1785.12,1786.38,1760.65,1765.67,3195.0612091
2026-06-17 09:00:00,1765.66,1777.76,1765.26,1773.19,1450.3422969
2026-06-17 10:00:00,1773.2,1775.97,1767.05,1768.46,1004.0228992
2026-06-17 11:00:00,1768.46,1770.93,1759.68,1763.82,1913.42583432
2026-06-17 12:00:00,1763.83,1765.76,1742.94,1759.6,4830.61777124
2026-06-17 13:00:00,1759.32,1771.88,1754.58,1761.73,3721.446856
2026-06-17 14:00:00,1760.87,1765.75,1741.46,1754.94,4171.8403729
2026-06-17 15:00:00,1755.37,1777.1,1751.14,1773.42,2518.2710912
2026-06-17 16:00:00,1773.45,1791.9,1769.41,1772.1,2581.9624283
2026-06-17 17:00:00,1772.11,1795.85,1767.4,1789.14,2246.4473851
2026-06-17 18:00:00,1788.51,1789.54,1746.47,1770.52,15899.0515784
2026-06-17 19:00:00,1770.26,1775.64,1729.42,1735.02,13123.8981453
2026-06-17 20:00:00,1735.03,1747.85,1733.31,1747.57,2364.7025699
2026-06-17 21:00:00,1747.52,1748.29,1736.6,1738.86,1104.911814
2026-06-17 22:00:00,1738.88,1746.41,1725.71,1740.45,1995.0275999
2026-06-17 23:00:00,1740.45,1751.57,1740.16,1750.69,749.1782645
2026-06-18 00:00:00,1750.82,1759.28,1749.87,1753.02,1096.0646509
2026-06-18 01:00:00,1753.25,1762.83,1752.59,1754.77,1220.2440753
2026-06-18 02:00:00,1755.74,1759.07,1750.34,1755.79,1070.3236288
2026-06-18 03:00:00,1755.52,1755.86,1741.43,1744.18,1436.7249239
2026-06-18 04:00:00,1744.26,1746.0,1729.95,1730.49,2197.5926246
2026-06-18 05:00:00,1730.45,1732.89,1722.27,1731.05,2457.5152406
2026-06-18 06:00:00,1730.92,1736.65,1725.5,1735.67,1502.7285433
2026-06-18 07:00:00,1735.29,1753.03,1732.83,1749.69,1808.5068414
2026-06-18 08:00:00,1749.7,1753.47,1746.22,1747.96,2018.2220636
2026-06-18 09:00:00,1747.96,1751.7,1742.43,1746.05,1057.0999144
2026-06-18 10:00:00,1746.06,1752.5,1739.5,1746.51,1455.7070812
2026-06-18 11:00:00,1746.71,1749.19,1739.02,1743.24,1341.031139
2026-06-18 12:00:00,1743.63,1753.08,1741.71,1750.44,1431.6921136
2026-06-18 13:00:00,1750.45,1752.49,1729.62,1736.94,3105.8790565
2026-06-18 14:00:00,1736.94,1745.12,1729.81,1740.0,3310.86406697
2026-06-18 15:00:00,1739.65,1740.16,1679.06,1682.24,12907.6053464
2026-06-18 16:00:00,1682.24,1692.91,1680.33,1686.77,4569.729796
2026-06-18 17:00:00,1687.11,1687.7,1671.76,1679.63,4036.9206926
2026-06-18 18:00:00,1679.45,1689.01,1676.41,1685.32,3045.53070392
2026-06-18 19:00:00,1685.49,1707.51,1682.89,1705.29,2714.411537
2026-06-18 20:00:00,1705.3,1717.7,1705.3,1710.33,1866.8622346
2026-06-18 21:00:00,1710.55,1711.86,1701.89,1708.45,1632.2475784
2026-06-18 22:00:00,1707.96,1708.48,1699.83,1706.93,1093.5524004
2026-06-18 23:00:00,1706.89,1712.5,1702.93,1710.96,871.28526
2026-06-19 00:00:00,1711.23,1716.19,1708.78,1713.67,1272.3494718
2026-06-19 01:00:00,1713.93,1719.42,1706.1,1713.45,1260.2576618
2026-06-19 02:00:00,1713.45,1715.15,1700.96,1707.03,1176.5365503
2026-06-19 03:00:00,1707.04,1708.16,1682.68,1697.89,5393.5364454
2026-06-19 04:00:00,1697.9,1702.75,1686.26,1689.66,2126.4120896
2026-06-19 05:00:00,1689.93,1697.69,1689.56,1697.49,1335.8335633
2026-06-19 06:00:00,1697.49,1703.21,1696.12,1700.41,930.302326
2026-06-19 07:00:00,1700.33,1701.02,1690.08,1695.85,1594.9788754
2026-06-19 08:00:00,1695.85,1698.95,1694.0,1697.95,1142.7258253
2026-06-19 09:00:00,1697.96,1699.49,1688.2,1689.11,1252.403112
2026-06-19 10:00:00,1689.11,1694.67,1687.22,1692.58,1130.9172277
2026-06-19 11:00:00,1692.81,1694.26,1688.89,1691.66,759.6468906
2026-06-19 12:00:00,1692.02,1695.94,1678.97,1695.44,2950.649748
2026-06-19 13:00:00,1695.69,1711.48,1687.65,1703.29,3143.17858
2026-06-19 14:00:00,1703.44,1710.01,1696.61,1706.76,2270.6179184
2026-06-19 15:00:00,1706.94,1712.06,1698.13,1707.67,2454.4834222
2026-06-19 16:00:00,1707.59,1711.61,1694.73,1696.55,2045.7647988
2026-06-19 17:00:00,1696.78,1706.28,1693.8,1704.79,1807.55164
2026-06-19 18:00:00,1704.79,1705.5,1698.41,1702.67,799.4707147
2026-06-19 19:00:00,1702.66,1704.78,1698.21,1700.92,761.3457532
2026-06-19 20:00:00,1701.39,1709.29,1698.98,1708.74,935.6156372
2026-06-19 21:00:00,1708.24,1708.55,1701.2,1701.95,843.5829268
2026-06-19 22:00:00,1701.95,1710.02,1700.41,1707.45,1154.2070076
2026-06-19 23:00:00,1707.81,1714.98,1705.07,1711.1,1148.1900055
2026-06-20 00:00:00,1711.09,1717.99,1708.27,1708.73,1730.3302198
2026-06-20 01:00:00,1708.72,1713.3,1706.87,1709.78,1035.7790878
2026-06-20 02:00:00,1709.85,1710.29,1704.18,1704.73,454.26858
2026-06-20 03:00:00,1704.76,1709.41,1704.76,1708.23,217.2997291
2026-06-20 04:00:00,1708.23,1715.48,1706.63,1713.38,855.8939818
2026-06-20 05:00:00,1713.39,1734.02,1712.33,1726.04,3845.9857177
2026-06-20 06:00:00,1726.05,1729.67,1723.98,1727.76,961.4186517
2026-06-20 07:00:00,1727.77,1729.56,1723.12,1725.93,486.917688
2026-06-20 08:00:00,1726.04,1727.1,1721.4,1722.91,738.6523974
2026-06-20 09:00:00,1723.0,1730.0,1723.0,1728.8,624.0103332
2026-06-20 10:00:00,1728.47,1729.5,1725.53,1727.7,506.40648774
2026-06-20 11:00:00,1727.72,1731.5,1725.91,1727.07,548.9307058
2026-06-20 12:00:00,1727.06,1730.31,1723.85,1726.88,846.1785519
2026-06-20 13:00:00,1726.59,1727.14,1712.85,1717.65,1986.7062487
2026-06-20 14:00:00,1717.58,1746.22,1708.26,1733.6,5379.3096432
2026-06-20 15:00:00,1733.41,1749.54,1729.4,1740.38,4091.5725151
2026-06-20 16:00:00,1740.83,1740.83,1730.97,1733.69,916.3119586
2026-06-20 17:00:00,1733.74,1733.74,1721.26,1726.87,1804.5673157
2026-06-20 18:00:00,1726.67,1731.72,1725.89,1726.99,1154.9069583
2026-06-20 19:00:00,1726.42,1730.1,1725.22,1729.19,1617.58349
2026-06-20 20:00:00,1729.2,1731.32,1726.43,1730.86,487.4847973
2026-06-20 21:00:00,1730.86,1737.83,1730.54,1735.39,1550.2828625
2026-06-20 22:00:00,1735.39,1745.95,1733.04,1743.13,2150.9296277
2026-06-20 23:00:00,1743.24,1743.64,1740.48,1741.02,925.5654769
2026-06-21 00:00:00,1740.88,1741.05,1736.29,1737.73,724.0912963
2026-06-21 01:00:00,1737.73,1739.81,1734.51,1737.04,640.0857498
2026-06-21 02:00:00,1736.69,1738.07,1735.72,1736.1,365.4162023
2026-06-21 03:00:00,1735.99,1741.22,1733.46,1737.93,806.3156882
2026-06-21 04:00:00,1737.92,1741.14,1731.59,1732.64,667.92920699
2026-06-21 05:00:00,1733.09,1736.38,1729.81,1733.21,811.7332762
2026-06-21 06:00:00,1733.21,1738.61,1732.39,1735.9,517.8280275
2026-06-21 07:00:00,1736.06,1736.37,1731.82,1732.41,546.2358764
2026-06-21 08:00:00,1732.42,1733.38,1724.09,1729.26,1075.3770189
2026-06-21 09:00:00,1729.43,1734.41,1726.06,1732.97,844.372792
2026-06-21 10:00:00,1732.97,1737.07,1730.85,1731.38,840.5571323
2026-06-21 11:00:00,1731.39,1734.84,1718.99,1725.4,2079.1754044
2026-06-21 12:00:00,1725.48,1726.97,1717.48,1726.21,2593.8555667
2026-06-21 13:00:00,1726.11,1727.99,1722.2,1725.05,1132.3224349
2026-06-21 14:00:00,1725.02,1728.53,1721.77,1728.3,746.7430799
2026-06-21 15:00:00,1728.52,1732.76,1727.21,1730.79,1132.9975055
2026-06-21 16:00:00,1730.69,1730.69,1722.07,1728.02,1044.6991581
2026-06-21 17:00:00,1728.18,1731.41,1725.93,1727.55,653.84454656
2026-06-21 18:00:00,1727.4,1737.94,1721.68,1735.64,1814.1034096
2026-06-21 19:00:00,1735.57,1739.27,1733.72,1734.33,667.5559418
2026-06-21 20:00:00,1734.3,1735.36,1717.31,1721.34,1462.5473272
2026-06-21 21:00:00,1721.25,1724.09,1701.51,1718.61,4304.1625653
2026-06-21 22:00:00,1718.38,1721.06,1708.88,1717.84,2214.6842519
2026-06-21 23:00:00,1717.44,1717.44,1704.52,1707.76,2309.2779973
2026-06-22 00:00:00,1707.15,1732.19,1707.15,1726.68,2970.7629047
2026-06-22 01:00:00,1727.49,1759.85,1724.61,1744.08,6217.3059491
2026-06-22 02:00:00,1744.08,1745.17,1737.41,1737.41,1636.88803087
2026-06-22 03:00:00,1737.4,1740.8,1726.62,1730.21,2026.3394016
2026-06-22 04:00:00,1730.12,1735.8,1727.74,1735.38,1126.8809102
2026-06-22 05:00:00,1735.38,1739.63,1734.14,1736.7,925.8448491
2026-06-22 06:00:00,1737.23,1740.18,1733.3,1735.14,770.8185348
2026-06-22 07:00:00,1735.13,1751.27,1734.81,1746.36,1504.9582782
2026-06-22 08:00:00,1746.37,1752.07,1743.49,1747.98,1234.3801938
2026-06-22 09:00:00,1747.74,1750.29,1743.78,1745.99,954.9341577
2026-06-22 10:00:00,1745.98,1751.26,1745.09,1748.82,946.4979412
2026-06-22 11:00:00,1748.82,1774.42,1747.35,1767.56,3621.48795795
2026-06-22 12:00:00,1767.79,1771.89,1761.36,1764.06,2563.12272055
2026-06-22 13:00:00,1764.06,1779.65,1761.6,1777.35,4206.8932526
2026-06-22 14:00:00,1777.39,1777.83,1750.2,1754.47,3714.75681456
2026-06-22 15:00:00,1754.64,1757.99,1742.33,1744.83,2996.6642005
2026-06-22 16:00:00,1745.23,1746.25,1733.83,1740.25,3048.8639
2026-06-22 17:00:00,1740.33,1743.16,1731.51,1740.94,1631.7590493
2026-06-22 18:00:00,1740.94,1747.65,1729.55,1733.05,2676.7418778
2026-06-22 19:00:00,1733.3,1736.84,1729.18,1734.38,2196.9702039
2026-06-22 20:00:00,1734.52,1739.76,1731.17,1734.54,1034.1600175
2026-06-22 21:00:00,1734.53,1737.56,1727.05,1732.76,991.1306222
2026-06-22 22:00:00,1732.76,1735.74,1717.12,1724.16,2850.9519857
2026-06-22 23:00:00,1724.39,1730.45,1721.38,1728.34,1345.7171895
2026-06-23 00:00:00,1727.8,1731.51,1720.43,1731.48,1370.1083841
2026-06-23 01:00:00,1731.31,1736.22,1721.39,1730.94,1237.1024593
2026-06-23 02:00:00,1730.38,1734.81,1726.4,1732.77,702.62461244
2026-06-23 03:00:00,1732.54,1732.95,1726.09,1729.8,713.8880996
2026-06-23 04:00:00,1729.8,1731.21,1718.07,1719.05,1079.4513615
2026-06-23 05:00:00,1719.33,1721.42,1710.51,1713.51,2370.3712497
2026-06-23 06:00:00,1713.6,1713.72,1680.9,1692.03,5759.4418569
2026-06-23 07:00:00,1692.19,1696.0,1682.17,1682.89,2302.666754
2026-06-23 08:00:00,1682.95,1684.62,1633.96,1648.12,11764.8044865
2026-06-23 09:00:00,1648.35,1654.44,1648.18,1650.87,1294.1049132
2026-06-23 10:00:00,1650.91,1658.8,1649.38,1652.68,1392.8706636
2026-06-23 11:00:00,1652.68,1663.96,1652.68,1660.86,1769.3681161
2026-06-23 12:00:00,1660.86,1662.48,1653.89,1654.7,1604.0976028
2026-06-23 13:00:00,1654.71,1664.0,1645.34,1662.65,6228.3903756
2026-06-23 14:00:00,1662.76,1672.17,1658.09,1662.06,4177.8179851
2026-06-23 15:00:00,1661.86,1663.18,1651.48,1659.6,2310.7186063
2026-06-23 16:00:00,1659.6,1673.89,1657.52,1659.57,3642.0004647
2026-06-23 17:00:00,1659.13,1664.84,1654.82,1656.78,1516.6544946
2026-06-23 18:00:00,1657.38,1660.68,1649.84,1655.37,1954.9759625
2026-06-23 19:00:00,1655.36,1663.79,1655.35,1662.28,1417.4560812
2026-06-23 20:00:00,1662.63,1667.5,1661.62,1663.71,970.1430113
2026-06-23 21:00:00,1664.03,1668.33,1663.45,1666.61,796.4641273
2026-06-23 22:00:00,1666.47,1672.77,1663.0,1664.55,992.0946972
2026-06-23 23:00:00,1664.55,1669.38,1660.15,1667.27,1559.3983998
2026-06-24 00:00:00,1667.27,1674.46,1666.8,1671.35,1301.2128465
2026-06-24 01:00:00,1671.44,1680.28,1666.27,1672.45,2079.425498
2026-06-24 02:00:00,1672.72,1673.42,1663.54,1663.84,1277.0891253
2026-06-24 03:00:00,1664.09,1669.98,1658.31,1666.56,1740.9780593
2026-06-24 04:00:00,1666.94,1670.96,1658.36,1668.86,1288.9175134
2026-06-24 05:00:00,1668.87,1679.26,1667.99,1674.49,1337.8866719
2026-06-24 06:00:00,1674.49,1676.83,1670.52,1674.92,682.0203795
2026-06-24 07:00:00,1674.92,1678.56,1670.84,1672.9,2175.4026484
2026-06-24 08:00:00,1673.46,1675.05,1668.95,1673.37,1147.7764759
2026-06-24 09:00:00,1673.37,1673.37,1665.2,1667.01,885.7951905
2026-06-24 10:00:00,1667.01,1668.03,1662.76,1664.09,1314.1426081
2026-06-24 11:00:00,1663.69,1692.46,1655.91,1679.4,4256.4306062
2026-06-24 12:00:00,1679.61,1681.25,1670.47,1671.57,2010.2802678008475
2026-06-24 13:00:00,1672.0,1672.27,1641.66,1645.44,12264.9977371
2026-06-24 14:00:00,1645.32,1657.12,1638.21,1647.43,8269.8697959
2026-06-24 15:00:00,1647.43,1651.11,1616.93,1618.46,8807.4475306
2026-06-24 16:00:00,1618.04,1635.91,1585.43,1589.86,15510.0618397
2026-06-24 17:00:00,1589.86,1597.4,1552.81,1560.63,16391.5645562
2026-06-24 18:00:00,1560.7,1584.85,1556.7,1572.2,7954.826407
2026-06-24 19:00:00,1572.28,1585.25,1567.31,1585.08,4193.9639993
2026-06-24 20:00:00,1584.7,1621.89,1579.98,1613.58,9763.0922668
2026-06-24 21:00:00,1613.67,1621.59,1606.03,1621.59,2054.0579748
2026-06-24 22:00:00,1621.04,1629.62,1613.59,1614.87,1910.16563032
2026-06-24 23:00:00,1615.31,1623.2,1613.78,1622.17,1004.0105846
2026-06-25 00:00:00,1622.5,1626.2,1616.49,1618.99,1619.4153298
2026-06-25 01:00:00,1619.14,1623.96,1614.56,1620.65,1756.9323813
2026-06-25 02:00:00,1620.65,1621.27,1615.0,1620.97,864.7064643
2026-06-25 03:00:00,1620.84,1623.93,1616.1,1619.65,841.9456986
2026-06-25 04:00:00,1619.49,1635.92,1617.09,1634.84,2184.0261013
2026-06-25 05:00:00,1634.72,1651.84,1633.64,1645.58,4432.460287
2026-06-25 06:00:00,1645.58,1660.39,1644.13,1653.92,2545.3890974
2026-06-25 07:00:00,1654.09,1659.52,1651.33,1657.26,1580.9972228
2026-06-25 08:00:00,1657.27,1658.93,1651.12,1652.57,977.7665668
2026-06-25 09:00:00,1653.21,1655.17,1646.66,1648.66,1108.28871564
2026-06-25 10:00:00,1648.65,1649.48,1633.59,1636.39,1776.0137034
2026-06-25 11:00:00,1636.99,1638.75,1628.16,1632.96,2674.8946298
2026-06-25 12:00:00,1633.37,1649.94,1624.56,1635.72,5213.5323522
2026-06-25 13:00:00,1635.39,1640.94,1532.6,1538.47,21969.92111294
2026-06-25 14:00:00,1538.48,1593.19,1538.48,1568.57,27098.5724754
2026-06-25 15:00:00,1568.58,1573.37,1544.59,1570.05,7996.1931876
2026-06-25 16:00:00,1570.6,1587.5,1558.33,1562.1,5284.3545767
2026-06-25 17:00:00,1561.94,1575.45,1557.69,1574.91,3524.0422655
2026-06-25 18:00:00,1574.92,1577.4,1560.45,1567.13,3060.8929235
2026-06-25 19:00:00,1567.92,1567.92,1554.67,1559.38,2351.5127621
2026-06-25 20:00:00,1559.45,1570.55,1556.86,1560.29,2024.6089292
2026-06-25 21:00:00,1560.3,1583.01,1560.16,1580.95,1465.6508467
2026-06-25 22:00:00,1580.72,1583.45,1566.81,1570.16,2042.8371489
2026-06-25 23:00:00,1570.28,1579.86,1564.71,1567.51,1709.5033682
2026-06-26 00:00:00,1567.96,1571.68,1563.74,1565.7,1497.021779
2026-06-26 01:00:00,1564.99,1568.48,1555.52,1559.85,1642.598392
2026-06-26 02:00:00,1560.24,1560.9,1519.21,1524.68,8777.3411451
2026-06-26 03:00:00,1525.01,1563.54,1512.41,1558.08,11379.1832969
2026-06-26 04:00:00,1558.24,1560.61,1547.65,1549.84,2081.2533086
2026-06-26 05:00:00,1549.94,1559.0,1548.09,1555.7,1411.3712992
2026-06-26 06:00:00,1555.14,1574.16,1543.63,1571.07,3556.9173344
2026-06-26 07:00:00,1571.21,1586.17,1570.67,1580.77,2389.7916824
2026-06-26 08:00:00,1580.82,1582.21,1563.74,1566.04,1892.3854399
2026-06-26 09:00:00,1566.84,1567.16,1549.49,1553.21,2640.5990033
2026-06-26 10:00:00,1553.02,1556.16,1545.27,1548.4,2197.4279484
2026-06-26 11:00:00,1548.39,1555.0,1541.04,1545.12,2154.54360819
2026-06-26 12:00:00,1545.12,1560.36,1527.64,1536.38,9559.3666204
2026-06-26 13:00:00,1536.54,1571.18,1521.63,1569.25,9495.4688875
2026-06-26 14:00:00,1569.6,1575.41,1553.71,1559.92,5028.5578436
2026-06-26 15:00:00,1560.22,1588.0,1559.47,1580.18,4537.212587
2026-06-26 16:00:00,1580.28,1594.36,1572.54,1577.85,2838.7160182
2026-06-26 17:00:00,1577.75,1588.92,1576.57,1581.93,1686.8137134
2026-06-26 18:00:00,1582.0,1585.5,1570.63,1573.2,859.2956161
2026-06-26 19:00:00,1573.37,1584.23,1570.57,1574.37,1397.3354041
2026-06-26 20:00:00,1574.46,1583.32,1567.92,1570.73,1703.7272062
2026-06-26 21:00:00,1570.57,1579.12,1568.49,1575.31,434.170415
2026-06-26 22:00:00,1575.05,1579.4,1569.3,1577.99,606.6901065
2026-06-26 23:00:00,1577.84,1580.53,1574.38,1578.73,572.9617516
2026-06-27 00:00:00,1578.68,1582.0,1571.66,1576.57,826.0120322
2026-06-27 01:00:00,1576.86,1577.83,1574.12,1576.09,158.6343066
2026-06-27 02:00:00,1575.87,1586.96,1574.73,1583.3,961.5633979
2026-06-27 03:00:00,1583.1,1585.21,1578.8,1580.79,892.8620862
2026-06-27 04:00:00,1580.62,1585.39,1579.03,1579.13,715.7391547
2026-06-27 05:00:00,1579.61,1581.25,1577.12,1578.85,691.3652685
2026-06-27 06:00:00,1578.65,1584.55,1575.29,1582.65,822.4336323
2026-06-27 07:00:00,1582.66,1586.4,1580.78,1585.63,677.9067418
2026-06-27 08:00:00,1585.62,1585.89,1582.01,1584.17,687.5232891
2026-06-27 09:00:00,1584.17,1585.03,1579.6,1582.76,437.7580068
2026-06-27 10:00:00,1582.75,1584.82,1582.13,1584.05,485.2240292
2026-06-27 11:00:00,1584.05,1585.03,1578.97,1583.86,690.2574294
2026-06-27 12:00:00,1583.86,1586.34,1581.37,1585.92,548.3395701
2026-06-27 13:00:00,1585.93,1592.9,1585.07,1592.17,1048.139057
2026-06-27 14:00:00,1592.17,1598.49,1589.5,1594.52,1091.8007443
2026-06-27 15:00:00,1594.51,1610.73,1593.86,1605.35,2368.8887987
2026-06-27 16:00:00,1605.36,1607.63,1601.63,1606.93,771.0808352
2026-06-27 17:00:00,1606.85,1607.0,1588.84,1591.38,2392.1348953
2026-06-27 18:00:00,1591.38,1594.74,1589.41,1593.78,643.4963853
2026-06-27 19:00:00,1593.74,1595.16,1573.33,1578.75,2153.7041866
2026-06-27 20:00:00,1578.6,1583.04,1578.48,1580.98,493.8278477
2026-06-27 21:00:00,1581.63,1585.29,1574.33,1575.36,1148.3575545
2026-06-27 22:00:00,1575.31,1579.44,1562.74,1579.1,1425.33527943
2026-06-27 23:00:00,1579.1,1581.39,1570.84,1573.99,908.4206824
2026-06-28 00:00:00,1573.99,1578.08,1572.77,1574.67,675.8996238
2026-06-28 01:00:00,1574.86,1576.79,1570.16,1575.2,440.9212636
2026-06-28 02:00:00,1575.2,1579.96,1569.19,1572.69,737.3864524
2026-06-28 03:00:00,1572.1,1576.21,1572.1,1575.15,280.8568732
2026-06-28 04:00:00,1575.16,1577.47,1570.68,1574.43,735.5262669
2026-06-28 05:00:00,1574.43,1574.53,1564.69,1569.47,1353.5920474
2026-06-28 06:00:00,1569.47,1570.67,1562.74,1567.81,737.4562833
2026-06-28 07:00:00,1567.82,1577.0,1567.81,1576.12,463.9358768
2026-06-28 08:00:00,1575.96,1585.2,1573.7,1581.38,1155.6397645
2026-06-28 09:00:00,1581.39,1586.11,1578.45,1579.14,859.7997725
2026-06-28 10:00:00,1579.14,1581.38,1572.14,1577.33,797.814896
2026-06-28 11:00:00,1577.33,1584.1,1575.93,1582.93,709.5210863
2026-06-28 12:00:00,1582.93,1589.01,1578.35,1583.49,669.30754583
2026-06-28 13:00:00,1583.68,1583.68,1574.98,1579.81,1038.3260086
2026-06-28 14:00:00,1579.92,1586.28,1578.22,1581.6,733.3455915
2026-06-28 15:00:00,1581.5,1585.14,1577.33,1580.82,1061.2125636
2026-06-28 16:00:00,1581.11,1581.96,1566.7,1572.9,1509.9571012
2026-06-28 17:00:00,1572.89,1577.37,1563.68,1572.4,1558.669074
2026-06-28 18:00:00,1572.39,1574.98,1569.17,1571.89,815.336181
2026-06-28 19:00:00,1571.88,1574.54,1556.88,1564.81,1465.0177877
2026-06-28 20:00:00,1564.65,1576.29,1564.27,1573.21,1096.1689422
2026-06-28 21:00:00,1573.29,1574.25,1559.21,1563.71,979.7002695
2026-06-28 22:00:00,1563.81,1581.94,1548.34,1557.28,3989.5030944
2026-06-28 23:00:00,1556.53,1580.03,1555.27,1571.85,1703.6025192
2026-06-29 00:00:00,1572.03,1574.65,1552.41,1573.47,2619.3864212
2026-06-29 01:00:00,1574.25,1574.26,1560.01,1568.5,1410.3554778
2026-06-29 02:00:00,1568.78,1579.04,1550.47,1576.51,2588.782779
2026-06-29 03:00:00,1576.99,1589.33,1576.95,1584.98,1487.4971527
2026-06-29 04:00:00,1584.67,1584.87,1574.94,1575.6,1331.1976293
2026-06-29 05:00:00,1575.9,1583.1,1562.51,1583.1,1449.45480634
2026-06-29 06:00:00,1583.16,1588.9,1579.94,1582.72,1142.0678032
2026-06-29 07:00:00,1582.83,1584.52,1578.02,1580.23,919.3528219
2026-06-29 08:00:00,1580.08,1582.14,1570.31,1572.93,988.6244703
2026-06-29 09:00:00,1572.93,1580.35,1570.48,1576.19,1345.0606616
2026-06-29 10:00:00,1576.41,1586.7,1576.35,1578.63,1412.4442799
2026-06-29 11:00:00,1578.29,1582.3,1570.45,1574.96,1896.9978064
2026-06-29 12:00:00,1574.98,1596.64,1566.69,1575.88,6607.389669
2026-06-29 13:00:00,1576.11,1588.59,1564.85,1571.94,4564.1304582
2026-06-29 14:00:00,1572.96,1579.12,1557.6,1572.61,5353.5319296
2026-06-29 15:00:00,1573.12,1585.0,1561.63,1580.0,3704.2265045
2026-06-29 16:00:00,1580.09,1587.42,1574.1,1585.11,1868.4469865
2026-06-29 17:00:00,1585.11,1637.4,1585.11,1627.86,7116.44260819
2026-06-29 18:00:00,1627.93,1628.53,1618.57,1621.01,1824.8173631
2026-06-29 19:00:00,1621.01,1627.42,1616.35,1625.62,1640.5203163
2026-06-29 20:00:00,1626.0,1626.8,1617.56,1617.64,1144.8709451
2026-06-29 21:00:00,1617.85,1622.92,1612.37,1620.07,1146.278042
2026-06-29 22:00:00,1620.07,1622.09,1612.86,1613.07,604.4673925
2026-06-29 23:00:00,1613.07,1614.1,1607.99,1613.21,647.2478576
2026-06-30 00:00:00,1612.87,1614.23,1592.81,1594.78,2085.6352594
2026-06-30 01:00:00,1594.56,1599.87,1588.93,1594.0,1518.7444337
2026-06-30 02:00:00,1594.0,1594.0,1586.7,1590.79,1193.5815707
2026-06-30 03:00:00,1590.71,1596.08,1586.67,1587.43,919.0686531
2026-06-30 04:00:00,1587.37,1590.9,1580.0,1587.99,2514.1343816
2026-06-30 05:00:00,1588.0,1592.02,1585.11,1591.91,1066.5340034
2026-06-30 06:00:00,1591.76,1594.55,1588.79,1593.54,594.69130593
2026-06-30 07:00:00,1593.81,1596.04,1589.92,1592.18,826.1830058
2026-06-30 08:00:00,1592.19,1594.14,1579.28,1583.91,3994.2741776
2026-06-30 09:00:00,1583.91,1587.15,1581.46,1585.49,954.1734856687373
2026-06-30 10:00:00,1585.5,1586.82,1582.28,1584.5,632.9326454
2026-06-30 11:00:00,1584.44,1586.09,1576.25,1578.67,1617.4257301
2026-06-30 12:00:00,1578.5,1578.51,1551.6,1552.82,3114.4307906
2026-06-30 13:00:00,1552.82,1567.46,1550.41,1567.26,4604.8403907
2026-06-30 14:00:00,1567.26,1577.93,1561.31,1563.17,3422.071642
2026-06-30 15:00:00,1563.62,1576.64,1557.5,1565.04,3000.8185579
2026-06-30 16:00:00,1565.35,1574.9,1561.97,1572.33,1469.6498196
2026-06-30 17:00:00,1572.76,1576.87,1568.57,1571.0,903.9439495
2026-06-30 18:00:00,1571.07,1581.77,1569.53,1579.19,1148.6188491
2026-06-30 19:00:00,1579.02,1581.93,1575.4,1580.73,1132.8577321
2026-06-30 20:00:00,1580.23,1582.91,1573.37,1575.95,1329.3649917
2026-06-30 21:00:00,1575.96,1577.2,1570.01,1571.53,756.6180708817423
2026-06-30 22:00:00,1571.54,1575.34,1566.83,1567.65,942.0057766
2026-06-30 23:00:00,1567.58,1572.87,1566.13,1571.92,1075.8748915
2026-07-01 00:00:00,1572.38,1576.55,1566.16,1574.95,1168.9679859
2026-07-01 01:00:00,1574.96,1586.33,1553.17,1577.77,3431.7572353
2026-07-01 02:00:00,1577.78,1589.27,1574.49,1586.3,1808.7407837
2026-07-01 03:00:00,1586.46,1599.01,1582.5,1594.2,2944.4971055
2026-07-01 04:00:00,1594.49,1603.98,1590.81,1599.35,1592.270685
2026-07-01 05:00:00,1599.28,1600.72,1591.12,1592.64,1045.5252437
2026-07-01 06:00:00,1592.64,1593.02,1571.62,1575.66,2783.0447147
2026-07-01 07:00:00,1576.36,1581.0,1572.58,1578.32,1065.5905917
2026-07-01 08:00:00,1578.32,1582.3,1568.56,1582.3,1576.7687182
2026-07-01 09:00:00,1582.29,1585.09,1578.57,1580.84,1659.7006105
2026-07-01 10:00:00,1580.99,1581.55,1572.07,1573.4,1063.2187008
2026-07-01 11:00:00,1573.45,1575.72,1566.97,1569.93,914.0538412
2026-07-01 12:00:00,1570.11,1572.55,1565.26,1570.11,1740.1231539
2026-07-01 13:00:00,1570.02,1598.04,1569.97,1597.3,4679.8017166
2026-07-01 14:00:00,1596.99,1617.08,1591.22,1601.42,4653.1009471
2026-07-01 15:00:00,1600.98,1630.87,1600.98,1620.03,4080.8177434
2026-07-01 16:00:00,1619.79,1629.29,1612.86,1613.87,2394.4002285
2026-07-01 17:00:00,1614.71,1624.79,1607.22,1622.8,1748.6731444
2026-07-01 18:00:00,1623.0,1624.46,1612.16,1616.68,1356.8159487
2026-07-01 19:00:00,1616.56,1623.9,1614.81,1617.71,1018.4780654
2026-07-01 20:00:00,1618.03,1620.59,1610.47,1617.88,1447.5120204
2026-07-01 21:00:00,1617.89,1637.9,1617.84,1632.51,2328.1133863
2026-07-01 22:00:00,1631.63,1646.35,1620.45,1621.93,3662.8712071
2026-07-01 23:00:00,1621.9,1621.91,1608.61,1609.64,1800.3498423
2026-07-02 00:00:00,1609.64,1609.64,1597.13,1603.27,1678.64798481
2026-07-02 01:00:00,1603.35,1624.7,1602.52,1620.28,1867.4530865
2026-07-02 02:00:00,1620.28,1624.43,1614.69,1620.82,1674.0628729
2026-07-02 03:00:00,1620.83,1642.31,1618.18,1639.7,3461.586583
2026-07-02 04:00:00,1639.7,1640.1,1630.4,1632.52,1336.6441564
2026-07-02 05:00:00,1632.68,1634.52,1625.29,1626.69,1254.0373422
2026-07-02 06:00:00,1626.69,1629.56,1617.37,1619.07,1449.96331071
2026-07-02 07:00:00,1618.76,1619.76,1614.58,1616.18,1409.2982805
2026-07-02 08:00:00,1616.03,1626.16,1615.35,1625.0,1657.6465949
2026-07-02 09:00:00,1625.0,1651.21,1620.47,1643.65,4237.1734269
2026-07-02 10:00:00,1643.37,1649.28,1641.26,1646.21,2462.0229776
2026-07-02 11:00:00,1646.41,1654.82,1644.6,1650.16,1799.1414051
2026-07-02 12:00:00,1649.84,1669.08,1647.56,1662.77,4063.3105288
2026-07-02 13:00:00,1662.94,1713.86,1660.92,1710.12,7847.0415451
2026-07-02 14:00:00,1710.79,1724.3,1693.12,1701.15,4595.7990713
2026-07-02 15:00:00,1701.45,1703.5,1688.66,1697.05,1705.1453733
2026-07-02 16:00:00,1697.09,1703.77,1686.62,1699.49,1885.1613328
2026-07-02 17:00:00,1699.16,1705.23,1694.55,1695.84,1117.9170439
2026-07-02 18:00:00,1695.95,1706.86,1695.37,1702.04,843.0148165
2026-07-02 19:00:00,1702.17,1705.34,1694.61,1700.1,1677.5891909
2026-07-02 20:00:00,1700.0,1706.77,1696.04,1705.74,1005.1344328
2026-07-02 21:00:00,1705.74,1706.13,1697.2,1700.18,617.002685
2026-07-02 22:00:00,1699.85,1700.74,1694.15,1697.01,377.5528634
2026-07-02 23:00:00,1696.79,1701.5,1692.2,1700.41,431.3179297
2026-07-03 00:00:00,1700.55,1702.89,1694.61,1697.04,932.9693061
2026-07-03 01:00:00,1696.7,1718.96,1695.37,1712.34,1421.6321059
2026-07-03 02:00:00,1712.44,1715.11,1696.48,1704.86,961.383508
2026-07-03 03:00:00,1704.54,1711.9,1699.42,1706.73,563.9263867
2026-07-03 04:00:00,1706.73,1708.4,1702.52,1703.32,413.24849203
2026-07-03 05:00:00,1703.2,1721.47,1702.39,1714.71,935.1272659
2026-07-03 06:00:00,1714.71,1721.42,1712.92,1716.17,772.1952934
2026-07-03 07:00:00,1716.13,1721.97,1714.03,1717.8,669.5231046
2026-07-03 08:00:00,1717.8,1734.68,1715.59,1719.66,1475.7304148
2026-07-03 09:00:00,1719.76,1731.16,1717.1,1726.34,1051.3485593
2026-07-03 10:00:00,1726.19,1748.82,1726.18,1742.15,2604.19496382
2026-07-03 11:00:00,1742.19,1747.8,1737.6,1742.53,1095.2685053
2026-07-03 12:00:00,1742.67,1745.16,1731.44,1736.51,905.26071609
2026-07-03 13:00:00,1736.75,1753.37,1736.02,1748.29,1606.3442924
2026-07-03 14:00:00,1747.93,1747.93,1729.11,1737.27,1224.2851947
2026-07-03 15:00:00,1737.43,1745.67,1729.94,1731.1,1476.3556913
2026-07-03 16:00:00,1731.16,1735.55,1727.85,1733.7,831.6801333
2026-07-03 17:00:00,1733.69,1741.83,1732.62,1738.02,685.0060414
2026-07-03 18:00:00,1738.54,1740.84,1736.16,1738.78,613.7832117
2026-07-03 19:00:00,1738.79,1753.0,1737.2,1745.68,1648.0861467
2026-07-03 20:00:00,1745.24,1773.94,1743.7,1766.31,3370.0416061
2026-07-03 21:00:00,1766.17,1775.66,1757.01,1763.55,1627.8641937
2026-07-03 22:00:00,1763.64,1764.07,1756.01,1757.42,744.13943697
2026-07-03 23:00:00,1757.42,1761.83,1755.4,1758.4,601.0682093
2026-07-04 00:00:00,1758.07,1764.07,1756.26,1758.67,414.3093946
2026-07-04 01:00:00,1758.3,1758.31,1746.01,1747.81,724.0234656
2026-07-04 02:00:00,1747.81,1750.98,1744.24,1749.47,430.716225
2026-07-04 03:00:00,1749.33,1756.51,1747.39,1753.99,470.054929
2026-07-04 04:00:00,1753.92,1764.74,1752.01,1761.83,576.2208028
2026-07-04 05:00:00,1761.62,1761.79,1753.22,1756.05,411.1202929
2026-07-04 06:00:00,1756.05,1761.36,1751.62,1754.84,559.9363603
2026-07-04 07:00:00,1754.84,1759.48,1752.95,1758.41,452.3546679
2026-07-04 08:00:00,1758.28,1765.5,1757.55,1762.42,533.4741094
2026-07-04 09:00:00,1762.58,1763.07,1755.0,1758.09,389.953372
2026-07-04 10:00:00,1758.1,1760.88,1757.16,1759.52,386.6736825
2026-07-04 11:00:00,1758.98,1760.25,1756.16,1758.26,845.3044439
2026-07-04 12:00:00,1758.27,1766.52,1758.26,1764.44,514.0855224
2026-07-04 13:00:00,1764.47,1778.83,1761.92,1764.28,1375.3754066
2026-07-04 14:00:00,1764.23,1774.85,1764.1,1772.04,853.29543778
2026-07-04 15:00:00,1772.81,1800.0,1772.29,1791.31,3966.97821161
2026-07-04 16:00:00,1791.22,1792.21,1783.4,1787.12,921.5646944
2026-07-04 17:00:00,1787.0,1807.33,1779.16,1799.38,2052.5719456
2026-07-04 18:00:00,1799.73,1806.0,1791.52,1793.71,861.4450633
2026-07-04 19:00:00,1793.54,1797.51,1788.48,1792.6,769.51155739
2026-07-04 20:00:00,1792.37,1795.78,1783.72,1787.06,836.38506785
2026-07-04 21:00:00,1787.06,1794.31,1786.21,1789.28,595.6509299
2026-07-04 22:00:00,1789.28,1789.28,1782.12,1784.34,470.0451825
2026-07-04 23:00:00,1784.52,1785.52,1772.67,1780.7,1654.7658647
2026-07-05 00:00:00,1780.7,1780.78,1769.68,1772.73,664.1200501
2026-07-05 01:00:00,1772.71,1774.7,1761.29,1766.56,866.2796831
2026-07-05 02:00:00,1766.54,1767.54,1757.16,1760.78,720.70382564
2026-07-05 03:00:00,1760.69,1763.76,1757.82,1761.51,328.5283052
2026-07-05 04:00:00,1761.51,1772.57,1759.96,1767.43,679.79614871
2026-07-05 05:00:00,1767.34,1767.5,1760.4,1765.62,491.5300549
2026-07-05 06:00:00,1766.03,1767.96,1762.25,1764.63,365.21243
2026-07-05 07:00:00,1764.72,1772.22,1761.83,1769.93,630.2814154
2026-07-05 08:00:00,1769.9,1772.9,1766.53,1767.42,494.9266252
2026-07-05 09:00:00,1767.42,1767.71,1748.57,1757.92,1213.5331787
2026-07-05 10:00:00,1757.97,1761.85,1755.13,1761.41,450.9379696
2026-07-05 11:00:00,1761.41,1765.06,1758.69,1759.86,488.6265613
2026-07-05 12:00:00,1760.14,1769.4,1756.16,1765.01,486.6623765
2026-07-05 13:00:00,1765.2,1767.62,1761.49,1766.14,498.9801776
2026-07-05 14:00:00,1766.32,1772.64,1764.91,1772.51,733.8183843
2026-07-05 15:00:00,1772.47,1781.24,1770.41,1774.4,1127.2380888
2026-07-05 16:00:00,1774.56,1777.3,1770.44,1773.33,581.2890877
2026-07-05 17:00:00,1773.01,1785.63,1773.01,1779.58,1134.2526812
2026-07-05 18:00:00,1779.43,1785.97,1777.68,1781.4,1290.3339668
2026-07-05 19:00:00,1781.12,1784.45,1777.78,1781.39,539.9881728
2026-07-05 20:00:00,1781.4,1783.54,1776.32,1777.41,662.6981061
2026-07-05 21:00:00,1777.41,1799.27,1769.48,1786.69,1884.660651
2026-07-05 22:00:00,1786.98,1808.34,1784.26,1790.17,2832.2266311
2026-07-05 23:00:00,1789.9,1802.69,1782.87,1786.0,2048.229574
2026-07-06 00:00:00,1785.88,1794.04,1774.8,1793.49,1570.03273638
2026-07-06 01:00:00,1793.38,1799.1,1785.24,1786.3,608.1030916
2026-07-06 02:00:00,1786.31,1790.38,1779.6,1783.89,617.2857484
2026-07-06 03:00:00,1783.88,1785.1,1772.35,1779.75,724.2742073
2026-07-06 04:00:00,1779.76,1785.03,1776.27,1778.0,506.6442138
2026-07-06 05:00:00,1777.68,1778.31,1764.92,1773.89,1130.6649003
2026-07-06 06:00:00,1774.21,1775.21,1769.37,1769.57,650.0767141
2026-07-06 07:00:00,1769.52,1775.43,1766.95,1772.31,684.8401
2026-07-06 08:00:00,1772.31,1778.28,1763.21,1765.57,829.1370088
2026-07-06 09:00:00,1765.57,1765.94,1755.88,1758.61,996.116718
2026-07-06 10:00:00,1758.62,1773.88,1758.15,1770.59,1498.9154659
2026-07-06 11:00:00,1770.95,1775.35,1759.35,1759.35,1295.00349077
2026-07-06 12:00:00,1759.31,1760.77,1735.67,1741.08,4278.61245415
2026-07-06 13:00:00,1740.68,1753.49,1728.61,1744.78,3371.75009938
2026-07-06 14:00:00,1745.03,1762.71,1741.91,1751.7,2091.6915986
2026-07-06 15:00:00,1752.13,1788.72,1751.39,1787.77,3579.3990907
2026-07-06 16:00:00,1788.73,1805.0,1782.18,1792.62,3289.37961205
2026-07-06 17:00:00,1792.55,1800.29,1787.21,1788.25,1264.966752
2026-07-06 18:00:00,1788.34,1796.11,1786.77,1792.63,891.0918671
2026-07-06 19:00:00,1792.8,1798.75,1791.21,1792.12,1293.0992432
2026-07-06 20:00:00,1792.34,1796.34,1787.37,1792.96,790.0627495
2026-07-06 21:00:00,1792.97,1833.58,1792.6,1813.97,4435.0895893
2026-07-06 22:00:00,1814.98,1816.81,1804.7,1806.14,963.7676069
2026-07-06 23:00:00,1806.11,1810.07,1797.6,1799.41,813.3691114
2026-07-07 00:00:00,1799.64,1810.2,1795.05,1803.68,1127.7505872
2026-07-07 01:00:00,1803.55,1803.55,1787.4,1792.73,1660.2017517
2026-07-07 02:00:00,1792.9,1794.57,1777.25,1778.85,1373.784251
2026-07-07 03:00:00,1778.56,1781.67,1768.99,1771.67,1423.5390107
2026-07-07 04:00:00,1771.48,1773.67,1762.82,1766.67,852.1086894
2026-07-07 05:00:00,1766.52,1773.47,1757.92,1770.52,789.0234842
2026-07-07 06:00:00,1770.52,1782.5,1764.79,1779.27,963.6351621
2026-07-07 07:00:00,1779.28,1782.68,1771.12,1771.26,635.9781644
2026-07-07 08:00:00,1771.27,1775.52,1768.24,1770.66,689.9800008
2026-07-07 09:00:00,1770.67,1782.92,1768.63,1778.05,859.7578987
2026-07-07 10:00:00,1778.25,1784.5,1774.27,1775.81,1081.5894038
2026-07-07 11:00:00,1775.82,1784.62,1771.81,1780.76,980.742569
2026-07-07 12:00:00,1780.77,1794.45,1780.45,1782.07,1559.3055874
2026-07-07 13:00:00,1782.07,1783.26,1766.14,1768.73,2376.0221615
2026-07-07 14:00:00,1768.89,1792.83,1761.31,1789.37,3865.988198
2026-07-07 15:00:00,1790.18,1803.2,1783.0,1797.66,2745.9158988
2026-07-07 16:00:00,1797.52,1812.38,1792.51,1802.12,1670.632245
2026-07-07 17:00:00,1801.96,1810.53,1798.42,1810.53,1066.457251
2026-07-07 18:00:00,1810.25,1810.55,1786.01,1786.66,1286.6254301
2026-07-07 19:00:00,1786.01,1792.24,1773.52,1790.44,2140.7117486
2026-07-07 20:00:00,1790.69,1793.2,1781.45,1784.07,1069.3468049
2026-07-07 21:00:00,1784.0,1789.17,1771.42,1773.63,1542.7671781
2026-07-07 22:00:00,1772.84,1778.57,1765.55,1775.29,1094.035264
2026-07-07 23:00:00,1775.05,1780.84,1768.21,1771.37,744.28703803
2026-07-08 00:00:00,1771.49,1785.0,1770.13,1779.88,1025.9880922
2026-07-08 01:00:00,1780.29,1780.81,1749.92,1755.87,2032.1536667
2026-07-08 02:00:00,1755.3,1759.58,1741.68,1757.77,1826.9676627
2026-07-08 03:00:00,1757.98,1763.82,1749.44,1751.5,1036.0073865
2026-07-08 04:00:00,1751.66,1758.18,1749.47,1756.52,629.9121843
2026-07-08 05:00:00,1756.46,1759.8,1750.75,1753.96,414.1375163
2026-07-08 06:00:00,1753.97,1755.05,1746.39,1751.95,691.2130569
2026-07-08 07:00:00,1751.95,1757.44,1745.2,1756.8,918.1144053
2026-07-08 08:00:00,1756.63,1758.65,1725.26,1735.46,4209.1237961
2026-07-08 09:00:00,1735.47,1740.88,1729.91,1735.81,1197.7992285
2026-07-08 10:00:00,1736.01,1742.29,1732.7,1739.31,669.4076193
2026-07-08 11:00:00,1739.32,1750.78,1735.88,1747.88,1245.0842174
2026-07-08 12:00:00,1747.88,1751.33,1738.19,1738.41,1631.2258643
2026-07-08 13:00:00,1738.42,1744.11,1731.3,1737.63,1810.0950718
2026-07-08 14:00:00,1737.55,1740.86,1722.88,1729.62,2495.2769565
2026-07-08 15:00:00,1729.97,1730.63,1713.55,1722.93,2394.0304546
2026-07-08 16:00:00,1722.79,1737.95,1722.79,1736.35,1319.8550976
2026-07-08 17:00:00,1736.36,1746.16,1730.99,1733.03,1231.2608359
2026-07-08 18:00:00,1732.83,1741.05,1730.01,1737.31,1153.2673702
2026-07-08 19:00:00,1737.59,1741.39,1733.51,1740.93,1092.7938023
2026-07-08 20:00:00,1740.98,1740.98,1734.62,1736.46,1050.4722965
2026-07-08 21:00:00,1736.54,1739.9,1731.48,1738.17,618.6678468
2026-07-08 22:00:00,1738.08,1743.34,1736.78,1741.58,400.6077548
2026-07-08 23:00:00,1741.28,1744.84,1738.83,1743.47,453.5885519
2026-07-09 00:00:00,1743.33,1744.4,1737.0,1738.19,577.2655685
2026-07-09 01:00:00,1738.19,1755.99,1730.35,1731.7,2129.7588215
2026-07-09 02:00:00,1732.02,1739.44,1723.72,1727.21,1225.1077341
2026-07-09 03:00:00,1727.46,1734.32,1721.67,1730.5,824.505772
2026-07-09 04:00:00,1730.67,1743.8,1730.18,1742.58,667.1979548
2026-07-09 05:00:00,1742.19,1749.36,1737.69,1749.13,937.8082123
2026-07-09 06:00:00,1749.27,1755.5,1745.93,1755.14,1163.5161747
2026-07-09 07:00:00,1755.14,1762.16,1750.73,1753.28,1329.2053524
2026-07-09 08:00:00,1753.19,1758.58,1751.01,1754.51,1020.9983184
2026-07-09 09:00:00,1754.45,1756.35,1749.41,1755.47,720.8152493
2026-07-09 10:00:00,1755.5,1757.32,1743.9,1746.17,540.6818509
2026-07-09 11:00:00,1746.31,1748.33,1741.16,1743.85,1179.7190214
2026-07-09 12:00:00,1743.77,1747.54,1735.14,1741.88,3409.2484462
2026-07-09 13:00:00,1741.89,1752.17,1735.84,1746.99,1888.501738
2026-07-09 14:00:00,1747.19,1749.54,1733.66,1743.35,1363.0592521
2026-07-09 15:00:00,1743.04,1748.96,1737.17,1739.24,1107.280499
2026-07-09 16:00:00,1739.42,1743.51,1731.9,1739.24,1103.1607582
2026-07-09 17:00:00,1739.24,1752.43,1738.39,1748.57,929.7221216
2026-07-09 18:00:00,1748.58,1759.67,1747.29,1751.52,1730.6208979
2026-07-09 19:00:00,1751.33,1752.86,1747.01,1748.34,843.2727563
2026-07-09 20:00:00,1748.49,1750.21,1745.12,1748.62,952.9676166
2026-07-09 21:00:00,1748.62,1751.35,1745.17,1748.42,702.4793346
2026-07-09 22:00:00,1748.41,1751.19,1746.24,1747.46,722.7658377
2026-07-09 23:00:00,1747.47,1749.02,1741.67,1745.12,569.080562
2026-07-10 00:00:00,1745.19,1746.4,1737.65,1742.82,1369.9786619
2026-07-10 01:00:00,1742.82,1777.24,1738.02,1767.04,2801.8282032
2026-07-10 02:00:00,1767.39,1775.0,1764.62,1772.71,1952.4953625
2026-07-10 03:00:00,1772.72,1779.39,1769.4,1775.54,1161.925461
2026-07-10 04:00:00,1775.87,1780.08,1771.91,1774.4,1050.3434935
2026-07-10 05:00:00,1774.48,1779.85,1772.41,1778.92,904.4295368
2026-07-10 06:00:00,1778.92,1779.74,1769.07,1770.87,1263.7332177
2026-07-10 07:00:00,1771.15,1777.35,1768.77,1773.15,858.5218987
2026-07-10 08:00:00,1773.16,1789.38,1772.42,1784.03,1594.3318879
2026-07-10 09:00:00,1784.03,1794.93,1781.05,1792.35,1504.63354296
2026-07-10 10:00:00,1792.61,1802.7,1789.18,1796.91,1656.2136866
2026-07-10 11:00:00,1796.91,1802.12,1794.24,1801.17,1321.3476966
2026-07-10 12:00:00,1801.26,1807.2,1792.86,1793.83,1724.2982568
2026-07-10 13:00:00,1793.86,1812.03,1793.62,1804.0,1633.94628409
2026-07-10 14:00:00,1803.52,1804.42,1775.67,1784.94,2722.04399729
2026-07-10 15:00:00,1784.95,1796.81,1783.9,1790.9,1154.4149786
2026-07-10 16:00:00,1791.01,1799.28,1785.66,1797.54,1287.975872
2026-07-10 17:00:00,1797.47,1798.77,1788.05,1788.06,1016.5139364
2026-07-10 18:00:00,1788.19,1793.6,1781.61,1784.82,993.0587125
2026-07-10 19:00:00,1784.81,1797.2,1784.21,1792.66,1656.3832017
2026-07-10 20:00:00,1792.49,1794.33,1789.26,1790.14,1195.8019728
2026-07-10 21:00:00,1790.15,1796.66,1789.62,1794.23,784.0014779
2026-07-10 22:00:00,1794.34,1796.75,1792.92,1795.09,925.0018302
2026-07-10 23:00:00,1795.09,1797.87,1792.49,1796.98,789.4147562
2026-07-11 00:00:00,1796.89,1797.47,1790.1,1793.28,827.7582756
2026-07-11 01:00:00,1793.28,1799.06,1788.57,1789.11,880.0300051
2026-07-11 02:00:00,1788.86,1796.01,1786.72,1795.58,519.011811
2026-07-11 03:00:00,1795.58,1798.11,1792.71,1796.48,598.2357347
2026-07-11 04:00:00,1796.48,1800.29,1795.65,1796.42,425.1643331
2026-07-11 05:00:00,1796.42,1802.44,1795.16,1799.55,574.5614353
2026-07-11 06:00:00,1799.55,1803.79,1794.69,1799.41,726.5826828
2026-07-11 07:00:00,1799.42,1801.83,1798.12,1799.63,517.6859991
2026-07-11 08:00:00,1799.63,1803.39,1799.41,1801.51,333.6536387
2026-07-11 09:00:00,1801.33,1802.43,1795.31,1796.01,380.8910461
2026-07-11 10:00:00,1795.84,1799.28,1795.5,1798.51,448.6656884
2026-07-11 11:00:00,1798.51,1800.76,1797.26,1800.29,572.2309613
2026-07-11 12:00:00,1800.28,1801.5,1798.28,1800.1,483.6277589
2026-07-11 13:00:00,1800.1,1808.35,1798.92,1802.69,909.8472505
2026-07-11 14:00:00,1802.69,1818.48,1802.42,1810.73,1493.5976046
2026-07-11 15:00:00,1810.74,1827.64,1808.6,1814.77,3917.5417599
2026-07-11 16:00:00,1814.77,1824.09,1810.97,1823.08,1556.3257304
2026-07-11 17:00:00,1823.35,1829.74,1818.56,1824.66,890.8984987
2026-07-11 18:00:00,1824.65,1829.97,1823.92,1826.22,1005.1812443
2026-07-11 19:00:00,1826.28,1827.44,1819.41,1824.58,864.8816832
2026-07-11 20:00:00,1824.58,1828.69,1824.07,1826.15,375.9897145
2026-07-11 21:00:00,1826.04,1829.21,1822.86,1823.96,429.5452048
2026-07-11 22:00:00,1823.86,1824.0,1809.7,1813.98,1810.0471316
2026-07-11 23:00:00,1813.86,1815.87,1786.95,1787.81,2936.12571775
2026-07-12 00:00:00,1787.81,1791.04,1780.0,1788.84,1685.4329787
2026-07-12 01:00:00,1789.2,1808.41,1788.42,1806.66,1439.757689
2026-07-12 02:00:00,1806.66,1807.51,1803.06,1804.99,983.7121595
2026-07-12 03:00:00,1805.05,1814.04,1802.8,1811.4,1185.009693
2026-07-12 04:00:00,1811.61,1812.58,1804.19,1806.07,730.6407063
2026-07-12 05:00:00,1806.05,1807.26,1801.52,1803.32,555.3750255
2026-07-12 06:00:00,1803.11,1803.11,1789.49,1795.23,768.2132319
2026-07-12 07:00:00,1795.24,1799.14,1794.17,1798.87,417.1388596
2026-07-12 08:00:00,1798.75,1809.01,1798.74,1805.26,623.2013281
2026-07-12 09:00:00,1805.2,1805.86,1796.82,1802.37,606.3636997
2026-07-12 10:00:00,1802.38,1802.38,1799.08,1799.54,693.0951843
2026-07-12 11:00:00,1799.44,1806.67,1796.61,1803.74,563.8912613
2026-07-12 12:00:00,1803.73,1809.31,1803.09,1806.91,580.1056235
2026-07-12 13:00:00,1807.09,1809.67,1805.44,1805.86,404.1145102
2026-07-12 14:00:00,1805.86,1822.83,1804.04,1819.57,1066.9406352
2026-07-12 15:00:00,1819.48,1826.71,1816.59,1820.98,1333.5436826
2026-07-12 16:00:00,1820.99,1824.19,1817.37,1822.14,960.3693278
2026-07-12 17:00:00,1821.86,1822.28,1814.91,1818.22,628.76460601
2026-07-12 18:00:00,1818.22,1822.13,1815.1,1821.29,655.6778499
2026-07-12 19:00:00,1821.37,1823.45,1818.78,1821.36,313.2847771
2026-07-12 20:00:00,1821.36,1824.0,1818.65,1821.06,218.9921391
2026-07-12 21:00:00,1821.25,1823.5,1811.16,1812.14,781.3524022
2026-07-12 22:00:00,1812.21,1812.21,1797.53,1805.0,1298.8137098
2026-07-12 23:00:00,1804.83,1808.82,1800.96,1806.56,534.3752014
2026-07-13 00:00:00,1806.52,1847.0,1804.44,1826.75,4099.2353236
2026-07-13 01:00:00,1826.65,1829.8,1805.74,1807.07,1750.5744885
2026-07-13 02:00:00,1807.01,1814.92,1799.21,1807.1,1677.6512322
2026-07-13 03:00:00,1807.01,1807.01,1775.07,1780.68,3227.4974603
2026-07-13 04:00:00,1780.26,1785.17,1776.48,1779.02,800.8174775
2026-07-13 05:00:00,1779.11,1786.49,1773.94,1781.52,2061.2473416
2026-07-13 06:00:00,1781.67,1783.4,1776.04,1777.9,781.4442575
2026-07-13 07:00:00,1777.91,1791.22,1776.41,1787.38,1311.2610818
2026-07-13 08:00:00,1787.38,1793.0,1783.61,1789.9,2172.5904755
2026-07-13 09:00:00,1790.05,1790.63,1784.68,1785.55,840.0328305
2026-07-13 10:00:00,1785.55,1786.62,1777.12,1779.42,1602.6274373
2026-07-13 11:00:00,1779.49,1784.93,1779.49,1780.65,1154.5739298
2026-07-13 12:00:00,1780.66,1783.31,1768.04,1772.2,2391.8646466
2026-07-13 13:00:00,1772.16,1776.52,1763.38,1771.69,1763.5163781
2026-07-13 14:00:00,1771.13,1781.96,1762.4,1781.73,2722.0543127
2026-07-13 15:00:00,1781.92,1786.33,1775.35,1777.15,1228.9623153
2026-07-13 16:00:00,1777.15,1780.7,1767.31,1772.08,1385.9932743
2026-07-13 17:00:00,1771.92,1776.35,1752.93,1753.51,2304.8712162
2026-07-13 18:00:00,1754.08,1767.13,1750.47,1764.64,1603.2906108
2026-07-13 19:00:00,1764.98,1775.07,1764.5,1774.81,1269.9393861
2026-07-13 20:00:00,1774.81,1776.95,1761.79,1767.44,1132.6071774
2026-07-13 21:00:00,1767.16,1767.16,1752.33,1761.33,982.2679829
2026-07-13 22:00:00,1761.48,1768.55,1756.42,1758.41,745.8571589
2026-07-13 23:00:00,1758.42,1777.95,1756.58,1776.64,1345.0203669
2026-07-14 00:00:00,1776.65,1788.32,1773.46,1786.07,1321.4377214
2026-07-14 01:00:00,1786.08,1794.26,1783.25,1784.71,912.61341703
2026-07-14 02:00:00,1784.72,1788.75,1775.24,1782.6,971.0495085
2026-07-14 03:00:00,1782.6,1783.85,1774.66,1783.55,483.77037821
2026-07-14 04:00:00,1783.56,1789.59,1782.33,1785.85,772.9846185
2026-07-14 05:00:00,1785.71,1792.99,1784.56,1786.76,804.0595516
2026-07-14 06:00:00,1786.9,1787.28,1781.82,1783.33,466.8526755
2026-07-14 07:00:00,1783.14,1785.93,1779.32,1781.12,1279.0693916
2026-07-14 08:00:00,1781.12,1789.41,1778.75,1785.74,937.6304945
2026-07-14 09:00:00,1785.75,1789.34,1782.67,1785.91,1200.6456195
2026-07-14 10:00:00,1785.92,1804.74,1785.84,1800.12,2641.8578484
2026-07-14 11:00:00,1800.13,1802.65,1795.72,1797.87,1465.4591354
2026-07-14 12:00:00,1797.87,1866.21,1794.23,1860.65,6361.8713514
2026-07-14 13:00:00,1861.48,1883.38,1854.72,1870.98,5062.5155043
2026-07-14 14:00:00,1871.28,1884.38,1859.8,1880.91,4336.1334102
2026-07-14 15:00:00,1880.91,1888.59,1872.95,1874.89,2706.1596334
2026-07-14 16:00:00,1875.11,1876.76,1868.59,1873.33,1091.3228732
2026-07-14 17:00:00,1873.36,1873.36,1860.62,1871.45,1268.642205
2026-07-14 18:00:00,1871.46,1876.63,1868.1,1874.42,966.8315804
2026-07-14 19:00:00,1874.42,1881.46,1874.21,1876.92,749.843175
2026-07-14 20:00:00,1876.9,1878.46,1873.64,1875.43,447.0946425
2026-07-14 21:00:00,1875.29,1879.62,1874.37,1876.45,954.7145929
2026-07-14 22:00:00,1876.44,1896.05,1872.04,1882.17,2454.25732278
2026-07-14 23:00:00,1882.13,1893.17,1878.82,1891.25,757.0329757
2026-07-15 00:00:00,1892.1,1893.17,1878.13,1881.71,1313.0796822
2026-07-15 01:00:00,1881.53,1881.71,1867.2,1870.29,1059.8550574
2026-07-15 02:00:00,1870.31,1872.73,1864.52,1864.66,643.4737507
2026-07-15 03:00:00,1864.66,1878.79,1864.57,1876.06,613.9103762
2026-07-15 04:00:00,1876.05,1880.26,1873.32,1876.34,371.767998
2026-07-15 05:00:00,1876.34,1883.11,1871.86,1882.29,666.0777338
2026-07-15 06:00:00,1882.14,1891.55,1874.91,1875.58,1609.9979385
2026-07-15 07:00:00,1875.58,1876.91,1864.96,1869.84,1337.7752231
2026-07-15 08:00:00,1869.84,1879.5,1869.84,1878.93,1025.0090016
2026-07-15 09:00:00,1879.03,1886.33,1879.01,1879.76,1168.4830396
2026-07-15 10:00:00,1879.76,1886.05,1875.0,1877.95,776.8920541
2026-07-15 11:00:00,1878.05,1885.6,1877.26,1884.82,925.7454708
2026-07-15 12:00:00,1884.54,1930.56,1879.16,1927.04,3866.5562499
2026-07-15 13:00:00,1927.04,1946.09,1917.24,1925.73,5445.0333693
2026-07-15 14:00:00,1925.54,1935.29,1919.18,1933.22,2677.1531876
2026-07-15 15:00:00,1932.98,1937.6,1925.7,1931.85,1733.7542592
2026-07-15 16:00:00,1931.85,1932.83,1904.5,1919.34,2305.75646
2026-07-15 17:00:00,1919.34,1931.2,1919.31,1927.8,1380.3538086
2026-07-15 18:00:00,1927.41,1936.48,1922.62,1924.02,1341.0924107
2026-07-15 19:00:00,1924.45,1928.75,1919.26,1923.5,1057.8286202
2026-07-15 20:00:00,1924.01,1930.43,1919.73,1923.61,931.9710494
2026-07-15 21:00:00,1923.61,1925.75,1919.73,1922.28,649.8718925
2026-07-15 22:00:00,1921.87,1928.63,1918.5,1923.31,877.5389523
2026-07-15 23:00:00,1923.23,1927.08,1914.74,1917.72,854.8425496
2026-07-16 00:00:00,1917.71,1924.91,1911.76,1915.03,1093.6399589
2026-07-16 01:00:00,1915.03,1925.7,1908.16,1922.67,806.5286125
2026-07-16 02:00:00,1922.67,1926.11,1918.89,1925.22,511.2230463
2026-07-16 03:00:00,1925.17,1928.99,1917.24,1918.63,634.0816976
2026-07-16 04:00:00,1918.63,1920.92,1914.22,1918.14,457.2509969
2026-07-16 05:00:00,1918.18,1927.47,1917.2,1925.2,625.9813357
2026-07-16 06:00:00,1925.41,1929.19,1915.85,1922.42,664.91993415
2026-07-16 07:00:00,1922.42,1922.43,1905.14,1910.79,1127.4977671
2026-07-16 08:00:00,1910.51,1912.82,1875.0,1886.17,3411.2407659
2026-07-16 09:00:00,1886.14,1889.53,1880.65,1884.5,1441.66307661
2026-07-16 10:00:00,1884.82,1891.7,1883.81,1888.59,640.8830481
2026-07-16 11:00:00,1888.6,1888.6,1879.23,1885.09,1128.6712782
2026-07-16 12:00:00,1884.92,1884.93,1867.73,1872.47,1341.7771882
2026-07-16 13:00:00,1872.29,1890.16,1871.07,1882.53,1332.8989901
2026-07-16 14:00:00,1882.1,1892.74,1875.1,1883.37,1517.6825988
2026-07-16 15:00:00,1883.12,1894.29,1870.94,1881.72,1906.5249081
2026-07-16 16:00:00,1881.72,1883.0,1874.57,1878.9,746.0243795
2026-07-16 17:00:00,1878.75,1878.92,1862.13,1868.96,1608.9220061
2026-07-16 18:00:00,1868.98,1887.72,1867.86,1876.32,1141.3571029
2026-07-16 19:00:00,1875.9,1877.57,1871.02,1875.81,489.6449198
2026-07-16 20:00:00,1875.75,1875.75,1871.65,1872.18,711.6981139
2026-07-16 21:00:00,1871.83,1881.19,1871.69,1878.37,674.7550669
2026-07-16 22:00:00,1878.59,1881.5,1868.18,1868.92,1170.8076062
2026-07-16 23:00:00,1868.96,1870.75,1856.32,1864.56,1348.9497778
2026-07-17 00:00:00,1864.56,1866.78,1848.49,1865.61,1554.7577461
2026-07-17 01:00:00,1865.78,1871.03,1848.1,1851.27,1283.7524043
2026-07-17 02:00:00,1851.26,1855.4,1843.24,1847.97,1114.2774867
2026-07-17 03:00:00,1848.0,1859.58,1847.64,1852.53,1081.9997537
2026-07-17 04:00:00,1852.52,1852.8,1844.01,1850.48,874.6878796
2026-07-17 05:00:00,1849.95,1849.96,1821.87,1823.86,2018.257855
2026-07-17 06:00:00,1823.87,1836.54,1820.94,1832.21,1258.6722648
2026-07-17 07:00:00,1832.21,1833.48,1826.35,1828.25,675.3492206
2026-07-17 08:00:00,1828.25,1832.28,1821.5,1830.05,870.8610488
2026-07-17 09:00:00,1829.96,1836.81,1829.15,1835.24,1347.3983803
2026-07-17 10:00:00,1835.25,1840.27,1834.25,1836.95,676.7763275
2026-07-17 11:00:00,1836.95,1843.17,1833.26,1839.04,824.90599
2026-07-17 12:00:00,1839.14,1840.2,1827.63,1828.41,1730.9099963
2026-07-17 13:00:00,1828.67,1829.26,1803.97,1825.16,3211.5189491
2026-07-17 14:00:00,1825.71,1833.96,1817.33,1822.18,1943.8633098
2026-07-17 15:00:00,1822.06,1831.21,1810.7,1830.81,1645.6918567
2026-07-17 16:00:00,1830.46,1840.53,1826.7,1835.93,1273.0404148
2026-07-17 17:00:00,1836.06,1856.1,1836.06,1843.6,1350.75102327
2026-07-17 18:00:00,1843.61,1849.5,1835.21,1847.33,1274.9070494
2026-07-17 19:00:00,1846.71,1846.81,1835.89,1843.63,820.2608307
2026-07-17 20:00:00,1844.03,1846.26,1837.68,1842.79,792.5356174
2026-07-17 21:00:00,1842.85,1846.8,1840.51,1841.72,479.4954614
2026-07-17 22:00:00,1841.72,1843.96,1837.73,1839.8,243.363203
2026-07-17 23:00:00,1839.95,1844.35,1835.09,1841.78,497.071787
2026-07-18 00:00:00,1841.95,1845.02,1840.02,1840.94,327.7631912
2026-07-18 01:00:00,1840.94,1843.34,1839.41,1842.37,434.3338853
2026-07-18 02:00:00,1842.5,1846.79,1841.07,1842.07,432.58705
2026-07-18 03:00:00,1842.08,1846.42,1841.52,1846.09,292.3118051
2026-07-18 04:00:00,1846.09,1846.24,1842.55,1844.69,193.585822
2026-07-18 05:00:00,1844.7,1849.61,1843.14,1845.81,365.8229213
2026-07-18 06:00:00,1845.81,1847.79,1843.08,1844.96,230.6737469
2026-07-18 07:00:00,1844.97,1846.06,1843.08,1844.19,246.7182879
2026-07-18 08:00:00,1844.19,1849.37,1842.17,1847.25,447.5384543
2026-07-18 09:00:00,1847.34,1847.97,1842.85,1844.87,790.8190598
2026-07-18 10:00:00,1844.81,1846.59,1844.05,1845.35,298.5115384
2026-07-18 11:00:00,1845.36,1846.88,1844.27,1845.39,374.1701591
2026-07-18 12:00:00,1845.4,1850.43,1840.11,1844.74,835.5185021
2026-07-18 13:00:00,1844.73,1844.73,1837.36,1841.22,662.2348325
2026-07-18 14:00:00,1841.22,1846.18,1840.47,1845.76,420.4291392
2026-07-18 15:00:00,1845.81,1845.97,1841.93,1843.89,332.5465334
2026-07-18 16:00:00,1843.9,1847.0,1841.51,1845.86,807.7737973
2026-07-18 17:00:00,1845.86,1853.54,1843.59,1852.39,1016.62764199
2026-07-18 18:00:00,1852.83,1867.51,1849.93,1857.52,1639.9209551
2026-07-18 19:00:00,1857.5,1861.5,1855.73,1858.34,675.2943708
2026-07-18 20:00:00,1858.34,1863.35,1855.85,1857.22,913.771132
2026-07-18 21:00:00,1857.23,1862.98,1855.93,1861.23,822.0274362
2026-07-18 22:00:00,1860.85,1865.6,1859.94,1863.72,665.8455558
2026-07-18 23:00:00,1863.61,1864.25,1860.19,1862.87,387.7284686
2026-07-19 00:00:00,1862.66,1863.7,1859.4,1861.18,379.9740506
2026-07-19 01:00:00,1861.41,1861.41,1858.65,1859.33,431.4422222
2026-07-19 02:00:00,1859.13,1877.58,1858.5,1871.41,1072.5455506
2026-07-19 03:00:00,1871.42,1872.87,1864.01,1867.25,684.3565519
2026-07-19 04:00:00,1867.31,1870.0,1864.57,1867.3,342.1137439
2026-07-19 05:00:00,1867.3,1870.0,1865.57,1868.43,322.4434888
2026-07-19 06:00:00,1868.44,1871.49,1868.25,1869.53,941.2839579
2026-07-19 07:00:00,1869.54,1872.0,1867.19,1870.15,400.264998
2026-07-19 08:00:00,1870.25,1875.39,1867.77,1873.66,457.0548253
2026-07-19 09:00:00,1873.67,1874.11,1865.47,1866.32,648.0538929
2026-07-19 10:00:00,1866.29,1879.4,1864.17,1872.18,690.4078391
2026-07-19 11:00:00,1872.34,1878.89,1870.03,1871.26,586.1913061
2026-07-19 12:00:00,1871.26,1874.11,1864.61,1870.55,1019.6448636
2026-07-19 13:00:00,1870.55,1873.69,1866.06,1871.97,560.6936675
2026-07-19 14:00:00,1871.97,1879.17,1869.01,1874.85,959.5078702
2026-07-19 15:00:00,1874.86,1875.95,1869.19,1871.19,761.7256309
2026-07-19 16:00:00,1871.0,1873.6,1866.11,1867.04,682.3948009
2026-07-19 17:00:00,1866.75,1873.68,1858.21,1867.3,1132.4906905
2026-07-19 18:00:00,1867.31,1867.73,1852.38,1860.68,1816.8050097
2026-07-19 19:00:00,1861.16,1862.73,1854.9,1862.21,476.2150937
2026-07-19 20:00:00,1862.21,1866.78,1862.19,1866.78,400.6803797
2026-07-19 21:00:00,1867.02,1867.97,1857.58,1861.84,614.1922146
2026-07-19 22:00:00,1861.63,1877.1,1857.03,1870.22,1606.90474681
2026-07-19 23:00:00,1870.22,1874.76,1865.0,1872.11,1183.159813
2026-07-20 00:00:00,1872.11,1891.55,1862.6,1872.1,2318.5234275
2026-07-20 01:00:00,1871.96,1889.58,1865.81,1869.15,1226.9221356
2026-07-20 02:00:00,1868.93,1883.2,1867.97,1879.09,1144.1702325
2026-07-20 03:00:00,1879.08,1881.66,1871.04,1879.36,648.8894425
2026-07-20 04:00:00,1879.57,1879.93,1868.7,1869.07,709.0466818
2026-07-20 05:00:00,1869.36,1869.71,1851.53,1855.11,1206.0446537
2026-07-20 06:00:00,1855.15,1859.91,1842.9,1849.46,1667.1785078
2026-07-20 07:00:00,1849.83,1865.29,1849.17,1864.06,1247.3044475
2026-07-20 08:00:00,1864.06,1868.24,1854.41,1860.5,1522.3334268
2026-07-20 09:00:00,1860.69,1867.33,1857.93,1864.03,753.282408
2026-07-20 10:00:00,1864.04,1872.36,1862.78,1868.73,782.6759947
2026-07-20 11:00:00,1868.74,1896.29,1867.83,1893.19,3306.6033794
2026-07-20 12:00:00,1893.18,1893.63,1871.91,1873.2,1867.64427509
2026-07-20 13:00:00,1873.2,1880.44,1857.77,1862.25,2292.5498173
2026-07-20 14:00:00,1862.52,1871.99,1853.67,1867.94,1749.9605071
2026-07-20 15:00:00,1867.95,1902.19,1867.6,1898.31,2719.252257
