datetime,open,high,low,close,volume
2025-07-20 17:00:00,182.086,182.086,180.268,180.58,54106.6364
2025-07-20 18:00:00,180.58,182.55,180.262,182.22,34229.5427
2025-07-20 19:00:00,182.238,183.639,181.661,181.958,43255.82197054
2025-07-20 20:00:00,182.001,182.249,180.506,181.238,49046.6256
2025-07-20 21:00:00,181.239,182.323,180.663,182.3,32747.9065
2025-07-20 22:00:00,182.299,182.375,177.73,180.514,74295.71362079
2025-07-20 23:00:00,180.502,181.657,179.432,181.435,42431.6668
2025-07-21 00:00:00,181.455,181.741,178.415,180.23,55129.91494749
2025-07-21 01:00:00,180.231,180.549,178.272,180.087,29783.6375
2025-07-21 02:00:00,180.088,184.752,180.076,184.321,47014.8679
2025-07-21 03:00:00,184.332,187.027,183.921,186.688,56168.26157029
2025-07-21 04:00:00,186.688,187.225,185.73,185.73,36463.92278846
2025-07-21 05:00:00,185.729,188.927,185.05,188.281,42129.414
2025-07-21 06:00:00,188.254,189.748,187.911,189.251,49406.1685
2025-07-21 07:00:00,189.23,191.023,189.157,190.062,35462.5680191
2025-07-21 08:00:00,190.062,191.98,189.685,190.816,53234.7729
2025-07-21 09:00:00,190.812,191.755,190.073,191.599,42335.42569224
2025-07-21 10:00:00,191.599,191.96,190.82,191.27,29324.8768
2025-07-21 11:00:00,191.231,192.972,190.712,191.425,39088.0796
2025-07-21 12:00:00,191.404,191.853,190.265,191.555,24627.3976
2025-07-21 13:00:00,191.556,193.391,190.275,192.43,45022.1793
2025-07-21 14:00:00,192.43,195.347,191.418,195.28,59965.43735267
2025-07-21 15:00:00,195.273,199.264,195.139,196.796,88096.87192161
2025-07-21 16:00:00,196.796,197.0,193.005,195.167,55430.4849
2025-07-21 17:00:00,195.166,196.665,194.5,196.117,39875.6363
2025-07-21 18:00:00,196.132,197.229,193.461,193.783,37792.0914
2025-07-21 19:00:00,193.783,195.5,193.036,194.578,42099.11345123
2025-07-21 20:00:00,194.641,196.575,193.705,193.949,37822.77009958
2025-07-21 21:00:00,193.895,196.587,193.648,196.11,25298.46029009
2025-07-21 22:00:00,196.11,197.773,195.551,197.291,25394.8045
2025-07-21 23:00:00,197.291,197.471,195.548,195.701,12802.5204
2025-07-22 00:00:00,195.737,199.056,195.737,197.614,27129.76897599
2025-07-22 01:00:00,197.585,202.452,193.783,202.074,87862.3233459
2025-07-22 02:00:00,202.045,204.642,201.021,201.951,53187.76466377
2025-07-22 03:00:00,201.964,203.044,197.463,200.088,53771.6442
2025-07-22 04:00:00,200.06,200.19,194.151,194.299,54618.2878
2025-07-22 05:00:00,194.3,199.104,194.3,196.547,42396.8693
2025-07-22 06:00:00,196.626,200.72,195.99,198.997,36147.41979689
2025-07-22 07:00:00,198.998,201.212,197.429,198.078,29361.6413
2025-07-22 08:00:00,198.095,198.095,194.118,197.021,30018.6598
2025-07-22 09:00:00,196.971,199.151,194.419,197.266,28521.44614657
2025-07-22 10:00:00,197.192,199.113,197.14,199.113,14295.0878
2025-07-22 11:00:00,199.094,200.152,197.672,199.92,24917.9263
2025-07-22 12:00:00,199.909,203.678,199.085,203.061,40247.58
2025-07-22 13:00:00,203.08,204.102,198.24,199.016,71489.07548073
2025-07-22 14:00:00,199.069,202.257,196.892,202.144,47185.0825
2025-07-22 15:00:00,202.137,204.999,201.3,201.809,63109.7679
2025-07-22 16:00:00,201.792,204.209,200.78,203.753,37753.7381
2025-07-22 17:00:00,203.761,203.888,200.797,202.847,31927.65879936
2025-07-22 18:00:00,202.876,203.931,201.186,202.529,56018.05790178
2025-07-22 19:00:00,202.507,202.675,198.35,198.958,33304.81419578
2025-07-22 20:00:00,198.876,201.351,198.411,200.657,29506.9357
2025-07-22 21:00:00,200.657,201.964,199.84,201.428,24192.57144363
2025-07-22 22:00:00,201.442,202.875,201.417,201.947,11588.37163555
2025-07-22 23:00:00,201.942,206.339,201.935,205.684,28425.1324
2025-07-23 00:00:00,205.702,205.73,203.429,204.19,19731.88745217
2025-07-23 01:00:00,204.279,204.52,202.652,203.054,17607.4196
2025-07-23 02:00:00,203.063,203.369,201.589,202.291,17042.37720288
2025-07-23 03:00:00,202.316,202.711,200.994,201.393,11457.7104
2025-07-23 04:00:00,201.442,202.235,201.034,201.641,11084.8855
2025-07-23 05:00:00,201.652,201.978,200.823,201.559,16980.2759
2025-07-23 06:00:00,201.559,201.913,199.778,200.613,21051.2552
2025-07-23 07:00:00,200.607,201.113,198.886,199.469,15783.217
2025-07-23 08:00:00,199.46,199.817,198.686,199.817,13696.0473
2025-07-23 09:00:00,199.817,200.003,197.514,197.671,18029.07198305
2025-07-23 10:00:00,197.653,198.008,195.948,197.935,25899.70629055
2025-07-23 11:00:00,197.969,198.188,196.925,197.409,9630.96071985
2025-07-23 12:00:00,197.409,197.546,193.671,194.143,37028.82298351
2025-07-23 13:00:00,194.164,194.847,187.589,189.173,104214.42157177
2025-07-23 14:00:00,189.173,192.347,188.707,191.595,45801.822686
2025-07-23 15:00:00,191.599,192.813,189.628,192.72,31918.29996696
2025-07-23 16:00:00,192.702,192.76,188.126,188.296,41116.9624
2025-07-23 17:00:00,188.297,189.262,186.014,188.694,43940.91376021
2025-07-23 18:00:00,188.696,190.291,188.216,190.199,25631.7153
2025-07-23 19:00:00,190.176,190.247,188.056,188.125,17876.4745
2025-07-23 20:00:00,188.092,189.749,184.43,186.75,65705.7856
2025-07-23 21:00:00,186.796,188.225,184.002,187.9,33317.3108
2025-07-23 22:00:00,187.941,189.691,186.502,189.082,16835.79157943
2025-07-23 23:00:00,189.082,190.049,188.874,189.398,16484.699
2025-07-24 00:00:00,189.374,190.981,188.491,190.98,19649.3382
2025-07-24 01:00:00,190.979,191.549,189.261,191.53,11561.4647
2025-07-24 02:00:00,191.542,191.639,190.404,191.099,15788.86829256
2025-07-24 03:00:00,191.164,191.863,189.685,189.86,10929.7734
2025-07-24 04:00:00,189.861,190.119,185.361,186.045,19224.4722
2025-07-24 05:00:00,186.021,186.19,181.29,181.878,43022.99479669
2025-07-24 06:00:00,181.892,184.136,179.862,181.118,35201.11360364
2025-07-24 07:00:00,181.109,184.312,179.177,184.243,43720.90408272
2025-07-24 08:00:00,184.154,186.356,183.279,186.022,27438.3909
2025-07-24 09:00:00,185.993,186.46,184.473,185.217,33035.236
2025-07-24 10:00:00,185.24,186.3,182.921,184.901,34054.4943
2025-07-24 11:00:00,184.892,186.91,184.892,186.399,22587.6764
2025-07-24 12:00:00,186.401,186.849,184.642,186.012,24165.9257
2025-07-24 13:00:00,186.001,187.393,184.281,184.537,36228.3622
2025-07-24 14:00:00,184.567,190.057,183.357,189.563,61000.1312
2025-07-24 15:00:00,189.543,191.751,187.539,188.455,80750.025
2025-07-24 16:00:00,188.5,188.823,184.835,185.804,44868.029
2025-07-24 17:00:00,185.814,189.61,185.711,188.78,27040.21740613
2025-07-24 18:00:00,188.774,189.875,187.8,189.253,33967.9824
2025-07-24 19:00:00,189.254,190.029,187.815,188.006,28740.6171
2025-07-24 20:00:00,187.99,189.056,187.6,188.817,22389.8796
2025-07-24 21:00:00,188.847,188.874,185.605,185.605,28971.06866869
2025-07-24 22:00:00,185.606,185.869,183.419,183.742,34248.7835
2025-07-24 23:00:00,183.72,183.72,182.0,182.856,28390.9451
2025-07-25 00:00:00,182.861,183.128,180.595,181.93,31528.0182
2025-07-25 01:00:00,181.948,183.633,180.801,183.0,25177.9464
2025-07-25 02:00:00,182.961,183.489,178.562,178.84,33283.85608189
2025-07-25 03:00:00,178.84,179.735,175.654,177.755,43361.2037
2025-07-25 04:00:00,177.739,179.652,176.087,179.498,30155.5627
2025-07-25 05:00:00,179.478,179.777,177.965,178.711,24105.0634
2025-07-25 06:00:00,178.712,178.937,177.32,178.128,23457.30782341
2025-07-25 07:00:00,178.128,178.86,175.931,177.51,26782.1482
2025-07-25 08:00:00,177.53,179.342,176.904,177.844,29202.15839619
2025-07-25 09:00:00,177.866,181.043,177.373,180.82,27463.66143011
2025-07-25 10:00:00,180.829,181.657,179.755,180.711,20064.2193
2025-07-25 11:00:00,180.74,182.082,180.74,181.17,18416.6972424
2025-07-25 12:00:00,181.14,181.881,179.992,180.786,20647.3449
2025-07-25 13:00:00,180.841,181.459,179.57,181.149,25408.9019
2025-07-25 14:00:00,181.15,181.341,176.367,176.596,51069.4786
2025-07-25 15:00:00,176.629,178.605,176.263,178.241,36168.5158
2025-07-25 16:00:00,178.216,179.944,177.49,179.728,26627.247
2025-07-25 17:00:00,179.69,181.07,179.383,180.701,21078.2415
2025-07-25 18:00:00,180.701,182.706,180.674,182.319,18246.84
2025-07-25 19:00:00,182.318,182.835,181.809,182.2,12709.2322
2025-07-25 20:00:00,182.173,184.448,182.085,183.807,16824.7746
2025-07-25 21:00:00,183.807,185.292,183.807,185.05,18096.70058649
2025-07-25 22:00:00,185.068,186.189,184.997,186.094,21182.49118232
2025-07-25 23:00:00,186.09,186.828,185.6,186.746,11519.6339
2025-07-26 00:00:00,186.743,186.899,185.652,185.86,17609.904
2025-07-26 01:00:00,185.885,186.063,184.471,184.471,12497.8770627
2025-07-26 02:00:00,184.471,186.825,184.47,186.514,17732.1921
2025-07-26 03:00:00,186.51,186.633,185.698,185.975,10631.7491
2025-07-26 04:00:00,185.96,186.418,185.692,185.952,10049.8134
2025-07-26 05:00:00,185.952,187.102,185.644,186.714,8878.7268
2025-07-26 06:00:00,186.715,186.741,185.891,186.075,9719.0657
2025-07-26 07:00:00,186.075,186.847,186.062,186.438,8128.9259
2025-07-26 08:00:00,186.438,187.982,186.438,187.982,14218.9182
2025-07-26 09:00:00,187.983,189.167,187.483,189.012,16616.41056332
2025-07-26 10:00:00,188.987,189.745,188.175,188.239,16039.5428
2025-07-26 11:00:00,188.27,188.539,187.301,187.729,16839.7948426
2025-07-26 12:00:00,187.728,188.457,187.279,187.91,12154.3135
2025-07-26 13:00:00,187.91,188.189,187.3,187.53,10035.4419
2025-07-26 14:00:00,187.55,187.906,186.275,186.41,13542.4196
2025-07-26 15:00:00,186.408,187.682,186.06,187.52,11181.7486
2025-07-26 16:00:00,187.519,187.775,186.468,186.8,24086.6117
2025-07-26 17:00:00,186.825,186.874,185.3,185.577,27373.1467
2025-07-26 18:00:00,185.577,186.374,185.038,185.999,17557.2567
2025-07-26 19:00:00,185.991,186.629,185.809,186.431,12696.939
2025-07-26 20:00:00,186.431,186.476,185.302,185.857,10188.8298
2025-07-26 21:00:00,185.857,186.422,185.403,186.345,11190.6114
2025-07-26 22:00:00,186.344,186.768,184.874,185.087,28532.7782
2025-07-26 23:00:00,185.087,185.095,184.371,184.84,12294.3878
2025-07-27 00:00:00,184.858,185.48,184.54,185.477,9356.2702
2025-07-27 01:00:00,185.477,186.56,185.161,186.303,9808.5769
2025-07-27 02:00:00,186.306,187.138,185.842,187.138,10047.3051
2025-07-27 03:00:00,187.144,187.586,186.273,187.196,9872.6813
2025-07-27 04:00:00,187.2,187.573,186.655,187.45,11726.9561
2025-07-27 05:00:00,187.459,188.319,187.3,187.82,14011.142
2025-07-27 06:00:00,187.846,188.03,187.027,187.045,11044.6979
2025-07-27 07:00:00,187.044,187.848,186.603,187.221,10867.7045
2025-07-27 08:00:00,187.22,187.48,186.258,186.72,10584.3676
2025-07-27 09:00:00,186.7,187.323,186.194,186.355,8473.7175
2025-07-27 10:00:00,186.364,188.433,186.331,187.642,13643.5851
2025-07-27 11:00:00,187.643,188.55,186.804,187.023,15404.9578
2025-07-27 12:00:00,187.011,187.33,185.506,186.422,16792.507
2025-07-27 13:00:00,186.42,186.754,185.508,185.75,12533.1892528
2025-07-27 14:00:00,185.746,186.492,185.191,185.77,12218.2684
2025-07-27 15:00:00,185.73,186.48,184.9,186.47,13657.39717693
2025-07-27 16:00:00,186.475,189.731,186.4,187.653,43990.9562
2025-07-27 17:00:00,187.651,188.321,185.963,188.07,30245.0106
2025-07-27 18:00:00,188.05,188.774,187.474,188.401,26737.783
2025-07-27 19:00:00,188.39,188.578,186.89,186.932,15865.8518
2025-07-27 20:00:00,186.935,188.2,186.696,187.126,17384.2679
2025-07-27 21:00:00,187.126,187.942,186.446,187.941,23119.745
2025-07-27 22:00:00,187.944,190.685,187.813,188.916,33594.7948
2025-07-27 23:00:00,188.921,189.074,187.161,188.65,26963.53933829
2025-07-28 00:00:00,188.64,191.114,188.078,189.71,18380.5373
2025-07-28 01:00:00,189.77,190.145,187.664,188.308,13223.7796
2025-07-28 02:00:00,188.303,191.952,187.898,191.529,22005.1373
2025-07-28 03:00:00,191.56,193.803,191.26,193.347,20001.0324
2025-07-28 04:00:00,193.34,194.017,192.51,193.089,15426.29133484
2025-07-28 05:00:00,193.09,195.249,192.701,194.373,22660.2065
2025-07-28 06:00:00,194.359,194.532,193.593,194.051,14534.6805
2025-07-28 07:00:00,194.09,194.13,191.616,192.36,14940.29234822
2025-07-28 08:00:00,192.36,192.83,191.268,192.617,14592.48
2025-07-28 09:00:00,192.616,193.319,191.849,193.145,14461.0473
2025-07-28 10:00:00,193.146,193.304,191.747,192.286,13533.76423577
2025-07-28 11:00:00,192.277,192.318,190.648,191.991,13795.42767258
2025-07-28 12:00:00,191.989,193.495,191.36,192.884,16629.06996069
2025-07-28 13:00:00,192.885,192.958,189.272,190.18,33192.6743
2025-07-28 14:00:00,190.185,190.68,186.73,187.488,26275.95690189
2025-07-28 15:00:00,187.48,189.05,186.562,187.165,14958.6903
2025-07-28 16:00:00,187.165,187.979,186.139,186.66,18134.8044
2025-07-28 17:00:00,186.65,187.411,185.358,185.849,17886.5831
2025-07-28 18:00:00,185.895,186.255,183.478,185.16,29976.0962
2025-07-28 19:00:00,185.15,186.44,183.65,185.271,20423.7485
2025-07-28 20:00:00,185.281,185.525,182.647,184.22,30649.2
2025-07-28 21:00:00,184.209,185.205,183.378,184.289,11368.0405
2025-07-28 22:00:00,184.255,184.672,182.189,183.635,15451.374
2025-07-28 23:00:00,183.648,184.067,182.246,183.09,13035.6385
2025-07-29 00:00:00,183.106,184.7,181.003,182.82,25696.2862
2025-07-29 01:00:00,182.828,184.029,181.694,181.743,10661.8005
2025-07-29 02:00:00,181.759,182.436,180.652,182.259,13638.3416
2025-07-29 03:00:00,182.278,184.724,182.251,184.321,15013.301
2025-07-29 04:00:00,184.339,184.766,183.25,183.419,9446.9784
2025-07-29 05:00:00,183.419,184.849,183.248,184.849,8240.0225
2025-07-29 06:00:00,184.852,185.563,184.527,184.864,10575.9351
2025-07-29 07:00:00,184.839,186.601,184.839,186.039,15052.08144276
2025-07-29 08:00:00,186.04,186.493,184.881,184.921,16257.0061
2025-07-29 09:00:00,184.958,185.205,184.25,184.626,9105.2163
2025-07-29 10:00:00,184.61,184.782,182.246,182.36,17674.1947
2025-07-29 11:00:00,182.368,183.491,182.34,182.91,12419.7499102
2025-07-29 12:00:00,182.913,184.523,182.585,183.896,15397.6543
2025-07-29 13:00:00,183.896,184.941,182.145,182.648,21613.4787
2025-07-29 14:00:00,182.727,182.783,179.64,180.388,43235.1093
2025-07-29 15:00:00,180.388,181.434,179.265,180.796,23431.7214
2025-07-29 16:00:00,180.795,180.946,178.291,180.07,25261.86197724
2025-07-29 17:00:00,180.07,181.742,179.848,181.474,15782.3793
2025-07-29 18:00:00,181.455,182.1,180.726,181.449,13637.5432
2025-07-29 19:00:00,181.487,182.366,180.388,181.111,28201.9777
2025-07-29 20:00:00,181.11,181.89,179.567,180.07,27486.9991
2025-07-29 21:00:00,180.098,181.603,179.309,181.239,13883.5013
2025-07-29 22:00:00,181.25,181.813,180.401,181.651,12520.0048
2025-07-29 23:00:00,181.697,181.971,180.935,181.473,8419.0917
2025-07-30 00:00:00,181.473,181.553,179.313,180.193,13415.4896
2025-07-30 01:00:00,180.219,181.867,178.856,181.36,14644.217
2025-07-30 02:00:00,181.36,182.34,181.11,181.765,12299.2346
2025-07-30 03:00:00,181.745,182.253,181.342,181.713,12390.5637
2025-07-30 04:00:00,181.691,182.099,180.187,180.3,9287.6613
2025-07-30 05:00:00,180.3,181.214,179.35,181.021,11372.0653
2025-07-30 06:00:00,180.99,182.033,180.787,182.001,8067.2765
2025-07-30 07:00:00,181.986,182.51,180.35,180.837,14329.853
2025-07-30 08:00:00,180.814,181.479,179.844,180.54,12141.67532801
2025-07-30 09:00:00,180.539,180.894,178.673,179.129,16034.10979712
2025-07-30 10:00:00,179.111,180.069,177.727,178.02,21246.9668
2025-07-30 11:00:00,177.981,178.698,176.439,177.255,26343.00149969
2025-07-30 12:00:00,177.28,178.068,176.651,177.512,21829.8107
2025-07-30 13:00:00,177.51,178.247,176.686,177.96,21608.5157
2025-07-30 14:00:00,177.965,180.557,177.73,180.101,23948.7179
2025-07-30 15:00:00,180.125,180.387,178.256,179.15,20488.3002
2025-07-30 16:00:00,179.179,179.987,178.353,178.629,17149.5135
2025-07-30 17:00:00,178.645,179.328,178.261,179.28,14196.4228
2025-07-30 18:00:00,179.28,180.155,175.8,175.92,33027.2284
2025-07-30 19:00:00,175.919,176.461,170.257,176.132,79071.0917
2025-07-30 20:00:00,176.122,177.457,175.717,176.178,18600.096
2025-07-30 21:00:00,176.2,176.65,174.767,175.879,13062.3197
2025-07-30 22:00:00,175.801,176.429,175.131,176.321,10337.8242
2025-07-30 23:00:00,176.313,178.06,176.25,177.75,13153.9055367
2025-07-31 00:00:00,177.75,179.68,177.621,179.424,13111.6307
2025-07-31 01:00:00,179.435,180.05,178.88,179.47,13418.69709161
2025-07-31 02:00:00,179.467,180.306,179.191,180.306,10480.8612
2025-07-31 03:00:00,180.307,180.525,179.978,180.283,15108.5515
2025-07-31 04:00:00,180.312,180.855,179.81,180.83,9406.3199
2025-07-31 05:00:00,180.849,181.212,180.615,180.771,9210.6188
2025-07-31 06:00:00,180.772,181.589,180.271,181.261,16785.4612
2025-07-31 07:00:00,181.261,181.367,180.852,181.223,10443.59430974
2025-07-31 08:00:00,181.222,182.084,181.061,181.684,9048.5636
2025-07-31 09:00:00,181.684,182.651,181.585,182.462,9555.2943
2025-07-31 10:00:00,182.501,182.621,181.352,181.372,8404.42054159
2025-07-31 11:00:00,181.371,181.541,180.245,180.735,9862.3328
2025-07-31 12:00:00,180.737,180.881,178.746,179.343,14913.4055
2025-07-31 13:00:00,179.341,179.367,176.708,177.671,19824.4236
2025-07-31 14:00:00,177.671,178.209,175.605,175.695,33223.5403
2025-07-31 15:00:00,175.71,177.46,175.281,177.341,17257.27067356
2025-07-31 16:00:00,177.341,179.757,177.18,179.233,18115.4598
2025-07-31 17:00:00,179.269,179.295,176.849,177.304,18140.36239341
2025-07-31 18:00:00,177.28,178.083,175.578,177.76,23672.9679
2025-07-31 19:00:00,177.76,178.186,174.781,175.31,28864.28926025
2025-07-31 20:00:00,175.301,175.718,174.225,175.468,23691.7163
2025-07-31 21:00:00,175.422,175.668,172.699,173.835,23891.84641774
2025-07-31 22:00:00,173.837,174.36,172.414,172.891,20064.4151
2025-07-31 23:00:00,172.907,173.738,171.467,172.251,17526.6235
2025-08-01 00:00:00,172.232,172.26,167.451,170.279,65330.4729
2025-08-01 01:00:00,170.29,170.851,167.95,169.552,27816.9324
2025-08-01 02:00:00,169.54,171.817,169.22,171.434,19405.11086901
2025-08-01 03:00:00,171.44,172.182,170.965,171.146,10637.98111881
2025-08-01 04:00:00,171.13,171.13,169.305,169.666,19398.31849585
2025-08-01 05:00:00,169.689,170.28,168.249,169.122,12868.44277765
2025-08-01 06:00:00,169.11,169.611,168.0,169.51,19687.84749883
2025-08-01 07:00:00,169.53,169.949,168.252,169.401,15482.2088
2025-08-01 08:00:00,169.41,169.41,166.19,167.611,33292.64170027
2025-08-01 09:00:00,167.605,168.881,167.207,167.337,18035.26526301
2025-08-01 10:00:00,167.325,168.725,167.071,168.591,16372.0953
2025-08-01 11:00:00,168.592,169.213,167.801,169.193,9855.8284
2025-08-01 12:00:00,169.187,170.337,168.39,169.017,28500.9379
2025-08-01 13:00:00,169.024,169.792,164.836,165.693,30951.981
2025-08-01 14:00:00,165.66,169.679,164.578,169.38,28460.9381
2025-08-01 15:00:00,169.38,169.494,167.086,168.577,32611.79726208
2025-08-01 16:00:00,168.576,169.773,166.509,166.932,26057.5877
2025-08-01 17:00:00,166.921,167.656,165.445,166.57,21850.31419381
2025-08-01 18:00:00,166.549,167.203,165.113,165.78,26705.2421
2025-08-01 19:00:00,165.653,167.574,165.391,166.485,28329.8698
2025-08-01 20:00:00,166.46,166.829,161.747,163.794,39138.379512
2025-08-01 21:00:00,163.816,164.891,163.553,163.913,15912.4391
2025-08-01 22:00:00,163.907,164.0,159.213,161.273,63617.5644
2025-08-01 23:00:00,161.274,163.042,160.963,162.707,15472.5699
2025-08-02 00:00:00,162.707,164.643,162.57,164.643,15760.907
2025-08-02 01:00:00,164.644,164.834,163.803,164.768,9128.3953
2025-08-02 02:00:00,164.767,165.0,164.268,164.55,7351.7164
2025-08-02 03:00:00,164.597,164.879,164.151,164.378,8351.9371
2025-08-02 04:00:00,164.384,165.247,163.97,165.161,6611.8975
2025-08-02 05:00:00,165.161,165.206,164.578,164.7,5419.3261
2025-08-02 06:00:00,164.705,164.77,161.832,162.791,15832.4024
2025-08-02 07:00:00,162.77,164.49,161.901,164.44,14828.9843
2025-08-02 08:00:00,164.464,164.828,163.484,163.744,9686.6538
2025-08-02 09:00:00,163.725,164.319,163.352,163.777,11467.6984
2025-08-02 10:00:00,163.777,163.933,162.237,163.059,12155.9756
2025-08-02 11:00:00,163.059,165.112,162.254,164.529,14755.1445
2025-08-02 12:00:00,164.488,164.605,163.501,164.39,17972.4251
2025-08-02 13:00:00,164.358,164.929,163.609,164.46,12613.4382
2025-08-02 14:00:00,164.5,164.74,162.262,162.67,29106.3857
2025-08-02 15:00:00,162.66,163.749,161.05,161.463,18544.1141
2025-08-02 16:00:00,161.535,162.053,160.181,161.539,22093.6235
2025-08-02 17:00:00,161.538,162.178,158.404,159.351,27664.0708
2025-08-02 18:00:00,159.34,159.733,155.84,156.639,57263.14677734
2025-08-02 19:00:00,156.63,158.513,155.99,157.443,24676.8173804
2025-08-02 20:00:00,157.435,158.998,157.391,158.967,17555.4016
2025-08-02 21:00:00,158.984,159.541,158.09,158.896,16650.7464
2025-08-02 22:00:00,158.88,159.788,157.732,159.05,13097.3605
2025-08-02 23:00:00,159.066,159.295,157.075,158.49,14808.686
2025-08-03 00:00:00,158.481,159.785,156.304,159.69,20307.4881
2025-08-03 01:00:00,159.663,160.213,159.162,159.606,13658.6143
2025-08-03 02:00:00,159.548,160.738,159.521,160.6,9994.11430684
2025-08-03 03:00:00,160.573,161.054,160.4,160.852,7029.8971
2025-08-03 04:00:00,160.855,160.927,160.01,160.424,8132.2793
2025-08-03 05:00:00,160.431,160.939,160.162,160.35,9130.6911
2025-08-03 06:00:00,160.351,160.792,160.049,160.569,5646.1271
2025-08-03 07:00:00,160.569,161.615,160.569,161.372,18938.8937
2025-08-03 08:00:00,161.379,161.775,160.868,161.403,11148.2794
2025-08-03 09:00:00,161.402,161.521,160.697,161.171,7097.5661
2025-08-03 10:00:00,161.171,161.798,161.141,161.668,6929.1839
2025-08-03 11:00:00,161.653,162.904,161.435,161.471,11456.23217969
2025-08-03 12:00:00,161.452,162.226,160.909,161.806,10917.1367
2025-08-03 13:00:00,161.807,162.346,160.665,161.355,13683.6144927
2025-08-03 14:00:00,161.356,161.6,160.383,161.339,17238.4703
2025-08-03 15:00:00,161.34,162.275,160.785,162.103,12673.423
2025-08-03 16:00:00,162.102,162.317,161.131,162.175,14612.0674
2025-08-03 17:00:00,162.188,162.739,161.753,162.188,14587.6451
2025-08-03 18:00:00,162.188,162.235,161.33,161.98,10722.7464
2025-08-03 19:00:00,162.006,162.708,161.41,161.649,14690.8199
2025-08-03 20:00:00,161.649,161.751,160.622,161.462,19415.9274
2025-08-03 21:00:00,161.46,162.198,161.241,162.05,8258.6223
2025-08-03 22:00:00,162.03,162.426,160.977,161.91,11154.5203
2025-08-03 23:00:00,161.905,163.12,161.641,161.946,16887.583
2025-08-04 00:00:00,161.975,164.639,161.439,164.526,23406.021
2025-08-04 01:00:00,164.55,164.963,163.143,163.323,18901.487
2025-08-04 02:00:00,163.324,164.33,162.608,164.31,11233.9616
2025-08-04 03:00:00,164.33,164.386,162.868,163.014,7731.1708
2025-08-04 04:00:00,162.994,163.418,162.228,162.317,9767.83289565
2025-08-04 05:00:00,162.323,162.426,161.519,162.249,12397.4256
2025-08-04 06:00:00,162.242,162.443,161.296,162.25,16760.8316
2025-08-04 07:00:00,162.214,163.297,162.064,163.04,15715.6343
2025-08-04 08:00:00,163.053,164.059,162.675,163.748,16212.0069
2025-08-04 09:00:00,163.757,164.06,162.457,162.482,9022.90613403
2025-08-04 10:00:00,162.475,163.005,162.153,162.397,9007.4982
2025-08-04 11:00:00,162.357,162.576,161.666,162.38,9931.4937
2025-08-04 12:00:00,162.381,163.674,162.149,163.674,12242.4078
2025-08-04 13:00:00,163.676,165.793,163.21,165.471,35319.9559
2025-08-04 14:00:00,165.471,166.909,164.539,165.036,55687.252
2025-08-04 15:00:00,165.052,166.014,164.566,165.5,21561.4857
2025-08-04 16:00:00,165.493,168.17,165.482,168.022,27054.9406
2025-08-04 17:00:00,168.067,169.797,167.638,167.86,35726.6368
2025-08-04 18:00:00,167.781,168.138,166.452,166.663,17602.89688209
2025-08-04 19:00:00,166.652,166.652,165.032,165.66,16009.06559732
2025-08-04 20:00:00,165.642,168.426,165.32,167.295,21070.3056
2025-08-04 21:00:00,167.277,168.793,167.277,168.524,16878.5244
2025-08-04 22:00:00,168.524,169.539,168.254,169.492,18684.084
2025-08-04 23:00:00,169.47,169.765,168.958,169.562,16595.37888281
2025-08-05 00:00:00,169.639,169.741,168.594,169.276,14845.31789321
2025-08-05 01:00:00,169.304,169.96,168.166,168.195,12627.4216
2025-08-05 02:00:00,168.22,169.43,167.971,169.415,9865.171
2025-08-05 03:00:00,169.41,169.415,167.589,167.915,11939.439
2025-08-05 04:00:00,167.902,168.464,167.23,167.48,12469.86042919
2025-08-05 05:00:00,167.471,168.563,167.421,168.426,8600.16374427
2025-08-05 06:00:00,168.418,169.255,167.346,167.715,13887.6549
2025-08-05 07:00:00,167.717,168.512,165.804,166.222,20223.26729508
2025-08-05 08:00:00,166.2,167.226,165.675,166.843,13653.11363201
2025-08-05 09:00:00,166.831,169.362,166.79,168.861,18782.6959
2025-08-05 10:00:00,168.869,171.71,168.432,170.988,28549.8559
2025-08-05 11:00:00,171.027,171.62,170.557,170.868,13635.885
2025-08-05 12:00:00,170.887,171.044,166.791,167.275,30235.7541
2025-08-05 13:00:00,167.202,168.124,166.657,167.76,22029.62168339
2025-08-05 14:00:00,167.742,167.8,163.627,164.302,49200.07767866
2025-08-05 15:00:00,164.301,165.305,162.969,163.759,31544.31512936
2025-08-05 16:00:00,163.74,164.716,162.765,163.838,23396.99123554
2025-08-05 17:00:00,163.838,164.969,163.373,164.819,18074.4695
2025-08-05 18:00:00,164.765,164.941,163.001,164.005,21960.2903
2025-08-05 19:00:00,164.006,164.529,162.284,162.769,16452.7813
2025-08-05 20:00:00,162.751,163.683,162.357,162.6,12645.1484
2025-08-05 21:00:00,162.581,163.437,161.599,162.38,11969.3541
2025-08-05 22:00:00,162.379,163.851,161.3,163.851,16838.7987
2025-08-05 23:00:00,163.851,164.52,163.617,164.053,13251.98198316
2025-08-06 00:00:00,164.078,164.136,162.55,162.722,10368.7647
2025-08-06 01:00:00,162.737,163.089,161.729,162.852,19193.5019
2025-08-06 02:00:00,162.851,163.276,161.901,162.674,9251.5673
2025-08-06 03:00:00,162.692,162.776,161.132,161.863,18799.5598
2025-08-06 04:00:00,161.851,162.546,161.265,162.424,10719.3052
2025-08-06 05:00:00,162.437,164.78,162.15,164.255,29031.3309
2025-08-06 06:00:00,164.257,164.299,163.433,163.911,11297.3859
2025-08-06 07:00:00,163.987,164.6,163.63,164.26,15191.2595
2025-08-06 08:00:00,164.26,164.507,162.757,163.316,17066.7663
2025-08-06 09:00:00,163.316,164.529,162.942,163.988,11607.0605
2025-08-06 10:00:00,163.981,164.169,162.917,163.668,14068.3186
2025-08-06 11:00:00,163.642,164.632,163.245,164.197,12647.1666
2025-08-06 12:00:00,164.204,164.692,162.661,163.278,19484.9516
2025-08-06 13:00:00,163.328,164.713,163.1,164.33,31845.061
2025-08-06 14:00:00,164.339,168.0,163.982,167.894,48544.9468
2025-08-06 15:00:00,167.884,169.39,167.209,169.037,41090.4698
2025-08-06 16:00:00,169.038,169.458,167.304,167.77,28765.96801214
2025-08-06 17:00:00,167.73,169.162,167.187,169.125,17963.19366933
2025-08-06 18:00:00,169.121,169.93,168.395,168.521,18269.34622737
2025-08-06 19:00:00,168.522,169.092,167.966,168.815,20208.3556
2025-08-06 20:00:00,168.815,168.84,167.764,168.0,10946.01986995
2025-08-06 21:00:00,167.986,168.762,167.327,168.026,14454.4741
2025-08-06 22:00:00,168.059,168.5,167.87,168.411,8701.3945
2025-08-06 23:00:00,168.411,168.439,167.923,168.111,7562.2001
2025-08-07 00:00:00,168.108,168.417,167.538,167.873,7019.3364
2025-08-07 01:00:00,167.89,168.987,167.693,167.871,13018.9254
2025-08-07 02:00:00,167.871,168.009,166.761,167.071,19173.8915
2025-08-07 03:00:00,167.071,167.68,166.703,166.906,17592.9805
2025-08-07 04:00:00,166.898,167.581,166.777,167.143,11327.1893
2025-08-07 05:00:00,167.143,168.749,166.914,168.746,8378.0265
2025-08-07 06:00:00,168.746,169.7,168.591,169.153,18621.8956
2025-08-07 07:00:00,169.18,170.339,169.158,169.992,18491.4732
2025-08-07 08:00:00,169.991,170.527,169.251,169.382,11575.5755
2025-08-07 09:00:00,169.383,169.733,169.069,169.634,10262.6155
2025-08-07 10:00:00,169.634,173.3,169.415,173.08,53397.06743601
2025-08-07 11:00:00,173.08,173.43,172.508,172.771,31825.96239139
2025-08-07 12:00:00,172.771,173.1,171.56,172.42,40619.2107
2025-08-07 13:00:00,172.428,172.621,171.31,171.708,34486.291
2025-08-07 14:00:00,171.693,171.771,169.932,170.276,25516.7881
2025-08-07 15:00:00,170.29,170.8,169.708,170.472,16715.518
2025-08-07 16:00:00,170.472,170.576,167.017,168.211,24194.4108
2025-08-07 17:00:00,168.203,169.528,167.968,169.409,22309.3342
2025-08-07 18:00:00,169.409,169.951,168.757,169.857,12533.9452
2025-08-07 19:00:00,169.834,171.88,169.801,171.76,25820.5767
2025-08-07 20:00:00,171.75,173.144,171.504,172.923,32337.13099485
2025-08-07 21:00:00,172.93,174.19,172.518,173.531,33610.14392841
2025-08-07 22:00:00,173.531,175.154,173.531,175.08,22363.4276
2025-08-07 23:00:00,175.081,175.482,174.391,175.349,13466.8891
2025-08-08 00:00:00,175.349,175.54,173.597,174.275,33266.6684
2025-08-08 01:00:00,174.274,174.825,173.424,174.525,27346.236
2025-08-08 02:00:00,174.518,175.247,173.846,174.838,15118.1064
2025-08-08 03:00:00,174.82,175.904,174.501,174.72,17761.1691
2025-08-08 04:00:00,174.719,175.194,173.909,174.389,12385.2591
2025-08-08 05:00:00,174.381,174.786,174.088,174.21,13465.075
2025-08-08 06:00:00,174.21,175.106,173.891,175.042,13015.3804
2025-08-08 07:00:00,175.049,177.814,174.341,177.132,22227.975
2025-08-08 08:00:00,177.132,177.796,174.907,175.383,21315.3939
2025-08-08 09:00:00,175.381,176.12,175.03,176.069,12461.2269
2025-08-08 10:00:00,176.051,177.015,175.724,176.647,12851.05658405
2025-08-08 11:00:00,176.647,177.941,176.571,177.665,11901.8439
2025-08-08 12:00:00,177.64,177.643,176.124,176.434,14180.0762
2025-08-08 13:00:00,176.406,178.738,175.468,178.637,38835.1306
2025-08-08 14:00:00,178.625,179.081,175.456,176.513,47582.24591276
2025-08-08 15:00:00,176.521,176.689,174.217,175.21,25832.44786232
2025-08-08 16:00:00,175.219,176.309,175.21,175.889,24088.0458
2025-08-08 17:00:00,175.888,179.346,175.564,179.312,29014.9762
2025-08-08 18:00:00,179.347,179.63,177.22,177.569,33459.6121
2025-08-08 19:00:00,177.576,178.473,177.4,178.465,15500.8358
2025-08-08 20:00:00,178.463,178.734,177.255,178.246,19130.8799
2025-08-08 21:00:00,178.246,178.6,177.434,177.585,19440.2121
2025-08-08 22:00:00,177.586,178.042,177.021,177.611,15207.32948117
2025-08-08 23:00:00,177.611,177.892,176.641,176.783,9826.33089728
2025-08-09 00:00:00,176.782,177.21,176.641,176.938,6758.3809
2025-08-09 01:00:00,176.937,179.014,176.688,178.691,10896.1485
2025-08-09 02:00:00,178.683,178.71,177.585,177.654,8149.8775
2025-08-09 03:00:00,177.599,177.753,177.072,177.288,5785.9329
2025-08-09 04:00:00,177.288,178.818,176.97,178.62,13355.966
2025-08-09 05:00:00,178.666,182.109,178.265,180.839,48881.41
2025-08-09 06:00:00,180.839,180.903,179.301,179.616,21973.42364549
2025-08-09 07:00:00,179.585,180.739,179.442,180.643,17409.93247712
2025-08-09 08:00:00,180.643,181.659,180.412,181.39,24263.3437
2025-08-09 09:00:00,181.39,182.698,181.101,182.265,20973.83166144
2025-08-09 10:00:00,182.265,183.373,181.8,181.889,40012.77324729
2025-08-09 11:00:00,181.89,182.01,180.69,180.79,17987.97146031
2025-08-09 12:00:00,180.79,182.186,180.37,182.186,28203.8362
2025-08-09 13:00:00,182.186,182.45,179.819,179.822,24718.4779
2025-08-09 14:00:00,179.823,181.2,178.962,181.165,21520.9322
2025-08-09 15:00:00,181.153,181.64,179.788,180.088,19554.5234
2025-08-09 16:00:00,180.094,180.83,179.481,179.657,16852.9148
2025-08-09 17:00:00,179.656,181.947,179.65,181.611,17410.1556
2025-08-09 18:00:00,181.611,182.208,181.238,181.906,12004.201
2025-08-09 19:00:00,181.906,182.677,181.462,182.14,19449.2593
2025-08-09 20:00:00,182.129,183.437,181.476,183.055,23268.1693
2025-08-09 21:00:00,183.056,183.299,180.642,181.25,17461.6832
2025-08-09 22:00:00,181.239,182.493,179.929,180.147,24493.1218
2025-08-09 23:00:00,180.147,180.44,179.738,179.951,19152.3297
2025-08-10 00:00:00,179.951,182.829,179.822,182.449,18286.57794491
2025-08-10 01:00:00,182.449,184.611,181.654,184.433,24838.43600882
2025-08-10 02:00:00,184.479,185.0,182.937,183.289,30889.32698049
2025-08-10 03:00:00,183.278,185.964,183.252,184.966,87067.3565
2025-08-10 04:00:00,184.962,186.15,184.363,185.037,45468.0479
2025-08-10 05:00:00,185.037,185.162,181.71,182.016,33333.03623872
2025-08-10 06:00:00,182.03,182.399,180.381,181.116,24805.71408482
2025-08-10 07:00:00,181.117,181.541,177.84,178.95,36969.289
2025-08-10 08:00:00,178.949,180.762,177.543,180.416,24179.0722
2025-08-10 09:00:00,180.42,181.044,180.09,180.44,11855.8675
2025-08-10 10:00:00,180.463,180.594,178.84,179.471,14638.3525
2025-08-10 11:00:00,179.479,180.692,178.731,179.975,16899.206
2025-08-10 12:00:00,179.968,180.325,179.159,179.531,19121.28419956
2025-08-10 13:00:00,179.521,180.307,178.863,178.863,11059.4436
2025-08-10 14:00:00,178.862,182.352,178.541,181.514,19171.8327
2025-08-10 15:00:00,181.515,182.4,181.139,181.563,26915.4418
2025-08-10 16:00:00,181.537,182.254,181.24,182.254,12081.4203
2025-08-10 17:00:00,182.253,182.468,181.357,181.689,13983.5186
2025-08-10 18:00:00,181.69,182.919,181.665,182.71,15109.2556
2025-08-10 19:00:00,182.71,183.337,182.346,182.8,13626.4487
2025-08-10 20:00:00,182.8,183.396,181.284,182.742,31961.3625
2025-08-10 21:00:00,182.739,183.919,181.427,183.494,27045.38944693
2025-08-10 22:00:00,183.497,183.676,182.64,183.121,12177.9147
2025-08-10 23:00:00,183.124,183.553,182.1,182.67,11637.0431
2025-08-11 00:00:00,182.671,183.18,181.501,181.501,13731.5684
2025-08-11 01:00:00,181.5,183.867,181.3,183.691,16841.5345
2025-08-11 02:00:00,183.691,185.76,183.596,185.231,51407.3883927
2025-08-11 03:00:00,185.239,185.524,183.876,185.099,34489.4701
2025-08-11 04:00:00,185.1,186.422,185.1,185.838,29538.2909
2025-08-11 05:00:00,185.839,186.77,184.88,185.301,23167.19051213
2025-08-11 06:00:00,185.302,185.566,184.403,184.747,24708.7931
2025-08-11 07:00:00,184.747,184.895,182.791,182.962,14759.79235553
2025-08-11 08:00:00,182.961,184.602,182.117,184.22,18795.58179874
2025-08-11 09:00:00,184.24,184.31,182.83,183.14,3261.5555
2025-08-11 10:00:00,183.13,183.19,181.61,181.9,11590.07377599
2025-08-11 11:00:00,181.89,182.14,178.36,179.07,32933.3991
2025-08-11 12:00:00,179.06,179.56,177.84,178.78,32392.4854
2025-08-11 13:00:00,178.83,180.08,177.257,179.6,34365.80445125
2025-08-11 14:00:00,179.62,180.54,178.42,178.77,29457.55307518
2025-08-11 15:00:00,178.77,180.19,177.65,180.19,20700.47444389
2025-08-11 16:00:00,180.2,181.75,178.36,179.05,24686.171
2025-08-11 17:00:00,179.02,179.54,178.07,178.19,15682.5238928
2025-08-11 18:00:00,178.2,178.34,176.68,178.24,21645.72659847
2025-08-11 19:00:00,178.23,178.31,175.548,176.64,20065.9148
2025-08-11 20:00:00,176.63,176.85,175.7,176.19,15840.2334
2025-08-11 21:00:00,176.17,176.52,173.95,175.09,20743.2127
2025-08-11 22:00:00,175.09,175.16,173.48,174.7,21809.5351
2025-08-11 23:00:00,174.71,175.12,174.5,174.88,10215.60049889
2025-08-12 00:00:00,174.86,175.97,174.66,175.73,16196.733
2025-08-12 01:00:00,175.72,176.43,175.02,176.17,8390.02
2025-08-12 02:00:00,176.17,176.77,175.6,176.23,8324.565
2025-08-12 03:00:00,176.24,176.29,175.44,175.54,8659.90271575
2025-08-12 04:00:00,175.54,176.68,175.31,176.31,11003.63090416
2025-08-12 05:00:00,176.3,176.3,174.04,174.86,21700.793
2025-08-12 06:00:00,174.86,175.37,173.66,174.6,13194.46
2025-08-12 07:00:00,174.62,176.09,174.62,175.89,11500.01756813
2025-08-12 08:00:00,175.9,176.5,175.35,175.75,12472.84400314
2025-08-12 09:00:00,175.76,175.76,174.41,174.57,23664.554
2025-08-12 10:00:00,174.57,175.12,173.91,174.79,24534.00493238
2025-08-12 11:00:00,174.79,175.36,173.73,175.25,9286.5229
2025-08-12 12:00:00,175.25,178.69,174.75,177.92,41368.736
2025-08-12 13:00:00,177.94,178.54,176.0,176.56,48232.613
2025-08-12 14:00:00,176.56,179.73,176.28,179.61,35669.22940665
2025-08-12 15:00:00,179.61,182.03,179.21,181.67,46101.735
2025-08-12 16:00:00,181.69,185.37,180.78,184.8,50746.91138505
2025-08-12 17:00:00,184.86,186.58,184.72,185.83,50035.6074
2025-08-12 18:00:00,185.83,189.1,185.83,188.1,79838.8612
2025-08-12 19:00:00,188.1,191.1,188.06,190.56,29257.25367019
2025-08-12 20:00:00,190.61,191.63,189.56,191.53,29009.46993895
2025-08-12 21:00:00,191.53,193.716,190.51,192.46,40695.7429
2025-08-12 22:00:00,192.47,193.27,190.97,191.62,31074.599
2025-08-12 23:00:00,191.63,192.89,191.19,191.74,18491.1926
2025-08-13 00:00:00,191.75,194.72,191.42,193.93,24056.45679949
2025-08-13 01:00:00,193.95,194.98,191.95,194.23,30760.3748
2025-08-13 02:00:00,194.23,198.6,193.33,198.55,44161.1681
2025-08-13 03:00:00,198.55,199.48,196.77,197.71,42484.42087237
2025-08-13 04:00:00,197.72,200.0,197.22,198.7,25912.3131
2025-08-13 05:00:00,198.7,198.73,195.96,196.5,32779.49479315
2025-08-13 06:00:00,196.49,196.7,195.17,195.77,16351.9767
2025-08-13 07:00:00,195.8,198.74,195.78,198.72,13059.73199984
2025-08-13 08:00:00,198.72,198.96,197.63,198.92,16393.2064
2025-08-13 09:00:00,198.92,202.661,198.91,202.12,35731.4227
2025-08-13 10:00:00,202.15,202.15,200.86,201.54,18246.7872
2025-08-13 11:00:00,201.54,201.93,200.28,200.97,11273.578
2025-08-13 12:00:00,200.97,202.52,200.62,201.13,19759.9192
2025-08-13 13:00:00,201.14,204.92,200.56,202.5,54820.3097
2025-08-13 14:00:00,202.51,202.85,195.99,196.2,51292.91925994
2025-08-13 15:00:00,196.21,198.64,194.48,197.44,31611.1
2025-08-13 16:00:00,197.44,199.95,197.03,198.0,29456.0876
2025-08-13 17:00:00,198.0,200.13,197.96,199.03,14049.1718
2025-08-13 18:00:00,199.05,200.71,197.85,199.44,24077.686
2025-08-13 19:00:00,199.42,202.21,198.9,202.08,25144.325
2025-08-13 20:00:00,202.09,202.23,199.88,200.32,14030.8460945
2025-08-13 21:00:00,200.33,201.49,200.12,200.96,13295.149
2025-08-13 22:00:00,200.99,202.81,200.08,200.56,21420.961
2025-08-13 23:00:00,200.53,203.35,200.42,201.51,15834.7735
2025-08-14 00:00:00,201.52,203.95,200.63,201.47,28034.267
2025-08-14 01:00:00,201.47,204.67,200.59,202.62,25409.3881
2025-08-14 02:00:00,202.57,208.01,201.77,207.09,36964.432
2025-08-14 03:00:00,207.08,209.06,206.04,207.91,31368.6009
2025-08-14 04:00:00,207.91,209.85,207.3,208.15,32924.52168373
2025-08-14 05:00:00,208.15,209.69,206.32,206.57,31879.78939791
2025-08-14 06:00:00,206.56,207.93,204.05,207.55,27595.1
2025-08-14 07:00:00,207.54,207.99,204.67,205.62,22373.6534
2025-08-14 08:00:00,205.64,205.82,202.46,203.36,25330.97353717
2025-08-14 09:00:00,203.39,205.57,202.57,205.39,21820.4169
2025-08-14 10:00:00,205.37,205.65,201.79,202.73,28385.39730905
2025-08-14 11:00:00,202.71,203.89,201.87,203.6,19441.09839954
2025-08-14 12:00:00,203.6,205.45,189.12,194.44,177502.81008899
2025-08-14 13:00:00,194.42,196.85,186.89,194.93,98528.49023247
2025-08-14 14:00:00,194.91,198.93,193.54,196.59,32959.28885121
2025-08-14 15:00:00,196.59,196.84,194.54,194.87,32132.6044
2025-08-14 16:00:00,194.86,195.06,190.56,193.33,33695.66
2025-08-14 17:00:00,193.33,195.48,191.55,193.8,27419.606
2025-08-14 18:00:00,193.78,194.58,191.38,193.56,18724.69918257
2025-08-14 19:00:00,193.56,195.18,192.82,192.9,16888.063
2025-08-14 20:00:00,192.91,193.23,191.62,192.23,14280.925
2025-08-14 21:00:00,192.2,192.2,187.6,190.36,61523.256
2025-08-14 22:00:00,190.29,192.03,189.35,191.86,16272.82
2025-08-14 23:00:00,191.85,193.14,191.72,192.49,11657.86
2025-08-15 00:00:00,192.48,193.93,191.99,192.75,13568.427
2025-08-15 01:00:00,192.71,194.28,192.1,193.71,15816.736
2025-08-15 02:00:00,193.64,194.38,193.12,193.37,11461.899
2025-08-15 03:00:00,193.39,195.61,192.95,195.19,14397.08742196
2025-08-15 04:00:00,195.19,195.97,194.57,194.98,13545.6211906
2025-08-15 05:00:00,195.0,196.48,194.47,196.48,13000.1616
2025-08-15 06:00:00,196.47,198.06,196.32,197.43,27107.936
2025-08-15 07:00:00,197.42,197.86,196.22,197.0,24235.2705
2025-08-15 08:00:00,197.0,197.6,196.41,196.55,21377.644
2025-08-15 09:00:00,196.54,197.13,193.63,194.19,21096.645
2025-08-15 10:00:00,194.2,195.98,194.15,194.64,11274.8217
2025-08-15 11:00:00,194.64,195.34,193.75,194.31,11769.143
2025-08-15 12:00:00,194.32,196.1,192.35,193.47,31530.139
2025-08-15 13:00:00,193.46,193.85,190.21,190.57,30632.083
2025-08-15 14:00:00,190.48,191.97,187.19,187.53,34911.59249305
2025-08-15 15:00:00,187.58,188.1,184.39,185.55,48171.9179
2025-08-15 16:00:00,185.53,185.99,183.43,185.57,37332.459
2025-08-15 17:00:00,185.57,186.9,184.0,185.85,20999.136
2025-08-15 18:00:00,185.85,186.27,183.38,184.17,21822.25489488
2025-08-15 19:00:00,184.17,185.9,183.4,183.92,17500.6048391
2025-08-15 20:00:00,183.9,185.0,183.38,184.82,13462.79984222
2025-08-15 21:00:00,184.81,185.68,183.97,185.65,11135.456
2025-08-15 22:00:00,185.65,187.89,185.23,187.73,13661.630985
2025-08-15 23:00:00,187.73,188.26,184.19,185.75,21922.415
2025-08-16 00:00:00,185.75,187.78,185.35,187.49,12347.728
2025-08-16 01:00:00,187.48,188.16,186.53,187.97,10973.272
2025-08-16 02:00:00,187.97,188.09,186.89,186.94,14893.078
2025-08-16 03:00:00,186.94,188.34,186.75,187.13,13933.604
2025-08-16 04:00:00,187.13,188.07,186.82,188.07,7761.949
2025-08-16 05:00:00,188.07,188.11,186.06,186.16,8905.076
2025-08-16 06:00:00,186.17,187.65,186.13,187.36,10892.179
2025-08-16 07:00:00,187.37,189.58,187.22,189.09,17568.984
2025-08-16 08:00:00,189.12,189.22,187.71,188.4,12096.74399505
2025-08-16 09:00:00,188.4,188.56,185.93,186.07,15444.29332455
2025-08-16 10:00:00,186.06,186.92,185.38,186.59,20868.837
2025-08-16 11:00:00,186.6,187.32,185.56,185.73,10676.051
2025-08-16 12:00:00,185.75,186.89,185.21,186.65,15160.254
2025-08-16 13:00:00,186.64,188.48,186.6,187.39,18059.33206485
2025-08-16 14:00:00,187.4,189.17,186.94,188.86,16891.354
2025-08-16 15:00:00,188.81,189.44,188.33,188.75,18715.56
2025-08-16 16:00:00,188.79,189.35,187.87,187.93,13858.186
2025-08-16 17:00:00,187.94,188.06,187.09,187.99,10095.61705681
2025-08-16 18:00:00,187.98,188.64,187.6,188.14,8224.082
2025-08-16 19:00:00,188.15,189.2,188.04,188.7,12806.3641
2025-08-16 20:00:00,188.69,189.2,188.38,189.11,6406.458
2025-08-16 21:00:00,189.1,189.1,188.28,188.4,6512.81
2025-08-16 22:00:00,188.41,189.26,187.97,189.07,12585.67316363
2025-08-16 23:00:00,189.06,190.05,188.56,189.61,10849.79655477
2025-08-17 00:00:00,189.62,189.68,188.1,188.16,9228.347
2025-08-17 01:00:00,188.16,188.67,187.39,188.41,11152.146
2025-08-17 02:00:00,188.39,191.6,188.0,191.51,21245.088
2025-08-17 03:00:00,191.52,192.0,190.31,191.63,21173.636
2025-08-17 04:00:00,191.64,193.52,191.55,193.41,18445.776
2025-08-17 05:00:00,193.42,193.47,192.51,192.66,24032.42345985
2025-08-17 06:00:00,192.63,192.96,191.89,191.98,10583.75899915
2025-08-17 07:00:00,191.98,192.51,191.35,191.9,9500.637
2025-08-17 08:00:00,191.89,193.54,191.73,193.44,14794.89637912
2025-08-17 09:00:00,193.43,193.64,191.56,192.34,17406.524
2025-08-17 10:00:00,192.34,193.19,191.71,193.15,9669.94745892
2025-08-17 11:00:00,193.13,193.64,192.45,193.57,8220.606
2025-08-17 12:00:00,193.57,193.77,192.01,192.26,17659.815
2025-08-17 13:00:00,192.25,193.56,191.94,193.22,12464.965
2025-08-17 14:00:00,193.22,194.43,192.45,193.73,18295.22425588
2025-08-17 15:00:00,193.74,195.48,193.58,195.45,21113.37
2025-08-17 16:00:00,195.48,195.8,192.85,193.24,22729.378
2025-08-17 17:00:00,193.24,193.69,192.79,193.37,9915.271
2025-08-17 18:00:00,193.37,193.51,190.25,192.08,23603.99
2025-08-17 19:00:00,192.09,193.4,190.89,191.2,23303.82
2025-08-17 20:00:00,191.2,192.0,190.97,191.11,10319.962
2025-08-17 21:00:00,191.12,191.59,190.94,191.25,10277.346
2025-08-17 22:00:00,191.24,193.41,191.12,193.1,14683.507
2025-08-17 23:00:00,193.12,193.27,190.91,191.02,10419.667
2025-08-18 00:00:00,191.02,191.33,189.64,190.17,15263.50091421
2025-08-18 01:00:00,190.16,190.44,186.56,186.57,34551.131
2025-08-18 02:00:00,186.57,186.79,183.48,184.01,46455.54562848
2025-08-18 03:00:00,183.95,184.62,181.84,182.7,30706.24513268
2025-08-18 04:00:00,182.63,183.45,181.6,182.93,18266.465
2025-08-18 05:00:00,182.93,183.53,181.22,182.92,20778.229
2025-08-18 06:00:00,182.92,182.94,180.33,181.38,23684.47
2025-08-18 07:00:00,181.37,181.6,180.25,180.63,12621.791
2025-08-18 08:00:00,180.64,181.62,180.49,180.83,17003.734
2025-08-18 09:00:00,180.84,181.95,180.03,181.21,22897.6365
2025-08-18 10:00:00,181.21,181.39,180.57,180.8,11678.156
2025-08-18 11:00:00,180.8,181.49,180.41,181.38,15057.99649066
2025-08-18 12:00:00,181.37,183.23,181.13,183.2,17788.445
2025-08-18 13:00:00,183.21,183.35,180.54,180.56,17198.245
2025-08-18 14:00:00,180.58,182.61,180.58,182.58,16340.231
2025-08-18 15:00:00,182.57,183.14,181.2,183.12,14277.155
2025-08-18 16:00:00,183.11,184.41,181.79,182.11,19341.414
2025-08-18 17:00:00,182.09,185.67,182.02,184.65,22705.074
2025-08-18 18:00:00,184.65,184.75,183.02,184.36,15176.702
2025-08-18 19:00:00,184.37,184.54,182.79,183.22,13666.583
2025-08-18 20:00:00,183.21,183.76,182.1,183.06,7763.722
2025-08-18 21:00:00,183.03,184.18,182.7,183.81,9247.534
2025-08-18 22:00:00,183.81,185.0,183.79,184.19,15310.798
2025-08-18 23:00:00,184.21,184.59,182.4,182.9,15620.712
2025-08-19 00:00:00,182.93,185.01,181.21,185.0,23324.64
2025-08-19 01:00:00,185.0,185.82,182.65,183.1,18822.86378427
2025-08-19 02:00:00,183.11,183.24,181.99,182.17,12805.129
2025-08-19 03:00:00,182.2,182.21,178.18,178.54,36906.203
2025-08-19 04:00:00,178.54,180.1,177.32,180.08,18579.357
2025-08-19 05:00:00,180.05,180.59,179.32,179.81,15106.7186
2025-08-19 06:00:00,179.8,180.55,179.42,180.09,11773.397
2025-08-19 07:00:00,180.09,180.17,178.96,180.11,16747.21106862
2025-08-19 08:00:00,180.11,180.88,179.13,180.46,13142.692
2025-08-19 09:00:00,180.46,182.44,180.38,181.34,15892.478
2025-08-19 10:00:00,181.34,182.0,181.2,181.38,9313.4051
2025-08-19 11:00:00,181.41,182.79,181.3,182.66,11851.558
2025-08-19 12:00:00,182.66,182.73,181.4,182.04,9601.233
2025-08-19 13:00:00,182.03,183.37,180.68,182.07,22382.627
2025-08-19 14:00:00,182.07,183.0,178.13,178.57,27980.42766481
2025-08-19 15:00:00,178.58,179.86,177.52,177.96,26715.268
2025-08-19 16:00:00,177.98,178.53,176.75,177.17,23528.66378941
2025-08-19 17:00:00,177.17,178.71,176.35,178.15,17670.096
2025-08-19 18:00:00,178.12,178.8,175.85,176.71,18989.237
2025-08-19 19:00:00,176.71,178.29,175.7,176.73,22136.209
2025-08-19 20:00:00,176.75,178.65,175.94,178.65,12606.197
2025-08-19 21:00:00,178.66,179.23,178.23,179.11,11270.325
2025-08-19 22:00:00,179.11,179.52,177.87,179.1,10952.933
2025-08-19 23:00:00,179.1,179.34,175.91,176.24,13201.346
2025-08-20 00:00:00,176.23,178.6,176.07,178.18,13691.324
2025-08-20 01:00:00,178.17,179.78,177.02,179.52,21444.924
2025-08-20 02:00:00,179.56,181.32,179.2,180.79,26907.091
2025-08-20 03:00:00,180.82,181.47,180.06,180.49,17819.315
2025-08-20 04:00:00,180.51,181.69,180.38,180.62,13470.584
2025-08-20 05:00:00,180.62,181.14,179.85,181.09,12826.561
2025-08-20 06:00:00,181.09,181.29,180.18,180.99,11597.771
2025-08-20 07:00:00,181.03,181.64,180.4,180.54,14957.585
2025-08-20 08:00:00,180.54,182.24,180.28,182.06,19682.608
2025-08-20 09:00:00,182.06,182.24,180.83,180.9,38657.72
2025-08-20 10:00:00,180.9,181.7,180.81,181.0,15414.484
2025-08-20 11:00:00,180.99,181.32,178.32,180.28,23897.93698432
2025-08-20 12:00:00,180.28,182.27,180.2,181.87,37500.057
2025-08-20 13:00:00,181.87,181.87,178.69,178.83,50752.578
2025-08-20 14:00:00,178.82,182.51,177.56,181.38,59142.416
2025-08-20 15:00:00,181.36,185.06,181.19,183.02,48537.92654965
2025-08-20 16:00:00,183.04,184.83,183.02,183.75,28620.942
2025-08-20 17:00:00,183.75,186.2,183.61,185.15,35977.629
2025-08-20 18:00:00,185.15,185.61,182.59,183.63,35961.316
2025-08-20 19:00:00,183.61,187.96,183.46,187.57,40512.075
2025-08-20 20:00:00,187.58,187.88,186.31,187.21,38611.97554891
2025-08-20 21:00:00,187.24,187.64,185.81,187.01,20493.069
2025-08-20 22:00:00,187.03,187.64,186.68,187.33,20086.853
2025-08-20 23:00:00,187.31,187.95,186.7,187.93,15830.06360717
2025-08-21 00:00:00,187.94,189.17,187.04,187.91,26128.184
2025-08-21 01:00:00,187.9,189.16,186.8,189.06,22914.63
2025-08-21 02:00:00,189.05,189.95,185.45,186.48,40277.506
2025-08-21 03:00:00,186.48,190.11,186.38,188.43,39165.716
2025-08-21 04:00:00,188.43,188.67,187.13,187.74,21210.512
2025-08-21 05:00:00,187.74,188.14,186.65,188.09,24230.097
2025-08-21 06:00:00,188.09,188.09,186.5,186.58,19027.39113442
2025-08-21 07:00:00,186.58,187.4,185.9,186.96,23328.3586
2025-08-21 08:00:00,186.96,187.01,185.65,185.66,18418.88309843
2025-08-21 09:00:00,185.66,185.71,184.06,184.87,29343.72353694
2025-08-21 10:00:00,184.91,185.2,183.87,184.3,28374.244
2025-08-21 11:00:00,184.3,184.95,183.44,184.0,33668.203
2025-08-21 12:00:00,183.99,184.84,182.76,183.75,30913.282
2025-08-21 13:00:00,183.74,185.8,183.37,184.05,40805.811
2025-08-21 14:00:00,184.09,186.44,183.7,184.84,34696.554
2025-08-21 15:00:00,184.85,185.09,181.49,181.64,27611.886
2025-08-21 16:00:00,181.65,182.43,180.84,180.95,24656.921
2025-08-21 17:00:00,180.98,181.62,179.92,181.17,17468.8006
2025-08-21 18:00:00,181.19,182.3,180.54,182.19,16435.484
2025-08-21 19:00:00,182.19,182.91,179.96,180.17,16280.54082737
2025-08-21 20:00:00,180.15,181.46,179.44,180.83,14512.397
2025-08-21 21:00:00,180.86,181.61,180.01,181.16,8291.67499351
2025-08-21 22:00:00,181.17,181.88,180.93,181.78,8656.865
2025-08-21 23:00:00,181.77,181.77,179.87,180.35,12213.0250003
2025-08-22 00:00:00,180.33,181.8,180.28,181.11,9091.343
2025-08-22 01:00:00,181.14,182.09,180.02,181.97,11626.99695714
2025-08-22 02:00:00,181.97,183.54,181.69,182.63,16243.689
2025-08-22 03:00:00,182.63,183.43,181.43,181.76,12022.071
2025-08-22 04:00:00,181.77,183.38,181.76,182.9,13187.493
2025-08-22 05:00:00,182.91,183.88,182.69,183.66,15281.295
2025-08-22 06:00:00,183.66,184.08,182.39,182.9,18979.647
2025-08-22 07:00:00,182.93,184.3,182.8,183.97,15343.24
2025-08-22 08:00:00,183.97,185.04,183.74,183.76,17540.481
2025-08-22 09:00:00,183.79,184.04,182.48,182.91,15428.644
2025-08-22 10:00:00,182.93,182.95,180.9,181.14,17140.958
2025-08-22 11:00:00,181.17,181.28,179.61,179.65,18418.457
2025-08-22 12:00:00,179.63,179.84,177.28,178.46,33047.2732231
2025-08-22 13:00:00,178.47,181.28,178.07,180.28,24407.93430834
2025-08-22 14:00:00,180.27,193.21,180.26,191.65,178456.43514
2025-08-22 15:00:00,191.64,195.38,191.61,193.45,46681.39935217
2025-08-22 16:00:00,193.47,197.84,193.47,194.89,47794.23599984
2025-08-22 17:00:00,194.95,198.12,194.95,196.87,29410.645
2025-08-22 18:00:00,196.83,197.52,195.66,196.78,23262.006
2025-08-22 19:00:00,196.78,199.71,196.55,198.87,24369.57033037
2025-08-22 20:00:00,198.95,199.56,198.38,199.56,18076.4325566
2025-08-22 21:00:00,199.56,202.33,199.32,200.14,34226.647
2025-08-22 22:00:00,200.13,200.41,198.55,199.4,28695.23199916
2025-08-22 23:00:00,199.4,200.93,199.05,200.63,18664.84427296
2025-08-23 00:00:00,200.64,200.76,198.44,198.52,15530.873
2025-08-23 01:00:00,198.53,198.99,196.71,197.79,21491.14022219
2025-08-23 02:00:00,197.79,198.33,195.24,197.53,26284.366
2025-08-23 03:00:00,197.53,198.69,197.14,198.15,19151.444
2025-08-23 04:00:00,198.15,204.87,198.11,204.56,54494.86917227
2025-08-23 05:00:00,204.56,208.61,204.26,207.49,48779.00887457
2025-08-23 06:00:00,207.49,207.81,205.68,206.46,35232.333
2025-08-23 07:00:00,206.46,207.22,204.92,205.14,24322.617
2025-08-23 08:00:00,205.11,205.6,202.17,203.82,31408.523
2025-08-23 09:00:00,203.81,204.65,203.21,204.47,16254.347
2025-08-23 10:00:00,204.47,204.63,201.83,201.96,17697.21409651
2025-08-23 11:00:00,201.96,203.0,201.55,201.95,14126.71145368
2025-08-23 12:00:00,201.98,203.15,201.07,201.98,17066.085
2025-08-23 13:00:00,201.98,202.43,200.55,201.48,37912.326
2025-08-23 14:00:00,201.51,203.44,200.99,202.73,30156.7348
2025-08-23 15:00:00,202.73,203.78,202.44,202.57,21814.22615095
2025-08-23 16:00:00,202.58,203.55,202.22,203.27,13865.997
2025-08-23 17:00:00,203.27,203.75,202.06,203.27,15583.048
2025-08-23 18:00:00,203.28,204.34,203.23,203.98,18099.2522
2025-08-23 19:00:00,203.98,204.54,203.76,204.09,10064.8193
2025-08-23 20:00:00,204.09,204.23,203.25,203.77,9511.72109757
2025-08-23 21:00:00,203.75,204.08,203.02,203.08,7141.4151
2025-08-23 22:00:00,203.08,203.64,202.85,203.52,6666.77284461
2025-08-23 23:00:00,203.53,204.85,203.53,204.13,11696.317
2025-08-24 00:00:00,204.12,206.73,204.12,206.12,17048.595
2025-08-24 01:00:00,206.12,208.84,204.98,208.1,30171.637
2025-08-24 02:00:00,208.15,211.93,207.57,208.75,35021.0297
2025-08-24 03:00:00,208.78,209.38,207.22,209.02,16542.059
2025-08-24 04:00:00,209.05,210.68,208.42,210.67,16199.4772373
2025-08-24 05:00:00,210.65,210.75,208.08,208.48,21133.02
2025-08-24 06:00:00,208.55,208.82,207.08,207.4,13941.424
2025-08-24 07:00:00,207.38,208.21,206.56,206.64,13971.347
2025-08-24 08:00:00,206.64,208.18,206.12,208.09,15161.165
2025-08-24 09:00:00,208.09,208.95,207.62,208.19,14580.5623
2025-08-24 10:00:00,208.19,208.23,204.53,204.82,31812.491
2025-08-24 11:00:00,204.72,205.34,203.44,204.48,27633.5553
2025-08-24 12:00:00,204.47,204.92,203.6,204.39,15276.24493126
2025-08-24 13:00:00,204.38,205.67,204.24,204.75,19109.264
2025-08-24 14:00:00,204.75,206.46,204.01,206.09,19996.956
2025-08-24 15:00:00,206.08,209.35,205.37,205.67,36043.34383907
2025-08-24 16:00:00,205.62,207.31,205.54,206.65,24822.2397
2025-08-24 17:00:00,206.62,209.78,206.52,209.35,34685.47513999
2025-08-24 18:00:00,209.36,211.94,208.83,211.23,40721.98699575
2025-08-24 19:00:00,211.23,211.89,201.49,205.05,141636.9395759
2025-08-24 20:00:00,205.05,205.35,201.02,203.62,83094.57318625
2025-08-24 21:00:00,203.67,205.65,202.28,204.36,29334.34323129
2025-08-24 22:00:00,204.36,205.49,201.37,205.05,26148.01224732
2025-08-24 23:00:00,205.09,207.13,204.7,206.0,21797.73199939
2025-08-25 00:00:00,206.0,208.14,202.2,203.47,37697.734
2025-08-25 01:00:00,203.49,208.9,203.45,206.97,29680.884
2025-08-25 02:00:00,206.96,213.5,206.71,212.56,41269.33284061
2025-08-25 03:00:00,212.53,212.96,208.8,209.24,24157.995
2025-08-25 04:00:00,209.24,209.7,206.76,207.29,33177.568225
2025-08-25 05:00:00,207.31,207.98,203.53,203.7,28187.26494872
2025-08-25 06:00:00,203.74,204.67,201.79,201.91,35678.745
2025-08-25 07:00:00,201.94,204.39,198.7,199.83,64555.9859
2025-08-25 08:00:00,199.81,200.83,198.16,199.95,35242.92693233
2025-08-25 09:00:00,199.94,200.25,198.23,199.47,23089.879
2025-08-25 10:00:00,199.48,199.48,195.05,195.9,41572.81800135
2025-08-25 11:00:00,195.9,197.58,195.44,197.57,21202.509
2025-08-25 12:00:00,197.56,198.52,196.84,198.04,23806.80145192
2025-08-25 13:00:00,198.04,198.48,195.6,198.25,35331.14998357
2025-08-25 14:00:00,198.24,199.49,196.89,198.33,27176.385
2025-08-25 15:00:00,198.31,198.56,196.15,196.58,22882.778
2025-08-25 16:00:00,196.57,198.37,195.68,196.46,26966.22353993
2025-08-25 17:00:00,196.45,197.34,195.22,196.63,29100.598
2025-08-25 18:00:00,196.69,197.83,196.12,196.46,22380.47
2025-08-25 19:00:00,196.48,196.48,190.98,191.41,62341.694
2025-08-25 20:00:00,191.52,192.13,186.29,186.29,70185.539
2025-08-25 21:00:00,186.29,188.46,186.0,186.42,30026.19188797
2025-08-25 22:00:00,186.43,188.51,185.42,187.03,22542.35
2025-08-25 23:00:00,187.02,187.61,185.74,187.2,13938.149
2025-08-26 00:00:00,187.21,188.64,185.58,186.28,31196.91
2025-08-26 01:00:00,186.3,188.98,185.68,188.27,24398.492
2025-08-26 02:00:00,188.26,189.32,186.92,187.56,19181.17832115
2025-08-26 03:00:00,187.53,187.98,186.45,186.91,12940.56581876
2025-08-26 04:00:00,186.92,188.5,186.92,187.91,17618.76488281
2025-08-26 05:00:00,187.91,189.6,187.91,188.78,14515.654
2025-08-26 06:00:00,188.76,189.6,187.4,187.93,21065.32188702
2025-08-26 07:00:00,187.92,189.9,187.23,188.94,16302.74599191
2025-08-26 08:00:00,188.94,190.35,188.12,188.71,21308.361
2025-08-26 09:00:00,188.71,189.28,187.53,188.03,19331.58143007
2025-08-26 10:00:00,188.03,188.95,187.84,188.63,14884.856
2025-08-26 11:00:00,188.64,189.06,186.68,187.94,19441.898
2025-08-26 12:00:00,187.95,192.19,187.19,190.53,45747.575
2025-08-26 13:00:00,190.56,191.04,187.71,189.39,45926.39526424
2025-08-26 14:00:00,189.4,191.8,188.41,191.53,35303.736
2025-08-26 15:00:00,191.51,192.51,189.96,190.77,27806.826
2025-08-26 16:00:00,190.82,193.73,190.6,193.67,25539.03792332
2025-08-26 17:00:00,193.66,194.23,192.26,193.7,22121.486
2025-08-26 18:00:00,193.71,195.35,193.53,194.84,19639.64565822
2025-08-26 19:00:00,194.86,197.51,194.32,197.43,22222.44184349
2025-08-26 20:00:00,197.41,197.76,195.92,196.35,20025.39498671
2025-08-26 21:00:00,196.36,196.86,195.35,196.78,17315.887
2025-08-26 22:00:00,196.78,197.3,195.8,196.75,17653.11634001
2025-08-26 23:00:00,196.75,198.07,195.61,195.85,17491.849
2025-08-27 00:00:00,195.84,196.21,194.48,194.63,14865.087
2025-08-27 01:00:00,194.62,196.74,193.78,196.26,26575.233
2025-08-27 02:00:00,196.26,199.71,195.61,198.27,37105.4
2025-08-27 03:00:00,198.28,202.84,196.95,201.95,36007.811
2025-08-27 04:00:00,201.94,205.66,201.71,205.16,31909.40160025
2025-08-27 05:00:00,205.17,205.33,202.53,202.85,21591.83943909
2025-08-27 06:00:00,202.86,204.11,201.91,202.23,23102.67595961
2025-08-27 07:00:00,202.23,202.7,200.84,202.42,19811.1488
2025-08-27 08:00:00,202.43,203.61,201.52,203.49,19436.186
2025-08-27 09:00:00,203.46,205.09,203.05,203.88,20909.98789523
2025-08-27 10:00:00,203.9,205.33,203.31,204.09,23109.01
2025-08-27 11:00:00,204.09,205.36,204.09,205.02,13674.881
2025-08-27 12:00:00,205.01,205.61,203.28,204.6,30932.11547573
2025-08-27 13:00:00,204.61,205.92,202.61,204.37,38644.695
2025-08-27 14:00:00,204.48,207.95,203.35,206.69,54764.759
2025-08-27 15:00:00,206.69,209.36,206.26,208.64,34180.41897611
2025-08-27 16:00:00,208.63,209.07,206.6,207.94,21020.343
2025-08-27 17:00:00,207.9,209.96,207.44,209.16,24194.271
2025-08-27 18:00:00,209.17,212.02,208.22,208.33,40440.429451
2025-08-27 19:00:00,208.34,209.25,205.9,206.37,34080.85156259
2025-08-27 20:00:00,206.41,209.45,202.87,208.56,122407.94127854
2025-08-27 21:00:00,208.55,208.74,204.84,205.57,24464.74699953
2025-08-27 22:00:00,205.58,205.7,203.42,204.35,26546.886
2025-08-27 23:00:00,204.33,205.34,202.56,202.97,20413.076
2025-08-28 00:00:00,202.96,205.09,201.74,203.99,31320.085
2025-08-28 01:00:00,203.95,206.43,203.2,205.89,20913.941
2025-08-28 02:00:00,205.9,207.81,205.29,206.24,19040.44695651
2025-08-28 03:00:00,206.25,208.33,206.04,208.13,17824.651
2025-08-28 04:00:00,208.15,212.46,207.47,212.0,52366.8279165
2025-08-28 05:00:00,212.0,213.07,210.75,211.62,43153.095
2025-08-28 06:00:00,211.63,211.86,209.69,211.68,29525.86549313
2025-08-28 07:00:00,211.67,213.25,210.52,213.1,27222.887
2025-08-28 08:00:00,213.09,216.43,212.94,214.19,68071.42969668
2025-08-28 09:00:00,214.18,214.23,211.51,211.6,27893.028
2025-08-28 10:00:00,211.6,213.92,211.33,213.92,19559.17293285
2025-08-28 11:00:00,213.92,213.95,212.42,213.14,15540.13799424
2025-08-28 12:00:00,213.16,214.3,212.02,213.13,30693.971
2025-08-28 13:00:00,213.14,216.88,212.17,212.74,59998.80167864
2025-08-28 14:00:00,212.77,216.0,211.7,215.63,45114.88699951
2025-08-28 15:00:00,215.58,216.02,210.22,211.06,41884.85990102
2025-08-28 16:00:00,211.06,213.97,207.2,207.44,47929.18789523
2025-08-28 17:00:00,207.44,210.71,207.32,210.43,25735.96648774
2025-08-28 18:00:00,210.37,212.7,209.51,212.06,19273.9910086
2025-08-28 19:00:00,212.06,213.01,209.81,209.92,22572.434
2025-08-28 20:00:00,209.95,213.63,209.64,213.21,19845.4020609
2025-08-28 21:00:00,213.24,213.95,211.87,213.71,15450.91799947
2025-08-28 22:00:00,213.72,215.79,213.56,214.19,24667.73009528
2025-08-28 23:00:00,214.19,215.28,213.69,214.38,18953.145
2025-08-29 00:00:00,214.42,217.93,214.1,215.07,43272.871
2025-08-29 01:00:00,215.07,215.41,211.68,213.48,36406.168
2025-08-29 02:00:00,213.48,217.49,212.8,215.28,27253.249
2025-08-29 03:00:00,215.31,217.77,214.24,216.86,19887.777
2025-08-29 04:00:00,216.86,217.91,216.06,217.08,17481.805
2025-08-29 05:00:00,217.1,217.19,214.67,215.78,27134.758
2025-08-29 06:00:00,215.8,216.19,212.71,212.71,54297.509
2025-08-29 07:00:00,212.71,212.71,207.9,208.79,70324.87819612
2025-08-29 08:00:00,208.8,210.05,206.18,206.81,40647.722
2025-08-29 09:00:00,206.8,208.0,205.38,207.72,30922.85302707
2025-08-29 10:00:00,207.71,209.39,206.91,207.59,19876.05
2025-08-29 11:00:00,207.59,209.16,206.76,207.62,17165.942
2025-08-29 12:00:00,207.64,214.92,207.14,211.89,62251.17808177
2025-08-29 13:00:00,211.87,211.99,207.72,208.99,52012.39
2025-08-29 14:00:00,209.0,210.99,206.86,207.52,50351.68270663
2025-08-29 15:00:00,207.59,210.56,203.83,204.47,41714.686
2025-08-29 16:00:00,204.5,205.49,202.76,204.9,40603.3906
2025-08-29 17:00:00,204.85,204.88,202.1,202.53,20945.002
2025-08-29 18:00:00,202.52,203.24,201.38,202.11,21749.237
2025-08-29 19:00:00,202.1,204.56,201.66,203.01,28012.9
2025-08-29 20:00:00,202.97,203.51,200.42,201.01,33031.49672657
2025-08-29 21:00:00,201.01,203.99,199.9,203.75,23887.87595907
2025-08-29 22:00:00,203.75,203.97,202.48,203.15,9348.686
2025-08-29 23:00:00,203.15,205.48,203.15,205.1,12290.11689203
2025-08-30 00:00:00,205.12,205.41,203.59,205.04,25405.657
2025-08-30 01:00:00,205.04,205.18,201.0,201.11,23200.237
2025-08-30 02:00:00,201.16,203.67,200.71,203.3,17339.99947645
2025-08-30 03:00:00,203.32,206.63,203.21,205.6,21987.48569822
2025-08-30 04:00:00,205.61,206.51,204.67,204.67,15945.841
2025-08-30 05:00:00,204.67,207.04,204.39,206.1,15826.594
2025-08-30 06:00:00,206.11,206.68,205.05,205.09,13995.575
2025-08-30 07:00:00,205.1,205.71,204.49,205.15,11989.33695697
2025-08-30 08:00:00,205.13,205.54,202.67,203.01,16071.282
2025-08-30 09:00:00,203.02,203.35,201.5,202.39,24934.425
2025-08-30 10:00:00,202.42,203.29,201.81,202.74,11618.258
2025-08-30 11:00:00,202.74,202.9,201.8,202.66,10678.271
2025-08-30 12:00:00,202.65,202.69,199.3,200.61,26363.71
2025-08-30 13:00:00,200.62,200.64,197.56,199.18,32057.539
2025-08-30 14:00:00,199.17,200.52,198.28,199.95,17179.739
2025-08-30 15:00:00,199.98,201.65,199.52,201.07,18418.947
2025-08-30 16:00:00,201.07,201.07,199.77,200.4,10105.379
2025-08-30 17:00:00,200.4,201.61,200.02,200.92,13387.701
2025-08-30 18:00:00,200.92,201.59,200.53,201.07,13015.364
2025-08-30 19:00:00,201.06,201.45,200.64,201.26,9631.789
2025-08-30 20:00:00,201.26,201.31,199.77,200.67,8526.852
2025-08-30 21:00:00,200.67,201.25,200.24,200.61,9337.68552513
2025-08-30 22:00:00,200.61,201.47,200.08,201.44,8632.317
2025-08-30 23:00:00,201.44,203.36,201.36,202.73,24415.604
2025-08-31 00:00:00,202.73,205.95,202.72,205.43,28452.268
2025-08-31 01:00:00,205.42,206.61,204.21,206.41,22174.70053381
2025-08-31 02:00:00,206.41,206.65,204.92,205.03,11949.749
2025-08-31 03:00:00,205.04,205.69,204.83,205.58,8084.179
2025-08-31 04:00:00,205.58,205.64,203.5,204.42,8888.66358725
2025-08-31 05:00:00,204.42,204.88,203.92,204.63,7765.80140447
2025-08-31 06:00:00,204.64,204.86,202.77,202.93,13471.42299186
2025-08-31 07:00:00,202.94,203.91,202.92,203.54,7253.622
2025-08-31 08:00:00,203.54,205.88,203.53,205.82,17787.39299181
2025-08-31 09:00:00,205.82,205.85,203.95,204.05,14356.8294964
2025-08-31 10:00:00,204.06,204.52,202.56,203.52,22569.386
2025-08-31 11:00:00,203.55,203.82,202.25,203.67,15519.03684133
2025-08-31 12:00:00,203.65,203.79,202.46,203.41,14179.792
2025-08-31 13:00:00,203.33,203.8,201.78,202.13,23662.43696926
2025-08-31 14:00:00,202.12,203.92,201.54,203.75,13091.139
2025-08-31 15:00:00,203.76,204.85,203.61,204.55,17457.07364914
2025-08-31 16:00:00,204.58,205.29,203.69,205.11,12836.632
2025-08-31 17:00:00,205.12,205.63,204.52,204.96,14129.01197467
2025-08-31 18:00:00,204.95,205.68,203.95,205.66,21348.006
2025-08-31 19:00:00,205.66,205.96,204.45,204.63,14164.10198785
2025-08-31 20:00:00,204.63,205.21,204.3,204.87,10483.549
2025-08-31 21:00:00,204.83,205.42,204.27,205.35,6767.73
2025-08-31 22:00:00,205.43,205.75,203.44,203.75,13859.181
2025-08-31 23:00:00,203.73,203.9,200.31,200.68,23672.67
2025-09-01 00:00:00,200.64,201.39,198.51,200.45,38029.65915887
2025-09-01 01:00:00,200.45,202.49,199.85,201.03,27279.59302751
2025-09-01 02:00:00,200.99,201.24,196.14,197.53,47332.15479521
2025-09-01 03:00:00,197.55,198.73,196.97,198.42,27756.76748495
2025-09-01 04:00:00,198.41,198.48,196.8,197.53,23231.42
2025-09-01 05:00:00,197.55,198.95,196.65,198.42,18240.71699274
2025-09-01 06:00:00,198.4,199.48,197.54,198.8,16795.434
2025-09-01 07:00:00,198.78,202.94,197.89,202.94,25929.982
2025-09-01 08:00:00,202.94,204.55,202.44,203.1,21724.10690953
2025-09-01 09:00:00,203.11,203.77,201.02,201.05,13804.5348035
2025-09-01 10:00:00,201.04,201.61,198.41,199.49,18951.37090744
2025-09-01 11:00:00,199.48,199.69,198.7,199.42,16171.307
2025-09-01 12:00:00,199.42,200.49,198.81,199.61,19826.084
2025-09-01 13:00:00,199.63,201.13,198.99,199.69,27545.191
2025-09-01 14:00:00,199.72,200.71,199.04,200.25,19466.875
2025-09-01 15:00:00,200.21,200.86,197.7,198.38,26492.118
2025-09-01 16:00:00,198.34,198.99,197.47,198.56,18436.15279894
2025-09-01 17:00:00,198.57,199.1,197.3,198.58,24666.46891007
2025-09-01 18:00:00,198.55,199.5,198.45,199.24,19082.607
2025-09-01 19:00:00,199.24,200.15,199.15,200.14,13527.95090848
2025-09-01 20:00:00,200.14,200.15,196.12,197.71,39531.4822728
2025-09-01 21:00:00,197.71,197.76,194.43,195.06,47671.907
2025-09-01 22:00:00,195.05,195.99,194.2,195.79,21788.707
2025-09-01 23:00:00,195.78,197.46,195.53,197.31,18511.051
2025-09-02 00:00:00,197.32,197.99,196.78,197.69,14177.863
2025-09-02 01:00:00,197.72,200.04,197.26,199.26,33569.842
2025-09-02 02:00:00,199.25,202.36,198.86,202.24,26459.73999969
2025-09-02 03:00:00,202.23,203.31,201.58,201.86,22860.03353022
2025-09-02 04:00:00,201.86,203.14,201.41,202.99,13715.89780274
2025-09-02 05:00:00,203.02,203.5,201.97,203.3,18605.018
2025-09-02 06:00:00,203.27,204.43,203.15,204.09,21620.97386764
2025-09-02 07:00:00,204.1,204.18,201.85,202.11,21041.36086167
2025-09-02 08:00:00,202.11,203.87,202.02,203.09,21386.0892755
2025-09-02 09:00:00,203.09,204.36,202.82,204.36,19101.123
2025-09-02 10:00:00,204.37,204.4,203.38,203.67,21640.92
2025-09-02 11:00:00,203.69,203.75,201.69,201.96,15651.70456256
2025-09-02 12:00:00,201.96,202.22,197.41,197.99,34813.925
2025-09-02 13:00:00,197.98,204.28,197.84,204.01,58803.83287171
2025-09-02 14:00:00,204.01,205.1,202.64,204.45,30853.65142332
2025-09-02 15:00:00,204.35,204.6,199.77,200.3,25295.996
2025-09-02 16:00:00,200.28,201.97,199.47,201.44,22065.245
2025-09-02 17:00:00,201.47,205.27,201.47,204.77,25505.80787789
2025-09-02 18:00:00,204.77,206.38,203.35,205.58,22541.52198548
2025-09-02 19:00:00,205.59,206.97,204.4,205.54,24206.738
2025-09-02 20:00:00,205.52,208.22,204.9,206.73,25811.428921
2025-09-02 21:00:00,206.74,208.04,206.66,207.28,11268.224
2025-09-02 22:00:00,207.28,208.85,206.59,208.69,13795.02010199
2025-09-02 23:00:00,208.64,209.64,207.94,209.6,15058.938
2025-09-03 00:00:00,209.6,210.42,207.94,208.36,23902.128
2025-09-03 01:00:00,208.36,211.79,207.42,211.48,21861.1
2025-09-03 02:00:00,211.46,211.93,210.36,211.27,27531.903
2025-09-03 03:00:00,211.27,211.88,209.34,210.03,23609.556
2025-09-03 04:00:00,210.0,210.44,209.23,210.29,11694.837
2025-09-03 05:00:00,210.29,210.46,208.92,209.02,17302.828
2025-09-03 06:00:00,209.06,209.4,208.01,208.49,16954.686
2025-09-03 07:00:00,208.45,209.4,208.05,209.36,11129.88
2025-09-03 08:00:00,209.35,210.72,208.88,209.37,16610.935
2025-09-03 09:00:00,209.39,209.66,208.14,209.61,16853.762
2025-09-03 10:00:00,209.64,210.38,208.96,209.9,21813.984
2025-09-03 11:00:00,209.89,211.35,209.6,210.38,20081.08564515
2025-09-03 12:00:00,210.39,211.39,208.8,209.14,15719.017
2025-09-03 13:00:00,209.14,213.0,209.13,211.65,28614.316
2025-09-03 14:00:00,211.66,212.72,210.4,212.07,26374.1850731
2025-09-03 15:00:00,212.08,212.65,210.93,211.37,21015.3045045
2025-09-03 16:00:00,211.38,211.97,209.49,209.95,19078.02599962
2025-09-03 17:00:00,209.95,211.55,209.95,210.83,15623.166
2025-09-03 18:00:00,210.83,211.17,208.86,209.66,11437.777
2025-09-03 19:00:00,209.65,210.45,209.29,210.38,10467.21318029
2025-09-03 20:00:00,210.38,210.45,209.24,209.44,8004.98252732
2025-09-03 21:00:00,209.45,209.55,208.41,208.91,7986.23730443
2025-09-03 22:00:00,208.88,209.88,208.56,209.88,9599.65099855
2025-09-03 23:00:00,209.89,210.94,209.66,210.76,9831.743
2025-09-04 00:00:00,210.76,211.93,210.48,211.21,13768.764
2025-09-04 01:00:00,211.23,211.25,209.77,210.35,12779.656
2025-09-04 02:00:00,210.39,210.5,207.5,208.21,15875.682
2025-09-04 03:00:00,208.25,208.67,207.58,208.15,14200.03
2025-09-04 04:00:00,208.16,208.53,206.99,207.17,10012.853
2025-09-04 05:00:00,207.17,207.17,205.67,206.79,19027.6027
2025-09-04 06:00:00,206.78,207.19,206.3,206.36,10054.05866301
2025-09-04 07:00:00,206.35,207.44,206.27,206.72,8362.204
2025-09-04 08:00:00,206.68,208.14,206.6,207.04,8619.799
2025-09-04 09:00:00,207.05,208.12,207.05,208.08,5978.128
2025-09-04 10:00:00,208.07,208.79,207.58,207.58,11982.027
2025-09-04 11:00:00,207.58,208.44,207.06,207.24,10366.82908964
2025-09-04 12:00:00,207.25,208.48,207.01,208.36,14645.23504043
2025-09-04 13:00:00,208.37,208.47,206.35,207.05,17211.196
2025-09-04 14:00:00,207.05,207.71,204.73,205.39,31537.158
2025-09-04 15:00:00,205.39,205.39,203.42,203.78,33281.74
2025-09-04 16:00:00,203.77,204.83,203.54,204.59,17728.64301789
2025-09-04 17:00:00,204.59,205.12,203.96,203.96,13013.58101074
2025-09-04 18:00:00,203.96,204.71,202.31,203.07,21773.405
2025-09-04 19:00:00,203.09,203.66,201.85,202.15,16866.3630385
2025-09-04 20:00:00,202.12,203.77,201.92,202.61,14706.52293078
2025-09-04 21:00:00,202.62,203.97,202.48,203.83,9594.341
2025-09-04 22:00:00,203.83,204.71,202.78,204.21,17469.742
2025-09-04 23:00:00,204.21,204.81,202.25,202.35,14994.636
2025-09-05 00:00:00,202.33,202.93,201.03,201.21,15764.211
2025-09-05 01:00:00,201.21,203.77,201.0,203.48,13031.15486732
2025-09-05 02:00:00,203.48,204.14,202.7,204.08,18434.84168891
2025-09-05 03:00:00,204.09,204.16,202.58,203.56,13254.529
2025-09-05 04:00:00,203.57,204.4,203.05,204.14,8519.29
2025-09-05 05:00:00,204.14,204.87,203.94,204.68,16129.796
2025-09-05 06:00:00,204.68,204.82,203.94,204.82,13373.913
2025-09-05 07:00:00,204.85,208.42,204.74,207.84,34665.1591396
2025-09-05 08:00:00,207.86,207.95,206.51,206.58,18627.59900141
2025-09-05 09:00:00,206.58,206.92,204.52,205.87,21637.43196249
2025-09-05 10:00:00,205.88,206.61,205.73,206.04,11301.47
2025-09-05 11:00:00,206.04,207.02,206.0,206.66,11710.47199888
2025-09-05 12:00:00,206.66,209.77,204.94,209.02,69004.54197204
2025-09-05 13:00:00,209.07,209.99,208.42,209.66,39286.36
2025-09-05 14:00:00,209.65,209.65,201.7,202.28,66041.2923145
2025-09-05 15:00:00,202.27,204.46,201.67,203.56,24216.15898514
2025-09-05 16:00:00,203.57,204.11,202.54,203.8,17454.63691055
2025-09-05 17:00:00,203.8,203.83,202.25,202.43,18942.8356
2025-09-05 18:00:00,202.43,204.74,201.96,204.34,16821.88721749
2025-09-05 19:00:00,204.32,205.54,203.9,205.42,17256.17855801
2025-09-05 20:00:00,205.41,205.68,204.45,205.56,12431.223
2025-09-05 21:00:00,205.57,205.68,202.91,203.14,30452.42392905
2025-09-05 22:00:00,203.14,204.36,202.71,204.12,9401.45498939
2025-09-05 23:00:00,204.11,204.49,203.3,203.39,7580.612
2025-09-06 00:00:00,203.4,204.27,203.21,203.89,7919.433
2025-09-06 01:00:00,203.89,204.63,203.5,204.42,6964.99492464
2025-09-06 02:00:00,204.42,204.63,203.16,204.31,8950.79090172
2025-09-06 03:00:00,204.31,204.56,203.83,204.05,6596.15191056
2025-09-06 04:00:00,204.07,204.07,203.18,203.23,4956.923
2025-09-06 05:00:00,203.22,203.32,202.13,202.27,7430.09
2025-09-06 06:00:00,202.27,202.66,202.13,202.46,6333.328
2025-09-06 07:00:00,202.46,203.25,202.42,203.05,4932.9857998
2025-09-06 08:00:00,203.04,203.54,202.68,203.48,5373.11591003
2025-09-06 09:00:00,203.48,203.48,202.69,202.72,5130.858
2025-09-06 10:00:00,202.72,203.1,202.43,202.91,6014.923
2025-09-06 11:00:00,202.91,202.92,201.92,202.39,8683.048
2025-09-06 12:00:00,202.4,202.86,202.23,202.3,6234.35999327
2025-09-06 13:00:00,202.3,202.49,201.42,202.33,10621.75882106
2025-09-06 14:00:00,202.34,202.66,201.88,202.05,10684.87693595
2025-09-06 15:00:00,202.06,202.29,201.02,201.26,18233.20286322
2025-09-06 16:00:00,201.26,202.31,200.81,201.61,24410.92291048
2025-09-06 17:00:00,201.62,201.78,199.68,200.15,19567.403
2025-09-06 18:00:00,200.12,200.82,199.35,200.04,16183.556
2025-09-06 19:00:00,200.05,200.28,199.4,199.71,8212.305
2025-09-06 20:00:00,199.74,200.83,199.71,200.83,11639.747
2025-09-06 21:00:00,200.84,201.22,200.39,200.81,8974.86799
2025-09-06 22:00:00,200.8,201.09,200.05,200.4,6397.418
2025-09-06 23:00:00,200.4,201.02,199.95,200.18,5380.788
2025-09-07 00:00:00,200.18,201.39,200.14,201.18,4616.09
2025-09-07 01:00:00,201.18,203.22,201.1,202.7,13373.811
2025-09-07 02:00:00,202.7,202.94,202.02,202.82,7621.423
2025-09-07 03:00:00,202.82,203.23,202.59,202.86,6806.57336841
2025-09-07 04:00:00,202.86,203.07,202.34,203.06,4688.227
2025-09-07 05:00:00,203.06,203.27,202.77,202.86,6338.679
2025-09-07 06:00:00,202.86,202.98,202.26,202.3,3940.194
2025-09-07 07:00:00,202.29,203.31,202.26,202.98,9454.257
2025-09-07 08:00:00,202.98,203.95,202.97,203.54,15092.27790977
2025-09-07 09:00:00,203.53,203.96,202.77,203.18,9383.726
2025-09-07 10:00:00,203.18,203.4,202.89,203.4,5138.783
2025-09-07 11:00:00,203.4,203.99,203.17,203.99,4927.115
2025-09-07 12:00:00,203.99,204.04,203.37,203.75,5877.469
2025-09-07 13:00:00,203.75,203.78,203.1,203.45,4680.123
2025-09-07 14:00:00,203.44,203.98,203.16,203.69,8921.75791697
2025-09-07 15:00:00,203.69,205.5,203.49,205.16,16818.01747061
2025-09-07 16:00:00,205.16,205.43,203.45,203.45,13910.11296123
2025-09-07 17:00:00,203.46,203.7,201.75,202.02,16418.941
2025-09-07 18:00:00,202.02,202.31,201.49,202.16,12259.488
2025-09-07 19:00:00,202.16,203.07,201.88,203.07,13271.176
2025-09-07 20:00:00,203.07,204.91,202.6,204.9,10956.903
2025-09-07 21:00:00,204.9,205.14,204.39,204.69,11263.237
2025-09-07 22:00:00,204.67,207.44,204.37,207.1,23137.358
2025-09-07 23:00:00,207.11,207.86,206.24,206.37,23912.56090894
2025-09-08 00:00:00,206.33,207.06,205.64,205.66,11125.11693061
2025-09-08 01:00:00,205.67,207.37,205.57,206.91,15209.462
2025-09-08 02:00:00,206.91,207.89,206.17,207.79,15898.887
2025-09-08 03:00:00,207.81,208.94,207.46,207.63,22525.24
2025-09-08 04:00:00,207.62,208.55,206.97,207.77,13786.144
2025-09-08 05:00:00,207.78,207.89,206.66,207.29,9966.687
2025-09-08 06:00:00,207.28,207.64,206.66,207.08,9884.411
2025-09-08 07:00:00,207.07,208.78,207.0,207.87,13576.386
2025-09-08 08:00:00,207.87,209.38,207.36,208.9,14599.013
2025-09-08 09:00:00,208.91,210.87,208.64,210.83,21278.71688082
2025-09-08 10:00:00,210.84,215.68,210.39,215.11,55236.62697745
2025-09-08 11:00:00,215.12,215.22,212.93,214.19,35191.117
2025-09-08 12:00:00,214.23,214.83,213.52,214.47,19817.315
2025-09-08 13:00:00,214.48,216.28,212.97,213.27,34406.54381709
2025-09-08 14:00:00,213.28,215.76,213.01,215.26,24131.931
2025-09-08 15:00:00,215.28,216.66,214.74,215.0,35025.006
2025-09-08 16:00:00,215.0,215.42,213.84,214.89,21328.16710034
2025-09-08 17:00:00,214.9,216.88,213.96,215.42,30175.42790816
2025-09-08 18:00:00,215.42,216.92,214.81,216.66,16086.86286915
2025-09-08 19:00:00,216.67,217.0,214.8,216.09,29090.622
2025-09-08 20:00:00,216.1,216.17,213.85,214.46,17899.636
2025-09-08 21:00:00,214.46,215.81,214.25,215.1,12770.061
2025-09-08 22:00:00,215.11,215.55,214.46,214.7,10286.98
2025-09-08 23:00:00,214.71,215.22,213.57,214.08,9891.28820768
2025-09-09 00:00:00,214.09,214.88,212.25,213.2,17270.743
2025-09-09 01:00:00,213.2,213.97,212.07,213.23,13379.781
2025-09-09 02:00:00,213.23,213.55,210.91,211.65,19431.12290817
2025-09-09 03:00:00,211.65,214.77,211.38,214.62,16608.8666
2025-09-09 04:00:00,214.6,215.63,213.93,214.87,19329.17398503
2025-09-09 05:00:00,214.86,215.44,214.06,215.24,8587.902
2025-09-09 06:00:00,215.24,219.73,215.03,218.43,34691.2667
2025-09-09 07:00:00,218.44,219.78,218.35,219.23,19536.397
2025-09-09 08:00:00,219.24,219.5,218.46,219.01,10224.21352237
2025-09-09 09:00:00,219.01,219.26,218.52,218.95,9547.085
2025-09-09 10:00:00,218.95,219.12,217.45,217.75,14203.783
2025-09-09 11:00:00,217.75,218.0,217.01,217.22,13789.805
2025-09-09 12:00:00,217.22,218.36,216.61,217.66,19136.34890862
2025-09-09 13:00:00,217.65,218.44,216.34,217.98,19998.157
2025-09-09 14:00:00,218.04,218.54,213.34,215.54,53497.063
2025-09-09 15:00:00,215.51,215.79,211.8,213.09,55638.18917671
2025-09-09 16:00:00,213.09,214.95,213.03,214.2,21917.474
2025-09-09 17:00:00,214.2,215.67,214.06,214.92,19473.02990802
2025-09-09 18:00:00,214.93,216.86,214.48,216.4,22604.46
2025-09-09 19:00:00,216.43,216.97,215.83,216.35,11764.786
2025-09-09 20:00:00,216.34,216.39,215.24,216.32,15773.016
2025-09-09 21:00:00,216.33,216.6,215.17,215.2,12454.969
2025-09-09 22:00:00,215.2,217.38,215.02,217.15,12601.55553193
2025-09-09 23:00:00,217.25,217.79,216.62,217.19,10391.776
2025-09-10 00:00:00,217.22,217.53,215.11,215.24,14632.053
2025-09-10 01:00:00,215.24,216.54,215.16,216.32,12290.444
2025-09-10 02:00:00,216.32,219.59,216.32,219.15,32778.9035806
2025-09-10 03:00:00,219.15,219.49,218.09,219.15,13579.22390782
2025-09-10 04:00:00,219.2,219.2,217.84,218.41,9739.63019922
2025-09-10 05:00:00,218.41,219.28,217.89,218.63,10294.866
2025-09-10 06:00:00,218.64,219.55,218.0,219.17,17531.544
2025-09-10 07:00:00,219.18,222.84,219.09,222.2,34212.675
2025-09-10 08:00:00,222.2,222.4,220.41,220.74,19932.065
2025-09-10 09:00:00,220.75,221.22,219.93,220.44,14851.994
2025-09-10 10:00:00,220.44,220.58,218.86,220.06,18347.09999956215
2025-09-10 11:00:00,220.07,220.41,218.95,220.25,12974.24
2025-09-10 12:00:00,220.23,224.88,219.72,223.39,59136.53471281
2025-09-10 13:00:00,223.39,225.94,222.6,224.08,39254.4738
2025-09-10 14:00:00,224.11,225.04,222.28,222.65,27466.812
2025-09-10 15:00:00,222.68,224.04,222.68,223.08,19623.146
2025-09-10 16:00:00,223.13,223.93,222.42,223.77,19243.585
2025-09-10 17:00:00,223.78,224.1,221.58,222.69,16346.532
2025-09-10 18:00:00,222.62,223.14,221.31,222.86,15711.667
2025-09-10 19:00:00,222.86,222.88,220.6,221.25,17731.618
2025-09-10 20:00:00,221.25,222.63,220.97,222.52,13566.743
2025-09-10 21:00:00,222.53,223.71,222.38,223.44,14703.788
2025-09-10 22:00:00,223.44,224.63,223.16,224.45,11819.308
2025-09-10 23:00:00,224.49,224.58,223.68,224.06,8706.353
2025-09-11 00:00:00,224.07,225.43,223.86,225.01,12171.127
2025-09-11 01:00:00,225.01,225.6,224.5,224.82,12738.74791558
2025-09-11 02:00:00,224.83,225.05,223.02,223.02,14047.667
2025-09-11 03:00:00,223.02,224.57,223.02,224.22,8452.013
2025-09-11 04:00:00,224.18,224.26,222.61,223.51,12744.1064
2025-09-11 05:00:00,223.54,223.98,221.74,222.3,14061.826
2025-09-11 06:00:00,222.29,223.61,221.96,223.29,10357.356
2025-09-11 07:00:00,223.32,223.52,221.95,223.23,10190.02
2025-09-11 08:00:00,223.24,223.55,222.32,223.55,12655.577
2025-09-11 09:00:00,223.55,225.19,223.49,224.45,26990.0718
2025-09-11 10:00:00,224.48,225.85,224.36,225.77,22732.63040605
2025-09-11 11:00:00,225.75,225.75,224.46,225.02,12088.066
2025-09-11 12:00:00,225.05,228.85,222.82,226.69,81541.29680757
2025-09-11 13:00:00,226.75,228.88,224.3,228.17,37716.54796232
2025-09-11 14:00:00,228.23,228.25,225.64,227.09,21311.916
2025-09-11 15:00:00,227.1,227.26,225.41,226.83,15789.42390839
2025-09-11 16:00:00,226.84,228.31,225.32,225.9,18450.048
2025-09-11 17:00:00,225.89,227.73,225.68,227.48,15082.38690788
2025-09-11 18:00:00,227.48,227.73,225.97,226.32,9518.72581631
2025-09-11 19:00:00,226.32,226.87,225.95,226.64,8215.54590842
2025-09-11 20:00:00,226.68,226.69,225.52,225.57,17937.368
2025-09-11 21:00:00,225.55,227.0,225.53,226.68,6583.786
2025-09-11 22:00:00,226.71,228.49,226.37,228.03,22191.04399884
2025-09-11 23:00:00,228.03,228.87,227.93,228.7,9623.826
2025-09-12 00:00:00,228.7,234.871,228.07,232.98,39371.0968
2025-09-12 01:00:00,232.99,233.93,231.57,232.22,16460.136
2025-09-12 02:00:00,232.22,233.82,232.17,232.7,15682.377
2025-09-12 03:00:00,232.7,235.74,232.23,235.08,15432.6351
2025-09-12 04:00:00,235.08,238.15,234.23,237.49,58116.97017665
2025-09-12 05:00:00,237.48,239.86,237.16,238.7,46994.8214
2025-09-12 06:00:00,238.69,238.69,237.3,238.16,29162.407
2025-09-12 07:00:00,238.15,238.88,237.07,237.35,14677.392
2025-09-12 08:00:00,237.37,238.4,237.02,237.71,25691.97434673
2025-09-12 09:00:00,237.72,238.54,237.43,238.44,11543.3899801
2025-09-12 10:00:00,238.44,239.25,237.54,239.07,11777.036
2025-09-12 11:00:00,239.06,239.52,238.54,239.16,11130.772
2025-09-12 12:00:00,239.19,240.35,237.62,239.28,21375.3493
2025-09-12 13:00:00,239.33,240.05,238.05,239.53,28634.524
2025-09-12 14:00:00,239.52,241.77,238.96,240.3,40006.2396
2025-09-12 15:00:00,240.3,240.33,238.55,239.38,27547.46890808
2025-09-12 16:00:00,239.38,239.39,238.02,238.82,17207.08690809
2025-09-12 17:00:00,238.82,241.29,238.26,240.26,22529.18189872
2025-09-12 18:00:00,240.25,241.49,239.87,240.73,16871.339
2025-09-12 19:00:00,240.74,241.25,239.64,241.03,13579.692
2025-09-12 20:00:00,241.01,241.24,239.01,239.71,22109.291
2025-09-12 21:00:00,239.72,240.27,238.39,240.07,15961.594
2025-09-12 22:00:00,240.07,244.11,240.07,241.14,21042.74779933
2025-09-12 23:00:00,241.14,242.7,239.99,242.18,14868.157
2025-09-13 00:00:00,242.18,243.75,241.62,243.17,15643.80933506
2025-09-13 01:00:00,243.17,244.13,241.61,241.62,15918.662
2025-09-13 02:00:00,241.62,242.88,240.71,242.57,13097.51195576
2025-09-13 03:00:00,242.55,243.99,241.89,243.64,13290.399
2025-09-13 04:00:00,243.63,243.69,242.53,242.98,10393.70726047
2025-09-13 05:00:00,242.98,243.33,241.25,241.68,9185.19490946
2025-09-13 06:00:00,241.68,242.8,241.67,242.7,11930.261
2025-09-13 07:00:00,242.7,243.17,242.39,242.48,6001.706
2025-09-13 08:00:00,242.48,243.5,242.08,243.5,9165.99790776
2025-09-13 09:00:00,243.5,243.72,242.78,243.45,13577.25290773
2025-09-13 10:00:00,243.45,243.46,242.28,242.68,19128.149
2025-09-13 11:00:00,242.68,242.68,241.35,241.98,13818.983
2025-09-13 12:00:00,241.98,242.59,241.44,242.47,8164.976
2025-09-13 13:00:00,242.48,243.06,238.01,240.12,20920.328
2025-09-13 14:00:00,240.06,241.07,238.59,240.34,17133.0
2025-09-13 15:00:00,240.35,240.85,238.51,239.43,20318.591
2025-09-13 16:00:00,239.44,239.67,237.35,237.5,19376.409
2025-09-13 17:00:00,237.53,238.37,235.8,237.82,29376.869
2025-09-13 18:00:00,237.79,238.88,237.16,238.46,7490.536
2025-09-13 19:00:00,238.46,239.32,238.11,238.95,6922.795
2025-09-13 20:00:00,238.98,240.37,238.85,240.22,8852.68190721
2025-09-13 21:00:00,240.24,241.42,239.88,240.03,6076.75
2025-09-13 22:00:00,240.08,242.01,239.99,241.9,11308.102
2025-09-13 23:00:00,241.9,243.11,241.71,242.34,9828.247
2025-09-14 00:00:00,242.38,244.01,242.22,243.51,19682.641
2025-09-14 01:00:00,243.51,246.54,242.81,245.8,20083.189
2025-09-14 02:00:00,245.8,249.21,245.77,248.64,25077.98372508
2025-09-14 03:00:00,248.65,249.582,246.81,246.85,14541.6399
2025-09-14 04:00:00,246.89,247.92,244.5,246.21,15464.23
2025-09-14 05:00:00,246.23,248.11,246.05,247.76,16579.39106796
2025-09-14 06:00:00,247.74,248.35,246.31,247.06,22490.456
2025-09-14 07:00:00,247.07,247.24,245.43,246.4,17134.1423
2025-09-14 08:00:00,246.4,247.12,245.9,246.43,9192.777
2025-09-14 09:00:00,246.43,247.84,246.14,247.78,8219.6672015
2025-09-14 10:00:00,247.79,248.12,247.02,247.67,8316.973
2025-09-14 11:00:00,247.67,247.91,245.59,246.1,11769.517
2025-09-14 12:00:00,246.09,246.74,244.71,245.24,14732.31287269
2025-09-14 13:00:00,245.28,245.87,243.36,243.79,20863.09772851
2025-09-14 14:00:00,243.79,245.11,241.59,243.32,28119.09872139
2025-09-14 15:00:00,243.26,244.25,241.91,243.83,19161.109
2025-09-14 16:00:00,243.83,245.83,243.44,245.17,14274.922
2025-09-14 17:00:00,245.18,248.45,244.56,247.94,15941.452
2025-09-14 18:00:00,247.94,247.98,244.66,244.67,17380.9474022
2025-09-14 19:00:00,244.67,245.27,242.15,242.55,16214.7368
2025-09-14 20:00:00,242.54,243.5,241.05,242.44,13989.421
2025-09-14 21:00:00,242.45,244.72,240.59,244.09,16473.30459933
2025-09-14 22:00:00,244.14,244.28,240.23,243.0,25690.934
2025-09-14 23:00:00,242.98,242.98,239.25,239.81,14500.60689837
2025-09-15 00:00:00,239.78,242.16,239.67,240.8,9589.669
2025-09-15 01:00:00,240.7,241.77,239.18,241.14,14047.34
2025-09-15 02:00:00,241.14,242.76,240.36,242.08,12325.614
2025-09-15 03:00:00,242.09,243.39,242.01,242.64,9049.65690871
2025-09-15 04:00:00,242.65,243.54,242.06,242.85,14592.81309199
2025-09-15 05:00:00,242.84,243.97,242.63,243.97,11557.921
2025-09-15 06:00:00,243.98,244.01,239.6,240.35,18811.91623737
2025-09-15 07:00:00,240.3,241.27,236.18,237.98,26247.01191026
2025-09-15 08:00:00,237.98,238.1,231.83,232.09,52405.585
2025-09-15 09:00:00,232.05,235.59,231.6,235.59,23128.476
2025-09-15 10:00:00,235.58,236.84,234.09,236.19,16965.39
2025-09-15 11:00:00,236.19,236.96,235.24,236.43,14669.64783749
2025-09-15 12:00:00,236.47,238.12,234.43,234.77,23165.32159714
2025-09-15 13:00:00,234.8,237.09,234.17,235.2,23798.00216485
2025-09-15 14:00:00,235.23,235.62,232.76,233.49,14843.499
2025-09-15 15:00:00,233.5,234.41,232.01,233.01,24546.702
2025-09-15 16:00:00,232.99,233.62,230.71,231.41,17133.92190071
2025-09-15 17:00:00,231.39,233.37,230.18,233.32,19657.89127772
2025-09-15 18:00:00,233.28,233.61,232.26,233.27,12230.778
2025-09-15 19:00:00,233.26,234.65,231.94,232.98,24629.878
2025-09-15 20:00:00,233.03,234.45,232.79,234.36,15541.895
2025-09-15 21:00:00,234.37,235.34,233.72,235.18,11741.91
2025-09-15 22:00:00,235.16,235.33,233.67,233.9,9605.118
2025-09-15 23:00:00,233.9,234.52,233.02,234.32,7669.006
2025-09-16 00:00:00,234.32,234.68,232.88,233.81,9856.20565656
2025-09-16 01:00:00,233.82,235.67,233.81,233.97,12221.042
2025-09-16 02:00:00,233.98,235.02,233.86,233.86,7313.86299916
2025-09-16 03:00:00,233.87,235.75,233.85,235.06,11347.391
2025-09-16 04:00:00,235.07,235.23,232.95,234.48,10786.26624605
2025-09-16 05:00:00,234.49,236.56,234.39,236.54,13373.02095989
2025-09-16 06:00:00,236.56,237.01,234.75,235.87,12641.451
2025-09-16 07:00:00,235.87,236.41,235.35,235.79,9626.57198888
2025-09-16 08:00:00,235.78,236.9,235.15,236.11,11461.952
2025-09-16 09:00:00,236.11,236.35,234.9,235.32,8437.086
2025-09-16 10:00:00,235.33,235.99,234.78,235.26,7497.32
2025-09-16 11:00:00,235.25,235.9,234.82,235.36,10575.278
2025-09-16 12:00:00,235.36,235.89,234.42,235.26,9628.669
2025-09-16 13:00:00,235.25,235.64,231.45,233.1,21381.7
2025-09-16 14:00:00,233.1,234.36,231.18,234.17,21149.936
2025-09-16 15:00:00,234.19,238.01,233.14,237.78,27456.21999934
2025-09-16 16:00:00,237.75,239.24,236.25,238.22,22401.76845994
2025-09-16 17:00:00,238.2,240.89,237.81,238.16,25028.298
2025-09-16 18:00:00,238.15,239.04,236.88,237.63,13101.94699953
2025-09-16 19:00:00,237.66,238.36,237.03,237.8,11632.873
2025-09-16 20:00:00,237.85,238.45,237.34,238.31,8179.756
2025-09-16 21:00:00,238.32,238.79,237.21,238.53,8281.31302
2025-09-16 22:00:00,238.56,238.99,237.37,237.96,11990.786
2025-09-16 23:00:00,237.96,238.24,236.5,237.0,9951.253
2025-09-17 00:00:00,237.01,237.1,235.63,236.26,13168.806
2025-09-17 01:00:00,236.27,236.98,235.92,236.33,7900.889
2025-09-17 02:00:00,236.38,237.89,235.91,236.42,9977.699
2025-09-17 03:00:00,236.42,236.59,233.92,234.14,15707.367
2025-09-17 04:00:00,234.14,234.78,233.49,233.8,11490.161
2025-09-17 05:00:00,233.81,235.43,233.29,235.06,15282.683
2025-09-17 06:00:00,235.07,236.66,234.81,236.11,15951.6282
2025-09-17 07:00:00,236.06,238.1,235.77,237.72,20886.25726791
2025-09-17 08:00:00,237.71,237.71,235.1,235.91,24836.904
2025-09-17 09:00:00,235.88,236.33,235.1,235.15,10916.241
2025-09-17 10:00:00,235.15,236.34,233.69,234.16,15715.90003038
2025-09-17 11:00:00,234.17,234.69,233.93,234.16,7197.464
2025-09-17 12:00:00,234.18,235.33,233.99,234.76,10099.518
2025-09-17 13:00:00,234.76,235.94,234.22,235.39,14715.017
2025-09-17 14:00:00,235.49,235.92,233.56,233.93,14460.526
2025-09-17 15:00:00,233.97,235.17,233.68,233.93,11492.62
2025-09-17 16:00:00,233.93,234.75,232.33,234.1,14782.422
2025-09-17 17:00:00,234.1,237.14,232.47,232.7,30554.85
2025-09-17 18:00:00,232.7,239.65,232.4,233.7,104075.27914998
2025-09-17 19:00:00,233.71,239.05,233.54,238.75,29099.06137113
2025-09-17 20:00:00,238.74,241.18,237.64,238.07,20148.972
2025-09-17 21:00:00,238.01,240.67,236.02,240.27,15991.101
2025-09-17 22:00:00,240.28,245.66,240.28,244.9,27978.019
2025-09-17 23:00:00,244.89,246.59,243.81,244.84,17038.066
2025-09-18 00:00:00,244.86,246.05,244.16,244.73,12601.880281
2025-09-18 01:00:00,244.73,247.46,244.5,246.28,14677.663
2025-09-18 02:00:00,246.33,246.6,245.12,246.43,10902.128
2025-09-18 03:00:00,246.41,247.81,246.13,246.72,16869.373
2025-09-18 04:00:00,246.73,246.97,245.61,246.26,12133.63846591
2025-09-18 05:00:00,246.27,246.36,244.35,244.94,8269.3428756
2025-09-18 06:00:00,244.95,245.08,242.61,244.27,14469.323
2025-09-18 07:00:00,244.28,245.28,244.27,244.72,8623.28481398
2025-09-18 08:00:00,244.71,247.16,244.34,247.02,16413.366
2025-09-18 09:00:00,247.02,247.11,246.13,247.09,10752.447
2025-09-18 10:00:00,247.09,247.1,245.32,246.06,11597.36806724
2025-09-18 11:00:00,246.06,247.04,245.67,245.97,11062.8665776
2025-09-18 12:00:00,245.98,246.9,245.86,246.02,8558.299
2025-09-18 13:00:00,246.02,248.42,245.04,246.2,29718.13172033
2025-09-18 14:00:00,246.16,248.13,246.14,247.69,20540.3281305
2025-09-18 15:00:00,247.74,248.94,247.3,248.22,21067.42399968
2025-09-18 16:00:00,248.22,250.14,247.65,249.74,28882.57986777
2025-09-18 17:00:00,249.74,253.41,249.25,251.36,35120.7427215
2025-09-18 18:00:00,251.35,251.4,249.81,250.42,11673.684
2025-09-18 19:00:00,250.43,250.45,247.36,248.33,24224.231
2025-09-18 20:00:00,248.36,249.14,247.87,248.33,14613.961
2025-09-18 21:00:00,248.31,248.58,246.2,247.61,20185.01978153
2025-09-18 22:00:00,247.61,248.15,246.88,247.06,18582.339
2025-09-18 23:00:00,247.06,247.65,245.89,247.48,16355.044
2025-09-19 00:00:00,247.48,248.27,247.17,248.16,7532.062
2025-09-19 01:00:00,248.16,248.5,246.79,247.45,9418.153
2025-09-19 02:00:00,247.45,247.99,246.46,246.71,6799.395
2025-09-19 03:00:00,246.76,247.75,244.72,245.03,11308.6959026
2025-09-19 04:00:00,245.02,245.53,242.91,245.12,19703.568
2025-09-19 05:00:00,245.06,245.76,244.35,245.69,8373.337
2025-09-19 06:00:00,245.69,245.7,243.52,243.63,13069.147
2025-09-19 07:00:00,243.64,244.85,243.18,243.84,8872.29998596
2025-09-19 08:00:00,243.83,244.85,243.5,243.84,7988.22599968
2025-09-19 09:00:00,243.84,244.34,242.21,242.89,9565.096
2025-09-19 10:00:00,242.9,242.99,241.79,242.39,10840.97632393
2025-09-19 11:00:00,242.37,242.45,240.22,240.93,15460.25875368
2025-09-19 12:00:00,240.93,242.05,240.47,240.88,12137.79832148
2025-09-19 13:00:00,240.87,242.27,240.71,242.11,11543.609
2025-09-19 14:00:00,242.11,242.7,239.58,239.6,15472.85096138
2025-09-19 15:00:00,239.6,239.6,235.86,237.55,31918.102
2025-09-19 16:00:00,237.55,238.89,237.24,238.63,10495.63798345
2025-09-19 17:00:00,238.63,238.7,236.52,236.68,12914.9265
2025-09-19 18:00:00,236.66,237.09,235.16,236.98,11871.484
2025-09-19 19:00:00,237.0,237.98,235.96,236.0,13526.851
2025-09-19 20:00:00,236.0,237.82,236.0,237.08,16893.32213999
2025-09-19 21:00:00,237.03,238.41,236.51,238.41,5409.358
2025-09-19 22:00:00,238.41,238.85,238.36,238.56,3824.387
2025-09-19 23:00:00,238.56,238.56,236.85,238.54,9404.362
2025-09-20 00:00:00,238.55,239.7,238.29,239.67,7337.51714296
2025-09-20 01:00:00,239.68,239.96,238.42,238.42,5668.847
2025-09-20 02:00:00,238.41,238.53,237.4,238.47,6796.236
2025-09-20 03:00:00,238.44,238.44,237.79,238.1,3743.565
2025-09-20 04:00:00,238.1,238.91,237.77,238.79,4960.926
2025-09-20 05:00:00,238.74,239.5,238.49,239.43,4266.381
2025-09-20 06:00:00,239.43,239.43,238.77,239.16,3442.149
2025-09-20 07:00:00,239.16,239.78,239.0,239.78,4182.293
2025-09-20 08:00:00,239.78,239.79,237.54,237.64,6166.511
2025-09-20 09:00:00,237.64,238.12,237.21,237.24,6291.403
2025-09-20 10:00:00,237.24,237.86,236.92,237.36,5132.947
2025-09-20 11:00:00,237.36,238.44,237.34,238.2,6329.059
2025-09-20 12:00:00,238.2,238.24,237.34,237.71,4667.364
2025-09-20 13:00:00,237.72,238.11,237.41,237.49,4453.12199344
2025-09-20 14:00:00,237.49,238.97,237.07,238.77,6153.00599201
2025-09-20 15:00:00,238.78,241.2,238.78,240.1,12466.041
2025-09-20 16:00:00,240.11,241.07,239.24,240.41,6386.511
2025-09-20 17:00:00,240.41,240.56,238.95,239.17,7733.528
2025-09-20 18:00:00,239.16,239.16,238.27,238.42,7709.2812
2025-09-20 19:00:00,238.43,239.06,238.0,238.65,6515.167
2025-09-20 20:00:00,238.65,239.83,238.47,239.7,6734.762
2025-09-20 21:00:00,239.73,240.29,239.47,239.82,4561.37864304
2025-09-20 22:00:00,239.8,240.2,239.37,240.13,2997.657
2025-09-20 23:00:00,240.13,240.19,239.03,239.51,2977.69
2025-09-21 00:00:00,239.5,240.7,239.0,240.67,4451.466
2025-09-21 01:00:00,240.68,240.75,239.92,240.15,4490.902
2025-09-21 02:00:00,240.13,241.08,239.92,241.08,5050.17
2025-09-21 03:00:00,241.08,241.76,240.49,241.76,4943.061
2025-09-21 04:00:00,241.77,241.8,240.4,240.56,4151.99
2025-09-21 05:00:00,240.54,240.81,240.21,240.38,3860.768
2025-09-21 06:00:00,240.39,241.12,240.2,240.34,4521.7
2025-09-21 07:00:00,240.34,240.34,239.49,239.9,5619.673
2025-09-21 08:00:00,239.9,240.07,238.56,238.84,5598.73939
2025-09-21 09:00:00,238.85,239.04,237.14,238.47,9013.39801817
2025-09-21 10:00:00,238.48,239.23,238.06,238.41,5333.58492763
2025-09-21 11:00:00,238.39,239.08,238.22,238.69,4994.188
2025-09-21 12:00:00,238.67,240.02,238.57,239.53,5702.518
2025-09-21 13:00:00,239.54,240.3,239.2,239.53,4693.717
2025-09-21 14:00:00,239.52,239.91,238.47,238.6,5496.513
2025-09-21 15:00:00,238.6,238.72,237.74,237.91,6600.939
2025-09-21 16:00:00,237.94,238.44,236.13,237.06,11648.40712914
2025-09-21 17:00:00,237.06,237.83,236.29,237.77,8139.585
2025-09-21 18:00:00,237.8,238.11,237.19,238.11,4680.769
2025-09-21 19:00:00,238.11,238.15,237.16,238.01,4846.501
2025-09-21 20:00:00,238.01,238.02,237.27,237.63,4372.186
2025-09-21 21:00:00,237.65,237.76,236.7,237.29,4611.48
2025-09-21 22:00:00,237.28,238.1,235.34,237.93,13283.796
2025-09-21 23:00:00,237.93,237.93,235.97,236.19,6933.689
2025-09-22 00:00:00,236.17,236.95,231.33,232.33,32438.21499937
2025-09-22 01:00:00,232.29,234.74,232.11,233.23,19079.98
2025-09-22 02:00:00,233.22,234.0,230.52,231.72,25535.83247884
2025-09-22 03:00:00,231.72,233.03,231.66,232.81,13735.87
2025-09-22 04:00:00,232.82,233.18,231.65,231.76,6816.415
2025-09-22 05:00:00,231.75,231.96,224.91,225.07,22259.962
2025-09-22 06:00:00,225.03,225.45,213.29,224.47,84248.88898654
2025-09-22 07:00:00,224.46,224.52,221.78,221.89,26838.465
2025-09-22 08:00:00,221.89,222.77,221.01,221.5,17918.99355291
2025-09-22 09:00:00,221.51,221.66,219.37,220.48,28959.23430289
2025-09-22 10:00:00,220.51,222.67,219.96,222.42,17935.76357579
2025-09-22 11:00:00,222.41,222.77,221.1,221.47,13091.407
2025-09-22 12:00:00,221.48,222.94,220.65,222.91,13667.934
2025-09-22 13:00:00,222.88,224.02,221.39,223.77,22551.362
2025-09-22 14:00:00,223.72,224.02,220.96,221.43,21014.368
2025-09-22 15:00:00,221.42,221.74,219.95,220.74,21048.21
2025-09-22 16:00:00,220.74,221.51,219.25,219.7,22262.33
2025-09-22 17:00:00,219.73,221.39,217.9,221.13,23315.042
2025-09-22 18:00:00,221.09,221.22,219.49,219.5,9972.519
2025-09-22 19:00:00,219.5,219.59,216.59,217.11,28303.927
2025-09-22 20:00:00,217.09,219.76,216.47,219.5,23823.87499449
2025-09-22 21:00:00,219.5,221.08,218.95,220.91,18002.694
2025-09-22 22:00:00,220.9,220.9,219.75,219.87,9880.198
2025-09-22 23:00:00,219.87,220.58,219.75,220.43,8100.9519871
2025-09-23 00:00:00,220.43,221.38,219.46,219.7,12965.184
2025-09-23 01:00:00,219.7,219.92,216.62,216.63,15933.543
2025-09-23 02:00:00,216.63,217.82,213.88,214.12,20888.09
2025-09-23 03:00:00,214.09,217.81,212.36,216.94,27913.797
2025-09-23 04:00:00,216.95,217.43,214.0,215.78,16636.329
2025-09-23 05:00:00,215.77,217.8,214.68,216.94,13137.687
2025-09-23 06:00:00,216.95,220.28,216.91,219.21,20553.72390127
2025-09-23 07:00:00,219.21,219.46,218.61,218.95,9841.606
2025-09-23 08:00:00,219.0,220.33,218.47,220.06,11790.054
2025-09-23 09:00:00,220.07,220.86,218.25,218.7,8282.757
2025-09-23 10:00:00,218.68,219.25,218.25,219.09,7242.438
2025-09-23 11:00:00,219.1,219.64,217.9,219.37,7729.253
2025-09-23 12:00:00,219.36,220.64,218.78,219.91,13147.82
2025-09-23 13:00:00,219.91,220.19,218.64,219.02,16538.247
2025-09-23 14:00:00,219.05,220.64,217.63,217.7,19396.9526983
2025-09-23 15:00:00,217.7,219.95,217.03,219.28,17149.162
2025-09-23 16:00:00,219.29,221.83,217.86,220.45,23030.89
2025-09-23 17:00:00,220.41,220.6,215.93,216.73,19153.232
2025-09-23 18:00:00,216.74,217.21,215.23,215.8,14534.284
2025-09-23 19:00:00,215.76,217.15,214.35,214.54,19439.84796732
2025-09-23 20:00:00,214.52,215.3,213.27,215.29,17249.779
2025-09-23 21:00:00,215.27,216.68,214.47,215.86,13367.904
2025-09-23 22:00:00,215.86,216.44,214.76,215.28,8481.711
2025-09-23 23:00:00,215.28,215.96,213.25,213.27,8313.156
2025-09-24 00:00:00,213.27,215.59,213.27,213.4,9883.365
2025-09-24 01:00:00,213.45,216.4,212.84,216.19,11859.699
2025-09-24 02:00:00,216.21,216.43,213.29,214.29,16842.67
2025-09-24 03:00:00,214.28,214.65,207.34,208.54,50253.32
2025-09-24 04:00:00,208.51,209.19,204.88,208.07,38889.727
2025-09-24 05:00:00,208.02,210.57,207.85,209.77,12985.509
2025-09-24 06:00:00,209.77,211.43,208.66,210.99,15001.16321341
2025-09-24 07:00:00,210.98,211.04,209.59,210.62,11142.89618735
2025-09-24 08:00:00,210.63,211.19,210.03,210.87,9437.56
2025-09-24 09:00:00,210.88,211.15,209.85,210.99,7231.895
2025-09-24 10:00:00,210.98,211.46,210.13,210.89,8068.478
2025-09-24 11:00:00,210.9,212.59,210.73,212.33,17394.928
2025-09-24 12:00:00,212.35,213.38,211.79,211.97,14425.034
2025-09-24 13:00:00,211.96,213.13,211.45,211.61,13977.74515956
2025-09-24 14:00:00,211.61,216.27,211.46,215.57,24011.51
2025-09-24 15:00:00,215.62,216.05,213.3,213.58,28313.2130078
2025-09-24 16:00:00,213.6,214.45,213.24,213.89,15335.026
2025-09-24 17:00:00,213.89,215.47,213.52,215.15,12430.866
2025-09-24 18:00:00,215.17,215.2,213.39,213.95,12255.17226194
2025-09-24 19:00:00,213.95,214.22,212.45,213.24,9998.60082153
2025-09-24 20:00:00,213.19,213.22,210.79,212.14,13478.02468663
2025-09-24 21:00:00,212.09,212.61,210.74,211.26,8890.528
2025-09-24 22:00:00,211.27,212.31,210.96,211.73,10853.984
2025-09-24 23:00:00,211.75,212.25,211.31,211.58,8431.316
2025-09-25 00:00:00,211.6,212.43,210.27,210.75,12915.879
2025-09-25 01:00:00,210.71,211.21,207.78,208.21,27358.873
2025-09-25 02:00:00,208.24,211.94,206.84,210.05,22301.651
2025-09-25 03:00:00,210.06,210.12,206.06,207.34,19606.599
2025-09-25 04:00:00,207.29,207.59,202.68,204.39,34999.17326523
2025-09-25 05:00:00,204.31,205.9,203.26,205.46,14450.218
2025-09-25 06:00:00,205.4,205.75,203.4,203.66,15322.61
2025-09-25 07:00:00,203.64,205.21,203.35,204.2,12941.17299561
2025-09-25 08:00:00,204.19,205.58,203.64,204.34,12826.67368313
2025-09-25 09:00:00,204.33,205.89,201.75,202.25,22490.901
2025-09-25 10:00:00,202.25,203.69,201.95,202.0,16123.597
2025-09-25 11:00:00,202.0,202.51,200.71,201.35,21826.3374281
2025-09-25 12:00:00,201.35,202.54,197.09,198.57,57167.77176973
2025-09-25 13:00:00,198.56,201.62,197.57,200.74,35938.9689961
2025-09-25 14:00:00,200.78,204.02,200.78,202.7,28644.15479637
2025-09-25 15:00:00,202.65,203.15,200.38,201.13,18279.88499702
2025-09-25 16:00:00,201.14,201.95,198.39,198.74,21505.656
2025-09-25 17:00:00,198.71,198.91,193.63,194.81,63784.37374381
2025-09-25 18:00:00,194.84,199.63,194.5,199.52,57676.46594269
2025-09-25 19:00:00,199.5,200.88,197.38,198.05,20915.74175175
2025-09-25 20:00:00,198.12,198.73,195.25,196.21,18734.529
2025-09-25 21:00:00,196.23,197.35,194.78,196.36,19044.195
2025-09-25 22:00:00,196.35,197.54,193.94,194.65,18181.083
2025-09-25 23:00:00,194.65,196.07,191.31,192.75,27931.948
2025-09-26 00:00:00,192.75,195.93,192.56,195.68,20448.494
2025-09-26 01:00:00,195.7,197.15,195.21,195.88,22835.704
2025-09-26 02:00:00,195.89,197.55,195.45,196.5,17676.448
2025-09-26 03:00:00,196.5,197.36,195.17,196.49,14387.496
2025-09-26 04:00:00,196.48,197.41,195.14,195.75,14019.866
2025-09-26 05:00:00,195.76,197.29,194.39,195.09,12798.951
2025-09-26 06:00:00,195.09,197.02,193.79,195.23,17398.362
2025-09-26 07:00:00,195.22,196.84,194.1,196.32,17640.9
2025-09-26 08:00:00,196.31,196.97,195.76,196.17,15271.66
2025-09-26 09:00:00,196.18,196.57,193.81,194.61,13265.262
2025-09-26 10:00:00,194.63,194.74,191.81,192.11,15257.15914477
2025-09-26 11:00:00,192.09,193.99,190.85,193.42,17631.43331319
2025-09-26 12:00:00,193.45,198.26,192.16,196.63,38190.12243701
2025-09-26 13:00:00,196.66,197.38,194.47,197.17,26186.543
2025-09-26 14:00:00,197.15,197.32,193.34,194.38,22383.287
2025-09-26 15:00:00,194.43,196.82,194.24,196.02,13989.94948533
2025-09-26 16:00:00,196.03,199.78,195.82,199.61,17820.758
2025-09-26 17:00:00,199.59,202.0,199.2,201.43,20217.48198392
2025-09-26 18:00:00,201.41,202.65,200.91,201.84,13093.2232397
2025-09-26 19:00:00,201.83,201.98,198.99,200.69,22469.536
2025-09-26 20:00:00,200.68,200.9,199.58,199.97,8690.615
2025-09-26 21:00:00,199.95,202.45,199.75,202.31,12432.124
2025-09-26 22:00:00,202.32,203.94,201.87,203.57,10717.364
2025-09-26 23:00:00,203.56,205.46,202.82,205.17,10913.66185846
2025-09-27 00:00:00,205.15,205.34,204.06,205.17,10554.031
2025-09-27 01:00:00,205.18,205.4,203.61,204.33,9957.747
2025-09-27 02:00:00,204.35,204.78,203.67,203.74,7392.4
2025-09-27 03:00:00,203.73,205.08,203.66,203.92,8018.748
2025-09-27 04:00:00,203.89,204.13,203.22,203.66,7533.365
2025-09-27 05:00:00,203.67,203.67,202.25,202.48,7426.19999953
2025-09-27 06:00:00,202.48,202.63,201.78,202.61,5877.029
2025-09-27 07:00:00,202.65,203.15,201.51,202.07,8811.345
2025-09-27 08:00:00,202.06,202.21,200.84,200.91,8162.9649321
2025-09-27 09:00:00,200.92,201.5,199.9,201.18,11121.374
2025-09-27 10:00:00,201.19,202.03,200.52,201.62,9633.45178211
2025-09-27 11:00:00,201.63,202.02,201.33,201.7,5386.953
2025-09-27 12:00:00,201.71,202.95,201.01,202.5,7604.756
2025-09-27 13:00:00,202.47,203.39,202.19,202.9,7329.269
2025-09-27 14:00:00,202.9,203.75,202.32,202.7,8474.54149402
2025-09-27 15:00:00,202.7,203.7,201.82,203.52,9102.931
2025-09-27 16:00:00,203.54,203.6,202.75,202.93,8830.456
2025-09-27 17:00:00,202.95,202.97,200.92,201.9,10653.301
2025-09-27 18:00:00,201.84,202.17,200.93,201.65,9742.1679858
2025-09-27 19:00:00,201.67,202.35,201.32,202.23,8048.43
2025-09-27 20:00:00,202.23,202.89,201.92,202.64,6024.791
2025-09-27 21:00:00,202.64,204.07,202.3,203.85,5611.88611436
2025-09-27 22:00:00,203.85,204.9,203.43,203.9,6506.995
2025-09-27 23:00:00,203.89,204.28,203.25,203.46,6893.699
2025-09-28 00:00:00,203.46,204.05,202.55,202.96,8582.733
2025-09-28 01:00:00,202.96,203.19,201.02,201.17,10159.196
2025-09-28 02:00:00,201.14,202.05,201.01,201.43,6695.628
2025-09-28 03:00:00,201.48,201.95,200.79,201.39,5731.238
2025-09-28 04:00:00,201.4,201.98,201.22,201.9,4570.685
2025-09-28 05:00:00,201.9,202.42,201.18,201.34,5671.673
2025-09-28 06:00:00,201.33,201.79,200.38,201.7,6788.14299965
2025-09-28 07:00:00,201.73,202.29,201.17,202.1,4434.657
2025-09-28 08:00:00,202.09,202.68,201.44,201.83,7504.558
2025-09-28 09:00:00,201.83,202.03,200.67,200.68,9060.826
2025-09-28 10:00:00,200.69,201.04,200.22,200.82,5626.065
2025-09-28 11:00:00,200.84,200.89,199.25,199.83,7954.00253999
2025-09-28 12:00:00,199.86,199.95,197.97,198.45,12348.45330658
2025-09-28 13:00:00,198.45,201.39,198.32,201.19,14586.758
2025-09-28 14:00:00,201.21,201.99,200.45,201.89,12661.668
2025-09-28 15:00:00,201.89,203.54,201.86,203.42,12567.609
2025-09-28 16:00:00,203.43,204.74,203.24,204.09,15749.013
2025-09-28 17:00:00,204.06,205.83,204.0,205.05,12962.20615181
2025-09-28 18:00:00,205.05,206.4,204.83,206.14,8365.313
2025-09-28 19:00:00,206.16,206.66,205.44,206.18,6238.274
2025-09-28 20:00:00,206.2,207.78,206.02,206.83,12897.34872543
2025-09-28 21:00:00,206.83,207.3,206.55,207.21,7979.167
2025-09-28 22:00:00,207.22,209.95,207.22,209.54,17852.95753067
2025-09-28 23:00:00,209.55,210.96,209.55,210.88,20617.70355446
2025-09-29 00:00:00,210.84,210.93,209.08,209.21,17002.94281704
2025-09-29 01:00:00,209.22,209.94,208.84,209.43,8837.002
2025-09-29 02:00:00,209.42,210.82,208.95,209.68,10836.28299897
2025-09-29 03:00:00,209.73,210.33,209.14,210.26,8055.143
2025-09-29 04:00:00,210.28,210.64,209.87,210.07,6893.201
2025-09-29 05:00:00,210.05,210.19,208.81,209.12,9396.444
2025-09-29 06:00:00,209.13,209.19,207.83,208.15,8414.636
2025-09-29 07:00:00,208.15,209.27,207.38,208.93,7979.675
2025-09-29 08:00:00,208.93,209.66,208.27,208.91,8572.295
2025-09-29 09:00:00,208.89,209.12,207.89,208.21,5690.84
2025-09-29 10:00:00,208.22,208.38,206.49,206.56,9896.183
2025-09-29 11:00:00,206.59,207.43,206.04,207.07,8934.693
2025-09-29 12:00:00,207.08,208.02,205.23,205.41,12737.60969371
2025-09-29 13:00:00,205.38,209.48,204.63,208.85,28970.767
2025-09-29 14:00:00,208.84,212.83,208.69,212.35,27990.19276911
2025-09-29 15:00:00,212.37,213.49,209.83,210.05,23139.66862071
2025-09-29 16:00:00,210.1,211.57,208.39,208.75,20297.426
2025-09-29 17:00:00,208.74,210.31,207.71,210.15,13694.83105706
2025-09-29 18:00:00,210.22,210.75,209.14,210.75,9349.828
2025-09-29 19:00:00,210.76,213.51,210.47,212.92,15336.72
2025-09-29 20:00:00,212.96,214.51,212.5,214.37,19530.512
2025-09-29 21:00:00,214.38,214.73,213.71,214.16,11429.823
2025-09-29 22:00:00,214.16,214.28,213.02,213.6,9256.937
2025-09-29 23:00:00,213.59,213.94,212.45,212.76,9863.67318949
2025-09-30 00:00:00,212.75,213.68,211.16,211.34,17414.31608524
2025-09-30 01:00:00,211.34,212.95,209.85,210.58,18525.942
2025-09-30 02:00:00,210.59,211.24,210.01,210.52,10589.01209662
2025-09-30 03:00:00,210.53,211.47,210.13,210.7,7728.63
2025-09-30 04:00:00,210.71,211.72,210.23,210.23,6747.721
2025-09-30 05:00:00,210.24,210.73,208.92,210.03,14230.96323021
2025-09-30 06:00:00,210.01,210.88,209.51,210.31,7557.976
2025-09-30 07:00:00,210.32,210.82,208.55,208.97,9368.233
2025-09-30 08:00:00,208.99,208.99,207.7,207.77,9602.8866634
2025-09-30 09:00:00,207.77,207.93,205.59,205.91,13854.226
2025-09-30 10:00:00,205.85,206.99,205.55,206.53,11377.794
2025-09-30 11:00:00,206.58,207.24,205.94,207.07,9266.769
2025-09-30 12:00:00,207.08,207.47,206.0,206.2,10742.53799797
2025-09-30 13:00:00,206.18,209.64,205.67,207.7,21841.7955654
2025-09-30 14:00:00,207.7,208.92,206.1,208.81,19771.22606859
2025-09-30 15:00:00,208.81,208.81,204.64,205.98,23798.81869935
2025-09-30 16:00:00,205.96,206.29,204.29,205.12,14949.049
2025-09-30 17:00:00,205.12,206.28,204.74,205.63,15216.235
2025-09-30 18:00:00,205.64,207.84,205.32,207.6,11436.536
2025-09-30 19:00:00,207.56,209.21,207.14,208.91,14174.897
2025-09-30 20:00:00,208.95,210.22,208.19,209.86,12585.99964025
2025-09-30 21:00:00,209.91,210.99,209.28,209.61,15575.80049949
2025-09-30 22:00:00,209.62,210.96,207.78,208.05,17443.62699609
2025-09-30 23:00:00,208.06,208.87,207.4,208.62,9499.856
2025-10-01 00:00:00,208.7,209.4,206.37,207.52,14621.126
2025-10-01 01:00:00,207.54,210.7,207.15,210.63,14587.104
2025-10-01 02:00:00,210.56,210.87,209.16,209.22,10666.67231225
2025-10-01 03:00:00,209.2,209.55,206.63,206.71,16641.958
2025-10-01 04:00:00,206.72,209.51,206.33,208.47,17244.32005674
2025-10-01 05:00:00,208.48,210.02,208.48,208.98,13204.59
2025-10-01 06:00:00,208.98,209.5,207.8,207.96,13716.113
2025-10-01 07:00:00,207.96,210.33,207.87,210.18,13289.95457914
2025-10-01 08:00:00,210.14,217.24,209.87,216.5,53430.04351247
2025-10-01 09:00:00,216.55,217.89,215.81,217.56,30480.77447479
2025-10-01 10:00:00,217.57,217.7,216.06,216.57,19641.27399195
2025-10-01 11:00:00,216.61,217.86,216.56,217.75,14838.037
2025-10-01 12:00:00,217.74,219.36,217.17,218.51,18290.27
2025-10-01 13:00:00,218.51,219.93,218.36,219.36,19561.855
2025-10-01 14:00:00,219.35,220.64,218.88,219.51,25737.27
2025-10-01 15:00:00,219.52,220.25,218.76,220.23,14203.947
2025-10-01 16:00:00,220.23,220.99,218.86,219.11,16615.183
2025-10-01 17:00:00,219.09,219.74,217.37,217.37,15162.995
2025-10-01 18:00:00,217.39,219.64,217.39,219.13,8985.664
2025-10-01 19:00:00,219.14,220.43,219.03,220.07,11543.919
2025-10-01 20:00:00,220.08,220.26,219.23,219.47,9421.218
2025-10-01 21:00:00,219.46,219.46,218.43,219.0,7182.51
2025-10-01 22:00:00,219.01,219.95,219.01,219.57,8433.967
2025-10-01 23:00:00,219.55,222.77,219.45,222.03,10884.261
2025-10-02 00:00:00,222.06,222.45,219.73,219.83,12955.433
2025-10-02 01:00:00,219.83,223.03,219.54,222.83,11640.029
2025-10-02 02:00:00,222.83,224.08,221.43,223.28,15106.391
2025-10-02 03:00:00,223.28,225.03,222.88,223.81,15667.04
2025-10-02 04:00:00,223.82,224.99,222.75,223.8,16168.705
2025-10-02 05:00:00,223.82,226.76,223.82,224.13,15430.97155994
2025-10-02 06:00:00,224.13,225.79,223.58,224.94,18885.226
2025-10-02 07:00:00,224.94,225.25,222.54,222.92,17991.51998957
2025-10-02 08:00:00,222.94,224.74,222.73,224.74,10179.872
2025-10-02 09:00:00,224.74,225.7,224.03,225.19,8564.146
2025-10-02 10:00:00,225.19,225.72,224.83,225.14,7319.209
2025-10-02 11:00:00,225.13,226.62,224.79,225.26,10870.807
2025-10-02 12:00:00,225.26,227.4,224.95,227.28,19839.183
2025-10-02 13:00:00,227.29,227.44,224.64,226.51,30501.71
2025-10-02 14:00:00,226.51,226.7,223.06,223.6,26446.279
2025-10-02 15:00:00,223.61,227.29,222.67,227.17,30696.275
2025-10-02 16:00:00,227.17,229.27,226.17,227.99,30103.278
2025-10-02 17:00:00,228.0,230.3,227.39,229.8,30933.6
2025-10-02 18:00:00,229.8,233.17,229.75,232.35,27110.151
2025-10-02 19:00:00,232.35,233.85,231.55,232.28,25589.3418
2025-10-02 20:00:00,232.28,232.59,230.8,232.59,16010.792
2025-10-02 21:00:00,232.6,233.95,232.44,232.55,12647.817
2025-10-02 22:00:00,232.54,233.85,232.13,233.06,18436.23
2025-10-02 23:00:00,233.1,235.0,232.92,234.72,15115.803
2025-10-03 00:00:00,234.75,234.79,231.85,231.88,11449.524
2025-10-03 01:00:00,231.88,232.71,230.56,230.99,14755.7439493
2025-10-03 02:00:00,230.93,233.42,230.8,233.31,11080.122
2025-10-03 03:00:00,233.3,234.83,232.05,232.23,17573.64753893
2025-10-03 04:00:00,232.23,233.2,231.36,232.03,12091.242
2025-10-03 05:00:00,232.07,232.15,230.33,231.19,13252.586
2025-10-03 06:00:00,231.2,231.55,227.76,229.33,16529.22784
2025-10-03 07:00:00,229.33,229.74,228.6,229.42,21651.47884586
2025-10-03 08:00:00,229.42,231.2,227.93,231.04,16309.769
2025-10-03 09:00:00,231.04,231.79,230.7,230.93,15706.44849724
2025-10-03 10:00:00,230.92,231.63,230.42,231.28,9883.443
2025-10-03 11:00:00,231.26,231.33,229.56,230.75,9529.238
2025-10-03 12:00:00,230.79,231.24,229.72,230.04,9254.287
2025-10-03 13:00:00,230.04,231.04,228.72,229.76,16729.0269997
2025-10-03 14:00:00,229.75,231.02,227.14,230.49,26134.959
2025-10-03 15:00:00,230.48,234.95,229.52,234.8,33558.74399226
2025-10-03 16:00:00,234.79,236.95,233.69,233.91,54206.14786019
2025-10-03 17:00:00,233.91,234.0,228.45,230.07,41917.75517032
2025-10-03 18:00:00,230.08,233.64,229.14,233.62,16777.249
2025-10-03 19:00:00,233.62,235.48,232.82,233.13,16120.183
2025-10-03 20:00:00,233.17,233.41,230.69,233.0,12800.702
2025-10-03 21:00:00,233.01,233.36,231.9,232.61,7472.91
2025-10-03 22:00:00,232.61,233.92,232.61,233.15,7558.837
2025-10-03 23:00:00,233.18,233.48,232.4,232.72,4808.56877097
2025-10-04 00:00:00,232.83,234.01,231.53,231.94,9117.441
2025-10-04 01:00:00,231.97,232.09,229.58,230.27,12471.318
2025-10-04 02:00:00,230.31,231.02,228.36,229.83,13057.82897422
2025-10-04 03:00:00,229.82,230.01,227.92,229.22,14244.136
2025-10-04 04:00:00,229.24,229.9,229.02,229.54,7315.187
2025-10-04 05:00:00,229.56,230.31,229.23,229.98,7940.815
2025-10-04 06:00:00,229.98,230.55,229.64,229.81,8147.22597392
2025-10-04 07:00:00,229.85,229.88,228.75,229.14,6319.513
2025-10-04 08:00:00,229.14,229.43,228.23,228.89,8725.77198847
2025-10-04 09:00:00,228.89,229.46,228.32,228.45,7491.865
2025-10-04 10:00:00,228.48,229.89,228.32,229.17,7583.732
2025-10-04 11:00:00,229.16,229.56,228.67,229.17,6318.873
2025-10-04 12:00:00,229.17,229.43,227.95,228.13,5431.208
2025-10-04 13:00:00,228.13,229.79,227.93,228.79,9070.684
2025-10-04 14:00:00,228.79,229.46,226.71,226.82,10652.006
2025-10-04 15:00:00,226.83,227.49,224.25,224.84,23833.78369891
2025-10-04 16:00:00,224.84,225.68,224.17,225.66,13902.908
2025-10-04 17:00:00,225.67,227.0,225.43,226.55,9524.999
2025-10-04 18:00:00,226.56,226.98,225.84,226.03,6307.446
2025-10-04 19:00:00,226.06,226.92,226.0,226.92,5779.224
2025-10-04 20:00:00,226.92,227.96,226.92,227.33,8444.925
2025-10-04 21:00:00,227.33,228.29,227.28,227.31,6360.488
2025-10-04 22:00:00,227.31,227.95,226.97,227.74,6522.21
2025-10-04 23:00:00,227.74,228.18,227.09,227.87,3045.112
2025-10-05 00:00:00,227.85,228.23,226.5,226.81,6228.92729831
2025-10-05 01:00:00,226.82,227.81,226.61,227.8,5578.524
2025-10-05 02:00:00,227.77,231.4,227.32,231.23,21820.121
2025-10-05 03:00:00,231.14,232.3,230.2,230.97,15986.479
2025-10-05 04:00:00,230.91,234.93,230.91,233.81,22292.02452071
2025-10-05 05:00:00,233.8,234.95,233.37,234.51,16409.6233758
2025-10-05 06:00:00,234.51,235.88,234.48,235.17,18953.51674455
2025-10-05 07:00:00,235.17,236.9,234.99,236.56,15291.977
2025-10-05 08:00:00,236.56,237.19,235.16,235.24,9453.905
2025-10-05 09:00:00,235.2,235.77,232.09,233.44,19556.30214406
2025-10-05 10:00:00,233.44,233.6,230.76,232.02,17276.313
2025-10-05 11:00:00,232.02,232.85,230.82,232.68,10495.431
2025-10-05 12:00:00,232.67,232.69,230.78,231.34,11512.31607482
2025-10-05 13:00:00,231.35,232.08,230.34,231.68,13028.307
2025-10-05 14:00:00,231.67,232.04,228.45,230.14,15954.712
2025-10-05 15:00:00,230.12,230.95,229.79,230.13,7539.252
2025-10-05 16:00:00,230.15,231.22,228.84,231.09,11081.95922862
2025-10-05 17:00:00,231.13,231.48,229.3,229.67,10430.475
2025-10-05 18:00:00,229.68,229.91,227.44,228.98,12225.622
2025-10-05 19:00:00,229.01,229.02,226.73,227.06,11718.327
2025-10-05 20:00:00,227.07,228.98,226.72,228.0,7717.27
2025-10-05 21:00:00,227.99,228.79,227.48,228.75,5842.19854869
2025-10-05 22:00:00,228.72,229.26,227.09,228.33,7090.534
2025-10-05 23:00:00,228.32,229.13,228.13,228.59,6611.27
2025-10-06 00:00:00,228.59,230.35,227.55,228.67,13084.824
2025-10-06 01:00:00,228.69,233.01,227.8,231.47,18819.899
2025-10-06 02:00:00,231.45,232.97,229.86,232.45,17028.507
2025-10-06 03:00:00,232.39,233.27,231.71,232.28,8890.648
2025-10-06 04:00:00,232.27,232.3,230.58,230.65,9163.662
2025-10-06 05:00:00,230.68,232.47,230.2,232.33,8250.18
2025-10-06 06:00:00,232.33,234.79,232.33,233.94,16095.517
2025-10-06 07:00:00,233.93,234.25,230.64,231.36,14124.776
2025-10-06 08:00:00,231.38,233.92,231.38,233.68,9517.59
2025-10-06 09:00:00,233.69,234.11,232.81,233.52,7884.711
2025-10-06 10:00:00,233.49,233.75,232.33,232.66,9248.056
2025-10-06 11:00:00,232.66,233.82,231.81,233.02,16574.756
2025-10-06 12:00:00,233.02,234.49,232.93,234.11,19185.68991256
2025-10-06 13:00:00,234.11,235.1,232.67,234.73,28514.878
2025-10-06 14:00:00,234.76,235.7,232.82,233.31,30056.11561142
2025-10-06 15:00:00,233.34,236.66,233.34,235.6,26706.47340113
2025-10-06 16:00:00,235.61,236.22,234.04,235.71,12742.372
2025-10-06 17:00:00,235.69,237.77,235.45,236.43,20011.108
2025-10-06 18:00:00,236.43,237.14,234.83,236.85,11310.699
2025-10-06 19:00:00,236.82,237.0,234.7,235.35,13514.31408757
2025-10-06 20:00:00,235.35,236.13,233.25,233.6,15063.54387793
2025-10-06 21:00:00,233.61,234.45,232.81,234.24,11712.75919579
2025-10-06 22:00:00,234.24,235.01,233.96,234.6,7922.183
2025-10-06 23:00:00,234.62,234.76,231.7,232.35,14725.568
2025-10-07 00:00:00,232.36,233.01,231.18,232.51,10884.829
2025-10-07 01:00:00,232.49,233.1,231.01,232.69,10199.241
2025-10-07 02:00:00,232.72,233.82,232.06,233.47,7298.459
2025-10-07 03:00:00,233.47,233.96,232.91,233.96,7638.564
2025-10-07 04:00:00,233.96,235.2,233.01,234.83,10015.816
2025-10-07 05:00:00,234.83,235.05,233.22,233.54,11089.2351
2025-10-07 06:00:00,233.54,233.71,229.37,230.46,22696.95516943
2025-10-07 07:00:00,230.46,231.11,229.58,231.01,10760.56565004
2025-10-07 08:00:00,231.02,231.02,228.33,230.01,21575.764
2025-10-07 09:00:00,230.02,230.59,229.76,230.38,7659.747
2025-10-07 10:00:00,230.37,231.64,229.8,230.87,9951.932
2025-10-07 11:00:00,230.87,231.17,230.12,230.51,7014.692
2025-10-07 12:00:00,230.49,231.48,229.29,231.47,12947.057
2025-10-07 13:00:00,231.49,231.61,226.38,227.95,42274.7018289
2025-10-07 14:00:00,227.92,228.09,224.47,225.27,33117.563
2025-10-07 15:00:00,225.3,225.86,221.33,223.76,54457.026
2025-10-07 16:00:00,223.77,225.29,221.87,224.41,29122.8521876
2025-10-07 17:00:00,224.41,224.81,222.64,222.74,16085.28927672
2025-10-07 18:00:00,222.72,223.29,221.32,221.43,12986.076
2025-10-07 19:00:00,221.42,222.83,220.73,221.68,17662.284
2025-10-07 20:00:00,221.68,224.16,221.53,223.45,10829.748
2025-10-07 21:00:00,223.47,224.27,222.46,223.17,9961.068
2025-10-07 22:00:00,223.17,223.65,222.04,222.47,7535.013
2025-10-07 23:00:00,222.49,222.54,219.7,219.96,16551.597
2025-10-08 00:00:00,219.96,221.77,217.91,221.02,18680.755
2025-10-08 01:00:00,221.02,222.29,220.48,222.04,8902.819
2025-10-08 02:00:00,222.05,222.78,221.17,221.6,8946.129
2025-10-08 03:00:00,221.6,221.6,218.0,218.29,16391.368
2025-10-08 04:00:00,218.32,220.52,217.33,220.39,13820.68072595
2025-10-08 05:00:00,220.4,220.43,218.41,219.51,10146.914
2025-10-08 06:00:00,219.52,220.45,218.64,220.25,11330.321
2025-10-08 07:00:00,220.26,220.98,219.49,220.97,10177.85
2025-10-08 08:00:00,220.98,222.63,220.84,221.64,12840.654
2025-10-08 09:00:00,221.63,222.07,220.77,221.43,8555.577
2025-10-08 10:00:00,221.44,222.26,221.05,222.15,9753.509
2025-10-08 11:00:00,222.15,222.55,220.68,221.2,10753.09198062
2025-10-08 12:00:00,221.19,222.52,221.12,222.3,13742.215
2025-10-08 13:00:00,222.28,222.7,218.89,221.45,19009.939
2025-10-08 14:00:00,221.46,224.15,219.53,220.06,20480.698
2025-10-08 15:00:00,220.08,222.83,219.94,221.23,11293.139
2025-10-08 16:00:00,221.23,223.7,220.72,223.59,9937.684
2025-10-08 17:00:00,223.56,227.71,223.37,226.92,27533.27463685
2025-10-08 18:00:00,226.91,229.65,226.39,228.61,24361.94
2025-10-08 19:00:00,228.66,229.59,227.53,229.35,13076.26523367
2025-10-08 20:00:00,229.33,229.66,227.46,227.68,12439.406
2025-10-08 21:00:00,227.68,229.1,227.39,228.5,6936.172
2025-10-08 22:00:00,228.49,229.68,228.47,228.6,8413.846
2025-10-08 23:00:00,228.61,229.36,227.91,229.01,7306.853
2025-10-09 00:00:00,229.03,229.65,228.0,228.33,8576.707
2025-10-09 01:00:00,228.32,228.6,226.02,228.43,15193.017
2025-10-09 02:00:00,228.44,228.69,223.86,224.43,17426.00167882
2025-10-09 03:00:00,224.43,226.41,224.38,226.14,11439.924
2025-10-09 04:00:00,226.15,227.54,225.45,227.48,10949.426
2025-10-09 05:00:00,227.48,228.74,226.75,227.78,9561.094
2025-10-09 06:00:00,227.79,228.38,226.32,226.53,8467.73807211
2025-10-09 07:00:00,226.51,226.86,224.17,224.52,11379.4853532
2025-10-09 08:00:00,224.52,224.79,219.38,219.99,24654.65474027
2025-10-09 09:00:00,219.99,222.13,219.9,221.96,14352.096
2025-10-09 10:00:00,222.0,222.94,220.99,222.28,10820.91483332
2025-10-09 11:00:00,222.28,223.97,222.27,223.14,13169.07
2025-10-09 12:00:00,223.16,226.28,222.93,225.98,15565.86
2025-10-09 13:00:00,225.96,226.21,221.88,222.28,21333.968
2025-10-09 14:00:00,222.29,223.36,219.44,220.82,28698.69328505
2025-10-09 15:00:00,220.86,222.16,218.65,219.16,24183.303
2025-10-09 16:00:00,219.12,220.14,216.58,217.29,24216.38083722
2025-10-09 17:00:00,217.25,219.57,216.71,219.41,24386.34989953
2025-10-09 18:00:00,219.33,219.5,217.22,217.57,15183.87335255
2025-10-09 19:00:00,217.56,218.95,217.42,218.26,12990.825
2025-10-09 20:00:00,218.29,219.21,217.62,218.94,12680.625
2025-10-09 21:00:00,218.94,220.44,218.56,220.29,11671.69466072
2025-10-09 22:00:00,220.29,221.64,219.89,221.22,7204.996
2025-10-09 23:00:00,221.25,221.3,219.86,220.94,8430.213
2025-10-10 00:00:00,220.95,221.99,220.78,221.23,7801.382
2025-10-10 01:00:00,221.24,222.06,220.52,220.95,7962.488
2025-10-10 02:00:00,220.99,221.84,219.87,220.33,9661.172
2025-10-10 03:00:00,220.33,222.84,219.49,221.64,11825.668
2025-10-10 04:00:00,221.63,222.84,220.88,221.23,11316.144
2025-10-10 05:00:00,221.23,221.75,220.04,221.68,9756.584
2025-10-10 06:00:00,221.68,222.42,219.33,219.41,11832.994
2025-10-10 07:00:00,219.41,219.56,217.95,218.13,12088.258
2025-10-10 08:00:00,218.13,220.05,217.43,220.02,12059.142
2025-10-10 09:00:00,220.04,220.77,218.97,218.97,9555.14697973
2025-10-10 10:00:00,218.96,220.6,218.77,220.4,9295.138
2025-10-10 11:00:00,220.41,221.56,220.32,221.15,11091.006
2025-10-10 12:00:00,221.15,221.79,220.8,221.74,6454.841
2025-10-10 13:00:00,221.75,224.4,221.56,223.41,24136.596
2025-10-10 14:00:00,223.42,224.37,219.7,219.79,26257.741
2025-10-10 15:00:00,219.79,220.11,209.04,210.72,81961.08375248
2025-10-10 16:00:00,210.71,213.0,210.06,211.28,27988.24
2025-10-10 17:00:00,211.25,211.53,208.8,209.67,22270.663
2025-10-10 18:00:00,209.68,210.05,207.47,207.49,18515.036
2025-10-10 19:00:00,207.47,208.17,203.46,205.35,35607.87697415
2025-10-10 20:00:00,205.34,207.77,192.86,196.84,96866.866
2025-10-10 21:00:00,196.84,198.7,130.0,193.35,391637.21937846
2025-10-10 22:00:00,193.34,193.77,183.88,189.8,135802.46005684
2025-10-10 23:00:00,189.74,194.35,187.31,188.4,91493.43091775
2025-10-11 00:00:00,188.4,190.5,184.59,188.02,53448.56992715
2025-10-11 01:00:00,188.03,188.24,182.34,183.11,43771.54198184
2025-10-11 02:00:00,183.13,191.75,182.98,188.56,37831.487
2025-10-11 03:00:00,188.58,189.09,182.67,184.76,30729.771
2025-10-11 04:00:00,184.76,186.87,183.92,186.09,28578.68726283
2025-10-11 05:00:00,186.1,186.31,180.01,182.47,27692.23299961
2025-10-11 06:00:00,182.47,186.02,182.23,183.28,25805.55688121
2025-10-11 07:00:00,183.27,184.0,181.83,182.93,30639.53
2025-10-11 08:00:00,182.92,187.32,182.14,186.61,23605.94993757
2025-10-11 09:00:00,186.58,188.27,184.0,184.56,32075.074
2025-10-11 10:00:00,184.56,186.09,183.1,184.0,15766.675
2025-10-11 11:00:00,184.01,184.24,181.76,183.85,18489.218
2025-10-11 12:00:00,183.82,184.63,181.74,183.12,17511.50602594
2025-10-11 13:00:00,183.1,184.56,180.79,184.27,28056.74380058
2025-10-11 14:00:00,184.27,184.72,181.72,182.71,18949.864
2025-10-11 15:00:00,182.67,185.08,182.6,183.75,18519.26
2025-10-11 16:00:00,183.75,184.62,181.78,182.69,20777.898
2025-10-11 17:00:00,182.68,184.72,182.48,183.08,15338.28299992
2025-10-11 18:00:00,183.09,183.11,182.31,182.59,10262.058
2025-10-11 19:00:00,182.59,182.64,176.58,177.57,34047.888
2025-10-11 20:00:00,177.57,178.12,174.02,175.54,28448.266
2025-10-11 21:00:00,175.57,177.48,172.6,176.91,33376.677
2025-10-11 22:00:00,176.93,178.08,175.93,177.37,15066.111
2025-10-11 23:00:00,177.36,178.79,176.83,177.61,18810.887
2025-10-12 00:00:00,177.63,177.77,173.03,173.33,21563.41683271
2025-10-12 01:00:00,173.32,175.45,173.21,174.09,20438.573
2025-10-12 02:00:00,174.08,176.59,173.5,174.76,17869.858
2025-10-12 03:00:00,174.77,178.48,174.36,177.04,21603.24420228
2025-10-12 04:00:00,177.06,180.84,176.61,180.11,18280.306
2025-10-12 05:00:00,180.11,182.06,179.58,181.5,15552.713
2025-10-12 06:00:00,181.47,182.69,180.86,182.62,19030.95662904
2025-10-12 07:00:00,182.65,182.97,181.55,182.54,13248.879
2025-10-12 08:00:00,182.54,182.73,181.43,181.76,9979.272
2025-10-12 09:00:00,181.81,182.25,180.34,182.0,16376.56
2025-10-12 10:00:00,182.02,182.7,180.66,180.73,14367.084
2025-10-12 11:00:00,180.75,181.91,180.53,181.0,11819.673
2025-10-12 12:00:00,181.0,183.17,180.82,181.68,16753.133
2025-10-12 13:00:00,181.72,181.79,178.24,179.2,19333.311
2025-10-12 14:00:00,179.18,188.92,179.1,186.23,57382.31398791
2025-10-12 15:00:00,186.3,191.81,185.58,191.22,57308.90347455
2025-10-12 16:00:00,191.22,195.51,191.22,193.81,40382.72025727
2025-10-12 17:00:00,193.81,196.09,193.34,194.61,26970.02297415
2025-10-12 18:00:00,194.61,195.61,191.82,193.84,17189.46
2025-10-12 19:00:00,193.85,196.59,193.53,195.85,18589.03
2025-10-12 20:00:00,195.85,198.95,195.37,196.8,23414.057099
2025-10-12 21:00:00,196.78,197.93,193.13,195.62,26089.925
2025-10-12 22:00:00,195.63,198.07,195.54,197.44,20978.437
2025-10-12 23:00:00,197.43,197.47,195.31,197.01,17062.4091
2025-10-13 00:00:00,197.0,199.26,195.75,197.26,30275.539
2025-10-13 01:00:00,197.24,199.49,196.02,199.43,24537.493
2025-10-13 02:00:00,199.45,199.99,195.67,196.38,21554.776
2025-10-13 03:00:00,196.47,197.29,194.36,194.82,18293.29
2025-10-13 04:00:00,194.83,196.44,194.28,196.22,14728.29339612
2025-10-13 05:00:00,196.2,196.29,193.69,194.05,20155.742
2025-10-13 06:00:00,194.05,197.48,192.93,197.1,19049.56599666
2025-10-13 07:00:00,197.11,199.49,195.98,196.82,29580.51592475
2025-10-13 08:00:00,196.79,198.68,196.21,198.24,16716.956
2025-10-13 09:00:00,198.23,198.23,196.7,196.99,16600.96095544
2025-10-13 10:00:00,196.99,197.06,194.93,195.42,18710.68964776
2025-10-13 11:00:00,195.41,195.56,190.05,192.56,37776.45315964
2025-10-13 12:00:00,192.52,194.47,191.36,191.86,23430.39869428
2025-10-13 13:00:00,191.84,196.96,191.31,196.23,45232.895
2025-10-13 14:00:00,196.2,196.77,192.48,193.38,29826.044
2025-10-13 15:00:00,193.37,197.64,193.27,196.41,23978.291
2025-10-13 16:00:00,196.42,200.34,196.24,200.05,36754.843
2025-10-13 17:00:00,200.05,205.82,200.01,205.02,35522.532
2025-10-13 18:00:00,205.01,206.64,203.97,205.93,39599.47
2025-10-13 19:00:00,205.93,208.75,205.57,207.1,29475.407
2025-10-13 20:00:00,207.11,208.81,206.81,208.57,18643.22994057
2025-10-13 21:00:00,208.57,208.96,207.63,207.99,25261.241
2025-10-13 22:00:00,208.0,209.28,207.69,208.39,14803.16794409
2025-10-13 23:00:00,208.4,209.23,207.31,208.68,17808.87203198
2025-10-14 00:00:00,208.68,211.27,208.08,209.31,24198.95399541
2025-10-14 01:00:00,209.3,210.1,207.94,208.43,17299.074
2025-10-14 02:00:00,208.43,208.57,205.81,206.29,20533.6219645
2025-10-14 03:00:00,206.3,206.93,204.97,205.68,16691.437
2025-10-14 04:00:00,205.72,205.87,201.11,202.12,22459.702
2025-10-14 05:00:00,202.09,203.89,198.89,199.71,29320.07704016
2025-10-14 06:00:00,199.71,200.77,192.06,195.34,45986.95695354
2025-10-14 07:00:00,195.31,197.24,193.44,194.5,32652.9909761
2025-10-14 08:00:00,194.48,197.08,193.2,196.19,26539.36548512
2025-10-14 09:00:00,196.18,197.56,194.07,194.91,23709.85603768
2025-10-14 10:00:00,194.88,194.89,191.05,194.24,35713.38981818
2025-10-14 11:00:00,194.25,197.07,194.06,195.33,21923.58094031
2025-10-14 12:00:00,195.35,195.37,192.39,193.35,31020.317
2025-10-14 13:00:00,193.36,195.68,191.55,195.06,44334.934
2025-10-14 14:00:00,195.03,198.82,194.41,195.9,52955.36197064
2025-10-14 15:00:00,195.9,202.63,194.54,202.2,37351.79036071
2025-10-14 16:00:00,202.23,206.41,200.0,202.52,46879.039
2025-10-14 17:00:00,202.48,204.68,199.35,201.76,29489.51498488
2025-10-14 18:00:00,201.77,204.24,200.54,201.58,18355.39498812
2025-10-14 19:00:00,201.57,203.79,197.08,198.51,35177.55886886
2025-10-14 20:00:00,198.55,200.61,198.18,200.61,13456.47
2025-10-14 21:00:00,200.6,201.53,198.34,201.24,11558.76279342
2025-10-14 22:00:00,201.25,202.16,200.31,201.45,10390.72690946
2025-10-14 23:00:00,201.46,203.42,201.45,202.45,11226.381
2025-10-15 00:00:00,202.46,204.03,201.28,203.98,16694.26399947
2025-10-15 01:00:00,203.96,204.09,201.13,203.72,19356.84397312
2025-10-15 02:00:00,203.74,205.83,203.08,203.42,17091.309
2025-10-15 03:00:00,203.42,203.73,200.92,201.66,17417.28999778
2025-10-15 04:00:00,201.66,203.56,200.51,203.47,13863.44797913
2025-10-15 05:00:00,203.48,204.83,202.83,204.42,13194.09294009
2025-10-15 06:00:00,204.44,205.38,201.97,204.58,15075.742
2025-10-15 07:00:00,204.63,205.09,203.23,204.74,12469.57245401
2025-10-15 08:00:00,204.69,208.92,204.48,206.15,26118.5883739
2025-10-15 09:00:00,206.15,207.34,205.34,206.0,17936.442
2025-10-15 10:00:00,206.0,206.33,203.49,203.92,18943.798
2025-10-15 11:00:00,203.81,204.78,202.08,202.6,15541.22096794
2025-10-15 12:00:00,202.59,203.7,201.68,203.1,21188.507
2025-10-15 13:00:00,203.02,204.31,198.08,201.16,48197.83889758
2025-10-15 14:00:00,201.16,204.88,198.37,199.5,36373.48793093
2025-10-15 15:00:00,199.5,200.32,196.23,197.13,32124.669
2025-10-15 16:00:00,197.15,198.74,196.88,197.41,20742.00277732
2025-10-15 17:00:00,197.38,198.2,195.21,198.19,28131.561
2025-10-15 18:00:00,198.19,198.3,196.33,198.07,14929.39615976
2025-10-15 19:00:00,198.07,198.1,194.2,194.8,24059.27
2025-10-15 20:00:00,194.81,196.62,192.24,194.16,36344.1509977
2025-10-15 21:00:00,194.18,195.27,192.09,192.88,23869.02592051
2025-10-15 22:00:00,192.89,194.6,192.63,193.34,18016.072
2025-10-15 23:00:00,193.34,194.83,193.02,193.82,15393.787
2025-10-16 00:00:00,193.82,194.64,193.16,193.89,14040.683
2025-10-16 01:00:00,193.87,195.44,193.83,195.1,14604.48
2025-10-16 02:00:00,195.13,196.2,194.27,195.49,16574.261
2025-10-16 03:00:00,195.5,196.05,193.46,193.61,11877.29
2025-10-16 04:00:00,193.63,194.59,192.36,192.49,13655.89359014
2025-10-16 05:00:00,192.49,194.4,191.41,192.47,16483.623
2025-10-16 06:00:00,192.47,195.6,192.46,195.22,17939.983
2025-10-16 07:00:00,195.22,195.36,192.36,192.92,17332.508
2025-10-16 08:00:00,192.94,193.46,191.92,192.43,11436.98698781
2025-10-16 09:00:00,192.45,194.65,186.36,193.87,59443.17517423
2025-10-16 10:00:00,193.89,196.68,193.62,195.77,22252.781
2025-10-16 11:00:00,195.76,197.21,194.56,196.82,24809.21095554
2025-10-16 12:00:00,196.84,198.04,196.03,197.01,23984.3658019
2025-10-16 13:00:00,196.99,198.34,195.23,195.86,21893.79096827
2025-10-16 14:00:00,195.79,196.59,191.51,194.04,36291.78844584
2025-10-16 15:00:00,194.05,194.33,186.55,187.63,47541.681
2025-10-16 16:00:00,187.58,192.3,186.31,192.26,55107.34
2025-10-16 17:00:00,192.28,192.31,188.86,189.59,31046.95856076
2025-10-16 18:00:00,189.63,189.81,186.89,189.34,29430.445
2025-10-16 19:00:00,189.34,189.5,183.73,185.07,40799.05511774
2025-10-16 20:00:00,185.03,186.09,182.04,182.79,31595.08315169
2025-10-16 21:00:00,182.81,185.76,182.8,185.63,20424.397
2025-10-16 22:00:00,185.64,185.94,183.12,183.16,16835.86599189
2025-10-16 23:00:00,183.11,185.17,182.92,184.85,17561.06597612
2025-10-17 00:00:00,184.84,186.45,184.3,186.29,14408.394
2025-10-17 01:00:00,186.3,187.53,184.82,185.67,16612.356
2025-10-17 02:00:00,185.69,187.35,184.72,186.75,16399.888
2025-10-17 03:00:00,186.76,187.48,186.3,187.09,17787.208
2025-10-17 04:00:00,187.12,187.42,186.36,187.09,9347.718
2025-10-17 05:00:00,187.07,187.46,185.46,185.69,14928.696
2025-10-17 06:00:00,185.71,186.48,179.91,180.4,37911.30179032
2025-10-17 07:00:00,180.4,180.81,177.35,177.73,42749.187
2025-10-17 08:00:00,177.77,178.95,175.45,175.57,43531.595
2025-10-17 09:00:00,175.56,180.47,175.41,176.81,33559.663
2025-10-17 10:00:00,176.79,177.95,174.07,177.41,36523.74020039
2025-10-17 11:00:00,177.44,182.68,177.24,181.5,46522.428
2025-10-17 12:00:00,181.47,182.62,179.97,180.05,24524.44
2025-10-17 13:00:00,180.06,182.12,177.98,180.66,33962.076
2025-10-17 14:00:00,180.65,181.01,176.29,178.38,29621.196
2025-10-17 15:00:00,178.39,182.8,178.03,182.72,27654.75
2025-10-17 16:00:00,182.74,185.03,181.82,182.34,25605.315
2025-10-17 17:00:00,182.35,184.55,182.13,183.77,15007.684
2025-10-17 18:00:00,183.78,185.41,183.22,183.46,14574.327
2025-10-17 19:00:00,183.47,184.16,181.45,181.96,16518.698
2025-10-17 20:00:00,182.02,184.01,181.48,183.69,10402.6
2025-10-17 21:00:00,183.7,186.07,183.47,185.38,14095.077
2025-10-17 22:00:00,185.4,185.94,183.23,183.99,9160.891
2025-10-17 23:00:00,183.99,183.99,181.82,182.0,8471.76542692
2025-10-18 00:00:00,182.0,183.53,181.79,182.85,10831.124
2025-10-18 01:00:00,182.87,184.91,182.68,184.6,12818.63
2025-10-18 02:00:00,184.62,185.54,183.44,183.73,11783.164
2025-10-18 03:00:00,183.72,185.46,183.71,184.8,8509.38
2025-10-18 04:00:00,184.8,184.8,183.14,183.43,9575.65
2025-10-18 05:00:00,183.44,184.79,183.44,184.54,8716.625
2025-10-18 06:00:00,184.54,186.58,184.23,186.34,9331.391
2025-10-18 07:00:00,186.34,188.28,185.88,186.27,15356.39996825
2025-10-18 08:00:00,186.28,187.22,185.81,185.95,8346.746
2025-10-18 09:00:00,185.92,186.62,185.4,185.92,8808.295
2025-10-18 10:00:00,185.95,186.23,184.45,185.19,11782.632
2025-10-18 11:00:00,185.17,186.13,184.64,186.12,8456.306
2025-10-18 12:00:00,186.13,187.37,185.74,186.08,10680.8
2025-10-18 13:00:00,186.08,186.15,184.82,185.2,11832.64595966
2025-10-18 14:00:00,185.22,186.18,184.0,185.73,12226.965
2025-10-18 15:00:00,185.75,185.95,184.65,185.08,10112.519
2025-10-18 16:00:00,185.04,185.56,183.34,184.24,15831.07103169
2025-10-18 17:00:00,184.25,186.09,183.8,185.92,9910.50699015
2025-10-18 18:00:00,185.95,186.15,185.28,185.8,7371.283
2025-10-18 19:00:00,185.81,186.4,185.66,186.34,6645.653
2025-10-18 20:00:00,186.35,187.68,186.15,186.6,9009.191
2025-10-18 21:00:00,186.59,187.26,185.9,187.14,8242.927
2025-10-18 22:00:00,187.15,187.83,186.81,187.28,6068.071
2025-10-18 23:00:00,187.28,187.74,186.93,187.57,5888.297
2025-10-19 00:00:00,187.56,187.87,185.32,185.75,9704.853
2025-10-19 01:00:00,185.77,185.89,184.93,185.81,7451.545
2025-10-19 02:00:00,185.86,185.96,185.27,185.77,6384.626
2025-10-19 03:00:00,185.78,187.11,184.99,187.03,8959.349
2025-10-19 04:00:00,187.04,187.13,186.38,186.83,5882.394
2025-10-19 05:00:00,186.84,187.67,186.37,186.58,6968.734
2025-10-19 06:00:00,186.56,186.92,185.21,185.59,8728.257
2025-10-19 07:00:00,185.59,186.15,185.27,185.91,7668.435
2025-10-19 08:00:00,185.9,187.53,183.82,184.19,21319.35442585
2025-10-19 09:00:00,184.17,188.64,183.21,187.21,24616.677
2025-10-19 10:00:00,187.21,189.94,186.71,189.06,17583.242
2025-10-19 11:00:00,189.07,190.1,188.63,189.01,12065.91205506
2025-10-19 12:00:00,189.01,189.38,188.16,188.86,9522.979
2025-10-19 13:00:00,188.9,191.01,188.33,190.59,19422.649
2025-10-19 14:00:00,190.59,191.69,189.81,191.57,26562.761
2025-10-19 15:00:00,191.56,191.68,190.27,190.81,13872.687
2025-10-19 16:00:00,190.81,191.62,189.98,190.9,11257.78028686
2025-10-19 17:00:00,190.9,192.24,189.8,190.04,19617.3
2025-10-19 18:00:00,190.08,190.4,189.21,189.95,12687.42040181
2025-10-19 19:00:00,189.95,189.96,188.38,188.9,10402.49099801
2025-10-19 20:00:00,188.91,189.9,188.64,189.69,7752.503
2025-10-19 21:00:00,189.7,189.84,188.4,189.23,8351.701
2025-10-19 22:00:00,189.31,190.14,188.92,189.79,10627.802
2025-10-19 23:00:00,189.84,189.84,186.93,187.88,12467.288
2025-10-20 00:00:00,187.88,187.88,183.82,185.63,20811.62988907
2025-10-20 01:00:00,185.64,186.33,185.03,185.68,11295.29099839
2025-10-20 02:00:00,185.65,187.35,184.14,186.85,16321.819
2025-10-20 03:00:00,186.92,191.73,185.92,191.19,15886.093
2025-10-20 04:00:00,191.21,192.46,190.62,192.22,14884.953
2025-10-20 05:00:00,192.2,193.39,191.62,193.0,16127.36709897
2025-10-20 06:00:00,193.05,194.32,192.79,193.95,35348.26433465
2025-10-20 07:00:00,193.96,194.54,192.88,193.06,12584.912
2025-10-20 08:00:00,193.02,194.17,192.2,193.0,12174.623
2025-10-20 09:00:00,193.0,193.66,192.6,193.18,8896.531
2025-10-20 10:00:00,193.22,193.73,191.44,191.65,12159.666
2025-10-20 11:00:00,191.63,192.29,191.06,192.21,10064.745
2025-10-20 12:00:00,192.22,192.75,191.69,192.75,10211.923
2025-10-20 13:00:00,192.76,193.03,191.64,192.42,14627.179
2025-10-20 14:00:00,192.43,192.6,190.79,191.39,15031.303
2025-10-20 15:00:00,191.41,192.32,190.46,190.56,13847.633
2025-10-20 16:00:00,190.52,190.53,186.73,187.55,27778.43299655
2025-10-20 17:00:00,187.51,188.52,185.58,187.66,16240.207
2025-10-20 18:00:00,187.69,188.52,187.21,188.2,9734.42897598
2025-10-20 19:00:00,188.21,189.43,187.55,188.92,10085.341
2025-10-20 20:00:00,188.83,190.5,188.29,190.5,9452.483
2025-10-20 21:00:00,190.51,191.17,188.81,188.98,8853.79494379
2025-10-20 22:00:00,189.0,190.88,188.79,190.74,9358.588
2025-10-20 23:00:00,190.75,190.84,189.49,189.71,8596.014
2025-10-21 00:00:00,189.71,190.25,188.63,189.02,9897.523
2025-10-21 01:00:00,189.01,189.24,186.26,186.76,15398.734
2025-10-21 02:00:00,186.75,186.91,185.56,186.07,12011.03498606
2025-10-21 03:00:00,186.08,186.62,185.37,185.61,8875.369
2025-10-21 04:00:00,185.6,185.66,183.25,183.74,28153.442
2025-10-21 05:00:00,183.75,184.35,182.78,183.86,17475.739
2025-10-21 06:00:00,183.87,185.03,183.19,184.48,11349.206
2025-10-21 07:00:00,184.46,185.21,183.76,185.05,8146.713
2025-10-21 08:00:00,185.05,185.05,183.77,184.29,11745.389
2025-10-21 09:00:00,184.3,184.54,183.79,184.41,7181.505
2025-10-21 10:00:00,184.39,186.72,184.22,185.93,11245.535
2025-10-21 11:00:00,185.92,186.52,185.11,186.28,9410.269
2025-10-21 12:00:00,186.29,187.75,185.94,186.46,12968.422
2025-10-21 13:00:00,186.49,186.98,184.01,185.09,19682.837
2025-10-21 14:00:00,185.12,192.81,185.01,192.72,37306.60536984
2025-10-21 15:00:00,192.81,197.14,191.96,196.24,35798.19993198
2025-10-21 16:00:00,196.23,197.71,192.1,192.63,34433.22574856
2025-10-21 17:00:00,192.64,195.47,191.58,194.82,37923.66367185
2025-10-21 18:00:00,194.83,195.43,193.56,194.18,13052.21069325
2025-10-21 19:00:00,194.16,194.54,193.08,193.94,9203.133
2025-10-21 20:00:00,193.98,194.21,190.77,191.41,13700.02599785
2025-10-21 21:00:00,191.38,191.75,187.99,191.32,21225.485
2025-10-21 22:00:00,191.3,191.48,187.79,188.55,17299.338
2025-10-21 23:00:00,188.56,188.92,185.13,185.64,16267.02091553
2025-10-22 00:00:00,185.64,186.58,184.18,185.67,20054.906
2025-10-22 01:00:00,185.71,187.19,185.64,187.01,15612.31598682
2025-10-22 02:00:00,187.01,187.44,185.92,185.93,6875.043
2025-10-22 03:00:00,185.93,185.99,184.54,185.26,8672.848
2025-10-22 04:00:00,185.26,186.28,185.06,185.91,7144.11
2025-10-22 05:00:00,185.92,185.99,183.33,184.6,14256.827
2025-10-22 06:00:00,184.61,184.94,183.95,184.12,9647.865
2025-10-22 07:00:00,184.11,185.17,183.45,185.04,11798.543
2025-10-22 08:00:00,185.01,185.22,184.28,184.73,6441.756
2025-10-22 09:00:00,184.73,184.91,183.42,184.06,8762.74820222
2025-10-22 10:00:00,184.06,184.51,183.24,183.57,9790.41995758
2025-10-22 11:00:00,183.58,186.02,181.99,185.07,20098.91
2025-10-22 12:00:00,185.08,186.92,184.48,185.77,15994.76395257
2025-10-22 13:00:00,185.84,186.9,184.2,186.51,20226.37999637
2025-10-22 14:00:00,186.55,186.64,181.28,185.51,35345.733
2025-10-22 15:00:00,185.51,186.04,182.33,184.01,18015.433
2025-10-22 16:00:00,184.0,184.98,182.55,183.64,18761.369
2025-10-22 17:00:00,183.64,184.24,181.35,181.67,12667.079
2025-10-22 18:00:00,181.67,182.33,180.21,180.88,17273.783
2025-10-22 19:00:00,180.9,182.51,177.11,180.2,27163.284
2025-10-22 20:00:00,180.21,180.77,179.14,180.15,15185.941
2025-10-22 21:00:00,180.17,180.26,177.13,178.39,25815.21844033
2025-10-22 22:00:00,178.39,179.57,177.81,178.88,12775.605
2025-10-22 23:00:00,178.87,180.5,178.79,180.12,10879.33299708
2025-10-23 00:00:00,180.12,181.15,179.7,181.03,9610.116
2025-10-23 01:00:00,181.05,182.08,180.68,181.79,10078.938
2025-10-23 02:00:00,181.82,182.5,181.47,182.33,5370.751
2025-10-23 03:00:00,182.31,183.4,182.15,182.9,5484.8111
2025-10-23 04:00:00,182.9,184.27,182.71,184.03,8126.62642584
2025-10-23 05:00:00,184.04,184.84,183.85,184.83,5950.39998555
2025-10-23 06:00:00,184.83,187.61,184.55,187.45,16352.42
2025-10-23 07:00:00,187.49,187.99,186.2,187.46,12249.57999595
2025-10-23 08:00:00,187.47,188.7,187.47,187.96,11936.19440509
2025-10-23 09:00:00,187.97,188.87,187.49,188.38,10530.3149583
2025-10-23 10:00:00,188.4,189.33,188.24,188.27,11890.73996624
2025-10-23 11:00:00,188.26,189.45,187.52,188.03,12410.856
2025-10-23 12:00:00,187.99,189.4,186.62,189.32,18577.11
2025-10-23 13:00:00,189.32,192.56,188.4,190.39,24026.866
2025-10-23 14:00:00,190.41,191.28,188.12,189.77,16631.097
2025-10-23 15:00:00,189.77,191.88,189.45,191.02,18363.161
2025-10-23 16:00:00,191.02,192.41,190.43,191.92,17840.293
2025-10-23 17:00:00,191.92,193.47,190.08,192.5,21337.703
2025-10-23 18:00:00,192.5,192.85,190.86,191.51,14618.571
2025-10-23 19:00:00,191.52,191.83,190.58,191.14,8282.00699651
2025-10-23 20:00:00,191.14,191.27,188.32,188.78,12707.245
2025-10-23 21:00:00,188.79,189.45,188.48,188.76,13166.67397526
2025-10-23 22:00:00,188.76,190.58,188.49,190.42,16733.638
2025-10-23 23:00:00,190.42,191.5,190.4,191.31,7388.792
2025-10-24 00:00:00,191.31,193.86,190.95,192.5,17445.919
2025-10-24 01:00:00,192.5,193.35,192.14,192.96,10668.322
2025-10-24 02:00:00,192.95,193.08,191.39,192.2,12200.40644964
2025-10-24 03:00:00,192.21,192.34,190.85,191.31,11804.88599484
2025-10-24 04:00:00,191.32,194.55,190.8,193.45,21779.03196405
2025-10-24 05:00:00,193.47,193.9,192.9,193.29,12072.721
2025-10-24 06:00:00,193.3,193.66,192.55,193.3,10186.13330218
2025-10-24 07:00:00,193.3,193.4,191.47,192.15,11678.182
2025-10-24 08:00:00,192.14,193.45,191.72,192.94,9727.594
2025-10-24 09:00:00,192.95,193.38,191.9,192.1,8618.94399984
2025-10-24 10:00:00,192.1,192.14,191.45,191.77,10115.12932355
2025-10-24 11:00:00,191.78,192.19,190.6,192.16,10658.70198719
2025-10-24 12:00:00,192.16,196.7,192.16,193.66,35866.72599968
2025-10-24 13:00:00,193.67,194.29,190.88,192.48,21189.77
2025-10-24 14:00:00,192.46,192.46,189.52,190.19,23999.9669284
2025-10-24 15:00:00,190.19,190.89,188.81,189.42,16756.61178305
2025-10-24 16:00:00,189.43,190.68,188.8,190.65,11039.691
2025-10-24 17:00:00,190.66,191.76,190.43,191.17,10083.315
2025-10-24 18:00:00,191.17,191.94,191.0,191.82,9166.482
2025-10-24 19:00:00,191.83,193.6,191.82,193.05,13594.588
2025-10-24 20:00:00,193.06,194.14,192.81,193.61,11317.698
2025-10-24 21:00:00,193.61,194.01,193.26,193.76,6985.43
2025-10-24 22:00:00,193.78,194.12,193.13,193.78,6873.85179377
2025-10-24 23:00:00,193.78,193.78,193.09,193.59,4457.82196954
2025-10-25 00:00:00,193.57,193.59,192.41,192.92,8209.86185592
2025-10-25 01:00:00,192.98,194.45,192.87,193.75,6448.185
2025-10-25 02:00:00,193.76,194.15,193.35,193.86,4691.489
2025-10-25 03:00:00,193.86,193.99,193.3,193.45,6865.51098795
2025-10-25 04:00:00,193.46,194.45,193.41,194.19,6298.91
2025-10-25 05:00:00,194.19,194.72,193.45,194.43,6084.11599251
2025-10-25 06:00:00,194.46,194.7,194.0,194.04,4857.163
2025-10-25 07:00:00,194.05,194.87,193.81,193.95,7028.932
2025-10-25 08:00:00,193.95,195.22,193.88,194.86,6728.19299924
2025-10-25 09:00:00,194.87,194.88,192.4,192.6,13293.90699794
2025-10-25 10:00:00,192.6,192.77,191.13,192.02,12927.15277041
2025-10-25 11:00:00,192.0,192.9,191.73,192.71,6824.048
2025-10-25 12:00:00,192.72,194.2,192.6,193.93,9934.877
2025-10-25 13:00:00,193.91,193.95,192.5,192.89,9054.89795445
2025-10-25 14:00:00,192.89,192.89,192.05,192.62,9813.122
2025-10-25 15:00:00,192.61,192.61,191.82,191.88,6920.697
2025-10-25 16:00:00,191.89,192.11,191.46,191.91,5859.379
2025-10-25 17:00:00,191.92,192.5,191.84,192.39,3728.00163
2025-10-25 18:00:00,192.37,194.35,192.31,194.27,9916.289
2025-10-25 19:00:00,194.27,194.63,193.94,194.51,5794.186
2025-10-25 20:00:00,194.52,194.89,193.75,194.15,5965.87997151
2025-10-25 21:00:00,194.15,194.78,193.83,194.38,6752.417
2025-10-25 22:00:00,194.38,194.7,193.93,194.49,4905.417
2025-10-25 23:00:00,194.49,194.7,193.83,193.83,4779.893
2025-10-26 00:00:00,193.83,194.34,193.12,193.3,6177.734
2025-10-26 01:00:00,193.31,193.73,192.32,192.84,6901.508
2025-10-26 02:00:00,192.85,193.12,191.95,192.28,7788.08
2025-10-26 03:00:00,192.28,193.07,192.03,192.98,5721.04439177
2025-10-26 04:00:00,192.99,193.48,192.82,192.9,4106.555
2025-10-26 05:00:00,192.91,193.83,192.71,193.64,3440.643
2025-10-26 06:00:00,193.65,194.17,193.51,194.05,3628.69999365
2025-10-26 07:00:00,194.06,194.3,193.84,193.86,4299.74392213
2025-10-26 08:00:00,193.86,194.39,193.73,194.31,4447.845
2025-10-26 09:00:00,194.33,196.39,193.96,195.93,14397.989
2025-10-26 10:00:00,195.95,196.09,194.62,194.81,6666.626
2025-10-26 11:00:00,194.81,197.85,194.36,197.74,17130.486
2025-10-26 12:00:00,197.74,198.35,196.89,197.99,12155.22155245
2025-10-26 13:00:00,197.99,199.6,197.52,199.07,13035.488
2025-10-26 14:00:00,199.07,199.88,198.64,198.85,11317.10199686
2025-10-26 15:00:00,198.85,199.76,198.55,199.51,7187.541
2025-10-26 16:00:00,199.51,199.55,198.18,198.71,12692.851
2025-10-26 17:00:00,198.74,199.23,198.42,198.92,7146.223
2025-10-26 18:00:00,198.92,199.65,198.91,199.13,8298.90298804
2025-10-26 19:00:00,199.13,199.14,198.52,198.87,5202.511
2025-10-26 20:00:00,198.86,198.86,197.38,197.44,7224.97348544
2025-10-26 21:00:00,197.45,198.45,196.89,198.45,8357.592
2025-10-26 22:00:00,198.45,202.39,198.45,200.2,23436.72899841
2025-10-26 23:00:00,200.2,200.99,199.72,200.06,11904.572948
2025-10-27 00:00:00,200.06,203.52,199.51,203.25,19604.081
2025-10-27 01:00:00,203.22,205.02,202.82,204.37,13135.24790635
2025-10-27 02:00:00,204.36,204.99,203.54,203.95,9805.734
2025-10-27 03:00:00,203.95,204.62,203.29,204.33,7209.705
2025-10-27 04:00:00,204.33,204.64,203.16,203.99,8747.194
2025-10-27 05:00:00,204.01,205.29,203.93,204.32,8595.402
2025-10-27 06:00:00,204.32,204.92,203.52,204.77,10585.352
2025-10-27 07:00:00,204.76,205.2,202.27,202.49,13777.559
2025-10-27 08:00:00,202.5,202.54,199.94,200.46,18151.763
2025-10-27 09:00:00,200.46,200.52,198.11,199.97,19858.616
2025-10-27 10:00:00,199.98,200.76,199.65,200.43,7409.353
2025-10-27 11:00:00,200.43,200.94,198.85,200.17,11116.6887
2025-10-27 12:00:00,200.19,200.26,199.02,199.56,10270.498
2025-10-27 13:00:00,199.52,200.57,198.47,200.34,13767.048
2025-10-27 14:00:00,200.35,200.5,198.32,199.12,16094.48
2025-10-27 15:00:00,199.12,200.49,198.96,200.11,14049.918
2025-10-27 16:00:00,200.11,203.1,200.02,202.47,21401.848
2025-10-27 17:00:00,202.47,203.26,201.7,202.29,15842.029
2025-10-27 18:00:00,202.28,203.2,201.24,201.66,14553.23796358
2025-10-27 19:00:00,201.66,201.72,199.82,200.0,16279.41873981
2025-10-27 20:00:00,200.02,200.22,198.69,198.73,15980.09997814
2025-10-27 21:00:00,198.72,199.53,197.71,198.7,12630.86
2025-10-27 22:00:00,198.72,199.41,198.04,198.3,11967.736
2025-10-27 23:00:00,198.31,198.94,197.34,198.71,11517.312
2025-10-28 00:00:00,198.7,200.35,198.43,199.67,10321.784
2025-10-28 01:00:00,199.69,202.03,199.69,201.35,10944.699
2025-10-28 02:00:00,201.37,201.88,199.46,200.78,12657.58
2025-10-28 03:00:00,200.68,201.91,199.85,201.26,14171.114
2025-10-28 04:00:00,201.27,202.14,200.44,201.13,10469.16
2025-10-28 05:00:00,201.13,201.43,198.63,198.7,12067.19099936
2025-10-28 06:00:00,198.74,200.95,198.73,200.91,12475.99640361
2025-10-28 07:00:00,200.91,202.98,200.7,202.38,16106.279
2025-10-28 08:00:00,202.36,203.96,201.9,203.42,15783.323
2025-10-28 09:00:00,203.4,203.77,201.49,201.96,11706.113
2025-10-28 10:00:00,201.99,202.07,199.88,200.29,9553.303
2025-10-28 11:00:00,200.32,200.65,199.25,199.76,9069.783
2025-10-28 12:00:00,199.74,200.36,198.25,200.22,14224.677
2025-10-28 13:00:00,200.23,203.04,200.17,202.72,22424.978
2025-10-28 14:00:00,202.78,202.91,196.61,199.59,32037.677
2025-10-28 15:00:00,199.57,200.7,198.38,198.86,16942.484
2025-10-28 16:00:00,198.87,200.68,197.97,199.81,17752.481
2025-10-28 17:00:00,199.81,200.88,199.68,200.85,10212.67398515
2025-10-28 18:00:00,200.85,201.27,198.9,199.66,12042.632
2025-10-28 19:00:00,199.7,200.11,194.45,195.41,45697.643
2025-10-28 20:00:00,195.38,195.38,192.05,192.52,41147.739
2025-10-28 21:00:00,192.51,194.43,190.21,193.88,29876.302
2025-10-28 22:00:00,193.87,195.18,193.36,194.95,15179.218
2025-10-28 23:00:00,194.95,194.95,193.8,194.18,10782.469
2025-10-29 00:00:00,194.17,195.1,193.35,193.82,9794.544
2025-10-29 01:00:00,193.77,195.03,192.74,194.17,10953.26529308
2025-10-29 02:00:00,194.18,194.87,194.01,194.73,7518.892
2025-10-29 03:00:00,194.73,194.73,193.25,193.96,8453.849
2025-10-29 04:00:00,193.95,194.77,193.81,194.61,5390.83
2025-10-29 05:00:00,194.58,195.8,194.47,195.2,7884.479
2025-10-29 06:00:00,195.18,195.74,194.78,195.51,7810.357
2025-10-29 07:00:00,195.56,196.03,195.16,195.63,7250.452
2025-10-29 08:00:00,195.64,195.7,194.04,194.52,8231.1675
2025-10-29 09:00:00,194.51,194.76,193.81,194.23,7160.949
2025-10-29 10:00:00,194.23,197.08,194.0,196.26,13354.91844194
2025-10-29 11:00:00,196.29,199.36,196.07,198.73,17259.88
2025-10-29 12:00:00,198.74,199.86,198.16,199.86,11481.10337041
2025-10-29 13:00:00,199.86,201.68,199.17,200.77,19552.99297359
2025-10-29 14:00:00,200.75,200.96,198.71,200.04,16809.62684739
2025-10-29 15:00:00,200.03,200.64,196.39,196.76,19636.065
2025-10-29 16:00:00,196.78,196.86,194.75,195.35,19265.59099585
2025-10-29 17:00:00,195.34,198.78,194.87,198.49,16143.04392044
2025-10-29 18:00:00,198.5,198.59,189.12,193.56,63902.961
2025-10-29 19:00:00,193.57,195.33,191.41,192.78,23685.26999867
2025-10-29 20:00:00,192.8,196.25,191.94,195.61,19880.547
2025-10-29 21:00:00,195.61,197.08,195.14,196.05,14103.546
2025-10-29 22:00:00,196.03,196.4,195.26,195.37,9545.271
2025-10-29 23:00:00,195.37,195.57,193.01,193.9,11349.422
2025-10-30 00:00:00,193.91,194.73,192.12,194.68,9727.77899322
2025-10-30 01:00:00,194.68,196.0,193.49,195.51,11257.266
2025-10-30 02:00:00,195.52,198.17,195.25,198.14,11552.698
2025-10-30 03:00:00,198.18,198.19,196.62,197.12,13217.565
2025-10-30 04:00:00,197.11,197.17,190.38,191.82,34874.883
2025-10-30 05:00:00,191.82,195.68,191.44,195.21,21863.42774434
2025-10-30 06:00:00,195.18,195.48,193.45,194.2,12676.29
2025-10-30 07:00:00,194.21,196.2,193.96,195.85,12193.953
2025-10-30 08:00:00,195.81,196.12,194.63,195.42,10297.65337514
2025-10-30 09:00:00,195.38,195.46,192.34,192.39,15756.325
2025-10-30 10:00:00,192.4,192.48,191.12,192.22,14522.847
2025-10-30 11:00:00,192.22,192.68,191.3,191.87,14263.6779951
2025-10-30 12:00:00,191.86,192.07,186.42,187.9,37796.332
2025-10-30 13:00:00,187.89,188.72,184.86,185.78,27597.264
2025-10-30 14:00:00,185.76,187.85,185.68,187.3,17871.48095598
2025-10-30 15:00:00,187.27,187.66,184.51,185.05,14520.341
2025-10-30 16:00:00,185.05,186.34,183.97,185.35,17825.93597646
2025-10-30 17:00:00,185.3,185.36,181.45,183.87,28930.92287624
2025-10-30 18:00:00,183.86,184.0,180.85,181.35,13424.77570477
2025-10-30 19:00:00,181.29,181.93,178.69,179.11,20215.627
2025-10-30 20:00:00,179.08,182.57,178.8,182.26,22176.37958001
2025-10-30 21:00:00,182.26,182.71,181.21,182.42,18137.912
2025-10-30 22:00:00,182.47,183.67,182.14,183.66,16227.84499872
2025-10-30 23:00:00,183.68,184.72,182.63,184.67,11463.216
2025-10-31 00:00:00,184.7,186.52,184.1,185.46,11645.436
2025-10-31 01:00:00,185.5,186.9,185.1,186.23,14801.833
2025-10-31 02:00:00,186.23,186.31,183.73,184.64,13348.39695763
2025-10-31 03:00:00,184.65,185.74,184.16,185.16,11237.693
2025-10-31 04:00:00,185.17,187.05,184.99,186.66,14250.457
2025-10-31 05:00:00,186.65,186.65,185.35,185.69,10567.032
2025-10-31 06:00:00,185.71,185.92,184.95,185.56,8523.22999248
2025-10-31 07:00:00,185.56,186.14,184.79,185.37,6932.47404792
2025-10-31 08:00:00,185.36,186.58,184.61,186.52,11374.819
2025-10-31 09:00:00,186.52,187.01,186.02,186.63,12860.005
2025-10-31 10:00:00,186.64,187.38,186.23,186.42,12096.329
2025-10-31 11:00:00,186.42,189.19,186.22,188.89,14549.707
2025-10-31 12:00:00,188.88,189.35,186.34,186.51,18764.403
2025-10-31 13:00:00,186.52,188.59,186.0,188.36,19374.56899986
2025-10-31 14:00:00,188.42,189.46,186.99,189.09,17335.356
2025-10-31 15:00:00,189.09,190.27,187.96,188.15,20382.012
2025-10-31 16:00:00,188.12,188.59,184.68,185.13,18467.776
2025-10-31 17:00:00,185.07,185.95,184.4,185.37,17887.37
2025-10-31 18:00:00,185.36,186.55,184.51,185.99,16474.10299964
2025-10-31 19:00:00,185.96,189.03,185.02,188.42,17345.441
2025-10-31 20:00:00,188.37,188.81,186.74,186.91,12226.97660162
2025-10-31 21:00:00,186.91,187.7,186.55,187.28,8167.429
2025-10-31 22:00:00,187.28,187.93,187.01,187.28,8133.735
2025-10-31 23:00:00,187.27,187.82,187.13,187.21,6343.07220272
2025-11-01 00:00:00,187.21,187.34,186.05,187.13,9031.657
2025-11-01 01:00:00,187.12,187.43,186.11,186.12,6921.325
2025-11-01 02:00:00,186.12,186.73,185.53,186.62,6818.929
2025-11-01 03:00:00,186.61,187.46,186.58,187.21,7446.247
2025-11-01 04:00:00,187.21,187.53,186.29,187.06,8898.53094937
2025-11-01 05:00:00,187.06,187.1,186.15,186.23,5910.18295861
2025-11-01 06:00:00,186.22,186.35,184.99,185.71,7216.965
2025-11-01 07:00:00,185.72,186.34,185.32,185.78,6904.036
2025-11-01 08:00:00,185.77,186.51,185.66,186.5,8143.671
2025-11-01 09:00:00,186.52,186.7,185.73,185.81,7585.743
2025-11-01 10:00:00,185.82,186.39,185.24,186.12,6521.035
2025-11-01 11:00:00,186.15,186.63,185.67,186.17,5671.608
2025-11-01 12:00:00,186.18,186.6,186.18,186.35,4655.825
2025-11-01 13:00:00,186.37,186.47,184.8,185.31,6730.997
2025-11-01 14:00:00,185.3,185.56,183.78,185.0,12582.381
2025-11-01 15:00:00,185.0,186.41,184.85,186.39,9570.431
2025-11-01 16:00:00,186.42,187.06,185.96,186.41,9148.702
2025-11-01 17:00:00,186.46,186.53,184.92,184.97,6848.657
2025-11-01 18:00:00,184.96,185.76,184.89,185.74,8311.268
2025-11-01 19:00:00,185.72,186.3,185.41,186.25,6821.71796872
2025-11-01 20:00:00,186.25,186.94,186.16,186.5,6107.38619347
2025-11-01 21:00:00,186.51,186.6,185.32,185.33,5453.36843484
2025-11-01 22:00:00,185.36,186.27,185.01,186.18,11658.451
2025-11-01 23:00:00,186.18,186.56,185.87,186.38,4879.219
2025-11-02 00:00:00,186.38,186.4,185.11,185.15,6626.816
2025-11-02 01:00:00,185.15,185.5,184.7,184.83,6868.893
2025-11-02 02:00:00,184.82,186.0,184.79,185.37,6014.403
2025-11-02 03:00:00,185.4,185.51,184.97,185.3,5472.938
2025-11-02 04:00:00,185.3,187.99,185.03,187.77,9207.097
2025-11-02 05:00:00,187.79,187.83,186.54,187.08,9096.824
2025-11-02 06:00:00,187.1,187.68,186.64,187.41,7161.905
2025-11-02 07:00:00,187.42,188.33,186.71,187.71,8922.318
2025-11-02 08:00:00,187.72,187.92,186.97,187.13,8050.181
2025-11-02 09:00:00,187.13,187.9,185.81,185.93,9156.817
2025-11-02 10:00:00,185.93,186.18,184.44,185.06,14182.246
2025-11-02 11:00:00,185.06,186.41,184.91,186.19,10309.195
2025-11-02 12:00:00,186.19,186.5,185.31,185.55,7332.361
2025-11-02 13:00:00,185.57,185.6,183.99,185.13,8536.88696597
2025-11-02 14:00:00,185.1,185.37,183.53,184.38,12059.96
2025-11-02 15:00:00,184.38,185.07,183.76,183.8,11437.24
2025-11-02 16:00:00,183.8,184.39,182.04,184.27,16546.83279138
2025-11-02 17:00:00,184.3,184.59,183.57,184.37,8507.262
2025-11-02 18:00:00,184.39,184.64,183.99,184.25,5309.398
2025-11-02 19:00:00,184.28,184.28,183.07,184.0,8345.536
2025-11-02 20:00:00,184.02,184.56,183.57,184.56,5451.265
2025-11-02 21:00:00,184.57,186.0,184.54,185.47,6967.40048071
2025-11-02 22:00:00,185.48,185.66,184.34,184.9,6288.981
2025-11-02 23:00:00,184.92,188.07,184.92,187.72,14245.143
2025-11-03 00:00:00,187.73,189.07,186.57,186.58,13947.522
2025-11-03 01:00:00,186.57,187.15,185.35,185.56,12455.314
2025-11-03 02:00:00,185.53,185.92,183.02,183.48,18153.097
2025-11-03 03:00:00,183.52,183.67,176.73,177.56,29716.61815543
2025-11-03 04:00:00,177.56,178.4,175.94,178.01,20947.302
2025-11-03 05:00:00,177.92,178.75,176.52,176.82,14218.755
2025-11-03 06:00:00,176.81,177.25,174.27,176.12,25585.35
2025-11-03 07:00:00,176.11,177.13,175.47,176.53,18516.966
2025-11-03 08:00:00,176.52,176.6,174.44,175.68,20090.66575398
2025-11-03 09:00:00,175.68,176.98,174.67,174.95,18034.303
2025-11-03 10:00:00,174.94,175.91,173.69,174.1,16984.691
2025-11-03 11:00:00,174.12,176.07,174.1,175.35,16082.45598731
2025-11-03 12:00:00,175.33,176.57,175.03,175.57,14013.979
2025-11-03 13:00:00,175.56,176.32,175.0,175.81,14372.77
2025-11-03 14:00:00,175.81,176.92,174.86,176.43,17844.20790971
2025-11-03 15:00:00,176.43,176.76,164.69,166.79,100154.682
2025-11-03 16:00:00,166.81,169.18,165.65,168.38,32744.10096829
2025-11-03 17:00:00,168.39,170.98,168.11,169.96,19793.78899952
2025-11-03 18:00:00,169.95,170.15,167.79,167.88,14603.668
2025-11-03 19:00:00,167.87,168.33,166.62,166.76,14676.75199933
2025-11-03 20:00:00,166.75,167.24,163.26,164.36,20069.628
2025-11-03 21:00:00,164.38,166.21,163.27,165.96,20294.681
2025-11-03 22:00:00,165.93,166.27,164.23,165.75,13727.43
2025-11-03 23:00:00,165.75,166.27,164.5,166.06,10884.911
2025-11-04 00:00:00,166.06,167.21,164.21,166.57,17023.45
2025-11-04 01:00:00,166.59,168.37,165.9,167.88,18752.108
2025-11-04 02:00:00,167.86,168.4,166.46,166.69,13076.542
2025-11-04 03:00:00,166.69,168.25,166.28,167.67,14044.377
2025-11-04 04:00:00,167.67,168.11,164.76,165.03,16950.89
2025-11-04 05:00:00,165.03,165.48,157.18,157.71,46261.71576003
2025-11-04 06:00:00,157.7,161.31,157.64,158.59,24914.21867076
2025-11-04 07:00:00,158.59,158.93,155.88,157.05,26660.80072395
2025-11-04 08:00:00,157.06,160.45,156.42,159.25,23836.94523005
2025-11-04 09:00:00,159.25,160.44,158.66,160.38,16015.921
2025-11-04 10:00:00,160.44,161.36,159.95,160.49,18257.9
2025-11-04 11:00:00,160.48,162.23,160.35,161.71,20565.137
2025-11-04 12:00:00,161.71,162.51,160.84,161.44,21162.358
2025-11-04 13:00:00,161.42,162.58,160.48,161.28,23165.92
2025-11-04 14:00:00,161.27,164.75,159.25,164.37,33164.075
2025-11-04 15:00:00,164.41,165.27,161.31,161.47,26870.394
2025-11-04 16:00:00,161.49,162.35,158.14,158.2,31001.02
2025-11-04 17:00:00,158.2,158.24,153.06,156.21,53956.70899642
2025-11-04 18:00:00,156.2,156.56,152.27,156.43,42984.69305703
2025-11-04 19:00:00,156.42,157.42,154.2,154.64,30547.67
2025-11-04 20:00:00,154.62,155.07,148.32,153.4,55425.66332049
2025-11-04 21:00:00,153.41,154.08,145.85,151.18,58593.96797491
2025-11-04 22:00:00,151.15,155.58,150.48,155.22,35908.052
2025-11-04 23:00:00,155.22,155.89,153.93,155.04,23942.921
2025-11-05 00:00:00,155.04,155.62,152.5,153.33,19203.613
2025-11-05 01:00:00,153.35,153.52,147.28,152.67,29796.569
2025-11-05 02:00:00,152.61,156.21,152.61,156.12,26384.854
2025-11-05 03:00:00,156.11,157.38,155.07,156.94,18861.022
2025-11-05 04:00:00,156.93,157.94,155.66,157.05,16205.658
2025-11-05 05:00:00,157.05,158.54,156.83,157.53,15884.811
2025-11-05 06:00:00,157.53,158.15,156.61,158.03,16386.351
2025-11-05 07:00:00,158.03,158.1,155.96,156.46,16180.633
2025-11-05 08:00:00,156.47,156.47,153.68,155.71,23690.7549386
2025-11-05 09:00:00,155.7,157.32,155.59,157.04,16010.13888263
2025-11-05 10:00:00,157.03,157.08,154.7,154.87,13931.8
2025-11-05 11:00:00,154.9,157.7,154.87,157.53,15360.315
2025-11-05 12:00:00,157.5,158.71,156.79,158.3,17152.212
2025-11-05 13:00:00,158.29,159.95,157.64,159.48,21585.819
2025-11-05 14:00:00,159.47,159.65,156.98,158.73,20418.50899936
2025-11-05 15:00:00,158.75,160.53,157.92,160.49,23257.21150357
2025-11-05 16:00:00,160.5,162.07,158.58,161.83,20049.99009047
2025-11-05 17:00:00,161.84,162.68,160.94,162.08,44335.35770542
2025-11-05 18:00:00,162.02,163.95,161.72,163.16,17588.449
2025-11-05 19:00:00,163.13,163.4,162.2,162.56,15265.67999938
2025-11-05 20:00:00,162.56,163.98,162.39,162.57,17428.24995049
2025-11-05 21:00:00,162.56,162.56,161.12,161.86,13998.99784461
2025-11-05 22:00:00,161.86,162.95,161.32,162.83,10598.964
2025-11-05 23:00:00,162.83,163.07,162.15,162.37,9450.167
2025-11-06 00:00:00,162.37,162.37,160.48,161.42,12362.033
2025-11-06 01:00:00,161.39,161.67,159.72,160.81,14147.019
2025-11-06 02:00:00,160.8,162.31,160.13,161.76,14170.67
2025-11-06 03:00:00,161.76,162.91,161.61,162.44,11930.573
2025-11-06 04:00:00,162.45,162.74,161.75,162.14,9703.266
2025-11-06 05:00:00,162.14,162.14,158.84,159.3,35281.974
2025-11-06 06:00:00,159.31,159.99,158.8,158.8,11918.32997387
2025-11-06 07:00:00,158.81,159.98,158.26,158.85,13300.896
2025-11-06 08:00:00,158.85,159.57,158.51,159.34,13485.594
2025-11-06 09:00:00,159.34,159.88,158.81,158.81,11916.18
2025-11-06 10:00:00,158.81,159.75,157.68,159.05,15083.6327445
2025-11-06 11:00:00,159.05,159.39,158.2,158.87,11786.615
2025-11-06 12:00:00,158.85,159.42,157.11,157.51,15694.21294628
2025-11-06 13:00:00,157.5,161.31,157.5,160.65,20593.827
2025-11-06 14:00:00,160.66,161.51,157.36,157.77,20685.982
2025-11-06 15:00:00,157.79,158.97,155.41,155.91,23333.88099461
2025-11-06 16:00:00,155.91,156.97,153.82,155.41,29538.98199968
2025-11-06 17:00:00,155.4,157.63,154.85,157.26,15058.62899871
2025-11-06 18:00:00,157.25,158.66,155.46,157.5,14880.10399903
2025-11-06 19:00:00,157.47,157.83,156.14,156.88,17352.09699872
2025-11-06 20:00:00,156.88,157.8,154.63,155.29,15161.92499936
2025-11-06 21:00:00,155.3,156.92,154.66,156.49,12300.73
2025-11-06 22:00:00,156.5,156.79,154.29,155.58,10584.686
2025-11-06 23:00:00,155.57,155.57,153.47,155.28,12708.93
2025-11-07 00:00:00,155.28,157.13,154.9,156.75,17911.72787199
2025-11-07 01:00:00,156.79,157.24,154.24,157.07,19907.678
2025-11-07 02:00:00,157.02,158.1,156.18,158.0,15653.375
2025-11-07 03:00:00,158.0,158.58,156.82,156.86,13266.824
2025-11-07 04:00:00,156.87,157.07,155.28,156.17,10890.717
2025-11-07 05:00:00,156.18,158.22,156.16,158.08,12260.71
2025-11-07 06:00:00,158.11,158.27,156.82,156.82,8280.351
2025-11-07 07:00:00,156.82,157.85,156.36,157.79,10237.11497932
2025-11-07 08:00:00,157.79,158.19,156.88,157.33,11029.5
2025-11-07 09:00:00,157.31,157.32,154.13,154.74,15813.484
2025-11-07 10:00:00,154.72,155.74,153.63,154.27,16484.555
2025-11-07 11:00:00,154.25,154.25,151.6,153.86,22369.89699479
2025-11-07 12:00:00,153.86,154.15,150.94,151.64,21328.4439994
2025-11-07 13:00:00,151.63,153.18,151.02,152.34,19261.118
2025-11-07 14:00:00,152.29,155.13,149.83,154.72,27347.71285782
2025-11-07 15:00:00,154.72,156.26,153.31,155.4,22424.33999938
2025-11-07 16:00:00,155.41,158.13,154.4,157.3,23254.16
2025-11-07 17:00:00,157.28,161.53,156.53,161.17,28282.016
2025-11-07 18:00:00,161.17,162.99,160.92,162.12,22783.94791153
2025-11-07 19:00:00,162.12,164.46,161.49,164.18,18032.923
2025-11-07 20:00:00,164.17,164.4,162.11,163.38,21690.41481001
2025-11-07 21:00:00,163.36,163.81,162.7,163.5,14863.60789746
2025-11-07 22:00:00,163.51,163.91,162.74,163.23,12496.48629998
2025-11-07 23:00:00,163.23,163.27,161.6,161.79,11223.8639303
2025-11-08 00:00:00,161.79,162.59,160.58,160.87,14790.803
2025-11-08 01:00:00,160.87,162.47,160.83,162.02,13705.12
2025-11-08 02:00:00,162.04,164.44,161.94,163.42,16297.959
2025-11-08 03:00:00,163.42,164.89,162.5,162.56,14413.379
2025-11-08 04:00:00,162.53,163.66,162.52,162.74,12416.957
2025-11-08 05:00:00,162.72,163.06,161.03,161.35,12458.536
2025-11-08 06:00:00,161.39,161.95,160.17,161.12,13850.84
2025-11-08 07:00:00,161.13,161.17,159.64,161.03,8740.325
2025-11-08 08:00:00,161.03,162.05,160.31,161.55,10645.558
2025-11-08 09:00:00,161.56,162.34,161.0,161.14,11483.36702906
2025-11-08 10:00:00,161.14,161.22,160.54,160.83,11163.235
2025-11-08 11:00:00,160.82,161.18,159.14,159.37,11521.69299971
2025-11-08 12:00:00,159.38,159.71,158.79,159.44,10475.202
2025-11-08 13:00:00,159.44,159.46,158.13,158.22,13408.159
2025-11-08 14:00:00,158.22,158.53,156.82,157.67,16712.75199909
2025-11-08 15:00:00,157.68,157.83,155.93,156.65,14123.214
2025-11-08 16:00:00,156.67,157.38,155.82,156.74,16165.67298768
2025-11-08 17:00:00,156.77,157.66,156.05,157.58,13366.677
2025-11-08 18:00:00,157.6,158.17,156.95,157.96,8107.05329183
2025-11-08 19:00:00,157.95,158.03,156.26,157.38,9145.893
2025-11-08 20:00:00,157.37,158.26,157.22,157.7,8247.644
2025-11-08 21:00:00,157.69,158.26,157.61,158.04,5594.655
2025-11-08 22:00:00,158.04,158.4,157.63,158.03,5376.85298478
2025-11-08 23:00:00,158.02,158.43,157.86,158.02,6197.894
2025-11-09 00:00:00,158.02,158.02,156.58,156.86,9625.834
2025-11-09 01:00:00,156.85,158.3,156.79,158.21,11050.637
2025-11-09 02:00:00,158.18,158.18,155.73,156.02,14009.777
2025-11-09 03:00:00,156.05,156.49,155.12,155.86,12411.2787986
2025-11-09 04:00:00,155.89,157.49,155.87,157.25,14203.29
2025-11-09 05:00:00,157.24,158.35,157.13,158.15,8460.116
2025-11-09 06:00:00,158.13,159.1,157.87,158.26,5468.312
2025-11-09 07:00:00,158.25,159.55,157.85,159.28,11408.493
2025-11-09 08:00:00,159.28,159.68,158.76,159.4,9168.641
2025-11-09 09:00:00,159.45,159.91,158.19,158.27,13864.279
2025-11-09 10:00:00,158.27,158.43,157.29,158.43,9075.243
2025-11-09 11:00:00,158.45,159.47,158.45,159.01,20192.93899397
2025-11-09 12:00:00,159.06,159.85,158.59,159.1,11998.097
2025-11-09 13:00:00,159.11,160.5,159.01,160.07,13198.472
2025-11-09 14:00:00,160.03,163.12,159.26,160.18,31630.29371752
2025-11-09 15:00:00,160.17,163.95,159.82,162.53,19364.829
2025-11-09 16:00:00,162.53,163.2,161.81,162.94,11554.2
2025-11-09 17:00:00,162.94,163.06,161.28,161.81,11789.18584534
2025-11-09 18:00:00,161.82,164.08,161.38,163.99,10231.93
2025-11-09 19:00:00,163.99,166.29,163.33,166.22,17958.61285912
2025-11-09 20:00:00,166.18,166.36,165.05,165.36,10041.385
2025-11-09 21:00:00,165.36,165.8,164.4,165.23,11463.58256241
2025-11-09 22:00:00,165.24,165.67,164.13,165.44,8761.73031059
2025-11-09 23:00:00,165.46,166.6,163.95,164.54,13896.19394063
2025-11-10 00:00:00,164.53,168.35,163.45,167.47,22599.08504466
2025-11-10 01:00:00,167.48,168.28,166.33,167.08,18652.94998041
2025-11-10 02:00:00,167.1,167.98,166.42,167.79,11342.61
2025-11-10 03:00:00,167.76,168.75,167.19,168.12,12248.598
2025-11-10 04:00:00,168.13,168.92,166.68,168.04,12135.176
2025-11-10 05:00:00,168.05,168.58,166.94,167.6,10826.571
2025-11-10 06:00:00,167.59,167.74,166.41,166.93,11887.10914552
2025-11-10 07:00:00,166.94,168.19,166.81,167.4,8963.189
2025-11-10 08:00:00,167.38,167.44,166.0,166.65,11271.262
2025-11-10 09:00:00,166.66,169.76,166.36,169.47,14500.929
2025-11-10 10:00:00,169.48,169.64,167.95,168.35,11683.469
2025-11-10 11:00:00,168.35,168.81,168.04,168.34,9095.978
2025-11-10 12:00:00,168.33,168.52,166.95,168.14,15010.216
2025-11-10 13:00:00,168.14,170.47,168.0,169.74,17783.714
2025-11-10 14:00:00,169.73,169.73,165.32,166.14,23269.446
2025-11-10 15:00:00,166.16,167.26,165.2,166.21,18807.86394799
2025-11-10 16:00:00,166.27,167.06,165.25,166.19,15613.828
2025-11-10 17:00:00,166.12,168.48,165.96,167.85,15231.514
2025-11-10 18:00:00,167.84,168.11,165.69,165.69,14773.54
2025-11-10 19:00:00,165.68,167.69,165.61,167.19,14338.902
2025-11-10 20:00:00,167.19,168.41,166.86,167.86,11445.90285756
2025-11-10 21:00:00,167.86,167.89,164.79,165.52,14305.094
2025-11-10 22:00:00,165.5,167.79,165.17,167.61,10854.044
2025-11-10 23:00:00,167.68,168.09,167.21,167.31,9527.54
2025-11-11 00:00:00,167.33,167.65,166.0,167.5,13793.52
2025-11-11 01:00:00,167.49,171.0,166.62,167.36,20073.635
2025-11-11 02:00:00,167.41,170.98,166.25,170.27,19210.504
2025-11-11 03:00:00,170.28,171.93,169.5,169.99,16497.34593092
2025-11-11 04:00:00,169.95,170.1,166.56,166.89,15164.047
2025-11-11 05:00:00,166.93,166.93,165.03,165.16,15138.279
2025-11-11 06:00:00,165.16,165.29,163.63,164.95,14321.109
2025-11-11 07:00:00,164.96,165.22,163.89,163.98,12183.32077323
2025-11-11 08:00:00,164.0,164.87,163.64,164.02,9945.21101022
2025-11-11 09:00:00,164.01,164.98,163.13,164.01,11023.208
2025-11-11 10:00:00,164.02,164.37,162.72,163.76,13527.866
2025-11-11 11:00:00,163.78,164.57,163.01,163.69,10343.725
2025-11-11 12:00:00,163.69,164.35,162.58,163.33,12980.195
2025-11-11 13:00:00,163.33,163.92,162.44,162.8,13088.216
2025-11-11 14:00:00,162.81,163.23,161.14,162.96,22347.892
2025-11-11 15:00:00,162.96,162.96,160.05,160.88,23676.86
2025-11-11 16:00:00,160.88,161.24,159.69,160.63,21156.083
2025-11-11 17:00:00,160.65,161.03,158.28,159.46,17694.219
2025-11-11 18:00:00,159.5,159.8,158.37,158.95,13356.616
2025-11-11 19:00:00,158.95,158.95,157.44,157.6,12284.987
2025-11-11 20:00:00,157.59,157.86,156.29,156.75,16492.925
2025-11-11 21:00:00,156.77,157.4,155.66,156.09,15115.718
2025-11-11 22:00:00,156.06,157.28,155.52,156.72,13763.1
2025-11-11 23:00:00,156.7,156.86,153.91,154.59,18840.638
2025-11-12 00:00:00,154.59,155.29,153.59,153.82,16388.69698263
2025-11-12 01:00:00,153.84,155.5,153.71,155.43,15937.36355437
2025-11-12 02:00:00,155.43,155.59,153.78,154.3,15162.857
2025-11-12 03:00:00,154.32,154.98,153.97,154.59,10888.252
2025-11-12 04:00:00,154.59,155.04,154.22,154.94,8084.803
2025-11-12 05:00:00,154.95,156.09,154.92,155.48,11575.93583027
2025-11-12 06:00:00,155.48,156.5,155.35,155.92,9982.42
2025-11-12 07:00:00,155.91,156.54,154.85,155.02,9887.934
2025-11-12 08:00:00,155.03,158.09,155.02,158.01,17370.161
2025-11-12 09:00:00,158.0,158.91,157.79,158.09,14449.61680482
2025-11-12 10:00:00,158.09,160.48,158.01,160.3,14893.535
2025-11-12 11:00:00,160.28,161.14,159.54,160.03,16807.882
2025-11-12 12:00:00,160.03,160.76,159.11,159.87,13547.068
2025-11-12 13:00:00,159.84,161.02,158.89,160.55,14451.881
2025-11-12 14:00:00,160.56,161.03,157.14,158.57,22563.02102787
2025-11-12 15:00:00,158.57,159.55,155.19,155.72,28676.013
2025-11-12 16:00:00,155.73,156.18,152.18,152.77,34440.75363522
2025-11-12 17:00:00,152.82,154.84,152.38,153.33,20440.214
2025-11-12 18:00:00,153.33,154.2,152.78,152.78,16400.512
2025-11-12 19:00:00,152.77,153.76,151.21,153.04,22478.042
2025-11-12 20:00:00,153.03,154.66,152.54,153.77,17876.521
2025-11-12 21:00:00,153.78,154.3,153.37,154.12,15005.526
2025-11-12 22:00:00,154.14,154.15,152.76,153.89,10927.275
2025-11-12 23:00:00,153.87,153.89,152.86,153.39,10015.363
2025-11-13 00:00:00,153.42,154.4,152.42,153.01,12946.582
2025-11-13 01:00:00,153.01,154.43,152.29,152.75,16621.967
2025-11-13 02:00:00,152.76,153.39,152.4,152.89,10530.863
2025-11-13 03:00:00,152.9,155.76,150.44,154.34,21749.663
2025-11-13 04:00:00,154.34,154.92,153.41,154.32,15031.288
2025-11-13 05:00:00,154.31,156.91,153.79,156.15,15106.787
2025-11-13 06:00:00,156.16,157.12,155.72,156.74,12523.64851949
2025-11-13 07:00:00,156.74,157.22,154.88,155.31,13413.398
2025-11-13 08:00:00,155.32,156.56,154.96,155.94,8584.986
2025-11-13 09:00:00,155.94,156.04,153.87,154.99,10841.003
2025-11-13 10:00:00,155.01,156.16,154.86,155.42,7884.887
2025-11-13 11:00:00,155.42,156.49,155.4,156.28,8392.845
2025-11-13 12:00:00,156.29,156.96,155.8,156.42,10233.184
2025-11-13 13:00:00,156.42,156.52,153.68,153.84,18464.69809679
2025-11-13 14:00:00,153.84,156.68,152.22,155.29,24790.669
2025-11-13 15:00:00,155.3,155.81,152.52,153.11,21333.844
2025-11-13 16:00:00,153.11,153.37,150.75,151.09,30543.119
2025-11-13 17:00:00,151.13,151.26,146.78,147.09,33445.58813625
2025-11-13 18:00:00,147.09,147.76,144.55,145.45,30931.962
2025-11-13 19:00:00,145.44,146.3,142.03,142.73,28820.488
2025-11-13 20:00:00,142.72,143.27,141.05,142.75,26377.03092472
2025-11-13 21:00:00,142.75,143.76,141.29,142.1,18646.577
2025-11-13 22:00:00,142.09,144.84,141.74,144.61,16953.507
2025-11-13 23:00:00,144.63,146.26,143.95,144.77,21855.41298771
2025-11-14 00:00:00,144.77,145.29,142.95,143.32,18719.479
2025-11-14 01:00:00,143.32,144.55,142.8,143.67,15371.679
2025-11-14 02:00:00,143.68,145.67,143.66,145.31,16066.834
2025-11-14 03:00:00,145.31,145.57,143.69,144.28,15763.64646801
2025-11-14 04:00:00,144.3,144.37,138.7,141.88,41995.195
2025-11-14 05:00:00,141.92,143.65,141.41,143.14,19057.181
2025-11-14 06:00:00,143.17,144.09,140.01,143.94,23467.89
2025-11-14 07:00:00,143.93,144.45,142.4,142.85,20596.499
2025-11-14 08:00:00,142.85,142.95,141.41,142.46,20459.2246
2025-11-14 09:00:00,142.46,143.17,140.51,140.92,17326.142
2025-11-14 10:00:00,140.92,142.89,140.84,141.96,13812.536
2025-11-14 11:00:00,141.95,142.21,139.82,140.77,21102.686
2025-11-14 12:00:00,140.73,140.73,135.76,138.72,55771.10693009
2025-11-14 13:00:00,138.73,139.74,135.94,138.96,38235.861
2025-11-14 14:00:00,138.95,142.85,137.56,142.2,32617.438
2025-11-14 15:00:00,142.21,143.75,140.23,142.2,22563.768
2025-11-14 16:00:00,142.26,144.2,141.58,143.41,20578.685
2025-11-14 17:00:00,143.43,143.94,140.61,141.44,16541.43701498
2025-11-14 18:00:00,141.42,142.9,140.7,141.3,15876.61792545
2025-11-14 19:00:00,141.28,143.6,140.97,143.13,13784.038
2025-11-14 20:00:00,143.14,143.23,139.27,139.61,19262.673
2025-11-14 21:00:00,139.63,141.2,139.09,140.67,15791.832
2025-11-14 22:00:00,140.67,141.78,139.65,140.32,13449.809
2025-11-14 23:00:00,140.33,140.33,137.25,138.93,16274.09468455
2025-11-15 00:00:00,138.93,141.29,138.74,141.09,14398.961
2025-11-15 01:00:00,141.1,142.33,140.28,142.03,17777.471
2025-11-15 02:00:00,142.03,143.17,141.61,143.1,13703.743
2025-11-15 03:00:00,143.08,143.34,142.45,142.52,11788.105
2025-11-15 04:00:00,142.53,143.11,141.82,142.39,7890.726
2025-11-15 05:00:00,142.4,143.18,142.35,142.83,8035.651
2025-11-15 06:00:00,142.84,143.58,142.38,142.69,10071.968
2025-11-15 07:00:00,142.69,143.36,142.34,142.75,9471.779
2025-11-15 08:00:00,142.75,142.83,140.51,140.8,10884.41097815
2025-11-15 09:00:00,140.78,141.71,140.53,140.97,10896.711
2025-11-15 10:00:00,140.97,141.4,140.61,141.23,9822.486
2025-11-15 11:00:00,141.23,141.38,139.98,140.21,8640.88496908
2025-11-15 12:00:00,140.21,141.01,139.99,140.9,10671.63897988
2025-11-15 13:00:00,140.9,141.95,140.65,141.68,15365.985
2025-11-15 14:00:00,141.68,141.74,140.77,141.49,9886.96699841
2025-11-15 15:00:00,141.5,142.24,141.26,141.72,10081.55
2025-11-15 16:00:00,141.71,142.82,140.84,142.78,12155.87198713
2025-11-15 17:00:00,142.78,144.66,142.53,143.44,18046.321
2025-11-15 18:00:00,143.44,143.45,142.2,142.49,9876.751
2025-11-15 19:00:00,142.53,142.92,141.69,141.78,7436.33904069
2025-11-15 20:00:00,141.78,141.96,140.11,140.4,12587.072
2025-11-15 21:00:00,140.42,140.82,138.57,138.99,13453.008
2025-11-15 22:00:00,138.98,139.99,138.63,139.87,15082.432
2025-11-15 23:00:00,139.84,140.18,139.47,139.59,10626.178
2025-11-16 00:00:00,139.61,139.77,138.62,139.24,17548.55795738
2025-11-16 01:00:00,139.23,139.51,137.39,138.79,15646.11498557
2025-11-16 02:00:00,138.78,140.83,138.41,140.83,15100.894
2025-11-16 03:00:00,140.84,141.48,140.31,141.43,10441.181
2025-11-16 04:00:00,141.42,141.62,140.73,141.34,8321.73997223
2025-11-16 05:00:00,141.35,142.2,141.27,141.43,10930.427
2025-11-16 06:00:00,141.46,142.17,141.34,141.68,8584.45955861
2025-11-16 07:00:00,141.69,142.48,141.24,142.31,9479.851
2025-11-16 08:00:00,142.31,142.61,141.64,142.19,11518.208
2025-11-16 09:00:00,142.2,143.38,141.37,143.3,15003.857
2025-11-16 10:00:00,143.29,143.32,142.72,142.93,11169.188
2025-11-16 11:00:00,142.93,143.11,139.55,139.93,19189.12
2025-11-16 12:00:00,139.93,140.66,139.12,140.06,14471.258
2025-11-16 13:00:00,140.05,140.59,138.84,139.47,15330.73333013
2025-11-16 14:00:00,139.47,140.83,139.46,140.43,11578.066
2025-11-16 15:00:00,140.43,140.46,137.16,137.48,17607.885
2025-11-16 16:00:00,137.48,138.25,135.36,135.73,23824.42583895
2025-11-16 17:00:00,135.72,136.42,134.43,135.82,25209.852
2025-11-16 18:00:00,135.82,138.5,135.27,135.84,21466.746
2025-11-16 19:00:00,135.84,138.04,135.75,136.84,18650.66170678
2025-11-16 20:00:00,136.84,138.14,136.64,136.64,10852.739
2025-11-16 21:00:00,136.66,136.77,135.45,136.44,12899.69
2025-11-16 22:00:00,136.44,137.95,135.1,137.31,14308.102
2025-11-16 23:00:00,137.33,138.12,134.92,137.16,21204.39696629
2025-11-17 00:00:00,137.17,139.49,136.1,139.18,20895.501
2025-11-17 01:00:00,139.18,139.46,138.12,138.26,17437.785989
2025-11-17 02:00:00,138.27,139.33,138.0,138.87,13484.919
2025-11-17 03:00:00,138.88,140.62,138.86,140.26,10549.324
2025-11-17 04:00:00,140.26,140.79,139.67,140.35,9444.524
2025-11-17 05:00:00,140.35,140.81,139.86,140.58,8396.63
2025-11-17 06:00:00,140.59,141.56,140.13,141.41,9210.109
2025-11-17 07:00:00,141.41,141.82,141.08,141.34,12560.587
2025-11-17 08:00:00,141.33,141.77,141.02,141.36,12956.276
2025-11-17 09:00:00,141.36,142.6,140.96,142.0,12038.765
2025-11-17 10:00:00,142.0,142.52,141.81,142.27,7435.467
2025-11-17 11:00:00,142.27,142.79,141.73,141.88,8425.18699142
2025-11-17 12:00:00,141.88,142.64,141.59,141.8,10888.02
2025-11-17 13:00:00,141.81,141.96,137.17,138.07,24202.342
2025-11-17 14:00:00,138.01,143.25,136.81,140.14,37092.35672315
2025-11-17 15:00:00,140.15,140.78,136.86,137.15,23933.439
2025-11-17 16:00:00,137.15,137.2,133.31,135.88,32439.74567449
2025-11-17 17:00:00,135.87,135.94,131.77,132.02,21360.5479922
2025-11-17 18:00:00,132.03,133.14,130.43,130.53,24615.04688729
2025-11-17 19:00:00,130.52,131.35,129.38,129.65,28104.84549259
2025-11-17 20:00:00,129.62,130.87,128.81,130.3,24217.05680017
2025-11-17 21:00:00,130.32,130.97,129.86,130.7,16875.394
2025-11-17 22:00:00,130.7,131.94,130.31,131.31,16407.28097065
2025-11-17 23:00:00,131.31,131.77,130.27,130.99,17689.539
2025-11-18 00:00:00,131.0,131.53,129.02,131.3,20555.67399992
2025-11-18 01:00:00,131.3,132.39,130.97,131.97,21480.463
2025-11-18 02:00:00,131.96,134.67,130.48,132.37,33218.0499715
2025-11-18 03:00:00,132.38,135.22,131.44,134.51,28424.27870462
2025-11-18 04:00:00,134.52,136.13,132.53,135.52,23888.687
2025-11-18 05:00:00,135.54,136.72,134.94,135.94,16485.13179921
2025-11-18 06:00:00,135.94,137.07,135.04,135.71,28541.507
2025-11-18 07:00:00,135.7,137.8,135.03,136.96,26206.03883224
2025-11-18 08:00:00,136.95,138.26,136.95,137.76,20566.425
2025-11-18 09:00:00,137.74,138.17,136.48,137.86,21282.69844377
2025-11-18 10:00:00,137.85,139.11,137.62,137.99,15224.94
2025-11-18 11:00:00,137.99,138.2,137.3,137.87,11893.307
2025-11-18 12:00:00,137.88,138.58,137.01,138.23,17556.807
2025-11-18 13:00:00,138.23,138.39,136.85,138.29,16341.438
2025-11-18 14:00:00,138.29,139.87,137.51,137.51,20752.903
2025-11-18 15:00:00,137.5,142.09,137.2,139.69,35856.4492449
2025-11-18 16:00:00,139.71,141.95,138.77,141.08,32335.547
2025-11-18 17:00:00,141.09,141.18,139.33,140.05,18236.65
2025-11-18 18:00:00,140.09,141.81,140.01,141.47,16542.337
2025-11-18 19:00:00,141.48,142.12,140.93,141.44,13612.585
2025-11-18 20:00:00,141.45,142.1,141.14,141.14,11815.732
2025-11-18 21:00:00,141.15,141.56,139.68,139.76,15559.35523903
2025-11-18 22:00:00,139.76,141.84,139.73,141.44,14250.77063387
2025-11-18 23:00:00,141.46,141.61,140.5,140.72,8805.443
2025-11-19 00:00:00,140.7,141.63,139.3,141.15,14603.412
2025-11-19 01:00:00,141.17,141.81,139.84,140.36,15543.53697061
2025-11-19 02:00:00,140.38,142.82,140.05,142.2,15065.674
2025-11-19 03:00:00,142.2,142.44,139.45,139.85,15857.1
2025-11-19 04:00:00,139.8,140.25,138.45,138.68,15536.673
2025-11-19 05:00:00,138.69,139.12,137.14,138.0,23239.749
2025-11-19 06:00:00,138.02,139.33,137.59,139.07,12785.072
2025-11-19 07:00:00,139.05,141.11,138.98,140.58,13848.414
2025-11-19 08:00:00,140.57,141.0,139.8,140.2,11195.446
2025-11-19 09:00:00,140.18,140.23,139.01,139.71,13677.288
2025-11-19 10:00:00,139.7,140.32,139.26,139.58,9700.3
2025-11-19 11:00:00,139.59,139.84,138.4,138.62,8546.194
2025-11-19 12:00:00,138.59,139.21,138.21,138.94,10908.96
2025-11-19 13:00:00,138.95,138.96,136.7,136.74,14162.65394804
2025-11-19 14:00:00,136.75,137.85,136.0,137.21,26777.75234452
2025-11-19 15:00:00,137.22,139.07,134.43,134.62,35653.83634219
2025-11-19 16:00:00,134.62,135.44,132.87,133.38,28914.89308494
2025-11-19 17:00:00,133.37,133.81,131.35,132.21,21334.26899639
2025-11-19 18:00:00,132.19,132.5,130.53,131.48,21384.4795
2025-11-19 19:00:00,131.48,132.11,130.84,131.74,13501.663
2025-11-19 20:00:00,131.74,133.57,131.37,133.21,17427.531
2025-11-19 21:00:00,133.21,136.0,132.75,135.46,28721.82189275
2025-11-19 22:00:00,135.43,135.7,134.22,135.56,15409.109
2025-11-19 23:00:00,135.57,137.09,135.43,137.07,15766.41380936
2025-11-20 00:00:00,137.07,138.13,136.39,137.72,14196.299
2025-11-20 01:00:00,137.72,139.81,137.48,139.68,16234.764
2025-11-20 02:00:00,139.68,144.21,139.39,143.68,34431.13397232
2025-11-20 03:00:00,143.68,144.44,142.95,143.17,12737.78599435
2025-11-20 04:00:00,143.18,144.71,142.42,144.66,14920.84098296
2025-11-20 05:00:00,144.65,144.78,143.62,144.1,11970.986
2025-11-20 06:00:00,144.11,144.33,142.22,142.83,11014.237
2025-11-20 07:00:00,142.83,143.88,142.72,143.79,14021.59
2025-11-20 08:00:00,143.79,143.95,142.96,143.36,23834.46
2025-11-20 09:00:00,143.38,143.41,141.39,142.03,18223.926
2025-11-20 10:00:00,142.05,142.41,141.11,142.26,11079.667
2025-11-20 11:00:00,142.27,142.47,141.55,142.11,10065.622
2025-11-20 12:00:00,142.12,142.36,141.37,142.02,21596.052
2025-11-20 13:00:00,142.03,143.38,140.52,140.7,26317.136
2025-11-20 14:00:00,140.72,141.53,138.98,140.98,28277.72054977
2025-11-20 15:00:00,140.95,141.08,138.34,138.56,23482.89
2025-11-20 16:00:00,138.56,138.74,131.6,132.66,64063.13705154
2025-11-20 17:00:00,132.66,133.19,131.17,132.83,33698.102
2025-11-20 18:00:00,132.82,134.6,132.02,132.59,32424.01227807
2025-11-20 19:00:00,132.57,134.44,131.68,133.9,30143.029
2025-11-20 20:00:00,133.91,134.66,132.68,133.71,25801.59495994
2025-11-20 21:00:00,133.71,135.29,133.59,134.14,17815.091
2025-11-20 22:00:00,134.12,136.67,133.98,136.43,14759.13790923
2025-11-20 23:00:00,136.45,136.55,133.33,133.63,18321.11189066
2025-11-21 00:00:00,133.67,135.06,133.64,134.22,15368.57376985
2025-11-21 01:00:00,134.21,135.03,133.65,134.26,16874.587
2025-11-21 02:00:00,134.24,134.65,131.07,131.39,28291.496
2025-11-21 03:00:00,131.38,133.63,131.38,132.64,25702.403
2025-11-21 04:00:00,132.61,133.04,130.49,132.64,22191.246
2025-11-21 05:00:00,132.63,133.1,131.58,132.09,15356.367
2025-11-21 06:00:00,132.11,132.35,130.56,130.86,16844.66049718
2025-11-21 07:00:00,130.87,131.37,121.55,127.55,79601.8059
2025-11-21 08:00:00,127.55,129.43,126.86,128.09,28380.0669618
2025-11-21 09:00:00,128.09,128.92,125.47,125.47,34226.35261535
2025-11-21 10:00:00,125.5,126.59,124.84,125.12,30998.039
2025-11-21 11:00:00,125.12,126.38,123.81,124.34,22115.41456523
2025-11-21 12:00:00,124.34,127.25,121.65,126.25,51400.186
2025-11-21 13:00:00,126.23,128.31,125.57,127.22,27691.63447051
2025-11-21 14:00:00,127.24,129.6,126.22,128.62,28028.43172093
2025-11-21 15:00:00,128.62,129.0,124.78,125.38,32543.60671549
2025-11-21 16:00:00,125.4,128.82,123.58,128.65,31550.00689104
2025-11-21 17:00:00,128.65,130.61,128.37,129.21,25557.40279445
2025-11-21 18:00:00,129.23,130.37,126.55,129.54,24872.35327699
2025-11-21 19:00:00,129.53,129.87,127.57,128.13,16890.923
2025-11-21 20:00:00,128.12,128.39,125.97,127.16,33181.4985366
2025-11-21 21:00:00,127.16,129.29,126.68,128.86,23473.588
2025-11-21 22:00:00,128.86,129.34,125.46,125.49,16898.47240011
2025-11-21 23:00:00,125.49,128.86,125.11,128.68,17882.15181553
2025-11-22 00:00:00,128.69,129.44,128.0,128.45,16272.23798915
2025-11-22 01:00:00,128.46,129.93,128.39,129.48,16439.016
2025-11-22 02:00:00,129.49,129.62,127.28,128.03,14990.92487981
2025-11-22 03:00:00,128.06,128.42,126.84,127.15,12928.23599476
2025-11-22 04:00:00,127.14,127.41,125.67,126.99,17189.644
2025-11-22 05:00:00,126.99,127.28,125.37,126.23,16695.747
2025-11-22 06:00:00,126.25,128.3,125.34,128.07,16148.5830409
2025-11-22 07:00:00,128.08,128.35,127.37,127.74,11844.537
2025-11-22 08:00:00,127.74,127.74,125.52,125.94,15490.96
2025-11-22 09:00:00,125.94,127.54,125.7,126.46,12323.63057484
2025-11-22 10:00:00,126.47,127.2,125.57,125.92,12595.373
2025-11-22 11:00:00,125.93,127.49,125.36,126.7,11744.80798974
2025-11-22 12:00:00,126.7,126.72,125.22,125.81,16059.404
2025-11-22 13:00:00,125.82,126.42,125.11,125.61,14317.675
2025-11-22 14:00:00,125.63,127.48,125.55,127.12,15887.25
2025-11-22 15:00:00,127.12,127.76,126.16,127.14,15982.304
2025-11-22 16:00:00,127.14,128.59,126.89,128.19,14146.224
2025-11-22 17:00:00,128.2,128.43,127.3,127.6,17148.14975314
2025-11-22 18:00:00,127.6,128.06,127.4,127.78,8663.608
2025-11-22 19:00:00,127.79,128.08,126.81,127.19,11261.271
2025-11-22 20:00:00,127.2,127.63,126.12,126.46,12622.97698974
2025-11-22 21:00:00,126.45,126.84,126.13,126.63,9820.11
2025-11-22 22:00:00,126.65,128.92,126.21,128.25,14095.58713218
2025-11-22 23:00:00,128.23,128.46,127.31,127.59,11784.63
2025-11-23 00:00:00,127.6,128.64,127.56,128.02,11191.275
2025-11-23 01:00:00,128.03,129.85,127.9,129.47,17463.586
2025-11-23 02:00:00,129.47,130.8,129.12,130.03,18357.446
2025-11-23 03:00:00,130.04,130.41,129.39,129.95,12861.08398298
2025-11-23 04:00:00,129.96,131.91,129.95,130.76,18970.31
2025-11-23 05:00:00,130.74,130.94,130.21,130.53,14276.015
2025-11-23 06:00:00,130.54,130.91,129.18,129.36,12572.168
2025-11-23 07:00:00,129.36,129.42,128.13,128.86,14809.249
2025-11-23 08:00:00,128.85,129.77,128.83,129.68,13137.085
2025-11-23 09:00:00,129.68,131.28,129.46,130.09,18316.235
2025-11-23 10:00:00,130.08,130.19,129.43,129.96,10840.154
2025-11-23 11:00:00,129.97,129.98,129.02,129.75,10722.768
2025-11-23 12:00:00,129.76,131.7,129.66,130.88,21089.535
2025-11-23 13:00:00,130.88,131.71,130.36,131.58,13639.77231121
2025-11-23 14:00:00,131.58,132.72,130.5,130.76,20158.01
2025-11-23 15:00:00,130.76,133.22,130.45,132.88,19509.27191339
2025-11-23 16:00:00,132.88,133.44,131.76,131.77,17464.106
2025-11-23 17:00:00,131.78,131.89,130.84,131.4,15168.927
2025-11-23 18:00:00,131.39,132.92,131.37,132.2,14354.67394802
2025-11-23 19:00:00,132.2,133.1,131.99,132.39,16451.22423717
2025-11-23 20:00:00,132.39,132.85,132.09,132.66,11329.82199908
2025-11-23 21:00:00,132.66,133.54,131.52,133.16,10735.32214298
2025-11-23 22:00:00,133.16,133.34,132.28,132.65,12101.382
2025-11-23 23:00:00,132.7,132.85,130.53,130.58,16019.898
2025-11-24 00:00:00,130.58,132.1,129.33,130.82,20504.44797623
2025-11-24 01:00:00,130.81,131.76,130.01,131.49,16754.384
2025-11-24 02:00:00,131.51,134.4,131.43,133.39,20119.90063535
2025-11-24 03:00:00,133.4,134.4,132.85,133.44,14561.402
2025-11-24 04:00:00,133.43,133.53,130.62,131.41,16549.74098957
2025-11-24 05:00:00,131.39,133.91,131.24,132.96,14215.991
2025-11-24 06:00:00,132.95,133.01,130.69,131.18,17650.26
2025-11-24 07:00:00,131.17,131.42,130.21,130.34,13604.851
2025-11-24 08:00:00,130.33,130.74,129.63,130.58,16814.357
2025-11-24 09:00:00,130.58,130.67,128.45,128.88,15264.12727246
2025-11-24 10:00:00,128.9,129.46,128.77,129.23,11331.686
2025-11-24 11:00:00,129.23,129.91,128.79,129.64,9745.004
2025-11-24 12:00:00,129.62,130.0,129.0,129.53,14012.12
2025-11-24 13:00:00,129.54,130.58,129.4,129.74,15711.585
2025-11-24 14:00:00,129.74,131.59,128.56,130.76,26087.73601734
2025-11-24 15:00:00,130.77,132.6,130.05,131.94,21592.18906639
2025-11-24 16:00:00,131.96,134.4,131.82,133.7,21570.41328829
2025-11-24 17:00:00,133.7,137.18,133.59,136.91,29860.05940561
2025-11-24 18:00:00,136.92,137.99,136.51,137.41,20833.355
2025-11-24 19:00:00,137.38,137.83,136.7,137.24,18828.02920969
2025-11-24 20:00:00,137.25,139.34,137.25,139.02,27636.21496035
2025-11-24 21:00:00,139.0,139.17,138.05,139.01,15378.044
2025-11-24 22:00:00,138.98,139.85,138.46,139.07,13499.45299022
2025-11-24 23:00:00,139.04,139.21,138.22,138.52,9277.631
2025-11-25 00:00:00,138.45,138.97,137.65,138.42,13224.289
2025-11-25 01:00:00,138.44,138.97,137.78,137.86,11174.739
2025-11-25 02:00:00,137.83,138.39,137.27,138.17,13213.884
2025-11-25 03:00:00,138.17,138.67,137.3,137.81,9602.846
2025-11-25 04:00:00,137.81,138.95,137.74,138.55,11013.647
2025-11-25 05:00:00,138.56,138.8,137.88,138.58,10404.02342277
2025-11-25 06:00:00,138.59,138.63,137.43,138.16,8820.522
2025-11-25 07:00:00,138.17,138.19,136.33,136.34,12188.366
2025-11-25 08:00:00,136.34,136.69,135.1,135.45,17992.76580924
2025-11-25 09:00:00,135.45,136.33,134.76,136.31,16826.75956422
2025-11-25 10:00:00,136.3,136.86,135.89,136.63,11726.798
2025-11-25 11:00:00,136.63,136.73,135.93,136.3,10968.729
2025-11-25 12:00:00,136.31,136.98,135.67,136.32,13982.808
2025-11-25 13:00:00,136.32,136.97,135.2,135.46,17406.696
2025-11-25 14:00:00,135.47,136.21,133.14,134.68,27965.598
2025-11-25 15:00:00,134.68,135.5,133.48,134.88,18981.97219277
2025-11-25 16:00:00,134.81,137.07,134.55,136.08,16435.994
2025-11-25 17:00:00,136.06,138.01,135.75,136.91,15028.277
2025-11-25 18:00:00,136.91,137.68,136.31,136.35,14094.6343131
2025-11-25 19:00:00,136.35,136.74,134.24,136.72,15549.295
2025-11-25 20:00:00,136.72,138.05,136.29,137.78,17329.95981132
2025-11-25 21:00:00,137.76,138.16,137.0,137.18,10537.141
2025-11-25 22:00:00,137.17,139.57,135.99,138.99,15091.58602791
2025-11-25 23:00:00,138.98,140.49,138.51,138.96,13305.271
2025-11-26 00:00:00,138.96,139.85,138.83,139.05,10974.648
2025-11-26 01:00:00,139.05,140.67,138.59,140.03,11902.54998741
2025-11-26 02:00:00,140.03,140.21,139.07,139.26,10592.17987206
2025-11-26 03:00:00,139.27,139.77,137.93,138.15,10337.882
2025-11-26 04:00:00,138.16,138.52,137.74,138.03,11173.14
2025-11-26 05:00:00,138.03,139.28,137.98,139.0,8589.352
2025-11-26 06:00:00,139.0,139.78,138.44,139.58,13993.154
2025-11-26 07:00:00,139.57,139.98,139.13,139.89,8844.279
2025-11-26 08:00:00,139.89,139.91,137.93,137.93,11539.259
2025-11-26 09:00:00,137.94,138.12,136.22,136.73,20732.009
2025-11-26 10:00:00,136.73,137.54,136.64,137.28,11369.839
2025-11-26 11:00:00,137.28,137.38,136.61,136.89,8255.172
2025-11-26 12:00:00,136.87,137.11,135.59,135.65,16301.265
2025-11-26 13:00:00,135.64,136.94,135.53,136.72,15794.688
2025-11-26 14:00:00,136.73,138.28,135.71,136.35,28436.16830754
2025-11-26 15:00:00,136.27,137.45,135.79,136.65,25284.985
2025-11-26 16:00:00,136.68,138.09,136.47,137.04,16682.501
2025-11-26 17:00:00,137.07,141.03,136.76,140.75,25918.302
2025-11-26 18:00:00,140.76,144.69,140.71,144.62,41026.87388849
2025-11-26 19:00:00,144.63,144.71,143.67,143.98,15312.17392227
2025-11-26 20:00:00,143.98,143.99,142.54,142.93,13900.095
2025-11-26 21:00:00,142.9,144.22,142.86,143.54,13819.336
2025-11-26 22:00:00,143.54,144.15,142.81,143.06,14040.426
2025-11-26 23:00:00,143.06,143.44,142.54,143.04,10019.99898513
2025-11-27 00:00:00,143.03,143.81,142.24,142.84,14698.855
2025-11-27 01:00:00,142.85,143.69,142.1,143.32,14847.072
2025-11-27 02:00:00,143.3,144.12,142.79,143.02,15775.79599543
2025-11-27 03:00:00,143.0,143.71,142.36,142.53,12718.168
2025-11-27 04:00:00,142.53,143.03,142.34,142.89,9566.686
2025-11-27 05:00:00,142.87,143.48,142.58,142.78,10996.22470205
2025-11-27 06:00:00,142.78,144.14,142.77,143.97,11986.616
2025-11-27 07:00:00,143.97,144.27,143.61,143.77,9488.375
2025-11-27 08:00:00,143.76,143.89,142.13,142.58,12381.69508639
2025-11-27 09:00:00,142.59,143.05,141.66,141.75,10834.111
2025-11-27 10:00:00,141.74,142.34,141.51,142.34,15521.923
2025-11-27 11:00:00,142.35,142.35,141.7,142.1,12976.681
2025-11-27 12:00:00,142.1,142.19,141.01,141.13,12642.065
2025-11-27 13:00:00,141.12,141.52,140.67,141.25,12299.81312436
2025-11-27 14:00:00,141.26,141.79,140.87,141.27,10627.96
2025-11-27 15:00:00,141.26,142.54,141.09,142.16,11259.757
2025-11-27 16:00:00,142.14,142.44,141.61,142.2,14638.496
2025-11-27 17:00:00,142.2,142.27,141.44,141.61,11847.85
2025-11-27 18:00:00,141.61,143.15,141.51,142.95,16144.521
2025-11-27 19:00:00,142.94,142.94,142.26,142.72,8629.151
2025-11-27 20:00:00,142.72,142.89,142.44,142.48,7515.245
2025-11-27 21:00:00,142.48,142.52,141.8,141.92,8375.412
2025-11-27 22:00:00,141.92,142.06,140.51,140.82,10238.07
2025-11-27 23:00:00,140.81,141.45,140.48,140.85,9154.27728405
2025-11-28 00:00:00,140.85,141.44,140.53,140.99,8867.359
2025-11-28 01:00:00,141.0,141.03,138.85,139.06,14703.994
2025-11-28 02:00:00,139.07,139.61,138.6,139.49,11756.375
2025-11-28 03:00:00,139.49,139.75,139.17,139.68,10442.816
2025-11-28 04:00:00,139.68,140.25,139.56,140.07,7672.522
2025-11-28 05:00:00,140.08,140.54,139.87,140.37,10912.778
2025-11-28 06:00:00,140.37,140.37,139.23,139.48,7197.174
2025-11-28 07:00:00,139.47,140.02,138.97,138.97,8210.861
2025-11-28 08:00:00,138.98,141.6,138.95,141.44,11887.04
2025-11-28 09:00:00,141.46,142.63,141.04,141.7,19785.87992204
2025-11-28 10:00:00,141.7,142.35,141.58,142.07,9750.707
2025-11-28 11:00:00,142.07,142.07,139.95,140.99,11130.74646107
2025-11-28 12:00:00,140.99,141.54,140.79,140.8,12072.36781906
2025-11-28 13:00:00,140.8,143.41,140.43,142.52,17137.25798283
2025-11-28 14:00:00,142.51,143.53,141.76,142.58,24648.1236293
2025-11-28 15:00:00,142.59,143.6,141.28,141.59,24919.823
2025-11-28 16:00:00,141.62,141.64,138.77,138.79,21775.15099853
2025-11-28 17:00:00,138.8,138.83,136.76,137.19,35920.723
2025-11-28 18:00:00,137.18,137.58,136.02,137.21,20973.20199957
2025-11-28 19:00:00,137.19,137.98,137.06,137.55,12526.08599979
2025-11-28 20:00:00,137.54,137.99,136.95,137.92,11696.515
2025-11-28 21:00:00,137.91,138.05,137.33,137.41,13641.662
2025-11-28 22:00:00,137.41,137.88,136.64,137.81,12805.952
2025-11-28 23:00:00,137.82,138.29,137.29,137.36,9787.574
2025-11-29 00:00:00,137.35,137.89,137.17,137.66,8081.606
2025-11-29 01:00:00,137.65,137.83,137.26,137.45,8303.721
2025-11-29 02:00:00,137.44,137.71,136.91,137.21,7788.96
2025-11-29 03:00:00,137.22,137.4,136.78,136.85,6301.464
2025-11-29 04:00:00,136.85,137.72,136.84,137.65,5367.736
2025-11-29 05:00:00,137.66,137.66,137.15,137.22,4861.801
2025-11-29 06:00:00,137.22,137.6,136.3,137.1,11379.898
2025-11-29 07:00:00,137.11,137.55,136.95,137.28,6488.497
2025-11-29 08:00:00,137.28,137.48,136.71,136.98,8169.965
2025-11-29 09:00:00,136.98,137.13,136.61,136.66,7864.603
2025-11-29 10:00:00,136.67,137.0,136.41,136.81,7583.823
2025-11-29 11:00:00,136.82,137.37,136.67,137.33,6114.772
2025-11-29 12:00:00,137.33,137.46,136.87,136.95,7147.72
2025-11-29 13:00:00,136.95,137.06,136.68,136.91,6467.024
2025-11-29 14:00:00,136.91,136.91,136.51,136.53,7000.219
2025-11-29 15:00:00,136.54,137.65,136.54,137.56,9295.306
2025-11-29 16:00:00,137.58,137.83,137.03,137.66,8656.096
2025-11-29 17:00:00,137.68,138.06,136.15,136.2,11874.883
2025-11-29 18:00:00,136.21,136.34,134.83,135.66,21314.302
2025-11-29 19:00:00,135.69,136.26,135.43,135.68,9959.753
2025-11-29 20:00:00,135.69,136.33,135.35,136.23,9769.61
2025-11-29 21:00:00,136.24,136.52,135.76,136.47,7061.11
2025-11-29 22:00:00,136.46,136.47,135.42,135.82,7501.05
2025-11-29 23:00:00,135.82,136.18,135.52,135.91,9171.96997123
2025-11-30 00:00:00,135.91,136.42,135.74,135.94,9850.057
2025-11-30 01:00:00,135.94,136.61,135.86,136.31,8274.622
2025-11-30 02:00:00,136.31,136.78,135.86,135.93,7385.497
2025-11-30 03:00:00,135.93,136.48,135.27,136.4,9169.388
2025-11-30 04:00:00,136.4,136.93,136.19,136.35,11609.487
2025-11-30 05:00:00,136.34,136.34,135.55,135.75,8259.9207141
2025-11-30 06:00:00,135.75,136.5,135.5,136.32,11068.242
2025-11-30 07:00:00,136.32,136.69,136.19,136.53,5353.473
2025-11-30 08:00:00,136.53,137.07,136.15,136.8,10976.031
2025-11-30 09:00:00,136.8,137.08,136.45,136.82,10634.516
2025-11-30 10:00:00,136.82,136.93,136.53,136.67,9299.507
2025-11-30 11:00:00,136.68,136.89,136.25,136.42,6784.274
2025-11-30 12:00:00,136.43,137.71,136.21,137.57,10113.933
2025-11-30 13:00:00,137.58,140.16,137.34,139.25,22639.74926178
2025-11-30 14:00:00,139.27,139.47,138.17,138.51,13518.487
2025-11-30 15:00:00,138.5,138.54,137.49,138.34,10455.558
2025-11-30 16:00:00,138.35,139.81,138.3,139.53,11473.796
2025-11-30 17:00:00,139.52,139.52,138.35,138.46,12362.664
2025-11-30 18:00:00,138.47,138.64,137.87,138.61,9691.278
2025-11-30 19:00:00,138.62,138.68,137.41,137.63,9706.433
2025-11-30 20:00:00,137.63,137.94,136.89,137.3,7003.204
2025-11-30 21:00:00,137.28,137.39,136.61,137.04,11677.433
2025-11-30 22:00:00,137.04,137.86,137.0,137.73,7630.91598014
2025-11-30 23:00:00,137.72,137.78,133.28,133.49,17970.3179393
2025-12-01 00:00:00,133.45,133.73,127.54,127.56,70490.07397086
2025-12-01 01:00:00,127.56,129.3,127.46,127.95,25097.047
2025-12-01 02:00:00,127.95,128.64,127.49,127.59,25782.47697605
2025-12-01 03:00:00,127.59,127.62,126.53,126.98,22141.417
2025-12-01 04:00:00,126.96,127.02,126.18,126.39,18359.355
2025-12-01 05:00:00,126.38,126.58,125.83,126.12,20995.662
2025-12-01 06:00:00,126.12,126.85,126.02,126.72,15815.884
2025-12-01 07:00:00,126.71,127.46,126.34,127.43,13675.443
2025-12-01 08:00:00,127.43,127.81,127.01,127.72,14859.087
2025-12-01 09:00:00,127.71,128.01,126.89,127.02,16608.86661371
2025-12-01 10:00:00,127.02,127.55,126.96,127.25,9115.837
2025-12-01 11:00:00,127.27,127.37,126.91,127.13,8047.914
2025-12-01 12:00:00,127.13,127.18,125.45,126.59,21171.52894085
2025-12-01 13:00:00,126.58,127.72,126.15,126.46,22486.121
2025-12-01 14:00:00,126.48,127.08,125.56,126.12,26863.35115844
2025-12-01 15:00:00,126.12,126.3,123.12,125.1,43041.869
2025-12-01 16:00:00,125.1,125.33,123.36,123.52,28964.689
2025-12-01 17:00:00,123.54,124.97,123.52,124.44,16849.81450347
2025-12-01 18:00:00,124.45,125.31,123.76,124.52,19207.023
2025-12-01 19:00:00,124.52,124.6,123.28,123.86,15868.111
2025-12-01 20:00:00,123.85,125.35,123.83,124.45,19036.714
2025-12-01 21:00:00,124.43,126.22,124.19,126.1,32636.22400144
2025-12-01 22:00:00,126.1,127.39,125.84,126.84,18742.541
2025-12-01 23:00:00,126.84,127.38,126.55,126.66,9915.42994381
2025-12-02 00:00:00,126.66,127.56,126.47,127.36,16600.4449776
2025-12-02 01:00:00,127.36,128.55,126.82,127.02,20579.701
2025-12-02 02:00:00,127.01,128.13,126.64,126.98,16925.004
2025-12-02 03:00:00,126.97,127.69,126.04,127.25,14533.10098747
2025-12-02 04:00:00,127.24,127.84,126.86,126.92,10216.65999342
2025-12-02 05:00:00,126.9,127.1,126.5,126.71,7378.375
2025-12-02 06:00:00,126.71,127.83,126.45,127.68,11202.731
2025-12-02 07:00:00,127.68,127.7,126.99,127.28,11458.402
2025-12-02 08:00:00,127.28,127.31,125.99,126.12,11302.179
2025-12-02 09:00:00,126.15,127.19,126.13,126.76,10252.196
2025-12-02 10:00:00,126.76,128.82,126.72,128.31,11299.832
2025-12-02 11:00:00,128.3,128.51,127.83,128.31,11066.3399991
2025-12-02 12:00:00,128.31,129.03,128.21,128.88,13400.776
2025-12-02 13:00:00,128.87,131.0,128.46,130.61,23472.442
2025-12-02 14:00:00,130.61,133.45,130.4,132.99,27561.3625444
2025-12-02 15:00:00,132.96,140.08,132.95,137.83,64494.76914906
2025-12-02 16:00:00,137.83,139.68,137.39,139.36,34848.681
2025-12-02 17:00:00,139.37,140.86,139.26,139.46,22801.50071766
2025-12-02 18:00:00,139.46,140.28,139.39,139.83,17907.38199993
2025-12-02 19:00:00,139.84,140.63,139.77,140.25,13864.79499986
2025-12-02 20:00:00,140.26,140.37,138.23,138.73,19847.868
2025-12-02 21:00:00,138.7,139.28,138.37,139.12,10139.815
2025-12-02 22:00:00,139.11,139.99,138.88,139.89,11220.76173896
2025-12-02 23:00:00,139.91,139.91,138.4,138.67,9606.44103892
2025-12-03 00:00:00,138.67,138.94,137.76,138.14,14732.97
2025-12-03 01:00:00,138.15,139.21,137.89,138.88,15390.722
2025-12-03 02:00:00,138.88,140.31,138.8,140.03,18906.21270857
2025-12-03 03:00:00,140.04,140.64,139.81,140.34,13461.637
2025-12-03 04:00:00,140.32,142.49,140.19,142.28,23725.371
2025-12-03 05:00:00,142.27,143.24,142.17,143.05,23609.0308354
2025-12-03 06:00:00,143.06,144.24,142.37,142.46,23342.211
2025-12-03 07:00:00,142.47,142.57,141.83,141.86,19087.949
2025-12-03 08:00:00,141.87,142.65,141.48,142.14,14106.987
2025-12-03 09:00:00,142.14,142.44,141.57,142.09,13628.64785047
2025-12-03 10:00:00,142.09,142.26,141.2,141.29,11179.673
2025-12-03 11:00:00,141.3,141.75,140.78,141.73,12136.094
2025-12-03 12:00:00,141.73,142.09,141.11,141.91,12694.483
2025-12-03 13:00:00,141.93,142.44,141.52,141.87,14660.97
2025-12-03 14:00:00,141.89,143.52,138.8,140.93,37409.009
2025-12-03 15:00:00,140.95,142.08,140.17,140.99,18009.157
2025-12-03 16:00:00,141.01,141.87,139.9,140.73,15614.199
2025-12-03 17:00:00,140.71,142.09,140.47,141.83,16666.63199768
2025-12-03 18:00:00,141.82,142.34,140.66,141.17,14236.43624562
2025-12-03 19:00:00,141.16,141.59,141.03,141.26,8889.218
2025-12-03 20:00:00,141.27,142.25,140.74,141.68,14037.622
2025-12-03 21:00:00,141.7,146.07,141.63,145.41,22395.695
2025-12-03 22:00:00,145.49,145.91,143.15,144.53,32437.764
2025-12-03 23:00:00,144.55,145.6,144.5,144.67,18117.231
2025-12-04 00:00:00,144.67,145.36,143.67,145.03,14614.54034829
2025-12-04 01:00:00,145.02,146.89,144.1,144.16,24989.675
2025-12-04 02:00:00,144.16,146.08,144.0,145.61,15050.429
2025-12-04 03:00:00,145.6,145.62,144.33,144.66,10552.886
2025-12-04 04:00:00,144.67,144.92,143.75,144.16,8944.891
2025-12-04 05:00:00,144.17,144.23,142.94,143.23,12019.67584405
2025-12-04 06:00:00,143.24,144.28,143.11,143.96,10751.254
2025-12-04 07:00:00,143.97,144.0,142.63,143.46,11867.9561
2025-12-04 08:00:00,143.46,144.05,142.74,142.91,7815.634
2025-12-04 09:00:00,142.92,144.18,142.91,143.91,10036.604
2025-12-04 10:00:00,143.92,144.17,143.31,143.33,9869.27384267
2025-12-04 11:00:00,143.33,143.49,142.72,143.04,9770.442
2025-12-04 12:00:00,143.04,143.49,142.41,142.88,11815.005
2025-12-04 13:00:00,142.89,143.16,141.8,142.23,16706.702
2025-12-04 14:00:00,142.23,143.33,141.44,141.87,26043.297
2025-12-04 15:00:00,141.81,144.24,141.79,143.21,28028.086
2025-12-04 16:00:00,143.21,143.82,142.25,142.61,22508.238
2025-12-04 17:00:00,142.62,142.8,141.11,142.11,18182.978
2025-12-04 18:00:00,142.14,142.22,140.33,140.74,14479.076
2025-12-04 19:00:00,140.76,140.84,137.82,139.66,29255.538
2025-12-04 20:00:00,139.66,140.49,139.2,140.37,15074.542
2025-12-04 21:00:00,140.36,140.41,138.55,138.7,13500.68498493
2025-12-04 22:00:00,138.71,139.77,138.71,139.4,9630.022
2025-12-04 23:00:00,139.4,139.43,138.72,139.01,7912.641
2025-12-05 00:00:00,139.01,139.7,138.92,139.26,7945.572
2025-12-05 01:00:00,139.26,140.23,139.16,139.83,9911.545
2025-12-05 02:00:00,139.82,140.14,139.26,139.78,8802.278
2025-12-05 03:00:00,139.8,140.16,138.32,138.57,9905.771
2025-12-05 04:00:00,138.57,139.14,138.07,138.48,9552.77899677
2025-12-05 05:00:00,138.52,138.74,137.79,138.06,9443.82
2025-12-05 06:00:00,138.06,138.99,138.05,138.9,7800.622
2025-12-05 07:00:00,138.89,140.74,138.77,139.67,15719.11765262
2025-12-05 08:00:00,139.67,139.67,137.78,138.2,12311.552
2025-12-05 09:00:00,138.2,138.27,136.29,136.35,18132.037
2025-12-05 10:00:00,136.34,137.98,136.14,137.71,14260.93533486
2025-12-05 11:00:00,137.72,138.08,136.88,137.02,8813.622
2025-12-05 12:00:00,137.01,137.12,136.2,136.65,12465.853
2025-12-05 13:00:00,136.64,137.04,135.78,135.94,18302.907
2025-12-05 14:00:00,135.95,136.31,134.43,134.75,21468.436
2025-12-05 15:00:00,134.73,137.16,134.64,135.07,35969.21295067
2025-12-05 16:00:00,135.04,135.19,131.18,132.21,38085.957
2025-12-05 17:00:00,132.2,132.73,131.14,132.17,18947.067
2025-12-05 18:00:00,132.16,133.05,131.19,131.35,18477.685
2025-12-05 19:00:00,131.35,132.93,130.79,132.49,16868.538
2025-12-05 20:00:00,132.49,132.89,131.98,132.55,9948.479
2025-12-05 21:00:00,132.54,133.14,132.0,132.4,10420.306
2025-12-05 22:00:00,132.43,132.85,132.13,132.72,6322.107
2025-12-05 23:00:00,132.74,133.37,132.28,133.29,5745.686
2025-12-06 00:00:00,133.3,133.69,132.82,133.47,7181.539
2025-12-06 01:00:00,133.47,133.82,133.22,133.49,6506.088
2025-12-06 02:00:00,133.5,133.5,132.87,133.45,6138.549
2025-12-06 03:00:00,133.45,134.11,133.33,133.72,8721.94
2025-12-06 04:00:00,133.72,133.75,133.02,133.19,7619.2
2025-12-06 05:00:00,133.2,133.41,132.91,133.09,5545.308
2025-12-06 06:00:00,133.09,133.22,132.79,132.96,6068.426
2025-12-06 07:00:00,132.97,133.19,132.57,132.71,7880.611
2025-12-06 08:00:00,132.72,132.86,131.87,131.98,7952.0
2025-12-06 09:00:00,131.98,132.79,131.97,132.52,7855.543
2025-12-06 10:00:00,132.52,132.99,132.41,132.72,5730.402
2025-12-06 11:00:00,132.72,133.27,132.69,133.22,6121.884
2025-12-06 12:00:00,133.22,133.22,132.63,132.65,4828.64
2025-12-06 13:00:00,132.64,133.24,132.59,132.95,9253.643
2025-12-06 14:00:00,132.95,133.99,132.84,133.72,12640.682
2025-12-06 15:00:00,133.73,133.79,132.23,132.87,13991.908
2025-12-06 16:00:00,132.88,133.53,132.8,133.09,9939.252
2025-12-06 17:00:00,133.09,133.38,132.69,132.96,7306.335
2025-12-06 18:00:00,132.97,133.18,132.62,132.81,5787.334
2025-12-06 19:00:00,132.81,132.97,131.79,132.07,12017.449
2025-12-06 20:00:00,132.08,132.61,132.06,132.5,6938.407
2025-12-06 21:00:00,132.49,132.92,132.24,132.42,6771.537
2025-12-06 22:00:00,132.41,132.62,131.8,132.14,6491.34
2025-12-06 23:00:00,132.16,132.34,131.32,132.2,10274.74737614
2025-12-07 00:00:00,132.2,132.7,131.94,132.38,6662.148
2025-12-07 01:00:00,132.38,132.78,132.28,132.3,5683.763
2025-12-07 02:00:00,132.31,133.44,132.29,133.26,6279.443
2025-12-07 03:00:00,133.27,133.57,133.01,133.5,3506.005
2025-12-07 04:00:00,133.5,133.53,132.86,133.01,4658.313
2025-12-07 05:00:00,133.02,133.23,132.68,132.82,4837.583
2025-12-07 06:00:00,132.83,133.21,132.75,133.07,3874.136
2025-12-07 07:00:00,133.07,133.12,131.92,132.11,6036.146
2025-12-07 08:00:00,132.1,132.57,131.69,131.92,6392.239
2025-12-07 09:00:00,131.91,132.09,131.54,131.87,7597.513
2025-12-07 10:00:00,131.88,132.53,131.71,132.27,7502.504
2025-12-07 11:00:00,132.27,132.5,132.15,132.43,5689.801
2025-12-07 12:00:00,132.43,133.07,132.37,132.9,5248.285
2025-12-07 13:00:00,132.92,133.0,131.53,131.73,9278.378
2025-12-07 14:00:00,131.73,131.83,127.74,128.17,42136.00594551
2025-12-07 15:00:00,128.16,132.23,128.06,132.04,30728.984
2025-12-07 16:00:00,132.03,132.03,130.5,131.97,22895.965
2025-12-07 17:00:00,131.97,135.55,131.31,134.83,26966.13
2025-12-07 18:00:00,134.83,136.27,134.83,136.06,17320.466
2025-12-07 19:00:00,136.06,136.17,135.22,135.72,12731.47357851
2025-12-07 20:00:00,135.73,136.36,135.65,136.21,6933.2049905
2025-12-07 21:00:00,136.19,136.19,132.49,133.1,19167.743
2025-12-07 22:00:00,133.1,133.1,129.81,131.3,25799.21299522
2025-12-07 23:00:00,131.25,132.39,130.59,132.26,10608.659
2025-12-08 00:00:00,132.26,132.74,131.56,131.61,10303.483
2025-12-08 01:00:00,131.62,134.46,131.54,133.36,11956.01496613
2025-12-08 02:00:00,133.37,134.19,133.14,134.04,8794.163
2025-12-08 03:00:00,134.04,134.7,133.78,134.29,7257.558
2025-12-08 04:00:00,134.32,135.2,134.08,135.05,7320.755
2025-12-08 05:00:00,135.05,135.43,134.6,135.19,7366.71
2025-12-08 06:00:00,135.2,136.0,134.71,135.73,9029.224
2025-12-08 07:00:00,135.73,135.98,134.92,135.85,12782.915
2025-12-08 08:00:00,135.85,136.96,135.66,136.73,11389.922
2025-12-08 09:00:00,136.71,138.88,136.68,138.14,19180.441
2025-12-08 10:00:00,138.14,139.34,138.05,138.76,13060.301
2025-12-08 11:00:00,138.76,139.13,138.15,138.36,13921.058
2025-12-08 12:00:00,138.39,138.57,137.26,137.83,19322.351
2025-12-08 13:00:00,137.87,139.3,137.56,138.11,22248.958
2025-12-08 14:00:00,138.14,138.97,136.92,137.19,30942.943
2025-12-08 15:00:00,137.2,137.57,135.25,135.55,29499.704
2025-12-08 16:00:00,135.55,136.52,134.89,135.58,17439.42327943
2025-12-08 17:00:00,135.6,136.28,134.78,135.82,15453.444
2025-12-08 18:00:00,135.83,136.24,133.02,133.63,17763.691
2025-12-08 19:00:00,133.6,134.67,133.49,133.67,15092.974
2025-12-08 20:00:00,133.66,135.09,133.45,134.08,17261.96866605
2025-12-08 21:00:00,134.09,134.58,133.25,134.48,15810.654
2025-12-08 22:00:00,134.48,134.55,133.39,133.59,7928.642
2025-12-08 23:00:00,133.58,133.79,132.45,133.25,10021.78
2025-12-09 00:00:00,133.25,133.59,132.59,133.03,11177.064
2025-12-09 01:00:00,133.04,133.32,132.64,133.13,13671.598
2025-12-09 02:00:00,133.12,133.63,132.76,132.77,10819.72901486
2025-12-09 03:00:00,132.79,134.4,132.5,134.14,16187.096
2025-12-09 04:00:00,134.17,134.26,132.35,132.66,12688.289
2025-12-09 05:00:00,132.65,133.0,131.8,132.1,14907.28
2025-12-09 06:00:00,132.11,132.78,131.99,132.62,10116.7467938
2025-12-09 07:00:00,132.62,133.28,132.38,133.18,8582.581
2025-12-09 08:00:00,133.2,133.42,132.67,133.13,9029.752
2025-12-09 09:00:00,133.14,133.14,132.33,132.35,8528.929
2025-12-09 10:00:00,132.36,132.89,132.02,132.74,9452.333
2025-12-09 11:00:00,132.75,133.02,132.48,132.95,7684.243
2025-12-09 12:00:00,132.95,133.57,132.74,133.11,9139.555
2025-12-09 13:00:00,133.12,133.29,132.01,132.4,11120.72362425
2025-12-09 14:00:00,132.43,132.83,131.63,132.53,15949.975
2025-12-09 15:00:00,132.52,138.49,132.4,138.46,42684.14029298
2025-12-09 16:00:00,138.48,144.61,138.48,143.68,39061.95935755
2025-12-09 17:00:00,143.67,144.9,142.49,143.09,33699.85093145
2025-12-09 18:00:00,143.16,143.26,141.65,142.44,16596.74297093
2025-12-09 19:00:00,142.47,142.83,141.7,142.09,9550.207
2025-12-09 20:00:00,142.09,142.31,139.67,140.14,16519.88699342
2025-12-09 21:00:00,140.16,140.48,136.73,137.78,15548.47315725
2025-12-09 22:00:00,137.75,139.44,137.46,138.78,17141.084
2025-12-09 23:00:00,138.77,138.79,137.69,137.87,14030.733
2025-12-10 00:00:00,137.86,138.3,137.2,137.27,15057.53379767
2025-12-10 01:00:00,137.28,138.45,137.21,137.88,14135.499
2025-12-10 02:00:00,137.86,138.12,137.22,137.75,10753.58999518
2025-12-10 03:00:00,137.74,138.6,137.56,138.18,8293.717
2025-12-10 04:00:00,138.16,140.23,138.06,139.04,14379.625
2025-12-10 05:00:00,139.04,139.59,138.66,139.15,10864.98891217
2025-12-10 06:00:00,139.17,139.43,138.73,139.23,7165.98597175
2025-12-10 07:00:00,139.23,139.23,138.38,139.17,12755.87399603
2025-12-10 08:00:00,139.18,139.43,138.44,138.51,10225.748
2025-12-10 09:00:00,138.52,139.1,138.16,139.0,12299.601
2025-12-10 10:00:00,138.94,139.84,136.83,136.97,24606.92306164
2025-12-10 11:00:00,136.96,137.51,136.33,137.21,15616.445
2025-12-10 12:00:00,137.21,138.15,136.82,137.9,12322.836
2025-12-10 13:00:00,137.87,138.16,137.48,137.7,10815.506
2025-12-10 14:00:00,137.69,137.73,136.52,137.23,20175.031
2025-12-10 15:00:00,137.13,137.65,135.71,136.16,22494.09
2025-12-10 16:00:00,136.18,137.44,135.75,136.11,23196.005
2025-12-10 17:00:00,136.14,137.18,135.92,136.83,18021.366
2025-12-10 18:00:00,136.83,139.5,136.44,137.76,28059.007
2025-12-10 19:00:00,137.74,139.66,136.19,138.68,53337.82369914
2025-12-10 20:00:00,138.68,142.58,137.45,138.33,49605.0702094
2025-12-10 21:00:00,138.33,138.87,136.81,137.14,21153.351
2025-12-10 22:00:00,137.16,137.82,135.41,137.61,15350.828
2025-12-10 23:00:00,137.6,137.81,136.14,136.27,10036.68
2025-12-11 00:00:00,136.27,136.42,133.44,133.88,19204.18093271
2025-12-11 01:00:00,133.86,134.18,132.67,132.89,20275.265
2025-12-11 02:00:00,132.88,132.92,130.54,130.79,26137.99999957
2025-12-11 03:00:00,130.8,130.8,129.01,129.39,21126.705
2025-12-11 04:00:00,129.39,131.51,129.06,131.06,12035.876
2025-12-11 05:00:00,131.05,131.27,130.49,131.19,8530.728
2025-12-11 06:00:00,131.19,131.43,130.39,131.05,5968.764
2025-12-11 07:00:00,131.06,131.36,130.68,131.04,6077.82681197
2025-12-11 08:00:00,131.05,131.13,130.18,131.11,10701.65826325
2025-12-11 09:00:00,131.11,131.43,130.85,130.94,9856.679
2025-12-11 10:00:00,130.95,131.09,130.52,130.84,5908.307
2025-12-11 11:00:00,130.83,131.23,130.78,130.92,5249.442
2025-12-11 12:00:00,130.93,131.86,130.73,131.24,9766.2451828
2025-12-11 13:00:00,131.25,131.5,130.9,131.3,10430.72699587
2025-12-11 14:00:00,131.31,131.5,129.87,130.66,19710.04
2025-12-11 15:00:00,130.64,132.79,130.33,131.21,21158.738
2025-12-11 16:00:00,131.17,132.0,130.14,131.33,17000.561
2025-12-11 17:00:00,131.32,132.56,130.82,132.35,16904.698
2025-12-11 18:00:00,132.35,135.57,132.01,134.47,28892.329
2025-12-11 19:00:00,134.47,135.48,133.62,133.93,18896.065
2025-12-11 20:00:00,133.91,136.96,133.83,136.05,15055.548
2025-12-11 21:00:00,136.13,137.78,136.1,137.01,24342.55699421
2025-12-11 22:00:00,137.03,137.48,135.85,136.18,14687.07570249
2025-12-11 23:00:00,136.18,136.75,135.66,136.41,9417.53399628
2025-12-12 00:00:00,136.41,137.47,135.33,135.5,12777.731
2025-12-12 01:00:00,135.52,137.24,135.52,136.74,11836.484
2025-12-12 02:00:00,136.74,137.94,136.53,137.2,10215.767
2025-12-12 03:00:00,137.22,137.45,136.58,137.08,7513.65599137
2025-12-12 04:00:00,137.08,137.19,136.78,137.04,6755.005
2025-12-12 05:00:00,137.05,138.93,136.57,138.9,11254.781
2025-12-12 06:00:00,138.9,140.11,138.71,139.11,15700.997
2025-12-12 07:00:00,139.12,139.41,138.8,139.1,7681.982
2025-12-12 08:00:00,139.09,139.14,137.57,137.93,11932.505
2025-12-12 09:00:00,137.92,138.47,137.22,138.25,8527.053
2025-12-12 10:00:00,138.24,138.56,137.94,138.35,7422.192
2025-12-12 11:00:00,138.36,138.76,137.86,138.71,8420.604
2025-12-12 12:00:00,138.71,139.84,138.35,139.64,12975.77299912
2025-12-12 13:00:00,139.63,139.64,138.73,138.96,9114.432
2025-12-12 14:00:00,138.99,139.59,138.1,138.5,17514.992
2025-12-12 15:00:00,138.47,138.52,132.84,133.48,42477.103
2025-12-12 16:00:00,133.47,133.93,131.54,132.18,26063.8624328
2025-12-12 17:00:00,132.19,133.62,131.38,132.14,20184.06427808
2025-12-12 18:00:00,132.16,133.28,131.48,132.75,19343.613
2025-12-12 19:00:00,132.75,132.84,130.36,131.28,17653.024
2025-12-12 20:00:00,131.28,131.92,131.02,131.59,10240.69
2025-12-12 21:00:00,131.56,132.07,131.27,131.86,7226.589
2025-12-12 22:00:00,131.85,132.85,131.81,132.74,7225.70799915
2025-12-12 23:00:00,132.75,133.04,132.2,132.25,5274.24955451
2025-12-13 00:00:00,132.28,132.74,132.28,132.62,4013.648
2025-12-13 01:00:00,132.62,132.98,132.39,132.66,6455.833
2025-12-13 02:00:00,132.67,133.0,132.57,132.62,4097.659
2025-12-13 03:00:00,132.63,132.99,132.54,132.88,2457.905
2025-12-13 04:00:00,132.88,132.91,132.58,132.87,3332.98194961
2025-12-13 05:00:00,132.86,132.97,132.32,132.68,2699.752
2025-12-13 06:00:00,132.68,132.95,132.4,132.86,3043.431
2025-12-13 07:00:00,132.87,133.01,132.8,132.92,3310.323
2025-12-13 08:00:00,132.94,134.25,132.94,134.01,12955.904
2025-12-13 09:00:00,134.02,134.28,133.54,133.59,6363.44466609
2025-12-13 10:00:00,133.6,134.26,133.49,133.95,6379.559
2025-12-13 11:00:00,133.95,134.05,133.21,133.29,5242.32636121
2025-12-13 12:00:00,133.3,133.67,132.63,132.95,5874.138
2025-12-13 13:00:00,132.96,133.36,132.65,133.13,6817.598
2025-12-13 14:00:00,133.13,133.42,132.64,133.18,7793.109
2025-12-13 15:00:00,133.19,133.66,133.11,133.31,6981.581
2025-12-13 16:00:00,133.31,133.8,132.89,133.19,6689.40680773
2025-12-13 17:00:00,133.19,133.2,132.16,132.21,10280.01
2025-12-13 18:00:00,132.22,132.8,132.14,132.33,7029.047
2025-12-13 19:00:00,132.32,132.95,132.3,132.72,5242.48899856
2025-12-13 20:00:00,132.73,132.97,132.24,132.3,5752.362
2025-12-13 21:00:00,132.3,132.72,131.63,132.7,6228.212
2025-12-13 22:00:00,132.7,133.06,132.21,132.83,5810.789
2025-12-13 23:00:00,132.84,133.26,132.6,133.14,4627.472
2025-12-14 00:00:00,133.15,133.65,132.72,133.28,6561.499
2025-12-14 01:00:00,133.27,133.56,133.02,133.33,3894.453
2025-12-14 02:00:00,133.32,133.52,133.1,133.32,2922.705
2025-12-14 03:00:00,133.37,133.45,132.85,132.96,2510.564
2025-12-14 04:00:00,132.96,133.19,132.43,132.5,3962.959
2025-12-14 05:00:00,132.5,132.68,132.11,132.67,3658.675
2025-12-14 06:00:00,132.66,133.03,132.47,132.9,3734.68
2025-12-14 07:00:00,132.93,133.37,132.83,133.24,3652.476
2025-12-14 08:00:00,133.26,133.48,132.68,132.7,4100.823
2025-12-14 09:00:00,132.68,132.79,132.29,132.33,5823.917
2025-12-14 10:00:00,132.33,132.59,130.99,131.79,19571.596
2025-12-14 11:00:00,131.8,131.96,130.16,131.47,15607.89293075
2025-12-14 12:00:00,131.47,131.89,130.88,131.4,13054.38096879
2025-12-14 13:00:00,131.38,131.65,130.95,131.65,8856.461
2025-12-14 14:00:00,131.64,131.8,130.42,130.88,10590.13099797
2025-12-14 15:00:00,130.89,131.06,130.33,130.68,11649.693
2025-12-14 16:00:00,130.68,131.59,130.53,131.02,12812.537
2025-12-14 17:00:00,131.02,131.22,129.43,130.04,17782.29
2025-12-14 18:00:00,130.04,130.72,129.9,130.65,8383.058
2025-12-14 19:00:00,130.65,130.65,130.02,130.33,8160.571
2025-12-14 20:00:00,130.32,130.71,129.89,130.06,11254.539
2025-12-14 21:00:00,130.05,130.31,129.58,129.88,6782.795
2025-12-14 22:00:00,129.9,130.29,129.59,130.19,7122.48890194
2025-12-14 23:00:00,130.2,130.79,127.95,129.36,17511.09489204
2025-12-15 00:00:00,129.39,130.37,129.3,130.15,15542.805
2025-12-15 01:00:00,130.15,131.58,129.84,131.16,17130.377
2025-12-15 02:00:00,131.19,133.23,131.18,131.55,23271.43596879
2025-12-15 03:00:00,131.54,131.67,130.96,131.17,13529.886
2025-12-15 04:00:00,131.17,132.0,130.9,131.81,9178.965
2025-12-15 05:00:00,131.82,132.14,131.68,131.97,8642.203
2025-12-15 06:00:00,131.98,132.69,131.71,132.39,7834.14080796
2025-12-15 07:00:00,132.41,132.64,131.82,132.34,8099.784
2025-12-15 08:00:00,132.34,132.72,132.15,132.39,7228.355
2025-12-15 09:00:00,132.39,133.01,132.16,132.74,7001.719
2025-12-15 10:00:00,132.74,133.03,132.33,132.63,5528.226
2025-12-15 11:00:00,132.63,132.83,132.05,132.25,6260.813
2025-12-15 12:00:00,132.26,133.13,131.8,132.76,10824.00635125
2025-12-15 13:00:00,132.76,133.27,131.74,132.66,16701.663
2025-12-15 14:00:00,132.67,135.41,129.58,130.47,31378.824
2025-12-15 15:00:00,130.48,130.58,126.45,126.89,44817.271
2025-12-15 16:00:00,126.9,127.28,125.59,126.5,24966.40293244
2025-12-15 17:00:00,126.5,126.77,124.55,124.95,25992.083
2025-12-15 18:00:00,124.94,125.28,123.64,124.89,24540.68
2025-12-15 19:00:00,124.89,125.84,124.69,125.02,19651.234
2025-12-15 20:00:00,125.03,125.61,123.89,124.99,15376.32499635
2025-12-15 21:00:00,125.01,126.43,124.99,125.81,17693.26597842
2025-12-15 22:00:00,125.86,126.41,125.63,126.38,7995.51
2025-12-15 23:00:00,126.37,127.87,126.31,127.81,22394.084
2025-12-16 00:00:00,127.82,128.04,126.18,126.21,12549.83681369
2025-12-16 01:00:00,126.21,126.85,125.56,126.38,16274.904
2025-12-16 02:00:00,126.39,127.3,125.98,126.74,11652.00499956
2025-12-16 03:00:00,126.76,126.94,124.95,126.5,9770.68888212
2025-12-16 04:00:00,126.51,126.79,124.88,126.12,13749.65102835
2025-12-16 05:00:00,126.12,126.67,125.95,126.41,6175.382
2025-12-16 06:00:00,126.4,127.47,126.3,127.35,6594.799
2025-12-16 07:00:00,127.35,127.38,125.57,125.57,10050.955
2025-12-16 08:00:00,125.58,126.6,125.45,126.01,9596.747
2025-12-16 09:00:00,125.98,126.49,125.9,126.31,7724.514
2025-12-16 10:00:00,126.31,128.84,126.15,128.46,13028.587
2025-12-16 11:00:00,128.49,129.02,127.95,128.62,23306.17091182
2025-12-16 12:00:00,128.62,128.98,128.24,128.65,13188.177
2025-12-16 13:00:00,128.63,129.89,126.77,126.77,34420.07125502
2025-12-16 14:00:00,126.79,129.76,126.13,128.59,35501.369
2025-12-16 15:00:00,128.58,130.12,127.27,129.75,27497.35
2025-12-16 16:00:00,129.75,129.84,127.78,128.31,16832.212
2025-12-16 17:00:00,128.33,128.59,127.15,127.28,11203.689
2025-12-16 18:00:00,127.27,128.59,126.98,128.03,11188.918
2025-12-16 19:00:00,128.02,128.08,126.78,127.72,10472.525
2025-12-16 20:00:00,127.72,128.92,127.47,128.43,12324.892
2025-12-16 21:00:00,128.42,128.72,127.98,128.47,9122.899
2025-12-16 22:00:00,128.47,128.99,128.27,128.61,6312.527
2025-12-16 23:00:00,128.61,129.5,128.16,129.14,6421.90498824
2025-12-17 00:00:00,129.16,129.16,128.29,128.94,9554.87899972
2025-12-17 01:00:00,128.92,129.81,128.77,129.16,10876.204
2025-12-17 02:00:00,129.17,129.49,128.46,129.29,10635.048
2025-12-17 03:00:00,129.3,129.63,128.22,128.24,6998.668
2025-12-17 04:00:00,128.25,128.44,127.45,127.86,6797.052
2025-12-17 05:00:00,127.87,128.08,127.04,127.61,9463.464
2025-12-17 06:00:00,127.61,128.0,127.58,127.75,5688.659
2025-12-17 07:00:00,127.78,128.57,127.64,128.28,7705.471
2025-12-17 08:00:00,128.28,128.28,126.81,126.91,8040.10392137
2025-12-17 09:00:00,126.91,127.02,126.0,126.74,9383.094
2025-12-17 10:00:00,126.74,126.94,126.3,126.59,6762.757
2025-12-17 11:00:00,126.59,127.91,126.52,127.61,7783.169
2025-12-17 12:00:00,127.62,128.17,127.39,127.97,10681.546
2025-12-17 13:00:00,127.96,129.45,127.58,129.21,15906.54439174
2025-12-17 14:00:00,129.22,132.65,127.0,132.62,37366.292
2025-12-17 15:00:00,132.62,133.97,126.61,126.77,57968.29695848
2025-12-17 16:00:00,126.76,127.97,123.82,124.92,43602.54423231
2025-12-17 17:00:00,124.9,125.19,122.6,123.08,25294.11697531
2025-12-17 18:00:00,123.06,123.99,121.74,122.11,22801.4366749
2025-12-17 19:00:00,122.12,122.48,121.39,122.39,21125.08672059
2025-12-17 20:00:00,122.39,123.74,122.04,123.01,19791.339
2025-12-17 21:00:00,122.99,123.11,122.0,122.42,11157.203
2025-12-17 22:00:00,122.43,123.54,122.08,123.48,8014.979
2025-12-17 23:00:00,123.48,123.53,122.79,123.26,8067.309
2025-12-18 00:00:00,123.26,123.77,123.03,123.68,8282.49597372
2025-12-18 01:00:00,123.68,123.78,123.0,123.4,11617.087
2025-12-18 02:00:00,123.41,124.13,123.1,123.72,9238.413
2025-12-18 03:00:00,123.73,123.96,123.04,123.64,7861.228
2025-12-18 04:00:00,123.66,124.12,123.58,123.66,7842.412
2025-12-18 05:00:00,123.66,123.66,122.38,122.4,9823.505
2025-12-18 06:00:00,122.41,122.86,122.22,122.79,5657.667
2025-12-18 07:00:00,122.79,123.38,122.45,122.83,6628.68
2025-12-18 08:00:00,122.83,123.4,122.47,123.04,11187.035
2025-12-18 09:00:00,123.03,123.9,122.67,123.68,8550.81306055
2025-12-18 10:00:00,123.69,124.14,123.4,123.9,7749.452
2025-12-18 11:00:00,123.94,124.05,123.22,124.05,8001.344
2025-12-18 12:00:00,124.06,124.51,123.65,123.97,12234.724
2025-12-18 13:00:00,123.98,126.9,123.98,126.41,48792.859
2025-12-18 14:00:00,126.4,127.89,124.78,125.88,38147.274
2025-12-18 15:00:00,125.9,129.02,125.6,127.38,32880.103
2025-12-18 16:00:00,127.4,127.5,126.1,126.86,16971.43
2025-12-18 17:00:00,126.86,126.89,120.59,122.98,51033.49217447
2025-12-18 18:00:00,122.97,123.92,121.19,121.55,41963.213
2025-12-18 19:00:00,121.54,121.63,117.47,117.57,40446.90014753
2025-12-18 20:00:00,117.55,118.99,116.91,117.21,25888.49741805
2025-12-18 21:00:00,117.23,120.19,117.1,120.08,31182.955
2025-12-18 22:00:00,120.11,120.12,119.21,119.8,10556.645
2025-12-18 23:00:00,119.8,119.97,119.31,119.62,7019.867
2025-12-19 00:00:00,119.6,119.87,117.92,118.42,13945.31950891
2025-12-19 01:00:00,118.43,118.55,117.64,118.39,14036.443
2025-12-19 02:00:00,118.37,119.19,117.92,118.95,16585.933
2025-12-19 03:00:00,118.96,122.51,118.91,121.57,27064.489
2025-12-19 04:00:00,121.57,123.03,121.35,122.81,15974.745
2025-12-19 05:00:00,122.82,123.37,121.97,122.62,16514.27400144
2025-12-19 06:00:00,122.62,123.63,122.2,123.44,10725.04702517
2025-12-19 07:00:00,123.44,125.32,123.44,124.44,17924.567
2025-12-19 08:00:00,124.42,125.6,123.87,124.99,11529.174
2025-12-19 09:00:00,124.96,125.07,124.38,124.7,9504.235
2025-12-19 10:00:00,124.72,125.0,124.53,124.73,7136.041
2025-12-19 11:00:00,124.75,125.73,124.69,125.36,10618.179
2025-12-19 12:00:00,125.36,126.18,124.92,125.76,18237.843
2025-12-19 13:00:00,125.78,126.51,125.62,125.92,17880.69
2025-12-19 14:00:00,125.92,126.89,124.69,126.04,40502.216
2025-12-19 15:00:00,126.03,127.64,124.78,125.08,32616.20845619
2025-12-19 16:00:00,125.07,126.96,124.85,125.28,19581.517
2025-12-19 17:00:00,125.29,126.12,123.67,123.67,20371.135
2025-12-19 18:00:00,123.67,125.35,123.61,124.78,15437.729
2025-12-19 19:00:00,124.79,126.64,124.79,126.25,14233.144
2025-12-19 20:00:00,126.25,127.86,126.1,127.17,15483.67
2025-12-19 21:00:00,127.17,127.37,126.5,126.77,8577.73
2025-12-19 22:00:00,126.81,127.33,126.78,126.88,7862.398
2025-12-19 23:00:00,126.85,126.85,126.13,126.27,5864.48614235
2025-12-20 00:00:00,126.28,126.33,125.62,125.81,7389.928
2025-12-20 01:00:00,125.82,126.02,125.52,125.56,5911.98
2025-12-20 02:00:00,125.56,126.2,125.31,125.86,9652.112
2025-12-20 03:00:00,125.86,126.48,125.53,126.2,5588.98
2025-12-20 04:00:00,126.21,126.42,125.87,126.25,4376.217
2025-12-20 05:00:00,126.27,126.67,126.09,126.38,5763.929
2025-12-20 06:00:00,126.39,126.65,126.23,126.26,2832.632
2025-12-20 07:00:00,126.27,126.35,125.94,126.19,4875.223
2025-12-20 08:00:00,126.19,126.88,126.13,126.48,6449.776
2025-12-20 09:00:00,126.48,126.76,126.25,126.26,4916.102
2025-12-20 10:00:00,126.27,126.38,126.01,126.04,3651.691
2025-12-20 11:00:00,126.05,126.49,125.89,126.48,4362.986
2025-12-20 12:00:00,126.48,126.48,126.09,126.29,5088.448
2025-12-20 13:00:00,126.29,126.38,125.45,126.13,10196.483
2025-12-20 14:00:00,126.14,126.39,125.58,126.37,5897.36498641
2025-12-20 15:00:00,126.37,126.65,126.0,126.56,8145.513
2025-12-20 16:00:00,126.59,126.69,126.13,126.29,4196.737
2025-12-20 17:00:00,126.3,126.46,125.98,125.99,5642.459
2025-12-20 18:00:00,126.0,126.12,125.74,126.01,4653.107
2025-12-20 19:00:00,126.01,126.19,125.77,126.05,5400.487
2025-12-20 20:00:00,126.05,126.45,125.92,126.44,3629.318
2025-12-20 21:00:00,126.44,126.52,126.24,126.31,6438.166
2025-12-20 22:00:00,126.31,126.37,125.76,126.03,4255.642
2025-12-20 23:00:00,126.02,126.07,125.63,125.81,4874.505
2025-12-21 00:00:00,125.8,126.1,125.7,126.03,3261.865
2025-12-21 01:00:00,126.03,126.03,125.09,125.11,10955.535
2025-12-21 02:00:00,125.12,125.36,124.69,124.9,8229.955
2025-12-21 03:00:00,124.91,125.53,124.84,125.25,5958.563
2025-12-21 04:00:00,125.24,125.42,125.14,125.19,3002.01
2025-12-21 05:00:00,125.19,125.47,125.08,125.3,3894.59590024
2025-12-21 06:00:00,125.3,125.49,125.15,125.42,3292.541
2025-12-21 07:00:00,125.42,125.53,125.2,125.29,3631.82
2025-12-21 08:00:00,125.3,125.92,124.8,125.59,8004.693
2025-12-21 09:00:00,125.59,126.57,125.47,126.26,9358.7
2025-12-21 10:00:00,126.28,126.63,125.61,125.81,8659.445
2025-12-21 11:00:00,125.83,125.88,125.35,125.47,6300.898
2025-12-21 12:00:00,125.48,126.09,125.13,125.57,9024.694
2025-12-21 13:00:00,125.58,125.6,123.41,123.64,27246.237
2025-12-21 14:00:00,123.64,124.69,123.51,124.42,12452.006
2025-12-21 15:00:00,124.42,125.27,123.96,125.06,15034.317
2025-12-21 16:00:00,125.05,125.6,124.81,125.49,9051.133
2025-12-21 17:00:00,125.49,126.34,125.39,125.5,8821.57199711
2025-12-21 18:00:00,125.5,125.5,124.39,125.16,6441.08074634
2025-12-21 19:00:00,125.16,125.87,125.07,125.67,5075.548
2025-12-21 20:00:00,125.68,125.78,125.32,125.36,4280.688
2025-12-21 21:00:00,125.35,125.38,124.71,124.89,7332.192
2025-12-21 22:00:00,124.89,125.9,124.78,125.82,6364.061
2025-12-21 23:00:00,125.83,126.29,125.53,126.03,7392.45
2025-12-22 00:00:00,126.03,128.53,126.0,126.27,29316.043606
2025-12-22 01:00:00,126.26,127.33,125.82,126.04,14813.911
2025-12-22 02:00:00,126.02,126.05,124.52,125.23,14904.69
2025-12-22 03:00:00,125.23,126.5,124.94,126.01,9876.401
2025-12-22 04:00:00,126.03,126.73,125.84,126.51,9715.948
2025-12-22 05:00:00,126.54,126.7,126.09,126.34,5014.809
2025-12-22 06:00:00,126.31,126.55,125.77,125.77,5970.348
2025-12-22 07:00:00,125.76,126.5,125.55,126.32,5842.25
2025-12-22 08:00:00,126.31,127.36,125.63,125.65,12400.621
2025-12-22 09:00:00,125.64,126.35,125.5,126.21,8557.18
2025-12-22 10:00:00,126.23,126.91,125.89,126.72,7045.458
2025-12-22 11:00:00,126.72,127.44,126.39,127.0,8769.92398783
2025-12-22 12:00:00,127.01,127.72,126.71,126.99,15595.37
2025-12-22 13:00:00,126.99,127.11,126.34,127.02,14354.883
2025-12-22 14:00:00,127.03,128.26,126.53,127.82,23838.108
2025-12-22 15:00:00,127.83,128.76,126.46,128.07,29370.26352449
2025-12-22 16:00:00,128.09,128.37,127.14,127.25,17317.669
2025-12-22 17:00:00,127.25,127.29,126.46,126.92,11362.86099871
2025-12-22 18:00:00,126.92,127.48,126.37,126.52,12813.202
2025-12-22 19:00:00,126.51,126.51,124.65,124.67,25147.45086542
2025-12-22 20:00:00,124.67,125.26,124.22,124.43,23094.366
2025-12-22 21:00:00,124.43,125.58,124.33,125.18,11269.639
2025-12-22 22:00:00,125.16,126.02,125.0,125.86,10285.685
2025-12-22 23:00:00,125.87,125.97,125.46,125.93,6628.539
2025-12-23 00:00:00,125.94,126.92,125.78,126.73,7543.02
2025-12-23 01:00:00,126.73,126.8,125.96,126.2,6616.967
2025-12-23 02:00:00,126.21,126.6,125.51,125.65,11704.424
2025-12-23 03:00:00,125.65,126.14,124.91,125.65,12169.337
2025-12-23 04:00:00,125.64,126.07,125.43,125.43,6550.288
2025-12-23 05:00:00,125.43,125.51,124.59,125.0,8454.416
2025-12-23 06:00:00,124.99,125.27,124.14,124.32,12069.621
2025-12-23 07:00:00,124.34,124.6,123.78,124.19,11604.187
2025-12-23 08:00:00,124.18,124.64,124.03,124.17,7378.368
2025-12-23 09:00:00,124.19,124.38,123.93,124.17,6723.299
2025-12-23 10:00:00,124.17,124.86,124.12,124.83,6732.527
2025-12-23 11:00:00,124.84,125.22,124.73,124.86,6887.484
2025-12-23 12:00:00,124.87,124.92,123.96,124.18,8387.66199435
2025-12-23 13:00:00,124.17,124.63,122.9,123.34,26097.86
2025-12-23 14:00:00,123.34,123.73,122.17,122.69,20630.241
2025-12-23 15:00:00,122.68,123.5,122.39,123.37,12574.907
2025-12-23 16:00:00,123.38,124.92,123.03,124.62,12454.38
2025-12-23 17:00:00,124.62,124.84,122.81,122.9,7507.531
2025-12-23 18:00:00,122.85,124.15,122.81,123.99,9237.688
2025-12-23 19:00:00,123.99,124.55,123.5,123.98,6022.662
2025-12-23 20:00:00,123.99,125.62,123.48,124.7,10018.918
2025-12-23 21:00:00,124.73,124.75,123.97,124.28,7108.041
2025-12-23 22:00:00,124.28,124.49,123.62,123.87,5775.619
2025-12-23 23:00:00,123.88,124.15,123.46,123.99,5667.235
2025-12-24 00:00:00,124.0,124.3,123.59,123.88,6388.863
2025-12-24 01:00:00,123.88,124.2,122.95,123.09,6791.141
2025-12-24 02:00:00,123.1,123.13,121.78,122.32,10258.183
2025-12-24 03:00:00,122.31,122.79,121.77,122.71,10323.444
2025-12-24 04:00:00,122.71,123.04,121.53,121.62,8179.02401119
2025-12-24 05:00:00,121.63,122.01,121.15,121.46,7500.077
2025-12-24 06:00:00,121.47,121.58,120.63,121.56,7897.024
2025-12-24 07:00:00,121.59,121.86,121.29,121.29,5284.436
2025-12-24 08:00:00,121.32,121.67,121.12,121.4,6784.914
2025-12-24 09:00:00,121.4,121.75,121.3,121.43,5892.422
2025-12-24 10:00:00,121.43,122.21,121.4,121.76,6654.005
2025-12-24 11:00:00,121.77,122.21,121.76,122.05,7666.702
2025-12-24 12:00:00,122.04,122.53,121.94,122.44,8182.989
2025-12-24 13:00:00,122.44,122.45,121.75,121.96,6939.723
2025-12-24 14:00:00,121.97,122.28,120.71,121.48,13713.626
2025-12-24 15:00:00,121.49,122.92,121.32,122.74,16678.371
2025-12-24 16:00:00,122.73,123.45,122.43,122.72,15206.781
2025-12-24 17:00:00,122.7,122.98,121.98,122.02,5554.947
2025-12-24 18:00:00,122.05,122.68,121.8,122.48,6625.783
2025-12-24 19:00:00,122.48,122.86,122.01,122.85,6227.098
2025-12-24 20:00:00,122.86,123.13,122.58,122.67,6135.97098233
2025-12-24 21:00:00,122.67,123.08,122.63,123.0,5340.867
2025-12-24 22:00:00,123.0,123.39,122.92,123.3,5751.658
2025-12-24 23:00:00,123.31,123.34,122.46,122.52,3737.053
2025-12-25 00:00:00,122.53,122.69,122.09,122.15,4763.035
2025-12-25 01:00:00,122.16,122.78,122.16,122.75,4826.971
2025-12-25 02:00:00,122.75,123.13,122.47,123.04,4641.119
2025-12-25 03:00:00,123.04,123.13,122.55,122.69,2893.67
2025-12-25 04:00:00,122.7,122.85,122.61,122.78,2527.719
2025-12-25 05:00:00,122.76,122.77,122.23,122.37,4552.68
2025-12-25 06:00:00,122.37,122.51,122.19,122.47,3186.854
2025-12-25 07:00:00,122.47,122.47,122.1,122.27,3022.967
2025-12-25 08:00:00,122.27,122.64,121.63,122.09,7008.628
2025-12-25 09:00:00,122.1,122.16,121.82,122.09,2716.017
2025-12-25 10:00:00,122.09,122.09,121.31,121.55,5435.137
2025-12-25 11:00:00,121.56,121.86,121.53,121.66,3850.46299981
2025-12-25 12:00:00,121.67,122.04,121.6,122.04,3241.96992075
2025-12-25 13:00:00,122.04,122.33,121.67,122.05,4503.194
2025-12-25 14:00:00,122.06,122.32,121.79,122.12,4050.68394221
2025-12-25 15:00:00,122.13,124.08,121.89,123.63,16461.37699956
2025-12-25 16:00:00,123.68,124.45,123.36,123.5,13493.026
2025-12-25 17:00:00,123.52,123.62,122.82,123.13,9026.071
2025-12-25 18:00:00,123.08,124.17,123.07,124.02,9443.275
2025-12-25 19:00:00,124.02,124.07,123.35,123.46,4207.062
2025-12-25 20:00:00,123.46,123.49,122.96,123.32,4919.074
2025-12-25 21:00:00,123.31,123.51,123.13,123.22,5004.478
2025-12-25 22:00:00,123.22,123.42,121.41,121.81,8791.272
2025-12-25 23:00:00,121.84,122.12,119.74,120.07,22556.368
2025-12-26 00:00:00,120.05,120.32,119.24,120.32,13177.206
2025-12-26 01:00:00,120.34,121.17,120.2,120.82,7810.214
2025-12-26 02:00:00,120.81,124.39,120.81,123.46,30390.759
2025-12-26 03:00:00,123.48,123.73,122.5,122.67,11142.571
2025-12-26 04:00:00,122.67,122.98,121.82,122.84,9172.226
2025-12-26 05:00:00,122.85,123.48,122.69,123.27,4799.918
2025-12-26 06:00:00,123.3,123.77,123.3,123.47,4828.20999546
2025-12-26 07:00:00,123.48,123.97,122.58,122.72,7703.20626159
2025-12-26 08:00:00,122.71,123.12,122.31,122.68,5631.564
2025-12-26 09:00:00,122.67,124.11,122.54,123.68,11078.628
2025-12-26 10:00:00,123.69,123.91,123.45,123.75,4980.367
2025-12-26 11:00:00,123.76,123.9,123.34,123.83,4046.53
2025-12-26 12:00:00,123.84,124.18,123.76,123.95,4164.003
2025-12-26 13:00:00,123.95,125.11,123.89,124.89,9684.647
2025-12-26 14:00:00,124.9,124.96,122.08,122.25,29379.233
2025-12-26 15:00:00,122.22,122.22,120.48,121.55,32662.657
2025-12-26 16:00:00,121.55,122.25,121.19,121.24,11927.147
2025-12-26 17:00:00,121.25,122.38,121.25,121.86,10774.539
2025-12-26 18:00:00,121.86,122.22,121.75,122.07,6680.018
2025-12-26 19:00:00,122.08,122.4,121.76,122.17,7591.26
2025-12-26 20:00:00,122.17,122.66,121.91,122.4,6963.766
2025-12-26 21:00:00,122.43,122.63,122.07,122.07,4224.717
2025-12-26 22:00:00,122.08,122.43,121.84,122.43,5035.209
2025-12-26 23:00:00,122.44,122.55,122.18,122.29,4661.401
2025-12-27 00:00:00,122.29,122.38,121.93,122.1,4457.75999962
2025-12-27 01:00:00,122.1,122.32,121.87,122.31,2834.188
2025-12-27 02:00:00,122.31,122.43,122.16,122.33,2300.316
2025-12-27 03:00:00,122.33,123.79,122.3,123.66,10190.939
2025-12-27 04:00:00,123.67,123.72,122.9,122.98,5389.698
2025-12-27 05:00:00,122.99,123.29,122.99,123.16,2998.693
2025-12-27 06:00:00,123.17,123.17,122.78,123.03,2991.691
2025-12-27 07:00:00,123.04,123.42,123.03,123.16,3163.839
2025-12-27 08:00:00,123.17,123.34,122.83,122.85,1767.715
2025-12-27 09:00:00,122.85,123.21,122.84,123.0,3423.375
2025-12-27 10:00:00,123.01,123.13,122.53,122.88,4030.823
2025-12-27 11:00:00,122.89,123.2,122.86,122.97,3241.053
2025-12-27 12:00:00,122.98,123.2,122.61,122.89,8173.679
2025-12-27 13:00:00,122.89,123.27,122.75,123.0,7233.82
2025-12-27 14:00:00,123.0,123.33,122.85,123.31,4746.39099951
2025-12-27 15:00:00,123.32,123.64,123.16,123.3,4802.358
2025-12-27 16:00:00,123.31,123.44,122.92,122.99,5474.249
2025-12-27 17:00:00,122.99,123.43,122.76,123.38,5093.15642355
2025-12-27 18:00:00,123.38,123.44,123.0,123.21,3645.95785573
2025-12-27 19:00:00,123.21,123.44,123.05,123.27,2924.335
2025-12-27 20:00:00,123.27,123.8,123.27,123.58,4639.675
2025-12-27 21:00:00,123.58,124.57,123.58,124.54,5513.768
2025-12-27 22:00:00,124.56,124.94,123.67,123.91,9629.197
2025-12-27 23:00:00,123.9,125.06,123.9,124.73,10712.247
2025-12-28 00:00:00,124.74,124.88,124.28,124.36,3541.8
2025-12-28 01:00:00,124.37,124.61,123.99,123.99,4263.861
2025-12-28 02:00:00,124.0,124.39,123.91,124.23,3349.373
2025-12-28 03:00:00,124.23,124.3,123.96,124.12,1928.515
2025-12-28 04:00:00,124.13,124.31,124.0,124.1,2336.248
2025-12-28 05:00:00,124.1,124.1,123.63,123.78,4302.875
2025-12-28 06:00:00,123.78,124.19,123.75,124.1,3716.293
2025-12-28 07:00:00,124.11,124.31,123.85,124.21,3840.85
2025-12-28 08:00:00,124.21,124.68,124.17,124.27,4792.62096477
2025-12-28 09:00:00,124.27,124.38,124.0,124.08,3120.983
2025-12-28 10:00:00,124.08,124.62,124.02,124.52,4665.551
2025-12-28 11:00:00,124.52,124.84,124.41,124.64,3893.487
2025-12-28 12:00:00,124.64,124.78,124.39,124.42,3754.851
2025-12-28 13:00:00,124.42,124.78,124.31,124.63,3260.176
2025-12-28 14:00:00,124.65,124.98,124.54,124.58,6364.276
2025-12-28 15:00:00,124.59,125.01,124.43,124.44,5379.041
2025-12-28 16:00:00,124.45,124.66,124.19,124.31,5306.66
2025-12-28 17:00:00,124.31,124.77,124.3,124.44,4691.563
2025-12-28 18:00:00,124.45,124.52,123.13,123.15,10632.641
2025-12-28 19:00:00,123.15,123.62,123.08,123.3,6957.43127712
2025-12-28 20:00:00,123.29,123.74,123.11,123.43,4929.271
2025-12-28 21:00:00,123.44,123.86,123.3,123.86,4553.162
2025-12-28 22:00:00,123.86,124.33,123.55,124.24,5466.193
2025-12-28 23:00:00,124.24,125.6,123.94,125.25,14755.119
2025-12-29 00:00:00,125.26,128.17,125.0,127.03,27079.629
2025-12-29 01:00:00,127.01,130.11,126.23,128.72,36139.564
2025-12-29 02:00:00,128.75,129.46,128.19,128.74,16024.118
2025-12-29 03:00:00,128.75,129.49,128.52,128.58,17011.901
2025-12-29 04:00:00,128.58,129.15,128.24,128.59,9697.18172049
2025-12-29 05:00:00,128.58,128.58,127.6,127.73,6894.563
2025-12-29 06:00:00,127.72,128.04,127.51,127.78,4087.905
2025-12-29 07:00:00,127.79,127.98,127.23,127.87,10723.022
2025-12-29 08:00:00,127.87,128.48,127.7,127.9,11111.507
2025-12-29 09:00:00,127.91,127.99,125.44,126.05,14723.153
2025-12-29 10:00:00,126.04,126.36,125.51,125.69,7307.533
2025-12-29 11:00:00,125.69,125.69,125.05,125.1,6767.71980815
2025-12-29 12:00:00,125.1,125.39,122.93,123.71,31947.105
2025-12-29 13:00:00,123.72,124.08,122.96,123.27,13708.832
2025-12-29 14:00:00,123.26,124.54,122.33,123.43,24733.032
2025-12-29 15:00:00,123.45,124.11,123.16,123.44,19849.87
2025-12-29 16:00:00,123.43,123.72,122.63,123.51,13095.685
2025-12-29 17:00:00,123.51,123.89,123.07,123.89,10160.38670612
2025-12-29 18:00:00,123.89,123.97,123.0,123.11,8377.508
2025-12-29 19:00:00,123.12,123.5,122.87,123.06,6588.301
2025-12-29 20:00:00,123.06,123.6,122.81,123.35,8387.326
2025-12-29 21:00:00,123.33,123.58,123.16,123.45,3667.102
2025-12-29 22:00:00,123.46,123.6,123.18,123.43,3974.484
2025-12-29 23:00:00,123.43,123.61,123.21,123.28,3467.224
2025-12-30 00:00:00,123.28,123.34,122.9,123.1,3927.692
2025-12-30 01:00:00,123.11,123.45,122.79,123.19,5587.524
2025-12-30 02:00:00,123.19,123.24,122.6,123.0,7847.875
2025-12-30 03:00:00,123.0,123.92,122.78,123.8,7669.646
2025-12-30 04:00:00,123.8,124.19,123.61,123.94,8560.641
2025-12-30 05:00:00,123.95,124.01,123.22,123.43,5006.828
2025-12-30 06:00:00,123.43,124.04,123.39,123.9,5454.62
2025-12-30 07:00:00,123.91,124.34,123.8,124.02,5585.775
2025-12-30 08:00:00,124.02,125.12,124.01,124.81,13353.57866921
2025-12-30 09:00:00,124.81,125.08,124.4,124.84,9407.541
2025-12-30 10:00:00,124.83,124.98,124.5,124.58,6681.805
2025-12-30 11:00:00,124.59,124.64,124.03,124.28,6723.984
2025-12-30 12:00:00,124.29,124.64,124.11,124.28,5048.187
2025-12-30 13:00:00,124.29,124.43,123.94,124.28,6275.324
2025-12-30 14:00:00,124.28,125.34,123.54,125.03,21365.022
2025-12-30 15:00:00,125.03,125.24,124.05,125.16,17660.321
2025-12-30 16:00:00,125.16,126.5,124.88,125.68,15820.772
2025-12-30 17:00:00,125.67,126.0,124.44,124.71,14423.206
2025-12-30 18:00:00,124.71,124.71,124.21,124.54,7564.464
2025-12-30 19:00:00,124.54,124.81,123.79,124.72,7785.705
2025-12-30 20:00:00,124.71,124.79,123.87,124.01,5111.864
2025-12-30 21:00:00,124.03,124.19,123.51,123.98,3985.491
2025-12-30 22:00:00,123.96,124.59,123.9,124.43,4539.585
2025-12-30 23:00:00,124.43,125.13,124.3,125.02,5716.43401424
2025-12-31 00:00:00,125.02,125.06,124.44,124.94,4890.208
2025-12-31 01:00:00,124.94,125.94,124.84,125.53,7764.645
2025-12-31 02:00:00,125.54,126.08,125.32,126.02,6597.249
2025-12-31 03:00:00,126.01,126.06,125.18,125.8,4922.182
2025-12-31 04:00:00,125.81,125.95,125.4,125.46,4130.796
2025-12-31 05:00:00,125.46,125.77,125.42,125.64,4834.339
2025-12-31 06:00:00,125.65,126.08,125.63,125.9,3991.877
2025-12-31 07:00:00,125.9,126.05,125.65,125.98,3767.71
2025-12-31 08:00:00,125.98,126.29,125.44,125.59,5383.581
2025-12-31 09:00:00,125.57,126.38,125.56,126.3,3606.653
2025-12-31 10:00:00,126.3,126.41,126.01,126.39,4483.906
2025-12-31 11:00:00,126.39,126.8,126.24,126.74,7487.539
2025-12-31 12:00:00,126.73,126.76,126.09,126.18,3542.65999679
2025-12-31 13:00:00,126.18,126.51,125.95,126.29,5336.134
2025-12-31 14:00:00,126.3,127.42,125.38,125.79,14526.951
2025-12-31 15:00:00,125.79,125.83,125.02,125.58,11484.739
2025-12-31 16:00:00,125.59,125.73,124.32,124.84,9472.088
2025-12-31 17:00:00,124.83,125.24,124.58,125.05,8075.548
2025-12-31 18:00:00,125.05,125.51,124.64,124.78,5521.074
2025-12-31 19:00:00,124.79,125.21,124.4,124.4,6210.325
2025-12-31 20:00:00,124.41,125.72,123.45,124.2,28305.685
2025-12-31 21:00:00,124.21,124.45,124.01,124.45,4850.086
2025-12-31 22:00:00,124.45,125.15,124.24,124.83,5666.957
2025-12-31 23:00:00,124.83,125.05,124.62,124.64,3512.342
2026-01-01 00:00:00,124.65,125.23,124.6,125.12,2580.156
2026-01-01 01:00:00,125.15,125.79,124.93,124.98,5192.257
2026-01-01 02:00:00,124.98,125.21,124.8,125.17,4619.07097028
2026-01-01 03:00:00,125.18,125.41,125.03,125.22,2336.863
2026-01-01 04:00:00,125.2,125.26,124.81,124.94,3001.061
2026-01-01 05:00:00,124.95,125.3,124.94,125.29,1955.696
2026-01-01 06:00:00,125.3,125.32,124.89,124.89,1575.355
2026-01-01 07:00:00,124.89,124.99,124.25,124.25,2866.698
2026-01-01 08:00:00,124.25,124.72,124.17,124.69,3102.067
2026-01-01 09:00:00,124.69,125.11,124.6,125.06,4895.487
2026-01-01 10:00:00,125.06,125.3,124.99,125.06,3076.07
2026-01-01 11:00:00,125.06,125.22,124.78,125.21,2642.704
2026-01-01 12:00:00,125.23,125.28,125.02,125.03,4525.78
2026-01-01 13:00:00,125.03,125.14,124.71,124.74,3126.517
2026-01-01 14:00:00,124.75,124.92,124.42,124.71,4243.395
2026-01-01 15:00:00,124.72,125.22,124.58,124.96,5153.91
2026-01-01 16:00:00,124.96,125.01,124.3,124.46,4299.562
2026-01-01 17:00:00,124.46,125.61,124.32,125.2,9201.539
2026-01-01 18:00:00,125.2,125.37,125.04,125.34,5165.474
2026-01-01 19:00:00,125.35,125.79,125.23,125.75,4288.574
2026-01-01 20:00:00,125.77,125.95,125.35,125.39,3381.882
2026-01-01 21:00:00,125.4,125.69,125.32,125.43,2237.99
2026-01-01 22:00:00,125.43,126.22,125.39,126.08,5157.674
2026-01-01 23:00:00,126.09,127.24,125.76,126.91,12041.541
2026-01-02 00:00:00,126.9,127.15,126.45,126.76,5832.035
2026-01-02 01:00:00,126.77,126.93,126.07,126.18,6706.079
2026-01-02 02:00:00,126.19,126.66,125.87,126.59,3769.745
2026-01-02 03:00:00,126.57,127.98,126.44,127.52,11958.288
2026-01-02 04:00:00,127.53,127.7,126.95,126.99,5252.477
2026-01-02 05:00:00,126.97,127.42,126.76,127.34,3166.93
2026-01-02 06:00:00,127.34,127.7,127.26,127.31,7895.181
2026-01-02 07:00:00,127.32,127.58,126.91,127.14,4601.731
2026-01-02 08:00:00,127.14,127.96,127.13,127.95,5926.508
2026-01-02 09:00:00,127.96,129.86,127.82,129.37,18164.425
2026-01-02 10:00:00,129.39,129.98,128.88,128.94,11052.175
2026-01-02 11:00:00,128.95,128.97,128.0,128.22,8670.361
2026-01-02 12:00:00,128.22,128.64,127.92,128.43,7260.271
2026-01-02 13:00:00,128.43,128.78,128.29,128.37,7053.917
2026-01-02 14:00:00,128.37,129.64,126.84,128.74,19119.199
2026-01-02 15:00:00,128.74,129.52,127.43,128.97,16410.228
2026-01-02 16:00:00,128.98,131.78,128.68,130.93,29331.747
2026-01-02 17:00:00,130.93,132.3,130.71,131.44,20409.18351347
2026-01-02 18:00:00,131.45,132.01,130.35,130.78,10215.326
2026-01-02 19:00:00,130.8,131.78,130.65,131.62,8252.55
2026-01-02 20:00:00,131.63,132.13,130.84,131.13,7577.225
2026-01-02 21:00:00,131.15,132.13,131.15,131.94,5681.531
2026-01-02 22:00:00,131.93,133.24,131.91,132.63,15167.708
2026-01-02 23:00:00,132.62,132.74,131.93,132.29,8760.172
2026-01-03 00:00:00,132.29,132.94,132.25,132.49,9367.11
2026-01-03 01:00:00,132.54,132.97,132.37,132.63,3486.738
2026-01-03 02:00:00,132.64,133.08,132.08,132.86,6706.106
2026-01-03 03:00:00,132.86,133.16,132.21,132.84,6493.757
2026-01-03 04:00:00,132.84,132.92,132.19,132.36,4289.0179458
2026-01-03 05:00:00,132.36,132.53,131.64,131.91,4364.543
2026-01-03 06:00:00,131.91,132.29,131.08,131.19,4761.538
2026-01-03 07:00:00,131.18,131.39,129.62,130.09,15444.51499962
2026-01-03 08:00:00,130.09,131.03,129.8,130.68,9529.19036885
2026-01-03 09:00:00,130.69,131.45,130.4,131.16,6034.882
2026-01-03 10:00:00,131.17,131.23,130.83,130.95,4803.543
2026-01-03 11:00:00,130.95,130.98,130.48,130.71,3748.152
2026-01-03 12:00:00,130.72,130.94,130.51,130.89,3910.006
2026-01-03 13:00:00,130.9,131.4,130.81,131.3,4700.084
2026-01-03 14:00:00,131.3,132.17,131.14,132.0,5862.017
2026-01-03 15:00:00,132.0,132.03,131.15,131.47,8488.911
2026-01-03 16:00:00,131.48,131.99,131.48,131.77,5079.068
2026-01-03 17:00:00,131.78,132.04,131.65,131.89,2475.758
2026-01-03 18:00:00,131.9,132.11,131.62,131.97,2845.123
2026-01-03 19:00:00,131.97,131.97,131.68,131.78,2768.914
2026-01-03 20:00:00,131.79,132.02,131.36,131.98,3944.988
2026-01-03 21:00:00,131.99,133.04,131.81,132.86,6331.981
2026-01-03 22:00:00,132.87,133.97,132.61,133.41,10026.792
2026-01-03 23:00:00,133.43,133.75,133.1,133.37,4745.28
2026-01-04 00:00:00,133.38,134.95,133.33,134.58,13356.18
2026-01-04 01:00:00,134.57,134.72,133.43,133.95,8785.13174488
2026-01-04 02:00:00,133.97,134.0,133.49,133.72,5932.377
2026-01-04 03:00:00,133.73,134.68,133.66,134.62,8436.9
2026-01-04 04:00:00,134.62,134.86,134.25,134.31,5983.9442515
2026-01-04 05:00:00,134.31,134.61,134.29,134.55,3281.468
2026-01-04 06:00:00,134.56,134.99,133.7,133.76,8340.682
2026-01-04 07:00:00,133.79,134.14,133.69,133.82,6512.758
2026-01-04 08:00:00,133.81,134.17,133.25,134.12,7923.018
2026-01-04 09:00:00,134.11,134.56,133.87,134.33,8104.672
2026-01-04 10:00:00,134.32,134.89,134.24,134.7,6730.112
2026-01-04 11:00:00,134.7,134.7,134.17,134.38,4709.696
2026-01-04 12:00:00,134.39,134.89,134.2,134.34,5144.052
2026-01-04 13:00:00,134.34,134.55,133.77,134.53,5695.67
2026-01-04 14:00:00,134.53,135.0,134.19,134.97,12632.288
2026-01-04 15:00:00,134.97,135.33,134.3,134.91,9382.296
2026-01-04 16:00:00,134.91,135.53,134.77,135.11,9143.76
2026-01-04 17:00:00,135.11,135.36,134.82,134.83,6288.712
2026-01-04 18:00:00,134.84,134.88,133.72,134.2,7253.85103428
2026-01-04 19:00:00,134.21,134.21,133.12,133.55,11167.553
2026-01-04 20:00:00,133.55,134.24,133.4,134.02,4831.64799393
2026-01-04 21:00:00,134.02,134.58,133.74,133.94,5187.8719559
2026-01-04 22:00:00,133.94,134.44,133.82,134.18,4633.716
2026-01-04 23:00:00,134.17,134.85,133.68,134.12,9511.313
2026-01-05 00:00:00,134.11,135.81,134.03,135.53,15969.298
2026-01-05 01:00:00,135.55,137.73,135.29,136.74,26370.919
2026-01-05 02:00:00,136.77,137.23,135.72,136.88,10660.524
2026-01-05 03:00:00,136.88,137.31,136.58,136.65,7089.972
2026-01-05 04:00:00,136.64,136.77,135.01,135.69,10400.426
2026-01-05 05:00:00,135.69,136.31,135.03,135.09,7016.822
2026-01-05 06:00:00,135.06,135.69,134.63,135.62,7111.078
2026-01-05 07:00:00,135.61,135.74,135.13,135.43,5048.939
2026-01-05 08:00:00,135.43,135.94,135.21,135.22,6801.261
2026-01-05 09:00:00,135.22,135.66,134.78,135.44,7818.75326552
2026-01-05 10:00:00,135.44,136.03,135.28,135.8,10297.591
2026-01-05 11:00:00,135.8,135.81,135.25,135.76,7349.885
2026-01-05 12:00:00,135.75,135.83,134.9,135.11,6609.166
2026-01-05 13:00:00,135.12,135.39,133.28,133.81,13260.477
2026-01-05 14:00:00,133.81,135.59,133.21,134.98,26899.045
2026-01-05 15:00:00,134.99,136.47,134.17,136.14,25629.049
2026-01-05 16:00:00,136.13,136.3,134.98,135.4,17597.80499975
2026-01-05 17:00:00,135.43,136.85,134.33,136.51,14237.73
2026-01-05 18:00:00,136.53,137.56,135.7,137.38,17728.492
2026-01-05 19:00:00,137.38,138.8,137.11,138.25,14860.523
2026-01-05 20:00:00,138.25,139.85,137.7,137.86,15642.092
2026-01-05 21:00:00,137.89,138.73,137.89,138.4,7079.548
2026-01-05 22:00:00,138.4,139.13,138.29,138.76,10446.06993353
2026-01-05 23:00:00,138.78,138.94,137.9,137.9,7336.359
2026-01-06 00:00:00,137.91,138.19,136.9,137.73,9767.2
2026-01-06 01:00:00,137.73,138.52,137.36,137.58,8925.792
2026-01-06 02:00:00,137.58,138.0,137.32,137.61,7872.808
2026-01-06 03:00:00,137.61,138.61,137.57,138.38,6270.925
2026-01-06 04:00:00,138.38,139.0,138.22,138.44,6699.146
2026-01-06 05:00:00,138.44,140.03,138.09,139.56,11180.127
2026-01-06 06:00:00,139.57,139.77,138.87,139.0,9589.314
2026-01-06 07:00:00,139.02,139.1,137.36,137.6,7797.417
2026-01-06 08:00:00,137.6,138.13,137.42,137.62,6435.348
2026-01-06 09:00:00,137.62,138.43,137.51,137.78,4979.90099986
2026-01-06 10:00:00,137.78,138.13,137.44,137.72,6657.802
2026-01-06 11:00:00,137.74,139.67,137.65,139.51,10677.909
2026-01-06 12:00:00,139.52,139.61,138.9,139.09,7450.172
2026-01-06 13:00:00,139.08,139.42,138.73,139.1,6302.219
2026-01-06 14:00:00,139.11,143.46,139.11,141.99,34883.2347415
2026-01-06 15:00:00,142.0,143.19,141.13,141.59,20703.254
2026-01-06 16:00:00,141.58,141.95,138.18,138.93,25583.97059578
2026-01-06 17:00:00,138.91,139.17,136.45,136.55,23003.361
2026-01-06 18:00:00,136.52,137.99,136.2,137.57,17404.739
2026-01-06 19:00:00,137.58,138.06,137.32,137.56,6818.823
2026-01-06 20:00:00,137.55,139.18,137.52,138.93,8107.268
2026-01-06 21:00:00,138.99,141.97,138.69,140.25,17506.501
2026-01-06 22:00:00,140.24,141.0,139.57,140.03,8647.825
2026-01-06 23:00:00,140.03,141.35,140.03,141.08,7310.433
2026-01-07 00:00:00,141.09,141.38,139.78,139.87,5964.93295587
2026-01-07 01:00:00,139.86,140.63,138.82,138.92,8731.223
2026-01-07 02:00:00,138.92,140.08,138.49,139.93,9560.41799993
2026-01-07 03:00:00,139.97,140.55,139.38,139.58,6084.084
2026-01-07 04:00:00,139.57,139.72,138.75,138.76,4578.44048656
2026-01-07 05:00:00,138.78,139.34,138.18,138.52,8236.015
2026-01-07 06:00:00,138.53,139.08,138.47,138.8,4607.434
2026-01-07 07:00:00,138.8,139.44,138.79,139.39,4192.832
2026-01-07 08:00:00,139.39,139.79,139.1,139.41,8362.018
2026-01-07 09:00:00,139.41,139.48,136.58,136.91,16593.24
2026-01-07 10:00:00,136.89,137.71,136.76,137.59,6555.735
2026-01-07 11:00:00,137.57,138.2,137.51,137.96,5420.103
2026-01-07 12:00:00,137.95,138.21,137.64,137.92,5783.467
2026-01-07 13:00:00,137.92,138.51,137.56,138.12,7500.451
2026-01-07 14:00:00,138.13,138.21,136.6,138.02,14456.22278526
2026-01-07 15:00:00,138.03,138.08,135.27,135.71,20815.46
2026-01-07 16:00:00,135.71,136.67,135.36,135.68,8136.193
2026-01-07 17:00:00,135.7,136.47,135.41,135.61,7503.61
2026-01-07 18:00:00,135.59,135.91,134.77,135.24,11236.03963467
2026-01-07 19:00:00,135.24,135.99,134.4,135.75,10765.33
2026-01-07 20:00:00,135.76,136.01,135.03,135.82,8524.942
2026-01-07 21:00:00,135.8,136.35,135.67,136.2,5865.687
2026-01-07 22:00:00,136.18,136.81,135.78,136.48,5590.97569056
2026-01-07 23:00:00,136.48,137.06,135.88,136.4,9832.441
2026-01-08 00:00:00,136.4,136.97,136.01,136.82,5063.135
2026-01-08 01:00:00,136.83,137.4,136.72,136.83,5792.42
2026-01-08 02:00:00,136.84,137.99,136.61,137.89,16551.1461236
2026-01-08 03:00:00,137.94,138.29,136.6,136.75,7325.286
2026-01-08 04:00:00,136.75,138.32,136.45,137.65,8770.544
2026-01-08 05:00:00,137.66,138.06,136.53,136.64,5973.003
2026-01-08 06:00:00,136.65,136.76,134.74,134.82,12494.327
2026-01-08 07:00:00,134.85,135.98,133.79,135.89,15337.439
2026-01-08 08:00:00,135.9,136.21,135.06,135.11,6971.356
2026-01-08 09:00:00,135.12,135.51,134.36,134.49,6741.361
2026-01-08 10:00:00,134.48,135.42,133.93,135.11,8411.467
2026-01-08 11:00:00,135.1,135.28,134.3,134.78,6539.986
2026-01-08 12:00:00,134.81,134.82,133.73,134.13,8242.426
2026-01-08 13:00:00,134.13,134.57,133.69,134.47,8971.846
2026-01-08 14:00:00,134.47,134.47,132.73,134.04,17239.249
2026-01-08 15:00:00,134.03,136.55,133.41,136.43,17509.99
2026-01-08 16:00:00,136.41,138.21,136.28,138.19,20860.421
2026-01-08 17:00:00,138.22,138.81,137.28,138.73,11334.22471052
2026-01-08 18:00:00,138.71,139.06,137.93,138.08,9708.05336047
2026-01-08 19:00:00,138.09,138.4,137.22,137.52,7289.305
2026-01-08 20:00:00,137.53,137.84,136.54,137.7,9545.52
2026-01-08 21:00:00,137.73,139.81,137.72,139.58,11193.17
2026-01-08 22:00:00,139.61,140.04,138.31,138.87,12016.371
2026-01-08 23:00:00,138.87,139.18,138.25,138.37,8113.452
2026-01-09 00:00:00,138.38,139.32,138.29,139.13,5738.596
2026-01-09 01:00:00,139.14,139.59,137.75,138.29,10041.328
2026-01-09 02:00:00,138.28,139.53,138.24,138.96,6729.81099592
2026-01-09 03:00:00,138.98,141.15,138.92,140.79,10394.73
2026-01-09 04:00:00,140.8,141.06,139.67,139.76,5568.30441613
2026-01-09 05:00:00,139.76,140.14,139.47,139.96,5067.509
2026-01-09 06:00:00,139.95,140.84,139.66,140.71,5775.518
2026-01-09 07:00:00,140.71,140.71,139.54,139.55,5620.229
2026-01-09 08:00:00,139.56,139.68,137.05,137.87,11379.753
2026-01-09 09:00:00,137.94,139.06,137.91,138.46,9410.17299602
2026-01-09 10:00:00,138.47,138.99,138.15,138.73,7002.796
2026-01-09 11:00:00,138.73,138.89,138.0,138.29,12440.794
2026-01-09 12:00:00,138.29,138.62,137.59,137.71,5671.435
2026-01-09 13:00:00,137.72,139.41,137.67,138.64,16542.173
2026-01-09 14:00:00,138.64,138.64,136.47,136.88,15438.029
2026-01-09 15:00:00,136.88,140.86,136.17,138.81,28909.746
2026-01-09 16:00:00,138.83,140.24,138.72,139.95,13921.89731215
2026-01-09 17:00:00,139.96,140.06,137.36,138.48,9481.465
2026-01-09 18:00:00,138.47,138.47,135.79,136.85,14034.48136601
2026-01-09 19:00:00,136.84,136.84,135.47,135.81,7917.79696763
2026-01-09 20:00:00,135.8,136.06,134.99,135.59,10363.37149686
2026-01-09 21:00:00,135.6,136.43,135.43,136.01,7105.262
2026-01-09 22:00:00,136.03,136.22,135.57,136.17,4743.46
2026-01-09 23:00:00,136.17,136.45,135.78,135.97,4980.728
2026-01-10 00:00:00,135.97,136.13,135.7,135.89,3903.344
2026-01-10 01:00:00,135.9,136.5,135.79,136.48,5845.168
2026-01-10 02:00:00,136.48,136.68,135.93,136.4,3373.282
2026-01-10 03:00:00,136.4,136.4,135.93,136.17,3403.25
2026-01-10 04:00:00,136.16,136.18,135.76,135.84,3075.053
2026-01-10 05:00:00,135.86,136.34,135.81,135.95,3535.052
2026-01-10 06:00:00,135.96,136.19,135.77,135.99,3134.561
2026-01-10 07:00:00,136.0,136.26,135.97,136.06,3161.149
2026-01-10 08:00:00,136.09,136.35,136.01,136.22,2609.236228
2026-01-10 09:00:00,136.23,136.62,136.1,136.62,3182.363
2026-01-10 10:00:00,136.63,137.03,136.42,136.99,4660.538
2026-01-10 11:00:00,137.01,137.01,136.41,136.58,3308.44
2026-01-10 12:00:00,136.59,137.03,136.56,136.63,3745.567
2026-01-10 13:00:00,136.64,136.64,136.09,136.36,4083.458
2026-01-10 14:00:00,136.35,136.45,136.02,136.15,2769.43
2026-01-10 15:00:00,136.15,136.53,136.09,136.41,4023.989
2026-01-10 16:00:00,136.42,136.64,136.17,136.4,4057.0949973
2026-01-10 17:00:00,136.41,136.7,136.13,136.15,3218.316
2026-01-10 18:00:00,136.16,136.33,135.92,136.17,3941.506
2026-01-10 19:00:00,136.17,136.25,136.0,136.22,4350.668
2026-01-10 20:00:00,136.23,136.27,136.0,136.08,2761.703
2026-01-10 21:00:00,136.07,136.1,135.74,135.77,2771.628
2026-01-10 22:00:00,135.77,135.92,135.4,135.56,3474.658
2026-01-10 23:00:00,135.56,136.06,135.5,135.85,4173.959
2026-01-11 00:00:00,135.86,136.44,135.76,136.4,3863.601
2026-01-11 01:00:00,136.4,136.47,136.11,136.3,2840.582
2026-01-11 02:00:00,136.31,136.44,135.97,136.0,2729.462
2026-01-11 03:00:00,136.01,136.3,135.84,136.26,2679.336
2026-01-11 04:00:00,136.27,136.4,135.98,136.18,4419.55411301
2026-01-11 05:00:00,136.19,136.41,136.0,136.28,4080.126
2026-01-11 06:00:00,136.28,136.37,135.88,136.13,2434.511
2026-01-11 07:00:00,136.14,136.26,135.99,136.19,2086.553
2026-01-11 08:00:00,136.19,136.89,136.1,136.77,3462.126
2026-01-11 09:00:00,136.77,136.81,136.38,136.48,3111.89
2026-01-11 10:00:00,136.48,136.7,136.29,136.57,2588.281
2026-01-11 11:00:00,136.57,136.78,136.5,136.57,2597.575
2026-01-11 12:00:00,136.58,137.27,136.52,137.11,4191.643
2026-01-11 13:00:00,137.11,137.33,136.95,137.26,4179.456
2026-01-11 14:00:00,137.26,139.44,137.24,139.2,10694.844
2026-01-11 15:00:00,139.21,139.53,137.85,138.43,11571.402
2026-01-11 16:00:00,138.44,141.57,138.44,140.05,26001.962
2026-01-11 17:00:00,140.04,140.21,138.77,139.68,7559.06493225
2026-01-11 18:00:00,139.68,140.18,139.14,140.02,5255.798
2026-01-11 19:00:00,140.02,140.14,139.06,139.45,8405.219
2026-01-11 20:00:00,139.43,139.43,137.98,138.55,11046.547
2026-01-11 21:00:00,138.54,138.92,137.99,138.69,5429.678
2026-01-11 22:00:00,138.69,138.69,137.71,138.22,5283.097
2026-01-11 23:00:00,138.23,139.75,137.52,139.7,10918.92207692
2026-01-12 00:00:00,139.69,141.34,138.92,141.34,26114.142
2026-01-12 01:00:00,141.33,141.92,140.73,141.03,16520.7601513
2026-01-12 02:00:00,141.05,142.7,140.95,142.41,14925.695
2026-01-12 03:00:00,142.42,144.36,142.4,142.53,21669.84556985
2026-01-12 04:00:00,142.53,143.06,142.45,142.78,7001.944
2026-01-12 05:00:00,142.77,143.22,142.5,142.78,5698.694
2026-01-12 06:00:00,142.78,143.33,141.88,141.98,7663.41692332
2026-01-12 07:00:00,142.01,142.46,141.34,141.41,8654.4259869
2026-01-12 08:00:00,141.41,142.05,139.07,140.07,15432.40390965
2026-01-12 09:00:00,140.06,140.25,139.14,139.55,10318.524
2026-01-12 10:00:00,139.57,140.2,139.05,139.25,8067.518
2026-01-12 11:00:00,139.26,140.15,139.18,140.04,5701.198
2026-01-12 12:00:00,140.04,140.28,139.7,139.75,6279.45
2026-01-12 13:00:00,139.76,140.12,139.39,139.75,6298.212
2026-01-12 14:00:00,139.76,140.81,138.7,140.44,15730.559
2026-01-12 15:00:00,140.45,142.73,140.06,142.59,15194.833
2026-01-12 16:00:00,142.57,144.25,142.12,143.0,17632.986
2026-01-12 17:00:00,142.98,143.7,141.16,141.92,14067.60358006
2026-01-12 18:00:00,141.93,142.83,140.6,141.23,18451.26795749
2026-01-12 19:00:00,141.22,141.48,140.65,141.02,9404.559
2026-01-12 20:00:00,141.0,141.84,140.01,140.25,8446.323
2026-01-12 21:00:00,140.23,140.24,138.36,138.81,13005.857
2026-01-12 22:00:00,138.82,139.83,138.79,139.17,7724.289
2026-01-12 23:00:00,139.17,139.52,138.68,139.23,7959.77399969
2026-01-13 00:00:00,139.22,139.43,138.71,139.29,6687.528
2026-01-13 01:00:00,139.29,139.58,138.51,138.89,9832.0959981
2026-01-13 02:00:00,138.9,139.3,138.14,138.35,8719.34
2026-01-13 03:00:00,138.36,138.77,137.84,138.75,7947.5239443
2026-01-13 04:00:00,138.76,139.14,138.41,139.13,5089.692
2026-01-13 05:00:00,139.14,140.5,138.83,139.95,16942.093
2026-01-13 06:00:00,139.96,140.75,139.87,140.61,9054.627
2026-01-13 07:00:00,140.62,140.7,139.98,139.98,6794.429
2026-01-13 08:00:00,139.97,141.84,139.97,141.61,7057.826
2026-01-13 09:00:00,141.59,143.11,141.26,141.93,16932.008
2026-01-13 10:00:00,141.96,142.62,141.73,142.09,7919.872
2026-01-13 11:00:00,142.1,142.26,141.55,141.83,6968.99
2026-01-13 12:00:00,141.84,142.34,141.42,142.22,8958.486
2026-01-13 13:00:00,142.22,143.45,141.8,142.45,25029.76
2026-01-13 14:00:00,142.45,143.82,141.7,142.06,22725.802
2026-01-13 15:00:00,142.04,143.52,141.23,143.51,15723.58993284
2026-01-13 16:00:00,143.51,144.53,142.88,143.16,17156.959
2026-01-13 17:00:00,143.17,143.65,142.47,142.92,14118.134
2026-01-13 18:00:00,142.9,143.88,142.7,143.48,12278.635
2026-01-13 19:00:00,143.49,144.44,143.1,144.22,9861.733
2026-01-13 20:00:00,144.24,144.42,143.04,143.83,12602.856
2026-01-13 21:00:00,143.83,144.29,143.38,143.39,9169.458
2026-01-13 22:00:00,143.39,148.8,143.39,146.92,57115.866
2026-01-13 23:00:00,146.96,147.58,144.64,145.51,23109.025
2026-01-14 00:00:00,145.52,145.87,144.33,145.05,14001.004
2026-01-14 01:00:00,145.06,146.18,144.94,145.69,13130.869
2026-01-14 02:00:00,145.7,146.58,145.32,145.51,11427.858
2026-01-14 03:00:00,145.5,146.35,145.16,146.29,8270.77
2026-01-14 04:00:00,146.27,146.43,144.84,144.91,10287.13498231
2026-01-14 05:00:00,144.92,145.19,144.38,144.47,6456.10696604
2026-01-14 06:00:00,144.48,144.72,143.95,144.7,9230.149
2026-01-14 07:00:00,144.71,145.06,144.16,144.85,8182.492
2026-01-14 08:00:00,144.85,145.17,144.66,144.9,5029.572
2026-01-14 09:00:00,144.92,145.63,144.86,145.48,6998.063
2026-01-14 10:00:00,145.49,145.75,144.55,144.75,7734.004
2026-01-14 11:00:00,144.75,144.75,143.53,143.75,10157.751
2026-01-14 12:00:00,143.75,144.76,143.38,144.57,6755.196
2026-01-14 13:00:00,144.57,144.89,144.06,144.23,10470.396
2026-01-14 14:00:00,144.24,147.56,144.23,146.67,30563.553
2026-01-14 15:00:00,146.63,147.54,145.95,147.06,26658.106
2026-01-14 16:00:00,147.08,148.44,146.85,147.08,28323.043
2026-01-14 17:00:00,147.09,147.64,145.73,145.99,15552.802
2026-01-14 18:00:00,145.99,147.44,145.34,146.35,15028.437
2026-01-14 19:00:00,146.33,147.53,146.16,146.77,14153.072
2026-01-14 20:00:00,146.78,147.75,146.56,147.53,12577.75299779
2026-01-14 21:00:00,147.51,147.51,146.28,146.96,15841.92097261
2026-01-14 22:00:00,146.91,147.16,145.85,146.19,10227.994
2026-01-14 23:00:00,146.19,147.1,146.06,146.69,7330.589
2026-01-15 00:00:00,146.7,146.72,145.48,146.02,6831.708
2026-01-15 01:00:00,146.05,146.5,144.82,145.16,9381.323
2026-01-15 02:00:00,145.17,145.52,144.32,144.51,6536.503
2026-01-15 03:00:00,144.55,144.71,143.25,143.49,13810.226
2026-01-15 04:00:00,143.49,144.46,143.31,144.46,7242.643
2026-01-15 05:00:00,144.45,144.83,144.31,144.61,5083.914
2026-01-15 06:00:00,144.6,144.87,144.08,144.2,6110.115
2026-01-15 07:00:00,144.21,145.28,144.11,145.0,5987.813
2026-01-15 08:00:00,145.0,145.24,144.03,144.88,6125.547
2026-01-15 09:00:00,144.89,145.99,144.49,145.62,10151.465
2026-01-15 10:00:00,145.62,145.67,145.22,145.42,4641.287
2026-01-15 11:00:00,145.42,145.68,144.82,144.87,4604.06
2026-01-15 12:00:00,144.86,145.05,144.35,144.89,5067.545
2026-01-15 13:00:00,144.9,145.34,144.51,145.18,8678.492
2026-01-15 14:00:00,145.19,145.65,143.26,143.95,15288.252
2026-01-15 15:00:00,143.92,144.35,141.81,143.53,26299.788
2026-01-15 16:00:00,143.49,144.05,142.82,143.6,12284.984
2026-01-15 17:00:00,143.55,144.21,142.5,142.65,10604.212
2026-01-15 18:00:00,142.67,143.02,141.5,141.57,17330.111
2026-01-15 19:00:00,141.54,141.84,140.95,141.53,12057.186
2026-01-15 20:00:00,141.54,141.89,141.04,141.44,11108.155
2026-01-15 21:00:00,141.45,142.27,141.3,142.09,4169.856
2026-01-15 22:00:00,142.1,142.58,142.0,142.42,5779.818
2026-01-15 23:00:00,142.39,142.67,142.09,142.41,5256.295
2026-01-16 00:00:00,142.42,142.82,142.26,142.45,5607.012
2026-01-16 01:00:00,142.46,142.72,141.99,142.35,3782.111
2026-01-16 02:00:00,142.36,142.36,141.7,142.2,4737.6226368
2026-01-16 03:00:00,142.21,142.48,141.88,141.95,6914.84399938
2026-01-16 04:00:00,141.96,142.73,141.45,141.68,7016.631
2026-01-16 05:00:00,141.67,143.6,141.49,143.18,10604.502
2026-01-16 06:00:00,143.19,143.38,142.75,143.31,4140.626
2026-01-16 07:00:00,143.32,143.32,142.62,142.93,3393.705
2026-01-16 08:00:00,142.94,143.45,142.93,143.16,4686.537
2026-01-16 09:00:00,143.15,143.45,142.91,143.07,4056.636
2026-01-16 10:00:00,143.07,143.17,142.73,143.09,3636.682
2026-01-16 11:00:00,143.1,143.58,142.81,143.13,4946.576
2026-01-16 12:00:00,143.15,143.85,143.12,143.66,5788.741
2026-01-16 13:00:00,143.67,143.67,142.69,143.09,5621.391
2026-01-16 14:00:00,143.09,143.74,142.85,143.03,7797.494
2026-01-16 15:00:00,143.03,143.67,140.27,140.79,21469.763
2026-01-16 16:00:00,140.73,141.99,140.66,141.89,12132.353
2026-01-16 17:00:00,141.94,143.39,141.42,143.32,11949.228
2026-01-16 18:00:00,143.32,144.17,142.99,143.52,7303.348
2026-01-16 19:00:00,143.52,144.51,143.02,144.18,6448.432
2026-01-16 20:00:00,144.19,144.99,143.5,144.95,9754.074
2026-01-16 21:00:00,144.97,145.56,144.71,145.03,8189.03
2026-01-16 22:00:00,145.05,145.13,144.59,144.94,5656.886
2026-01-16 23:00:00,144.93,145.2,144.76,144.89,3562.78
2026-01-17 00:00:00,144.9,144.97,144.21,144.32,3753.25491202
2026-01-17 01:00:00,144.33,144.82,144.23,144.66,4501.882
2026-01-17 02:00:00,144.66,144.68,144.26,144.59,3503.2
2026-01-17 03:00:00,144.59,144.62,144.25,144.37,2683.28199981
2026-01-17 04:00:00,144.37,144.5,144.23,144.31,1941.652
2026-01-17 05:00:00,144.32,144.35,143.95,143.98,2758.58099962
2026-01-17 06:00:00,143.98,144.08,143.77,143.86,2077.424
2026-01-17 07:00:00,143.86,143.97,143.62,143.64,2395.956
2026-01-17 08:00:00,143.65,144.25,143.61,144.22,3257.093
2026-01-17 09:00:00,144.23,144.65,144.0,144.46,2146.897
2026-01-17 10:00:00,144.46,144.62,143.93,143.97,4503.747
2026-01-17 11:00:00,143.97,144.17,143.32,144.0,5421.559
2026-01-17 12:00:00,144.01,144.07,143.67,143.75,3215.789
2026-01-17 13:00:00,143.76,144.04,143.59,144.02,3209.897
2026-01-17 14:00:00,144.01,144.26,143.75,143.92,3684.023
2026-01-17 15:00:00,143.93,144.36,143.71,144.33,4576.995
2026-01-17 16:00:00,144.33,144.34,143.67,143.9,5770.208
2026-01-17 17:00:00,143.9,144.25,143.84,144.07,3742.129
2026-01-17 18:00:00,144.08,144.28,143.99,144.28,2529.132
2026-01-17 19:00:00,144.28,144.52,144.12,144.26,2368.281
2026-01-17 20:00:00,144.27,144.58,144.2,144.51,1536.84
2026-01-17 21:00:00,144.5,144.56,144.23,144.26,2102.494
2026-01-17 22:00:00,144.26,144.26,143.52,143.78,5002.087
2026-01-17 23:00:00,143.77,144.03,143.66,143.75,3880.12166108
2026-01-18 00:00:00,143.73,143.97,143.12,143.24,5609.063
2026-01-18 01:00:00,143.26,143.4,142.0,142.77,13775.225
2026-01-18 02:00:00,142.77,143.03,141.95,142.56,5625.164
2026-01-18 03:00:00,142.55,142.93,142.39,142.82,2483.889
2026-01-18 04:00:00,142.83,142.92,142.56,142.84,2171.624
2026-01-18 05:00:00,142.85,142.97,142.57,142.85,2876.29
2026-01-18 06:00:00,142.86,143.03,142.55,142.71,3906.263
2026-01-18 07:00:00,142.7,142.71,142.03,142.12,3212.779
2026-01-18 08:00:00,142.12,142.46,141.94,142.45,3316.812
2026-01-18 09:00:00,142.44,142.64,142.35,142.53,1853.769
2026-01-18 10:00:00,142.54,142.54,142.18,142.44,2363.317
2026-01-18 11:00:00,142.43,142.49,142.21,142.4,1892.695
2026-01-18 12:00:00,142.41,142.52,142.19,142.26,2133.347
2026-01-18 13:00:00,142.25,142.5,142.02,142.38,3815.979
2026-01-18 14:00:00,142.37,142.74,141.65,141.72,6852.375
2026-01-18 15:00:00,141.72,142.14,141.51,142.0,5987.564
2026-01-18 16:00:00,142.0,142.41,141.77,142.04,7209.746
2026-01-18 17:00:00,142.04,142.47,141.87,142.39,6721.834
2026-01-18 18:00:00,142.37,142.95,142.09,142.76,5579.725
2026-01-18 19:00:00,142.77,143.23,142.13,142.28,5680.927
2026-01-18 20:00:00,142.28,142.55,141.96,142.46,4585.227
2026-01-18 21:00:00,142.47,142.78,142.38,142.66,5716.596
2026-01-18 22:00:00,142.66,143.03,142.49,142.87,4830.939
2026-01-18 23:00:00,142.86,142.86,137.78,137.86,30452.85612862
2026-01-19 00:00:00,137.86,137.86,130.01,133.77,126198.323
2026-01-19 01:00:00,133.76,134.44,133.44,133.78,12089.745
2026-01-19 02:00:00,133.79,134.09,133.49,133.82,7981.797
2026-01-19 03:00:00,133.81,134.13,133.62,133.93,6477.893
2026-01-19 04:00:00,133.94,134.06,133.52,133.71,5075.211
2026-01-19 05:00:00,133.7,133.97,133.33,133.36,11885.856
2026-01-19 06:00:00,133.37,133.42,132.73,133.28,6682.338
2026-01-19 07:00:00,133.28,133.55,133.21,133.49,4314.841
2026-01-19 08:00:00,133.49,134.05,133.3,133.89,8136.887
2026-01-19 09:00:00,133.88,134.03,133.55,133.74,4904.049
2026-01-19 10:00:00,133.75,133.85,133.55,133.8,3308.33188003
2026-01-19 11:00:00,133.8,134.35,133.66,134.11,4661.098
2026-01-19 12:00:00,134.11,134.18,133.72,134.12,8152.775
2026-01-19 13:00:00,134.12,134.13,133.61,133.72,3376.717
2026-01-19 14:00:00,133.73,133.77,133.28,133.5,4676.599
2026-01-19 15:00:00,133.51,133.91,133.45,133.54,6533.836
2026-01-19 16:00:00,133.55,134.63,133.48,134.48,7670.007
2026-01-19 17:00:00,134.47,134.52,134.09,134.28,5560.321
2026-01-19 18:00:00,134.29,134.41,133.9,134.28,3409.09
2026-01-19 19:00:00,134.28,134.7,134.26,134.46,2825.18698898
2026-01-19 20:00:00,134.46,135.16,134.46,134.68,3950.097
2026-01-19 21:00:00,134.69,134.99,134.08,134.1,3063.035
2026-01-19 22:00:00,134.09,134.2,132.92,132.97,9982.744
2026-01-19 23:00:00,132.97,133.92,132.76,133.46,7546.303
2026-01-20 00:00:00,133.46,133.94,133.1,133.73,7097.239
2026-01-20 01:00:00,133.72,134.27,133.32,133.85,5617.568
2026-01-20 02:00:00,133.87,134.14,133.37,133.81,5813.74
2026-01-20 03:00:00,133.85,134.63,133.51,134.24,10497.282
2026-01-20 04:00:00,134.25,134.25,133.22,133.42,6909.508
2026-01-20 05:00:00,133.42,133.51,132.41,133.03,11428.616
2026-01-20 06:00:00,133.03,133.03,131.07,131.22,20056.695
2026-01-20 07:00:00,131.23,131.76,130.37,130.63,14859.1735
2026-01-20 08:00:00,130.63,130.77,128.38,129.1,40992.55582456395
2026-01-20 09:00:00,129.09,129.14,128.56,128.9,14255.5763
2026-01-20 10:00:00,128.91,129.34,128.74,128.91,6544.840105
2026-01-20 11:00:00,128.91,129.46,128.74,128.79,6420.791
2026-01-20 12:00:00,128.82,129.46,128.71,129.34,7103.484
2026-01-20 13:00:00,129.35,129.35,128.41,128.43,8418.956085
2026-01-20 14:00:00,128.43,129.76,127.95,128.86,22723.813
2026-01-20 15:00:00,128.83,128.97,127.25,127.86,20807.43871868
2026-01-20 16:00:00,127.86,128.56,126.32,127.08,20956.935
2026-01-20 17:00:00,127.07,127.95,126.38,126.99,12925.581
2026-01-20 18:00:00,126.97,127.71,126.86,126.99,12461.391
2026-01-20 19:00:00,126.98,127.52,126.59,127.25,8103.632
2026-01-20 20:00:00,127.24,128.07,127.01,127.81,8732.21999792
2026-01-20 21:00:00,127.83,127.95,126.98,126.99,5897.061
2026-01-20 22:00:00,126.98,127.49,124.67,126.09,13893.591
2026-01-20 23:00:00,126.1,126.5,125.63,125.8,9758.29
2026-01-21 00:00:00,125.81,127.5,125.76,127.32,7331.056
2026-01-21 01:00:00,127.32,127.85,127.22,127.36,6760.058
2026-01-21 02:00:00,127.36,127.79,126.8,126.93,5640.401
2026-01-21 03:00:00,126.94,127.84,126.91,127.61,5753.278
2026-01-21 04:00:00,127.6,128.03,127.45,127.77,3862.727
2026-01-21 05:00:00,127.77,128.74,127.75,128.51,6122.814
2026-01-21 06:00:00,128.52,128.62,128.04,128.24,4916.186
2026-01-21 07:00:00,128.24,128.47,127.52,127.63,5437.208
2026-01-21 08:00:00,127.62,127.68,127.0,127.16,5208.965
2026-01-21 09:00:00,127.17,127.77,127.06,127.47,5506.07999895
2026-01-21 10:00:00,127.47,128.19,127.41,127.74,4371.418
2026-01-21 11:00:00,127.74,127.91,126.83,126.95,5925.155
2026-01-21 12:00:00,126.95,127.44,126.17,127.42,12927.26605728
2026-01-21 13:00:00,127.42,127.62,126.82,127.11,8332.39397444
2026-01-21 14:00:00,127.08,129.75,126.97,129.55,21589.11341694
2026-01-21 15:00:00,129.54,131.17,129.37,130.44,22864.88575463
2026-01-21 16:00:00,130.44,130.46,125.52,125.6,22158.88056347
2026-01-21 17:00:00,125.6,127.03,125.26,126.92,24033.998
2026-01-21 18:00:00,126.92,127.85,126.35,127.63,10645.06100981
2026-01-21 19:00:00,127.63,131.68,127.2,131.5,19788.248
2026-01-21 20:00:00,131.49,131.64,129.95,131.13,13803.127937
2026-01-21 21:00:00,131.13,132.17,130.76,131.06,9098.7211409
2026-01-21 22:00:00,131.06,131.74,130.59,130.62,6862.638
2026-01-21 23:00:00,130.62,131.02,129.18,129.52,6512.85396155
2026-01-22 00:00:00,129.53,130.34,129.53,130.0,6352.631
2026-01-22 01:00:00,130.01,130.6,129.9,130.24,7078.92814068
2026-01-22 02:00:00,130.24,130.59,129.74,129.79,7158.366
2026-01-22 03:00:00,129.79,130.27,129.56,129.84,4697.238
2026-01-22 04:00:00,129.84,130.48,129.8,130.35,5820.377
2026-01-22 05:00:00,130.36,130.44,129.97,130.11,3046.259
2026-01-22 06:00:00,130.12,130.43,129.75,130.36,4783.356
2026-01-22 07:00:00,130.36,130.44,129.78,129.79,4708.641
2026-01-22 08:00:00,129.78,130.11,129.34,129.96,7029.149
2026-01-22 09:00:00,129.96,130.27,129.62,130.17,4261.079
2026-01-22 10:00:00,130.17,130.35,130.03,130.18,3588.807
2026-01-22 11:00:00,130.17,130.33,129.73,130.12,7188.55178168
2026-01-22 12:00:00,130.12,130.45,130.0,130.09,5351.628
2026-01-22 13:00:00,130.1,130.95,129.12,129.36,10019.24790981
2026-01-22 14:00:00,129.35,129.5,127.84,127.91,16419.505
2026-01-22 15:00:00,127.91,128.51,126.74,127.42,17719.461
2026-01-22 16:00:00,127.43,128.29,126.92,127.91,12770.623
2026-01-22 17:00:00,127.91,128.81,127.57,128.75,9117.733
2026-01-22 18:00:00,128.71,128.8,127.65,127.74,7844.06562101
2026-01-22 19:00:00,127.75,129.37,127.48,129.27,9426.122
2026-01-22 20:00:00,129.25,129.74,128.36,128.48,10169.115
2026-01-22 21:00:00,128.51,129.05,128.23,128.3,6611.301
2026-01-22 22:00:00,128.32,128.75,128.04,128.73,4899.231
2026-01-22 23:00:00,128.71,128.72,128.14,128.48,5048.674
2026-01-23 00:00:00,128.49,128.51,128.09,128.34,3990.549
2026-01-23 01:00:00,128.35,128.92,128.29,128.92,4336.34
2026-01-23 02:00:00,128.91,128.96,128.2,128.2,4163.7314921
2026-01-23 03:00:00,128.18,128.76,128.14,128.75,3663.514
2026-01-23 04:00:00,128.76,129.28,128.62,129.13,6006.05280996
2026-01-23 05:00:00,129.14,129.14,128.38,128.68,4940.45065217
2026-01-23 06:00:00,128.68,129.13,127.23,127.48,11408.909
2026-01-23 07:00:00,127.52,128.09,127.52,127.93,5117.318
2026-01-23 08:00:00,127.93,127.99,127.0,127.14,6025.954
2026-01-23 09:00:00,127.1,127.39,126.95,127.13,5745.938
2026-01-23 10:00:00,127.09,127.49,127.03,127.29,5921.98581299
2026-01-23 11:00:00,127.29,127.75,127.24,127.53,4227.565
2026-01-23 12:00:00,127.55,127.55,127.17,127.19,2837.128
2026-01-23 13:00:00,127.19,127.4,126.77,126.82,5856.284
2026-01-23 14:00:00,126.84,127.37,125.28,126.15,16935.835
2026-01-23 15:00:00,126.14,128.11,125.54,127.9,14407.93014394
2026-01-23 16:00:00,127.91,129.19,127.47,128.45,17351.413
2026-01-23 17:00:00,128.46,130.2,127.89,128.46,15385.619
2026-01-23 18:00:00,128.45,129.56,128.27,129.05,10643.513
2026-01-23 19:00:00,129.04,129.12,127.79,128.07,13212.531
2026-01-23 20:00:00,128.09,128.25,126.55,126.98,10006.781
2026-01-23 21:00:00,126.96,127.57,126.9,127.15,5010.573
2026-01-23 22:00:00,127.13,127.89,127.11,127.65,4450.42812255
2026-01-23 23:00:00,127.67,127.68,127.27,127.43,3431.361
2026-01-24 00:00:00,127.44,127.74,127.38,127.42,4301.36
2026-01-24 01:00:00,127.41,127.56,127.31,127.53,2210.027
2026-01-24 02:00:00,127.55,127.78,127.5,127.7,2475.01
2026-01-24 03:00:00,127.71,128.12,127.6,127.91,3089.103
2026-01-24 04:00:00,127.92,128.1,127.7,127.83,2238.64
2026-01-24 05:00:00,127.86,127.89,127.65,127.81,1913.252
2026-01-24 06:00:00,127.81,127.83,127.55,127.65,1795.632
2026-01-24 07:00:00,127.66,127.67,127.04,127.15,4866.397
2026-01-24 08:00:00,127.13,127.39,127.01,127.38,1847.811
2026-01-24 09:00:00,127.38,127.38,127.0,127.09,1885.153
2026-01-24 10:00:00,127.1,127.25,126.94,127.18,1570.24699947
2026-01-24 11:00:00,127.19,127.37,127.14,127.18,1587.126
2026-01-24 12:00:00,127.18,127.37,127.12,127.31,2073.495
2026-01-24 13:00:00,127.32,127.32,126.95,126.95,1738.59799781
2026-01-24 14:00:00,126.95,127.26,126.82,127.17,3178.751
2026-01-24 15:00:00,127.17,127.4,126.82,126.84,2693.051
2026-01-24 16:00:00,126.84,127.13,126.65,127.02,6495.86
2026-01-24 17:00:00,127.03,127.28,126.98,127.25,2539.518
2026-01-24 18:00:00,127.26,127.46,127.17,127.39,2294.914
2026-01-24 19:00:00,127.39,127.5,127.25,127.3,2709.759
2026-01-24 20:00:00,127.31,127.5,127.28,127.3,1585.751
2026-01-24 21:00:00,127.3,127.35,127.12,127.15,2970.825
2026-01-24 22:00:00,127.16,127.73,127.16,127.64,3200.667
2026-01-24 23:00:00,127.65,127.76,127.18,127.21,3471.582
2026-01-25 00:00:00,127.22,127.47,126.86,127.34,3817.407
2026-01-25 01:00:00,127.35,127.42,126.95,127.14,2275.677
2026-01-25 02:00:00,127.14,127.42,126.94,127.06,2033.692
2026-01-25 03:00:00,127.06,127.13,126.36,126.65,4304.389
2026-01-25 04:00:00,126.64,127.0,126.54,126.8,3196.184
2026-01-25 05:00:00,126.8,126.97,126.65,126.96,1998.759
2026-01-25 06:00:00,126.96,126.96,126.45,126.73,3318.862
2026-01-25 07:00:00,126.74,126.74,126.39,126.49,3025.932
2026-01-25 08:00:00,126.5,126.82,125.99,126.24,6043.729
2026-01-25 09:00:00,126.24,126.9,126.11,126.71,5841.62399851
2026-01-25 10:00:00,126.72,127.2,126.64,126.98,4366.914
2026-01-25 11:00:00,126.96,126.98,126.57,126.78,3906.192
2026-01-25 12:00:00,126.78,127.07,126.6,127.06,3945.465
2026-01-25 13:00:00,127.07,127.12,126.51,126.98,3600.048
2026-01-25 14:00:00,126.99,126.99,125.69,126.1,5692.073
2026-01-25 15:00:00,126.1,126.32,125.5,125.6,6233.919
2026-01-25 16:00:00,125.6,125.6,122.23,122.79,41251.378
2026-01-25 17:00:00,122.77,122.99,121.61,122.22,13940.63862507
2026-01-25 18:00:00,122.22,122.31,120.75,121.69,19562.33
2026-01-25 19:00:00,121.69,121.86,117.21,117.96,49568.966
2026-01-25 20:00:00,117.96,118.66,117.44,118.33,38292.027
2026-01-25 21:00:00,118.33,118.94,117.65,118.85,21133.11999901
2026-01-25 22:00:00,118.85,118.85,117.91,118.43,9870.09497648
2026-01-25 23:00:00,118.43,119.43,117.55,118.87,15242.528
2026-01-26 00:00:00,118.86,119.8,118.55,119.64,12740.123
2026-01-26 01:00:00,119.65,122.77,119.59,122.41,21720.981
2026-01-26 02:00:00,122.4,122.67,121.31,122.04,9585.7679995
2026-01-26 03:00:00,122.05,122.33,121.11,121.56,9066.105
2026-01-26 04:00:00,121.57,123.58,121.57,122.54,10310.65199911
2026-01-26 05:00:00,122.58,122.9,122.43,122.48,6151.407
2026-01-26 06:00:00,122.47,122.78,122.2,122.48,7095.07307267
2026-01-26 07:00:00,122.49,123.0,122.24,122.89,8790.934
2026-01-26 08:00:00,122.91,123.58,122.29,122.69,10784.39416381
2026-01-26 09:00:00,122.7,122.74,121.8,121.93,7819.135
2026-01-26 10:00:00,121.94,122.7,121.93,122.45,6290.542
2026-01-26 11:00:00,122.46,122.69,122.41,122.51,4231.722
2026-01-26 12:00:00,122.51,122.97,122.38,122.68,5499.339
2026-01-26 13:00:00,122.68,123.28,122.55,123.17,10004.826
2026-01-26 14:00:00,123.17,124.25,122.67,123.8,23597.64219552
2026-01-26 15:00:00,123.78,125.18,123.07,123.51,22375.16568191
2026-01-26 16:00:00,123.53,124.86,123.19,124.29,15035.26451023
2026-01-26 17:00:00,124.31,124.67,123.05,124.3,11270.862
2026-01-26 18:00:00,124.28,125.59,123.97,124.9,14028.793
2026-01-26 19:00:00,124.9,125.13,124.18,124.32,8296.31701839
2026-01-26 20:00:00,124.32,124.46,123.44,123.69,8719.06
2026-01-26 21:00:00,123.7,124.81,123.54,124.52,10120.902
2026-01-26 22:00:00,124.52,124.88,124.26,124.54,5569.699
2026-01-26 23:00:00,124.54,124.85,124.15,124.23,6051.462
2026-01-27 00:00:00,124.24,124.43,123.89,124.1,3618.429
2026-01-27 01:00:00,124.09,124.57,123.76,124.34,7618.613
2026-01-27 02:00:00,124.35,125.12,124.34,125.06,10491.34097605
2026-01-27 03:00:00,125.04,125.18,124.42,124.51,6812.069
2026-01-27 04:00:00,124.52,125.16,124.29,124.45,6878.991
2026-01-27 05:00:00,124.45,124.52,124.17,124.48,6847.678
2026-01-27 06:00:00,124.48,124.75,124.02,124.22,6775.46599913
2026-01-27 07:00:00,124.22,124.66,124.11,124.53,5786.029
2026-01-27 08:00:00,124.52,124.8,124.06,124.09,6265.837
2026-01-27 09:00:00,124.1,124.1,123.59,123.74,6712.917
2026-01-27 10:00:00,123.75,124.15,123.69,123.7,5987.021
2026-01-27 11:00:00,123.71,124.28,123.62,124.13,4213.948
2026-01-27 12:00:00,124.13,124.34,123.85,123.9,4328.078
2026-01-27 13:00:00,123.9,123.93,123.14,123.21,4767.658
2026-01-27 14:00:00,123.21,124.5,123.19,123.64,14405.57399961
2026-01-27 15:00:00,123.65,125.03,123.47,125.02,13370.90799083
2026-01-27 16:00:00,125.02,126.78,125.0,126.31,23098.78991111
2026-01-27 17:00:00,126.31,126.33,123.56,124.04,19008.60895048
2026-01-27 18:00:00,124.05,126.28,123.84,125.8,17147.9959604
2026-01-27 19:00:00,125.81,126.26,125.42,125.84,11691.308
2026-01-27 20:00:00,125.83,127.51,125.74,127.37,16152.64
2026-01-27 21:00:00,127.37,127.83,126.92,127.05,12727.05031419
2026-01-27 22:00:00,127.06,127.8,127.0,127.61,7899.335
2026-01-27 23:00:00,127.62,127.65,127.11,127.19,7245.521
2026-01-28 00:00:00,127.19,127.29,126.64,127.25,5981.345
2026-01-28 01:00:00,127.25,127.51,126.72,127.09,7394.586
2026-01-28 02:00:00,127.09,127.38,126.71,127.06,6446.765
2026-01-28 03:00:00,127.07,127.23,126.71,126.95,6398.002
2026-01-28 04:00:00,126.95,127.04,126.48,126.8,7325.97087007
2026-01-28 05:00:00,126.83,126.97,126.45,126.75,6076.008
2026-01-28 06:00:00,126.76,127.52,126.76,127.39,7597.378
2026-01-28 07:00:00,127.4,127.53,126.95,127.06,6153.28
2026-01-28 08:00:00,127.07,127.27,126.65,126.67,6763.134
2026-01-28 09:00:00,126.68,127.6,125.99,127.56,10623.005
2026-01-28 10:00:00,127.59,128.09,127.29,127.31,9637.338
2026-01-28 11:00:00,127.31,128.32,127.17,128.16,9915.399
2026-01-28 12:00:00,128.16,128.21,127.05,127.24,10715.423
2026-01-28 13:00:00,127.24,127.83,126.87,127.33,10927.026
2026-01-28 14:00:00,127.33,127.34,126.49,126.85,11696.197
2026-01-28 15:00:00,126.86,127.13,125.52,126.06,10500.583
2026-01-28 16:00:00,126.07,126.63,125.59,126.09,10533.244
2026-01-28 17:00:00,126.09,127.02,125.3,126.52,11334.016
2026-01-28 18:00:00,126.52,126.53,125.7,126.08,10021.36979188
2026-01-28 19:00:00,126.08,126.69,125.33,126.05,12073.529
2026-01-28 20:00:00,126.0,126.66,125.35,125.4,10173.897
2026-01-28 21:00:00,125.44,125.84,124.8,125.45,9888.696
2026-01-28 22:00:00,125.48,125.85,125.17,125.72,5251.846
2026-01-28 23:00:00,125.73,125.76,125.08,125.35,6662.141
2026-01-29 00:00:00,125.35,125.5,124.57,125.13,6909.638
2026-01-29 01:00:00,125.12,125.23,124.12,124.34,7551.999
2026-01-29 02:00:00,124.34,124.8,123.16,123.52,12508.24
2026-01-29 03:00:00,123.53,123.77,122.7,123.08,9585.061
2026-01-29 04:00:00,123.08,123.52,122.5,123.42,4707.883
2026-01-29 05:00:00,123.43,123.81,123.16,123.25,3434.553
2026-01-29 06:00:00,123.26,123.71,123.11,123.69,2967.543
2026-01-29 07:00:00,123.69,123.98,123.66,123.77,3226.214
2026-01-29 08:00:00,123.79,123.92,123.19,123.3,5044.035
2026-01-29 09:00:00,123.3,123.37,122.99,123.04,3874.016
2026-01-29 10:00:00,123.04,123.29,122.92,123.22,2867.93388686
2026-01-29 11:00:00,123.23,123.27,122.69,122.79,5477.271
2026-01-29 12:00:00,122.78,123.18,122.46,122.86,5545.31599561
2026-01-29 13:00:00,122.86,123.15,122.7,122.9,3662.499
2026-01-29 14:00:00,122.92,123.09,120.36,120.36,18861.556
2026-01-29 15:00:00,120.36,120.43,116.14,117.69,60708.10908643
2026-01-29 16:00:00,117.7,119.0,116.83,119.0,26910.468
2026-01-29 17:00:00,118.99,119.97,117.73,117.91,17673.411
2026-01-29 18:00:00,117.96,118.18,115.43,115.8,33915.8872
2026-01-29 19:00:00,115.78,117.22,115.46,116.84,14344.452
2026-01-29 20:00:00,116.84,117.47,116.57,116.96,8801.816
2026-01-29 21:00:00,116.97,117.74,116.94,117.48,8193.675
2026-01-29 22:00:00,117.48,117.83,117.34,117.6,4335.961
2026-01-29 23:00:00,117.6,117.94,117.32,117.83,4512.683
2026-01-30 00:00:00,117.83,118.15,117.53,117.66,5536.924
2026-01-30 01:00:00,117.67,117.91,112.02,115.22,47152.79208097
2026-01-30 02:00:00,115.22,115.38,112.8,114.1,19823.309
2026-01-30 03:00:00,114.14,114.66,113.55,114.46,8878.045
2026-01-30 04:00:00,114.45,115.81,114.3,115.57,8065.527
2026-01-30 05:00:00,115.58,116.1,115.45,115.53,10099.323
2026-01-30 06:00:00,115.54,115.54,113.04,113.88,22883.353
2026-01-30 07:00:00,113.88,116.13,113.88,115.8,10840.858
2026-01-30 08:00:00,115.81,116.18,115.18,115.39,6933.70299955
2026-01-30 09:00:00,115.39,116.04,114.69,115.39,11173.916
2026-01-30 10:00:00,115.38,116.01,115.1,115.91,8678.4785305
2026-01-30 11:00:00,115.91,117.26,115.78,117.08,8190.715
2026-01-30 12:00:00,117.09,117.32,115.97,116.28,9511.964
2026-01-30 13:00:00,116.28,116.41,115.22,115.8,13640.963
2026-01-30 14:00:00,115.79,117.63,115.79,116.34,16877.16567112
2026-01-30 15:00:00,116.35,117.13,114.58,116.81,16030.66199803
2026-01-30 16:00:00,116.8,117.98,116.23,117.11,17030.983
2026-01-30 17:00:00,117.15,117.76,116.56,116.64,13062.46927373
2026-01-30 18:00:00,116.64,118.6,114.36,118.1,25169.03838046
2026-01-30 19:00:00,118.13,119.11,118.13,118.28,21776.554
2026-01-30 20:00:00,118.29,118.43,116.52,117.0,21103.098
2026-01-30 21:00:00,117.01,118.0,116.88,117.39,10166.583
2026-01-30 22:00:00,117.41,117.54,116.58,117.39,8919.877
2026-01-30 23:00:00,117.38,117.62,116.9,117.6,4043.101
2026-01-31 00:00:00,117.61,117.98,117.4,117.55,5828.514
2026-01-31 01:00:00,117.55,118.36,117.54,118.16,6297.58699954
2026-01-31 02:00:00,118.17,118.55,117.62,118.31,6471.951
2026-01-31 03:00:00,118.32,118.64,118.19,118.39,3757.088
2026-01-31 04:00:00,118.4,118.85,118.29,118.43,3914.009
2026-01-31 05:00:00,118.44,118.77,118.03,118.63,5794.607
2026-01-31 06:00:00,118.63,118.81,117.91,118.54,8889.361
2026-01-31 07:00:00,118.54,118.6,117.23,117.36,9072.593
2026-01-31 08:00:00,117.37,117.53,114.24,115.62,42253.585
2026-01-31 09:00:00,115.62,116.82,115.41,116.36,8299.183
2026-01-31 10:00:00,116.39,116.93,116.07,116.78,5076.859
2026-01-31 11:00:00,116.79,116.79,115.99,116.04,5597.97388555
2026-01-31 12:00:00,116.06,116.18,115.04,115.19,10618.88050364
2026-01-31 13:00:00,115.19,115.23,113.65,114.18,15800.754
2026-01-31 14:00:00,114.16,114.43,108.25,109.13,73488.60662522
2026-01-31 15:00:00,109.12,110.19,108.41,108.64,21520.18
2026-01-31 16:00:00,108.66,109.81,105.64,106.29,39767.4557
2026-01-31 17:00:00,106.27,106.71,100.31,103.31,82519.14920195
2026-01-31 18:00:00,103.31,103.87,96.45,101.93,109628.2638
2026-01-31 19:00:00,101.94,103.49,101.52,101.75,33902.0526531
2026-01-31 20:00:00,101.78,102.56,100.41,102.03,22651.999
2026-01-31 21:00:00,101.98,103.8,101.34,103.5,34509.165
2026-01-31 22:00:00,103.57,104.39,103.34,104.12,17089.093
2026-01-31 23:00:00,104.1,106.55,103.88,105.58,22923.487
2026-02-01 00:00:00,105.58,106.41,105.34,105.68,17321.513
2026-02-01 01:00:00,105.67,105.79,104.24,104.98,14626.816
2026-02-01 02:00:00,104.99,105.96,104.79,105.59,11119.271
2026-02-01 03:00:00,105.56,105.67,104.55,104.98,8227.065
2026-02-01 04:00:00,104.99,105.5,104.8,105.19,7595.929
2026-02-01 05:00:00,105.21,105.68,104.5,104.68,7999.162
2026-02-01 06:00:00,104.69,105.43,104.54,105.09,7269.2168407
2026-02-01 07:00:00,105.08,106.03,103.97,105.2,11479.38963005
2026-02-01 08:00:00,105.2,106.05,104.82,105.54,9688.019
2026-02-01 09:00:00,105.54,105.93,104.98,105.79,7670.396
2026-02-01 10:00:00,105.8,105.85,103.61,103.76,13650.501
2026-02-01 11:00:00,103.76,105.38,103.76,105.06,9108.884
2026-02-01 12:00:00,105.06,105.18,104.13,105.07,14155.55
2026-02-01 13:00:00,105.05,106.67,104.09,104.44,16937.601
2026-02-01 14:00:00,104.44,104.8,101.76,102.93,39497.64441225
2026-02-01 15:00:00,102.95,102.95,100.22,101.68,26442.071
2026-02-01 16:00:00,101.7,102.88,100.94,101.73,18571.434
2026-02-01 17:00:00,101.74,102.49,101.13,102.44,11482.5818885
2026-02-01 18:00:00,102.44,104.23,102.44,103.47,19757.59
2026-02-01 19:00:00,103.45,103.76,101.55,101.94,12061.946
2026-02-01 20:00:00,101.94,102.85,100.2,101.58,16134.121
2026-02-01 21:00:00,101.58,101.7,100.15,100.85,16876.033
2026-02-01 22:00:00,100.86,102.87,100.84,101.79,16430.493
2026-02-01 23:00:00,101.79,102.04,98.03,100.77,36922.87498329
2026-02-02 00:00:00,100.79,102.9,99.66,102.29,23677.336
2026-02-02 01:00:00,102.29,103.13,100.43,102.11,15752.66899976
2026-02-02 02:00:00,102.1,102.71,100.58,100.77,13783.352
2026-02-02 03:00:00,100.75,100.88,95.96,100.03,54497.6067
2026-02-02 04:00:00,100.09,101.78,98.66,100.27,21372.11
2026-02-02 05:00:00,100.31,100.45,97.66,98.31,21878.883
2026-02-02 06:00:00,98.3,101.38,97.09,100.7,40780.03199844
2026-02-02 07:00:00,100.68,102.43,100.49,101.42,24379.328
2026-02-02 08:00:00,101.44,102.47,101.39,101.7,17960.71599844
2026-02-02 09:00:00,101.74,103.17,101.42,102.77,21111.15799497
2026-02-02 10:00:00,102.79,103.44,102.61,102.88,16626.031
2026-02-02 11:00:00,102.89,103.42,102.67,102.77,15975.916
2026-02-02 12:00:00,102.78,103.75,102.78,103.3,17436.554
2026-02-02 13:00:00,103.29,103.69,102.84,103.34,15418.71576838
2026-02-02 14:00:00,103.33,105.15,102.4,103.97,34785.83699881
2026-02-02 15:00:00,103.95,106.1,103.57,104.7,24567.58097745
2026-02-02 16:00:00,104.7,105.75,104.29,105.01,15107.79551874
2026-02-02 17:00:00,105.01,105.58,104.47,104.81,9637.80751054
2026-02-02 18:00:00,104.81,105.02,103.89,104.74,9406.43498845
2026-02-02 19:00:00,104.74,104.84,103.53,103.9,15165.8887
2026-02-02 20:00:00,103.89,104.25,103.32,103.84,10558.927
2026-02-02 21:00:00,103.85,104.98,103.81,104.84,7684.345
2026-02-02 22:00:00,104.84,105.2,104.58,105.0,7321.481
2026-02-02 23:00:00,105.05,105.06,104.42,104.52,5254.878
2026-02-03 00:00:00,104.54,104.67,103.72,104.19,11357.25
2026-02-03 01:00:00,104.19,104.38,103.5,104.38,20630.354
2026-02-03 02:00:00,104.39,104.4,102.36,102.43,11211.01197452
2026-02-03 03:00:00,102.43,104.42,102.2,104.15,11390.665
2026-02-03 04:00:00,104.17,105.09,103.87,104.68,8951.00695683
2026-02-03 05:00:00,104.69,104.73,103.67,103.72,6325.403
2026-02-03 06:00:00,103.72,104.07,102.96,103.98,9477.754
2026-02-03 07:00:00,103.98,104.9,103.76,104.7,8678.673
2026-02-03 08:00:00,104.69,105.02,104.09,104.14,9933.078
2026-02-03 09:00:00,104.13,104.2,102.55,103.15,12660.987
2026-02-03 10:00:00,103.15,103.32,102.52,102.94,6764.903
2026-02-03 11:00:00,102.91,103.41,102.85,103.01,6429.514
2026-02-03 12:00:00,103.02,103.36,102.54,103.13,10135.428
2026-02-03 13:00:00,103.14,103.58,102.78,103.43,9182.962
2026-02-03 14:00:00,103.43,103.63,100.76,100.87,22121.388
2026-02-03 15:00:00,100.85,102.76,100.42,102.56,30392.366
2026-02-03 16:00:00,102.56,102.56,99.94,100.73,25001.34
2026-02-03 17:00:00,100.73,100.96,99.03,99.09,33012.47499968
2026-02-03 18:00:00,99.11,99.42,96.67,96.83,43033.8754047
2026-02-03 19:00:00,96.82,100.09,96.7,99.02,33962.81404
2026-02-03 20:00:00,99.0,102.07,98.32,101.15,33197.361
2026-02-03 21:00:00,101.14,101.82,100.01,100.19,15048.757
2026-02-03 22:00:00,100.22,100.29,98.12,98.49,12059.466
2026-02-03 23:00:00,98.48,98.6,97.23,97.88,15278.443
2026-02-04 00:00:00,97.89,98.79,97.19,97.97,13518.62399733
2026-02-04 01:00:00,97.99,99.66,97.99,99.12,20137.164
2026-02-04 02:00:00,99.11,99.18,97.42,97.94,14097.874
2026-02-04 03:00:00,97.94,99.61,97.91,99.1,16685.75498877
2026-02-04 04:00:00,99.11,99.37,98.06,98.09,7086.704
2026-02-04 05:00:00,98.1,98.44,96.48,97.02,20095.194
2026-02-04 06:00:00,97.01,98.78,96.79,98.25,12852.886
2026-02-04 07:00:00,98.25,98.25,97.43,97.92,10743.855
2026-02-04 08:00:00,97.92,97.95,96.8,97.73,11391.30240042
2026-02-04 09:00:00,97.72,97.78,96.78,97.14,15687.212
2026-02-04 10:00:00,97.15,97.29,96.77,97.03,14415.798
2026-02-04 11:00:00,97.06,97.07,94.72,96.11,50472.0504
2026-02-04 12:00:00,96.12,96.73,95.86,96.5,13227.81098155
2026-02-04 13:00:00,96.47,96.47,94.19,94.42,26518.1335
2026-02-04 14:00:00,94.38,95.03,92.97,93.12,39957.6121
2026-02-04 15:00:00,93.12,94.2,91.33,92.78,51113.8411
2026-02-04 16:00:00,92.81,93.13,90.98,91.99,52005.9074
2026-02-04 17:00:00,91.99,92.62,90.02,91.44,44998.07771311
2026-02-04 18:00:00,91.44,93.28,90.35,92.3,46678.771
2026-02-04 19:00:00,92.3,94.71,92.27,94.37,41747.627
2026-02-04 20:00:00,94.38,94.51,93.01,93.24,24746.957
2026-02-04 21:00:00,93.23,93.37,90.73,91.33,36660.129
2026-02-04 22:00:00,91.34,92.89,89.33,90.84,49383.6877
2026-02-04 23:00:00,90.82,92.93,90.25,92.13,28092.1049763
2026-02-05 00:00:00,92.11,92.76,91.39,91.77,19577.8479802
2026-02-05 01:00:00,91.78,92.89,90.54,91.92,29705.02592012
2026-02-05 02:00:00,91.96,92.71,90.72,90.9,29646.756
2026-02-05 03:00:00,90.92,91.68,90.26,91.15,28594.605
2026-02-05 04:00:00,91.15,91.92,90.33,91.13,33553.19
2026-02-05 05:00:00,91.13,92.14,89.92,91.16,38209.94199165
2026-02-05 06:00:00,91.17,91.24,89.7,90.22,28336.637
2026-02-05 07:00:00,90.21,91.65,90.16,90.52,33177.685
2026-02-05 08:00:00,90.54,92.45,90.54,91.77,23858.461
2026-02-05 09:00:00,91.78,93.41,91.74,92.5,25031.337
2026-02-05 10:00:00,92.51,92.63,89.68,90.3,21913.95018982
2026-02-05 11:00:00,90.29,90.8,88.68,89.98,39088.92
2026-02-05 12:00:00,89.98,90.75,88.7,89.52,35457.910591
2026-02-05 13:00:00,89.5,90.05,88.2,88.48,26025.3315
2026-02-05 14:00:00,88.47,91.43,88.32,88.59,36301.366
2026-02-05 15:00:00,88.6,88.98,83.48,84.61,87535.67088651
2026-02-05 16:00:00,84.61,86.2,83.7,85.54,52322.02908252
2026-02-05 17:00:00,85.55,85.71,82.45,82.69,49691.61087326
2026-02-05 18:00:00,82.72,83.35,81.22,82.96,49986.8049
2026-02-05 19:00:00,82.96,83.31,81.42,81.67,34281.269
2026-02-05 20:00:00,81.68,82.29,77.69,78.83,89384.3031
2026-02-05 21:00:00,78.85,81.24,78.39,79.03,49068.09
2026-02-05 22:00:00,79.03,80.68,77.59,79.8,49597.89046525
2026-02-05 23:00:00,79.81,81.62,78.1,78.35,40832.088
2026-02-06 00:00:00,78.35,78.78,67.53,75.53,294398.18160318
2026-02-06 01:00:00,75.54,79.76,75.5,79.53,59162.71243377
2026-02-06 02:00:00,79.6,80.29,76.39,76.94,50459.064
2026-02-06 03:00:00,76.94,77.39,75.73,76.71,30181.8354652
2026-02-06 04:00:00,76.71,78.02,76.23,77.79,31025.27981862
2026-02-06 05:00:00,77.74,81.63,77.6,81.13,33650.001
2026-02-06 06:00:00,81.15,81.6,79.4,79.5,34211.46487343
2026-02-06 07:00:00,79.5,80.62,78.77,79.58,31942.63153239
2026-02-06 08:00:00,79.6,80.22,78.67,79.07,29206.062
2026-02-06 09:00:00,79.06,81.68,78.96,81.33,29285.411
2026-02-06 10:00:00,81.33,82.05,80.75,80.83,28533.33799968
2026-02-06 11:00:00,80.81,81.73,80.46,81.36,25866.06495953
2026-02-06 12:00:00,81.36,81.96,80.86,81.89,22479.746
2026-02-06 13:00:00,81.89,83.83,81.72,83.12,37025.816
2026-02-06 14:00:00,83.12,85.19,81.92,84.15,52267.831
2026-02-06 15:00:00,84.17,85.04,83.41,84.49,39175.7119075
2026-02-06 16:00:00,84.48,87.21,83.7,86.72,49558.573
2026-02-06 17:00:00,86.74,88.71,86.19,86.73,48436.63
2026-02-06 18:00:00,86.73,86.86,85.25,86.16,32214.77035658
2026-02-06 19:00:00,86.19,87.46,85.57,87.08,36963.177
2026-02-06 20:00:00,87.09,87.97,86.63,86.92,27975.78599634
2026-02-06 21:00:00,86.93,88.19,86.61,88.06,23665.957
2026-02-06 22:00:00,88.06,89.83,87.95,89.2,26584.52497825
2026-02-06 23:00:00,89.18,89.6,87.4,87.46,23063.73
2026-02-07 00:00:00,87.45,87.48,86.14,86.57,28933.643
2026-02-07 01:00:00,86.56,87.48,85.92,87.14,21177.087
2026-02-07 02:00:00,87.12,87.6,86.82,87.35,14015.565
2026-02-07 03:00:00,87.34,88.39,87.25,88.11,18663.82
2026-02-07 04:00:00,88.09,89.04,87.32,87.74,22130.645
2026-02-07 05:00:00,87.74,88.64,87.57,87.8,19829.503
2026-02-07 06:00:00,87.8,88.23,86.24,86.25,21603.008
2026-02-07 07:00:00,86.26,86.64,84.18,85.3,40552.484
2026-02-07 08:00:00,85.29,85.71,84.76,85.35,33551.388
2026-02-07 09:00:00,85.37,85.72,84.82,85.25,22106.56
2026-02-07 10:00:00,85.24,85.47,84.51,85.0,15135.093
2026-02-07 11:00:00,84.99,85.19,84.59,84.91,15934.859
2026-02-07 12:00:00,84.9,87.19,84.85,86.25,35955.229
2026-02-07 13:00:00,86.27,86.63,85.57,86.06,17089.529
2026-02-07 14:00:00,86.14,86.59,85.51,85.76,15174.94609696
2026-02-07 15:00:00,85.77,87.0,85.67,86.55,26489.345
2026-02-07 16:00:00,86.57,88.13,86.2,87.09,140783.205
2026-02-07 17:00:00,87.06,87.69,86.49,87.63,16353.385
2026-02-07 18:00:00,87.64,89.19,87.46,88.71,21839.326
2026-02-07 19:00:00,88.72,88.78,88.04,88.3,18053.939
2026-02-07 20:00:00,88.3,89.2,88.03,88.9,20375.266
2026-02-07 21:00:00,88.92,89.17,88.11,88.22,16532.503
2026-02-07 22:00:00,88.22,88.75,88.16,88.25,12471.701
2026-02-07 23:00:00,88.27,88.34,86.88,87.58,15792.691
2026-02-08 00:00:00,87.59,87.68,87.12,87.35,13946.84
2026-02-08 01:00:00,87.36,88.0,87.33,87.88,10025.721
2026-02-08 02:00:00,87.89,88.22,86.96,87.27,12656.608
2026-02-08 03:00:00,87.27,87.53,86.71,86.8,10410.801
2026-02-08 04:00:00,86.81,87.41,86.63,87.41,10683.378
2026-02-08 05:00:00,87.42,87.55,87.07,87.28,6638.324
2026-02-08 06:00:00,87.29,87.5,86.95,87.14,8979.616
2026-02-08 07:00:00,87.16,87.41,86.7,87.41,10533.35
2026-02-08 08:00:00,87.41,88.82,86.95,88.64,21048.824
2026-02-08 09:00:00,88.67,88.98,87.56,87.61,15197.873
2026-02-08 10:00:00,87.61,88.11,86.44,86.88,16963.398
2026-02-08 11:00:00,86.89,88.31,86.77,88.26,20134.40752406
2026-02-08 12:00:00,88.26,88.37,87.72,88.18,24234.873
2026-02-08 13:00:00,88.17,88.88,87.79,88.6,23761.181
2026-02-08 14:00:00,88.61,88.75,88.05,88.46,31281.92494184
2026-02-08 15:00:00,88.44,88.76,87.37,87.76,19836.515
2026-02-08 16:00:00,87.77,87.89,85.77,86.23,22541.162
2026-02-08 17:00:00,86.22,87.11,86.19,86.97,15764.40108061
2026-02-08 18:00:00,86.97,88.61,86.95,87.85,15841.424
2026-02-08 19:00:00,87.86,88.58,87.82,88.41,13549.50627822
2026-02-08 20:00:00,88.41,88.42,86.77,86.88,13266.013
2026-02-08 21:00:00,86.89,87.33,86.24,86.61,16073.457
2026-02-08 22:00:00,86.62,87.25,86.43,87.12,11848.865
2026-02-08 23:00:00,87.13,89.04,86.04,86.99,36443.356
2026-02-09 00:00:00,86.98,87.44,86.39,87.07,19389.759
2026-02-09 01:00:00,87.07,87.98,85.82,86.41,26037.925
2026-02-09 02:00:00,86.41,87.83,86.2,87.01,20625.203
2026-02-09 03:00:00,87.02,87.92,86.85,87.7,14043.069
2026-02-09 04:00:00,87.67,87.71,86.98,87.12,11238.74670868
2026-02-09 05:00:00,87.11,87.44,86.89,87.27,10532.613
2026-02-09 06:00:00,87.25,87.25,85.97,86.45,12820.867
2026-02-09 07:00:00,86.44,86.57,85.21,85.49,18119.805
2026-02-09 08:00:00,85.5,85.62,83.86,84.58,24777.638
2026-02-09 09:00:00,84.57,84.9,83.97,84.31,20889.033
2026-02-09 10:00:00,84.3,84.46,82.88,83.23,21063.497
2026-02-09 11:00:00,83.23,83.7,83.22,83.43,16624.072
2026-02-09 12:00:00,83.48,84.38,83.43,84.04,14435.564
2026-02-09 13:00:00,84.04,84.61,83.76,83.78,12949.215
2026-02-09 14:00:00,83.76,85.24,83.57,84.97,24863.395
2026-02-09 15:00:00,84.95,85.79,84.32,85.29,23978.905
2026-02-09 16:00:00,85.28,86.87,84.8,86.12,19991.431
2026-02-09 17:00:00,86.11,88.08,85.67,87.79,29580.303
2026-02-09 18:00:00,87.78,88.7,87.06,87.48,26917.09
2026-02-09 19:00:00,87.5,88.23,87.15,87.98,18808.41977205
2026-02-09 20:00:00,87.97,88.32,87.22,87.77,18010.988
2026-02-09 21:00:00,87.77,87.9,86.54,87.35,17053.422
2026-02-09 22:00:00,87.34,87.58,86.97,87.11,13699.355
2026-02-09 23:00:00,87.09,87.4,86.65,86.76,11688.165
2026-02-10 00:00:00,86.78,86.92,86.31,86.4,12056.957
2026-02-10 01:00:00,86.41,87.48,86.39,87.26,12759.95
2026-02-10 02:00:00,87.27,87.31,86.43,86.66,10207.616
2026-02-10 03:00:00,86.66,86.84,85.28,85.86,20149.65
2026-02-10 04:00:00,85.86,86.66,85.8,86.55,9482.305
2026-02-10 05:00:00,86.56,86.58,85.62,85.95,11318.773
2026-02-10 06:00:00,85.91,86.03,84.33,84.59,23236.48799887
2026-02-10 07:00:00,84.6,85.13,84.43,84.63,13983.992
2026-02-10 08:00:00,84.64,84.87,84.19,84.66,15455.433
2026-02-10 09:00:00,84.65,85.09,84.31,84.56,11034.922
2026-02-10 10:00:00,84.58,84.74,84.21,84.23,8717.968
2026-02-10 11:00:00,84.23,84.6,83.77,83.84,12190.195
2026-02-10 12:00:00,83.84,84.36,83.7,83.96,15410.317
2026-02-10 13:00:00,83.96,84.78,83.7,84.67,18308.287
2026-02-10 14:00:00,84.67,85.23,83.22,83.73,26208.027
2026-02-10 15:00:00,83.72,84.52,83.45,84.28,26384.841
2026-02-10 16:00:00,84.3,84.93,83.79,84.46,18351.348
2026-02-10 17:00:00,84.45,85.13,84.21,84.89,13442.725
2026-02-10 18:00:00,84.91,84.98,82.74,82.94,21655.003
2026-02-10 19:00:00,82.94,83.5,82.45,83.11,16756.941
2026-02-10 20:00:00,83.09,83.22,82.3,82.63,14187.875
2026-02-10 21:00:00,82.62,82.93,81.91,82.46,12295.561
2026-02-10 22:00:00,82.48,82.96,82.37,82.61,11059.911
2026-02-10 23:00:00,82.59,82.99,82.35,82.99,9464.108
2026-02-11 00:00:00,83.0,83.71,82.94,83.47,15599.093
2026-02-11 01:00:00,83.47,83.78,83.2,83.76,6761.956
2026-02-11 02:00:00,83.76,84.38,83.54,83.54,17670.13
2026-02-11 03:00:00,83.54,83.84,82.6,83.33,14905.635
2026-02-11 04:00:00,83.34,83.52,81.72,81.97,21485.791
2026-02-11 05:00:00,81.98,82.39,81.74,81.9,11763.172
2026-02-11 06:00:00,81.91,81.97,80.6,80.86,28634.985
2026-02-11 07:00:00,80.86,81.36,80.3,81.02,15566.12998641
2026-02-11 08:00:00,81.02,81.19,80.56,81.09,16592.727
2026-02-11 09:00:00,81.09,81.28,80.68,80.8,14781.693
2026-02-11 10:00:00,80.81,80.99,80.4,80.7,15320.394
2026-02-11 11:00:00,80.69,81.47,80.66,81.27,18157.737
2026-02-11 12:00:00,81.26,81.47,80.96,81.17,17417.667
2026-02-11 13:00:00,81.18,81.81,80.64,81.63,23810.417
2026-02-11 14:00:00,81.65,83.19,79.79,79.94,44589.73
2026-02-11 15:00:00,79.97,80.32,78.58,79.72,37761.15625773
2026-02-11 16:00:00,79.71,80.93,78.72,78.74,32093.443
2026-02-11 17:00:00,78.74,80.03,78.0,79.01,43184.983
2026-02-11 18:00:00,79.01,79.98,78.54,79.81,16862.115
2026-02-11 19:00:00,79.81,80.36,79.33,79.73,19915.89568632
2026-02-11 20:00:00,79.72,80.0,78.97,79.62,16516.14
2026-02-11 21:00:00,79.65,81.11,79.65,80.16,23683.752
2026-02-11 22:00:00,80.16,80.23,79.46,79.5,16064.778
2026-02-11 23:00:00,79.5,79.73,78.83,79.3,21101.616
2026-02-12 00:00:00,79.31,80.23,79.28,79.99,13911.132
2026-02-12 01:00:00,80.0,80.78,80.0,80.43,23187.357
2026-02-12 02:00:00,80.43,80.73,79.95,80.31,12135.81106441
2026-02-12 03:00:00,80.32,80.66,80.08,80.64,9712.682
2026-02-12 04:00:00,80.64,80.97,80.3,80.32,13294.04766024
2026-02-12 05:00:00,80.33,80.6,79.51,80.58,17874.327
2026-02-12 06:00:00,80.59,81.0,80.37,80.54,11676.49
2026-02-12 07:00:00,80.58,80.91,80.29,80.78,9643.858
2026-02-12 08:00:00,80.77,80.92,80.33,80.76,10288.194
2026-02-12 09:00:00,80.77,81.9,80.57,81.8,17018.45692017
2026-02-12 10:00:00,81.79,82.23,81.36,82.18,17209.35211823
2026-02-12 11:00:00,82.18,82.24,81.7,81.85,14862.53
2026-02-12 12:00:00,81.86,81.95,80.85,81.08,12049.495
2026-02-12 13:00:00,81.09,82.12,80.71,81.95,21671.517
2026-02-12 14:00:00,81.95,81.99,81.02,81.16,18567.859
2026-02-12 15:00:00,81.15,81.52,80.06,80.12,28060.462
2026-02-12 16:00:00,80.14,80.21,78.19,78.3,33561.396
2026-02-12 17:00:00,78.3,78.67,77.53,77.91,31744.822
2026-02-12 18:00:00,77.91,78.46,77.19,77.61,23288.455
2026-02-12 19:00:00,77.61,78.61,77.04,77.62,22752.414
2026-02-12 20:00:00,77.63,77.92,76.6,76.91,20982.704
2026-02-12 21:00:00,76.93,77.55,76.93,77.34,12615.764
2026-02-12 22:00:00,77.32,78.11,76.98,78.08,15628.91928883
2026-02-12 23:00:00,78.12,78.51,77.83,78.39,15107.185
2026-02-13 00:00:00,78.4,78.73,77.54,78.03,16965.58
2026-02-13 01:00:00,78.03,78.83,78.03,78.56,15041.854
2026-02-13 02:00:00,78.61,79.32,78.46,79.14,12897.881
2026-02-13 03:00:00,79.16,79.47,78.83,79.03,12061.416
2026-02-13 04:00:00,79.06,79.27,78.47,78.51,10125.528
2026-02-13 05:00:00,78.54,78.75,78.17,78.29,10158.697
2026-02-13 06:00:00,78.29,78.66,77.86,78.62,11148.237
2026-02-13 07:00:00,78.63,79.24,78.54,78.99,10738.413959
2026-02-13 08:00:00,78.99,79.91,78.86,79.71,10259.556
2026-02-13 09:00:00,79.73,79.97,79.43,79.89,9670.982
2026-02-13 10:00:00,79.89,80.62,79.78,80.36,15793.114
2026-02-13 11:00:00,80.37,80.4,79.79,80.32,14455.43
2026-02-13 12:00:00,80.31,80.31,79.87,79.96,10070.937
2026-02-13 13:00:00,79.97,80.88,79.74,80.29,23017.012
2026-02-13 14:00:00,80.29,81.94,79.86,81.31,31191.41450211
2026-02-13 15:00:00,81.34,84.33,81.1,83.21,42740.792
2026-02-13 16:00:00,83.2,85.0,82.94,84.21,33435.739
2026-02-13 17:00:00,84.22,84.72,83.56,84.33,18351.421
2026-02-13 18:00:00,84.36,85.59,84.12,85.38,26257.754
2026-02-13 19:00:00,85.38,85.61,84.54,84.63,18265.79899667
2026-02-13 20:00:00,84.65,85.04,84.16,84.77,18376.67599486
2026-02-13 21:00:00,84.77,85.17,84.57,84.85,11884.03490795
2026-02-13 22:00:00,84.85,84.92,84.46,84.63,15546.993
2026-02-13 23:00:00,84.65,84.65,84.11,84.31,9846.49399275
2026-02-14 00:00:00,84.32,85.08,84.21,84.96,12220.829
2026-02-14 01:00:00,84.94,85.2,84.8,85.0,7630.457
2026-02-14 02:00:00,85.0,85.01,84.61,84.89,5360.994
2026-02-14 03:00:00,84.89,85.3,84.82,85.07,5314.542
2026-02-14 04:00:00,85.06,85.09,84.8,84.81,5195.73899874
2026-02-14 05:00:00,84.82,85.02,84.61,84.62,6947.246
2026-02-14 06:00:00,84.61,84.92,84.33,84.85,6048.42222052
2026-02-14 07:00:00,84.86,85.26,84.76,85.18,7405.9269581975295
2026-02-14 08:00:00,85.18,86.41,85.17,86.2,18554.449
2026-02-14 09:00:00,86.21,86.36,85.87,86.03,11038.209
2026-02-14 10:00:00,86.01,86.01,85.74,85.84,5887.608
2026-02-14 11:00:00,85.85,87.32,85.83,87.3,26397.703
2026-02-14 12:00:00,87.3,87.31,86.27,86.44,23411.673
2026-02-14 13:00:00,86.43,86.91,86.05,86.46,33950.458
2026-02-14 14:00:00,86.46,87.51,86.38,87.25,18532.569
2026-02-14 15:00:00,87.26,87.68,87.1,87.43,13552.047
2026-02-14 16:00:00,87.43,88.23,87.01,88.11,21878.285
2026-02-14 17:00:00,88.12,88.45,87.84,88.05,12727.196
2026-02-14 18:00:00,88.06,88.27,87.8,88.0,10549.414
2026-02-14 19:00:00,88.01,88.33,87.56,88.18,8373.06567983
2026-02-14 20:00:00,88.2,88.42,87.69,88.16,10117.60945925
2026-02-14 21:00:00,88.16,88.45,87.31,88.07,14922.648
2026-02-14 22:00:00,88.08,88.89,87.9,88.52,20398.909
2026-02-14 23:00:00,88.5,88.9,88.06,88.07,11292.569
2026-02-15 00:00:00,88.08,88.42,87.81,88.19,11203.989
2026-02-15 01:00:00,88.18,88.71,87.61,88.28,15029.439
2026-02-15 02:00:00,88.27,88.49,87.51,88.02,13742.739
2026-02-15 03:00:00,88.01,88.77,87.35,88.59,18231.455
2026-02-15 04:00:00,88.61,89.79,88.38,88.75,32806.663
2026-02-15 05:00:00,88.78,90.05,88.75,89.7,18202.204
2026-02-15 06:00:00,89.67,90.14,89.34,89.6,15999.3
2026-02-15 07:00:00,89.6,90.98,89.41,90.73,23399.629
2026-02-15 08:00:00,90.72,91.24,89.24,89.67,27398.30285911
2026-02-15 09:00:00,89.66,90.58,89.47,90.0,24690.605
2026-02-15 10:00:00,90.0,90.11,89.12,89.55,21931.98550667
2026-02-15 11:00:00,89.55,89.84,89.02,89.18,7541.838
2026-02-15 12:00:00,89.18,89.62,87.3,87.31,35094.709
2026-02-15 13:00:00,87.31,88.37,86.83,86.95,43701.118
2026-02-15 14:00:00,86.94,87.6,86.64,87.33,20828.952
2026-02-15 15:00:00,87.33,87.66,86.94,87.41,11121.009
2026-02-15 16:00:00,87.41,87.66,86.73,87.56,18559.147
2026-02-15 17:00:00,87.58,87.85,85.78,86.41,29638.055
2026-02-15 18:00:00,86.41,86.84,86.02,86.21,19688.811
2026-02-15 19:00:00,86.21,86.34,85.21,85.36,23777.068
2026-02-15 20:00:00,85.35,85.97,84.91,85.86,17224.051
2026-02-15 21:00:00,85.9,86.43,85.87,86.18,16922.692
2026-02-15 22:00:00,86.19,86.69,86.06,86.37,9744.174
2026-02-15 23:00:00,86.36,86.37,85.1,86.14,14525.65911596
2026-02-16 00:00:00,86.15,86.49,85.6,86.17,20785.0313655
2026-02-16 01:00:00,86.18,86.63,85.38,85.77,14022.727
2026-02-16 02:00:00,85.77,86.2,85.24,85.38,14697.725
2026-02-16 03:00:00,85.4,85.55,84.77,85.14,13914.819
2026-02-16 04:00:00,85.15,85.81,85.08,85.78,9980.028
2026-02-16 05:00:00,85.8,85.9,84.47,84.7,14185.644
2026-02-16 06:00:00,84.69,85.2,84.53,85.06,8651.238
2026-02-16 07:00:00,85.06,85.5,84.81,85.06,12846.558
2026-02-16 08:00:00,85.07,85.5,85.05,85.4,9177.713
2026-02-16 09:00:00,85.4,86.25,85.39,86.0,12589.281
2026-02-16 10:00:00,86.0,86.04,85.63,85.76,8209.807
2026-02-16 11:00:00,85.76,85.96,84.49,85.51,17306.047
2026-02-16 12:00:00,85.52,86.41,85.29,86.19,19470.76
2026-02-16 13:00:00,86.2,86.92,83.9,84.18,40061.549
2026-02-16 14:00:00,84.16,84.66,83.5,84.05,27104.16455033
2026-02-16 15:00:00,84.06,84.56,82.59,83.21,26564.141
2026-02-16 16:00:00,83.21,84.1,83.1,83.98,25577.852
2026-02-16 17:00:00,83.98,84.8,83.9,84.53,15209.928
2026-02-16 18:00:00,84.53,85.15,84.49,84.53,11407.00595381
2026-02-16 19:00:00,84.53,85.1,84.25,84.64,9579.412
2026-02-16 20:00:00,84.62,85.48,84.5,85.37,11059.375
2026-02-16 21:00:00,85.37,86.09,85.11,85.99,13174.00138618
2026-02-16 22:00:00,86.01,86.22,85.61,85.72,13140.995
2026-02-16 23:00:00,85.71,86.65,85.67,86.44,12908.401
2026-02-17 00:00:00,86.45,87.14,86.29,86.6,15343.181
2026-02-17 01:00:00,86.62,87.05,86.13,86.2,13232.818
2026-02-17 02:00:00,86.19,87.68,85.78,87.3,15519.06590503
2026-02-17 03:00:00,87.31,87.36,86.32,86.37,17581.099
2026-02-17 04:00:00,86.36,86.66,85.93,86.36,14392.471
2026-02-17 05:00:00,86.37,86.47,85.46,86.23,13465.034
2026-02-17 06:00:00,86.23,86.8,86.22,86.52,15909.938
2026-02-17 07:00:00,86.5,86.54,85.94,86.47,9650.5
2026-02-17 08:00:00,86.48,86.75,85.93,85.97,12771.377
2026-02-17 09:00:00,85.97,86.18,85.68,85.94,9058.412
2026-02-17 10:00:00,85.93,86.04,84.87,85.04,11535.881
2026-02-17 11:00:00,85.05,85.3,84.76,85.1,20205.381
2026-02-17 12:00:00,85.11,85.57,84.54,84.63,18191.67
2026-02-17 13:00:00,84.63,85.5,84.4,85.01,22204.386
2026-02-17 14:00:00,85.0,85.44,83.01,83.26,34188.37774598
2026-02-17 15:00:00,83.25,83.89,82.93,83.8,31413.39
2026-02-17 16:00:00,83.82,85.46,83.72,84.18,25314.686
2026-02-17 17:00:00,84.17,84.33,83.14,83.7,23654.61799671
2026-02-17 18:00:00,83.71,85.42,83.57,85.1,23483.449
2026-02-17 19:00:00,85.11,85.74,84.65,84.87,20019.928
2026-02-17 20:00:00,84.86,85.26,84.54,85.0,21226.901
2026-02-17 21:00:00,84.98,85.44,84.85,85.23,10480.92
2026-02-17 22:00:00,85.22,85.44,84.97,85.05,9366.4891081
2026-02-17 23:00:00,85.04,85.33,84.92,85.08,11731.15942731
2026-02-18 00:00:00,85.09,85.5,84.82,84.87,8857.653
2026-02-18 01:00:00,84.87,84.98,83.95,84.24,14573.73
2026-02-18 02:00:00,84.25,84.99,84.24,84.66,6945.952
2026-02-18 03:00:00,84.67,85.46,84.56,85.34,8347.555
2026-02-18 04:00:00,85.33,85.54,84.98,85.14,7277.209
2026-02-18 05:00:00,85.15,85.25,84.77,84.89,7483.202
2026-02-18 06:00:00,84.9,85.32,84.82,84.91,5307.73
2026-02-18 07:00:00,84.92,85.43,84.69,85.27,9001.467
2026-02-18 08:00:00,85.27,86.08,85.24,85.46,11645.152
2026-02-18 09:00:00,85.48,85.74,85.33,85.34,6759.725
2026-02-18 10:00:00,85.34,85.39,84.19,84.26,10523.433
2026-02-18 11:00:00,84.27,84.27,82.85,82.85,22191.547
2026-02-18 12:00:00,82.86,83.34,82.35,82.99,17362.73987667
2026-02-18 13:00:00,83.0,83.29,82.34,82.63,13169.337
2026-02-18 14:00:00,82.63,82.88,81.75,82.57,25270.356
2026-02-18 15:00:00,82.57,84.01,82.52,83.0,27590.639
2026-02-18 16:00:00,83.01,83.08,82.05,82.3,20072.86012457
2026-02-18 17:00:00,82.31,82.98,82.11,82.19,14566.094
2026-02-18 18:00:00,82.22,82.35,80.97,81.3,28497.541
2026-02-18 19:00:00,81.29,81.6,80.49,80.93,26030.043
2026-02-18 20:00:00,80.93,81.59,80.86,81.32,17867.969
2026-02-18 21:00:00,81.32,81.63,81.02,81.28,11946.39595586
2026-02-18 22:00:00,81.28,81.54,81.07,81.45,8733.99005714
2026-02-18 23:00:00,81.48,81.64,81.25,81.62,8467.38485598
2026-02-19 00:00:00,81.62,81.73,81.27,81.52,9727.486
2026-02-19 01:00:00,81.52,82.05,81.52,81.9,8992.035
2026-02-19 02:00:00,81.9,82.08,81.34,81.67,9269.677
2026-02-19 03:00:00,81.68,81.94,81.44,81.78,5198.049
2026-02-19 04:00:00,81.78,82.01,81.48,81.51,10531.708
2026-02-19 05:00:00,81.51,81.97,81.4,81.9,12588.842
2026-02-19 06:00:00,81.89,82.49,81.84,82.36,8984.575
2026-02-19 07:00:00,82.37,82.66,82.07,82.41,10117.115
2026-02-19 08:00:00,82.41,82.41,81.58,81.73,13084.105
2026-02-19 09:00:00,81.75,82.01,81.14,81.21,11632.567
2026-02-19 10:00:00,81.2,81.81,80.92,81.52,20715.56
2026-02-19 11:00:00,81.53,81.87,81.1,81.23,8909.175
2026-02-19 12:00:00,81.24,81.31,80.68,80.8,15239.872
2026-02-19 13:00:00,80.8,80.91,79.63,80.01,31773.00817941
2026-02-19 14:00:00,80.02,81.31,79.95,80.77,29333.574
2026-02-19 15:00:00,80.77,81.28,79.98,80.64,21330.052
2026-02-19 16:00:00,80.63,80.95,79.93,80.78,22512.21973896
2026-02-19 17:00:00,80.8,81.93,80.23,80.47,22433.42
2026-02-19 18:00:00,80.46,82.03,80.4,82.01,19357.87498433
2026-02-19 19:00:00,81.98,82.19,81.07,81.95,20967.674
2026-02-19 20:00:00,81.94,82.38,81.68,82.1,15995.266
2026-02-19 21:00:00,82.09,82.18,81.82,82.04,8334.282
2026-02-19 22:00:00,82.07,82.53,81.91,82.33,10851.926
2026-02-19 23:00:00,82.34,82.56,82.13,82.51,8790.12
2026-02-20 00:00:00,82.51,83.52,82.34,82.91,13870.267
2026-02-20 01:00:00,82.92,83.16,82.71,83.01,11810.295
2026-02-20 02:00:00,83.02,83.33,82.83,82.93,9855.13
2026-02-20 03:00:00,82.93,83.37,82.85,83.03,11625.327
2026-02-20 04:00:00,83.05,83.1,82.4,82.69,14167.408
2026-02-20 05:00:00,82.69,83.76,82.51,83.27,24059.96
2026-02-20 06:00:00,83.3,83.73,83.15,83.72,17563.009
2026-02-20 07:00:00,83.72,83.91,83.41,83.45,7939.05784436
2026-02-20 08:00:00,83.45,83.81,83.31,83.66,8911.413
2026-02-20 09:00:00,83.66,84.49,83.66,84.2,14852.325
2026-02-20 10:00:00,84.2,84.83,84.05,84.11,14439.70056142
2026-02-20 11:00:00,84.1,84.25,83.33,83.59,20396.098
2026-02-20 12:00:00,83.6,84.03,83.37,83.72,16680.70599605
2026-02-20 13:00:00,83.7,83.7,81.75,82.21,32043.47076606
2026-02-20 14:00:00,82.2,83.38,82.13,83.07,26462.318
2026-02-20 15:00:00,83.07,84.77,82.7,84.36,44800.886
2026-02-20 16:00:00,84.4,84.94,83.75,84.5,24965.44247577
2026-02-20 17:00:00,84.49,84.59,82.82,84.5,31460.37573912
2026-02-20 18:00:00,84.5,85.47,83.98,85.23,29856.466
2026-02-20 19:00:00,85.24,85.36,84.39,84.75,18374.077
2026-02-20 20:00:00,84.75,85.22,84.42,84.6,12195.60244611
2026-02-20 21:00:00,84.62,84.76,84.31,84.56,10286.663
2026-02-20 22:00:00,84.54,84.75,84.11,84.6,11159.681
2026-02-20 23:00:00,84.59,84.71,84.31,84.67,8291.681
2026-02-21 00:00:00,84.68,84.76,84.35,84.44,7149.943
2026-02-21 01:00:00,84.44,84.84,84.44,84.67,5057.674
2026-02-21 02:00:00,84.68,85.01,84.54,84.81,4908.965
2026-02-21 03:00:00,84.81,84.84,84.24,84.35,11128.102
2026-02-21 04:00:00,84.35,84.49,84.14,84.4,7589.92
2026-02-21 05:00:00,84.4,84.57,84.39,84.48,2948.062
2026-02-21 06:00:00,84.48,84.77,84.05,84.13,6573.766
2026-02-21 07:00:00,84.13,84.33,83.97,84.23,5353.656
2026-02-21 08:00:00,84.23,84.74,84.21,84.73,5161.192
2026-02-21 09:00:00,84.74,85.19,84.68,84.93,7899.563
2026-02-21 10:00:00,84.93,85.27,84.9,85.14,4339.47
2026-02-21 11:00:00,85.15,85.68,85.14,85.39,7231.38343168
2026-02-21 12:00:00,85.39,85.52,84.99,85.32,9496.6115731
2026-02-21 13:00:00,85.31,85.95,85.17,85.86,7317.686
2026-02-21 14:00:00,85.85,86.65,85.62,86.31,20162.006
2026-02-21 15:00:00,86.32,86.72,86.18,86.58,10056.921
2026-02-21 16:00:00,86.58,86.67,85.89,86.14,12365.523
2026-02-21 17:00:00,86.14,86.46,85.84,86.24,10201.33468715
2026-02-21 18:00:00,86.24,86.71,86.18,86.56,10553.644
2026-02-21 19:00:00,86.57,86.68,86.19,86.21,4885.192
2026-02-21 20:00:00,86.22,86.22,85.26,85.47,12618.646
2026-02-21 21:00:00,85.48,85.85,85.42,85.85,10304.582
2026-02-21 22:00:00,85.84,85.9,85.38,85.48,9386.259
2026-02-21 23:00:00,85.47,85.56,85.14,85.18,7585.347
2026-02-22 00:00:00,85.18,85.22,84.76,85.06,8998.72
2026-02-22 01:00:00,85.08,85.42,85.05,85.32,5014.487
2026-02-22 02:00:00,85.32,85.59,84.87,84.97,7686.228
2026-02-22 03:00:00,84.97,85.15,84.72,85.08,8359.967
2026-02-22 04:00:00,85.08,85.34,84.99,85.15,3878.474
2026-02-22 05:00:00,85.15,85.21,84.81,84.96,4242.426
2026-02-22 06:00:00,84.98,85.33,84.95,85.3,6445.117
2026-02-22 07:00:00,85.31,85.57,85.14,85.25,5370.524
2026-02-22 08:00:00,85.25,85.27,84.88,84.97,4716.267
2026-02-22 09:00:00,84.97,85.17,84.95,85.03,3147.743
2026-02-22 10:00:00,85.03,85.31,85.0,85.2,3498.573
2026-02-22 11:00:00,85.21,85.46,85.18,85.26,4136.598
2026-02-22 12:00:00,85.27,85.32,84.34,84.47,8358.222
2026-02-22 13:00:00,84.47,84.62,83.7,83.99,17091.219
2026-02-22 14:00:00,83.99,84.08,83.4,83.65,10646.732
2026-02-22 15:00:00,83.65,83.7,83.0,83.5,18354.156
2026-02-22 16:00:00,83.5,83.61,83.2,83.58,7908.23
2026-02-22 17:00:00,83.58,83.59,82.83,83.05,10912.738
2026-02-22 18:00:00,83.06,83.29,82.96,83.22,7621.235
2026-02-22 19:00:00,83.22,83.41,83.01,83.29,5383.828
2026-02-22 20:00:00,83.29,83.37,82.95,83.02,5938.643
2026-02-22 21:00:00,83.03,83.58,83.03,83.51,3917.868
2026-02-22 22:00:00,83.51,83.71,83.1,83.57,9974.693
2026-02-22 23:00:00,83.58,83.65,82.48,82.76,13625.232
2026-02-23 00:00:00,82.8,82.86,81.34,81.38,14517.53185941
2026-02-23 01:00:00,81.37,81.37,77.5,77.97,71875.29952832
2026-02-23 02:00:00,77.96,78.43,77.55,77.87,21697.695
2026-02-23 03:00:00,77.86,78.31,77.31,77.66,18198.37
2026-02-23 04:00:00,77.67,77.74,77.16,77.39,13298.239
2026-02-23 05:00:00,77.4,78.08,77.35,77.85,14091.331
2026-02-23 06:00:00,77.86,79.17,77.69,79.1,18669.846
2026-02-23 07:00:00,79.1,79.69,78.95,79.41,12319.985
2026-02-23 08:00:00,79.4,79.41,78.54,78.79,13026.302
2026-02-23 09:00:00,78.79,80.55,78.79,80.46,18836.23
2026-02-23 10:00:00,80.47,80.68,80.12,80.26,13246.20214445
2026-02-23 11:00:00,80.27,80.54,79.98,80.06,12182.253
2026-02-23 12:00:00,80.06,80.95,79.88,80.7,17112.157
2026-02-23 13:00:00,80.72,81.12,80.44,80.53,22164.76243989
2026-02-23 14:00:00,80.54,80.81,79.43,80.14,30514.759
2026-02-23 15:00:00,80.13,80.32,79.21,79.41,28989.361
2026-02-23 16:00:00,79.4,79.79,78.64,78.97,27577.75724531
2026-02-23 17:00:00,78.98,79.13,77.27,78.31,24978.772
2026-02-23 18:00:00,78.31,79.3,78.05,78.63,22910.282
2026-02-23 19:00:00,78.63,78.9,77.99,78.28,20034.9
2026-02-23 20:00:00,78.29,78.53,77.86,78.31,19493.116
2026-02-23 21:00:00,78.29,78.72,78.19,78.38,14008.0
2026-02-23 22:00:00,78.38,78.91,78.26,78.26,12341.633
2026-02-23 23:00:00,78.26,78.54,77.64,77.91,9697.142
2026-02-24 00:00:00,77.91,78.52,77.91,78.45,8176.734
2026-02-24 01:00:00,78.45,78.46,75.0,77.67,51187.357
2026-02-24 02:00:00,77.67,78.42,77.52,77.65,18676.13235119
2026-02-24 03:00:00,77.63,77.63,76.49,76.89,22828.933
2026-02-24 04:00:00,76.89,77.07,76.13,76.86,17879.922
2026-02-24 05:00:00,76.85,77.33,76.22,76.64,18040.699999
2026-02-24 06:00:00,76.64,76.93,76.4,76.58,11634.00593687
2026-02-24 07:00:00,76.59,77.21,76.5,76.86,17160.503
2026-02-24 08:00:00,76.86,77.18,76.5,77.03,13901.68795723
2026-02-24 09:00:00,77.03,77.13,75.99,76.65,16676.991
2026-02-24 10:00:00,76.66,76.83,76.42,76.76,12227.006
2026-02-24 11:00:00,76.76,76.91,76.49,76.78,12111.392
2026-02-24 12:00:00,76.78,77.04,76.52,76.6,9639.334
2026-02-24 13:00:00,76.6,76.8,76.04,76.56,17667.33594915
2026-02-24 14:00:00,76.55,77.41,75.64,76.87,28430.574
2026-02-24 15:00:00,76.87,77.48,76.6,77.3,21070.222
2026-02-24 16:00:00,77.3,78.23,77.24,78.14,21757.58982415
2026-02-24 17:00:00,78.13,78.5,77.8,77.98,21543.431
2026-02-24 18:00:00,77.97,78.33,77.58,78.19,16019.84524392
2026-02-24 19:00:00,78.2,78.51,77.89,78.38,13398.088
2026-02-24 20:00:00,78.38,78.89,78.33,78.66,17334.292
2026-02-24 21:00:00,78.66,78.72,78.14,78.55,12465.914
2026-02-24 22:00:00,78.54,79.37,78.45,79.06,14346.205
2026-02-24 23:00:00,79.08,79.61,78.67,78.98,16568.531
2026-02-25 00:00:00,79.01,79.43,78.73,79.21,8368.58640174
2026-02-25 01:00:00,79.21,82.56,79.12,82.0,50973.61693679
2026-02-25 02:00:00,81.99,82.97,81.99,82.47,30586.988
2026-02-25 03:00:00,82.47,82.56,81.62,81.76,17942.59380391
2026-02-25 04:00:00,81.76,82.42,81.3,81.96,14407.23
2026-02-25 05:00:00,81.96,82.17,80.99,81.3,16280.597
2026-02-25 06:00:00,81.3,81.89,81.17,81.56,12252.954
2026-02-25 07:00:00,81.58,82.41,81.5,82.17,12662.551
2026-02-25 08:00:00,82.18,82.56,81.93,82.48,16855.917
2026-02-25 09:00:00,82.48,82.68,82.23,82.54,12489.567
2026-02-25 10:00:00,82.54,82.98,82.45,82.54,10762.751
2026-02-25 11:00:00,82.54,83.4,82.33,83.38,16489.242
2026-02-25 12:00:00,83.37,84.09,82.89,83.66,27146.307
2026-02-25 13:00:00,83.68,84.43,83.39,83.83,20133.982
2026-02-25 14:00:00,83.83,85.77,83.81,85.62,31184.752
2026-02-25 15:00:00,85.63,86.45,85.02,85.98,36172.76999909
2026-02-25 16:00:00,86.0,87.68,85.96,87.54,32856.08146201
2026-02-25 17:00:00,87.55,88.92,87.39,88.56,32772.088
2026-02-25 18:00:00,88.54,89.16,87.99,88.94,23940.331
2026-02-25 19:00:00,88.95,89.63,88.35,89.42,21392.795
2026-02-25 20:00:00,89.44,90.11,88.97,89.36,24947.93
2026-02-25 21:00:00,89.37,92.22,89.37,89.83,52364.26999925
2026-02-25 22:00:00,89.87,90.53,88.36,89.13,22836.333
2026-02-25 23:00:00,89.09,89.32,87.1,88.04,22988.497
2026-02-26 00:00:00,88.03,89.25,87.83,88.6,28904.84
2026-02-26 01:00:00,88.6,89.12,88.23,88.42,20677.107
2026-02-26 02:00:00,88.42,88.48,87.56,88.21,17008.375
2026-02-26 03:00:00,88.2,88.36,87.78,87.95,11492.725
2026-02-26 04:00:00,87.95,89.04,87.84,88.75,12956.84
2026-02-26 05:00:00,88.73,88.73,87.22,87.77,17929.944
2026-02-26 06:00:00,87.78,88.0,87.37,87.64,15144.852
2026-02-26 07:00:00,87.64,87.86,87.23,87.26,17127.572
2026-02-26 08:00:00,87.25,87.89,87.25,87.31,15285.109
2026-02-26 09:00:00,87.3,88.69,87.23,88.33,15641.069
2026-02-26 10:00:00,88.33,88.58,87.31,87.47,13715.845
2026-02-26 11:00:00,87.48,87.62,86.61,86.8,13664.15696698
2026-02-26 12:00:00,86.82,87.77,86.73,87.68,11726.38054745
2026-02-26 13:00:00,87.68,88.07,87.49,87.61,9541.505
2026-02-26 14:00:00,87.62,88.25,86.3,87.02,27427.696
2026-02-26 15:00:00,87.03,87.1,85.27,86.55,40458.225
2026-02-26 16:00:00,86.57,86.74,84.33,84.57,40456.89
2026-02-26 17:00:00,84.58,85.34,84.5,84.92,24582.783
2026-02-26 18:00:00,84.91,85.7,84.48,85.37,21743.045
2026-02-26 19:00:00,85.37,86.67,85.34,86.48,23387.275
2026-02-26 20:00:00,86.47,86.86,85.86,86.04,14144.86
2026-02-26 21:00:00,86.02,86.29,85.72,85.94,10010.485
2026-02-26 22:00:00,85.94,86.28,85.81,86.13,9758.159
2026-02-26 23:00:00,86.13,86.16,85.77,85.91,9691.394
2026-02-27 00:00:00,85.91,86.03,85.2,85.82,12467.371
2026-02-27 01:00:00,85.83,86.14,85.31,86.13,17350.886
2026-02-27 02:00:00,86.15,86.8,85.95,86.57,15628.869
2026-02-27 03:00:00,86.57,87.8,86.36,87.63,11547.28099841
2026-02-27 04:00:00,87.63,88.28,87.49,87.54,18708.552
2026-02-27 05:00:00,87.55,87.85,87.4,87.54,10919.51
2026-02-27 06:00:00,87.55,87.63,86.86,87.34,15227.157
2026-02-27 07:00:00,87.34,87.43,86.81,87.32,13508.904
2026-02-27 08:00:00,87.3,87.93,87.23,87.58,17509.887
2026-02-27 09:00:00,87.58,87.84,86.24,86.34,18355.668
2026-02-27 10:00:00,86.33,86.49,84.56,84.72,26783.406
2026-02-27 11:00:00,84.72,84.95,83.33,83.58,29518.213
2026-02-27 12:00:00,83.58,83.75,82.68,83.13,23098.898
2026-02-27 13:00:00,83.13,83.54,81.92,83.09,33669.299
2026-02-27 14:00:00,83.08,83.35,82.11,82.41,32053.303
2026-02-27 15:00:00,82.39,83.06,82.31,82.71,19323.306
2026-02-27 16:00:00,82.69,82.69,81.34,81.37,22951.786
2026-02-27 17:00:00,81.38,81.9,81.12,81.85,19803.01802355
2026-02-27 18:00:00,81.85,82.02,81.41,81.49,14850.18
2026-02-27 19:00:00,81.48,81.71,81.15,81.56,11703.224
2026-02-27 20:00:00,81.57,81.87,81.23,81.44,13493.47
2026-02-27 21:00:00,81.48,81.81,80.9,81.19,13591.75599847
2026-02-27 22:00:00,81.2,81.59,80.31,81.44,16869.722
2026-02-27 23:00:00,81.43,82.1,81.34,81.84,12348.329
2026-02-28 00:00:00,81.84,82.15,81.61,82.11,8451.502
2026-02-28 01:00:00,82.11,82.26,81.73,81.78,9249.064
2026-02-28 02:00:00,81.78,82.2,81.72,82.15,6129.386
2026-02-28 03:00:00,82.14,82.14,81.56,81.75,5695.484
2026-02-28 04:00:00,81.75,81.9,81.23,81.64,6865.133
2026-02-28 05:00:00,81.65,81.8,81.27,81.56,7589.465
2026-02-28 06:00:00,81.55,81.56,77.14,77.56,76683.364
2026-02-28 07:00:00,77.54,79.61,77.14,78.73,44454.588
2026-02-28 08:00:00,78.71,78.72,77.86,78.02,22626.52380329
2026-02-28 09:00:00,78.01,78.71,77.76,78.43,20511.893
2026-02-28 10:00:00,78.41,79.18,77.98,79.11,23439.234
2026-02-28 11:00:00,79.12,79.59,78.68,78.79,13407.178
2026-02-28 12:00:00,78.77,79.22,78.6,78.92,11648.455
2026-02-28 13:00:00,78.93,80.98,78.69,80.83,36143.924639087956
2026-02-28 14:00:00,80.83,81.51,80.06,80.25,44926.87799681
2026-02-28 15:00:00,80.25,81.1,79.64,80.91,19721.55691681
2026-02-28 16:00:00,80.92,81.31,80.5,81.08,14212.382
2026-02-28 17:00:00,81.07,81.53,80.6,81.38,15858.975
2026-02-28 18:00:00,81.37,82.9,81.07,82.36,21914.8419992
2026-02-28 19:00:00,82.35,82.78,81.46,82.21,24559.64
2026-02-28 20:00:00,82.2,85.03,81.97,84.9,32803.08493026
2026-02-28 21:00:00,84.88,85.02,83.59,84.49,20385.997
2026-02-28 22:00:00,84.55,85.65,84.26,84.27,20262.09088538
2026-02-28 23:00:00,84.29,84.72,83.94,84.34,11305.33206486
2026-03-01 00:00:00,84.34,85.0,84.31,84.88,13692.275
2026-03-01 01:00:00,84.87,87.47,84.27,86.74,38105.894
2026-03-01 02:00:00,86.76,88.91,86.76,87.97,46029.215
2026-03-01 03:00:00,87.94,88.31,87.64,88.0,18467.974
2026-03-01 04:00:00,88.02,88.26,86.88,87.54,22762.87993368
2026-03-01 05:00:00,87.55,88.02,87.23,87.27,12152.55340804
2026-03-01 06:00:00,87.26,87.38,86.17,86.67,18586.731
2026-03-01 07:00:00,86.67,86.89,86.3,86.62,9464.0589686
2026-03-01 08:00:00,86.62,86.81,85.0,85.21,25861.44
2026-03-01 09:00:00,85.24,85.84,84.81,84.98,17893.19851101
2026-03-01 10:00:00,84.99,85.64,84.72,85.23,14937.165
2026-03-01 11:00:00,85.22,85.51,84.98,85.18,8826.41
2026-03-01 12:00:00,85.18,85.38,84.78,84.88,9395.166
2026-03-01 13:00:00,84.89,86.97,84.52,86.07,26161.124
2026-03-01 14:00:00,86.09,86.88,85.45,85.81,25252.43713708
2026-03-01 15:00:00,85.81,86.7,85.63,85.66,20144.78195268
2026-03-01 16:00:00,85.68,86.09,83.71,84.02,29103.35713594
2026-03-01 17:00:00,83.99,84.28,83.18,83.88,27041.423
2026-03-01 18:00:00,83.89,84.99,83.87,83.93,21797.04985699
2026-03-01 19:00:00,83.94,84.01,83.04,83.23,17643.406
2026-03-01 20:00:00,83.22,83.26,81.7,81.98,31987.16
2026-03-01 21:00:00,81.97,83.02,81.92,82.94,15775.58
2026-03-01 22:00:00,82.94,84.05,82.38,82.71,28414.116
2026-03-01 23:00:00,82.68,84.06,82.51,83.6,19081.082
2026-03-02 00:00:00,83.61,85.22,83.49,85.0,22953.18999293
2026-03-02 01:00:00,85.0,86.17,84.42,84.6,24000.08
2026-03-02 02:00:00,84.66,84.76,83.48,84.15,15284.724
2026-03-02 03:00:00,84.18,85.11,83.85,84.78,15545.472
2026-03-02 04:00:00,84.8,84.83,84.1,84.31,13801.484
2026-03-02 05:00:00,84.31,84.68,83.85,84.23,10501.86
2026-03-02 06:00:00,84.24,84.25,82.89,83.26,19806.6
2026-03-02 07:00:00,83.25,83.3,82.4,82.96,15737.771
2026-03-02 08:00:00,82.97,83.63,82.38,83.44,18765.864
2026-03-02 09:00:00,83.45,84.13,83.34,83.63,18278.249
2026-03-02 10:00:00,83.63,84.11,83.37,83.9,17976.867
2026-03-02 11:00:00,83.9,84.29,83.47,83.88,20681.285
2026-03-02 12:00:00,83.89,84.14,83.57,83.7,16416.73519579
2026-03-02 13:00:00,83.72,83.84,82.93,83.07,25089.80298282
2026-03-02 14:00:00,83.07,85.95,82.79,85.64,41765.896
2026-03-02 15:00:00,85.67,88.96,85.48,88.75,59041.6990904226
2026-03-02 16:00:00,88.77,90.3,88.46,88.83,45869.79842713
2026-03-02 17:00:00,88.86,89.0,86.4,87.61,29489.46399965
2026-03-02 18:00:00,87.6,87.83,86.7,87.31,27580.33398569
2026-03-02 19:00:00,87.31,87.81,86.84,87.65,22816.346
2026-03-02 20:00:00,87.65,88.07,86.87,87.57,22301.145
2026-03-02 21:00:00,87.58,87.72,87.16,87.55,20449.696
2026-03-02 22:00:00,87.56,88.24,87.3,88.01,19991.414
2026-03-02 23:00:00,88.02,88.09,86.36,86.62,25240.7998371
2026-03-03 00:00:00,86.65,87.31,86.12,86.92,24202.737
2026-03-03 01:00:00,86.91,87.18,86.16,86.17,16782.206
2026-03-03 02:00:00,86.17,86.34,85.24,86.2,20547.347
2026-03-03 03:00:00,86.21,86.63,85.92,86.31,13097.83
2026-03-03 04:00:00,86.31,86.46,85.66,85.85,11939.938
2026-03-03 05:00:00,85.84,86.8,85.42,85.8,19734.45
2026-03-03 06:00:00,85.79,85.97,85.41,85.86,15784.758
2026-03-03 07:00:00,85.84,86.29,85.41,85.59,14762.899
2026-03-03 08:00:00,85.58,85.77,83.96,84.26,21949.173
2026-03-03 09:00:00,84.26,85.06,84.04,84.33,20106.4301475
2026-03-03 10:00:00,84.31,84.56,83.72,83.92,22912.54
2026-03-03 11:00:00,83.93,84.37,83.79,84.21,22948.923
2026-03-03 12:00:00,84.23,85.36,84.16,84.42,26509.302
2026-03-03 13:00:00,84.44,84.49,83.21,83.64,24969.389
2026-03-03 14:00:00,83.63,84.42,82.47,83.25,37366.45578738
2026-03-03 15:00:00,83.24,85.16,83.06,85.05,37143.965
2026-03-03 16:00:00,85.03,87.33,84.32,85.4,40730.66694313
2026-03-03 17:00:00,85.41,85.46,84.17,85.17,25168.94489717
2026-03-03 18:00:00,85.18,86.0,84.54,85.37,24695.497
2026-03-03 19:00:00,85.39,85.77,84.67,85.07,26770.936
2026-03-03 20:00:00,85.08,85.45,84.68,84.86,21518.434
2026-03-03 21:00:00,84.85,85.17,84.18,85.12,16192.463
2026-03-03 22:00:00,85.12,86.65,85.11,86.29,18802.053
2026-03-03 23:00:00,86.28,87.44,86.19,86.99,26512.481
2026-03-04 00:00:00,86.95,87.39,86.28,86.61,18963.954
2026-03-04 01:00:00,86.62,88.08,86.5,87.26,28098.698
2026-03-04 02:00:00,87.27,87.47,86.56,87.08,17935.095
2026-03-04 03:00:00,87.07,87.07,85.19,85.77,24155.526
2026-03-04 04:00:00,85.77,85.9,84.83,85.39,21007.94406855
2026-03-04 05:00:00,85.41,85.96,84.8,85.68,21758.34
2026-03-04 06:00:00,85.68,86.04,84.99,85.61,22073.333
2026-03-04 07:00:00,85.61,87.51,85.5,87.41,20720.903
2026-03-04 08:00:00,87.41,89.93,86.99,89.7,37072.024
2026-03-04 09:00:00,89.7,91.44,89.21,90.52,42711.50328588
2026-03-04 10:00:00,90.55,91.03,89.89,90.17,30387.0
2026-03-04 11:00:00,90.17,90.63,89.42,89.77,20401.632
2026-03-04 12:00:00,89.76,89.86,88.7,89.41,24322.647
2026-03-04 13:00:00,89.44,90.15,89.32,89.99,31670.349
2026-03-04 14:00:00,89.99,91.74,89.49,90.18,47576.427
2026-03-04 15:00:00,90.19,93.1,90.17,92.95,53181.853
2026-03-04 16:00:00,92.94,93.12,90.95,91.56,39071.05499088
2026-03-04 17:00:00,91.57,92.23,90.64,91.54,28037.996
2026-03-04 18:00:00,91.55,92.49,91.14,92.39,23996.935
2026-03-04 19:00:00,92.4,94.04,92.3,93.18,45385.075
2026-03-04 20:00:00,93.19,93.75,92.78,92.85,24703.245
2026-03-04 21:00:00,92.88,92.95,92.16,92.34,14721.792
2026-03-04 22:00:00,92.34,92.85,91.15,91.32,20604.258853
2026-03-04 23:00:00,91.32,91.41,90.27,90.85,26453.986
2026-03-05 00:00:00,90.87,91.38,90.74,90.8,18551.56
2026-03-05 01:00:00,90.78,91.42,89.75,89.99,26489.2037622
2026-03-05 02:00:00,89.98,90.67,89.96,90.2,15658.47
2026-03-05 03:00:00,90.21,90.52,89.61,90.03,16483.09059703
2026-03-05 04:00:00,90.04,90.73,89.91,90.4,15076.715
2026-03-05 05:00:00,90.4,90.63,90.04,90.18,13693.41781807
2026-03-05 06:00:00,90.2,91.02,89.7,90.88,21379.153
2026-03-05 07:00:00,90.89,91.31,89.74,90.18,16594.373
2026-03-05 08:00:00,90.17,90.71,89.68,90.64,22506.928
2026-03-05 09:00:00,90.64,91.91,90.61,91.17,22195.696
2026-03-05 10:00:00,91.21,92.95,91.0,92.64,19917.48836912
2026-03-05 11:00:00,92.65,92.76,91.65,91.84,14805.031
2026-03-05 12:00:00,91.84,92.2,91.31,91.98,15292.893
2026-03-05 13:00:00,91.99,92.06,90.41,90.83,28304.831
2026-03-05 14:00:00,90.86,91.5,89.85,91.0,35748.926
2026-03-05 15:00:00,91.03,91.16,88.82,89.59,37399.88811810602
2026-03-05 16:00:00,89.61,89.62,87.92,88.97,27820.14299972
2026-03-05 17:00:00,88.97,89.41,87.92,88.12,29344.934
2026-03-05 18:00:00,88.12,88.89,88.01,88.79,16890.884
2026-03-05 19:00:00,88.8,89.38,88.67,88.73,17007.273
2026-03-05 20:00:00,88.73,89.61,88.55,89.24,20592.474
2026-03-05 21:00:00,89.21,89.84,88.88,89.11,13400.063
2026-03-05 22:00:00,89.12,89.39,88.82,89.09,8278.141
2026-03-05 23:00:00,89.09,89.19,88.62,88.77,9281.137
2026-03-06 00:00:00,88.79,89.03,88.58,88.86,7871.442
2026-03-06 01:00:00,88.86,89.26,87.92,89.12,19468.256
2026-03-06 02:00:00,89.13,89.3,88.22,88.38,19916.82885112
2026-03-06 03:00:00,88.37,88.69,88.16,88.42,14393.104
2026-03-06 04:00:00,88.41,88.59,87.67,88.15,16265.19689456
2026-03-06 05:00:00,88.16,88.25,87.53,87.9,16476.088
2026-03-06 06:00:00,87.9,88.44,87.68,88.09,12556.33499253
2026-03-06 07:00:00,88.1,88.92,87.82,88.71,16771.493
2026-03-06 08:00:00,88.7,88.71,88.2,88.33,10116.161
2026-03-06 09:00:00,88.36,88.48,87.17,87.49,19616.672
2026-03-06 10:00:00,87.49,87.95,87.41,87.71,13425.279
2026-03-06 11:00:00,87.7,87.99,87.11,87.26,11296.188
2026-03-06 12:00:00,87.27,87.27,85.92,86.49,27342.704
2026-03-06 13:00:00,86.48,87.09,85.58,85.59,39956.32431621
2026-03-06 14:00:00,85.59,85.74,83.92,84.36,47440.03594469
2026-03-06 15:00:00,84.35,85.32,84.21,84.65,33234.38195927
2026-03-06 16:00:00,84.63,85.0,84.1,84.36,22891.544
2026-03-06 17:00:00,84.35,84.69,83.64,84.2,20246.393
2026-03-06 18:00:00,84.21,85.6,84.17,85.28,21851.73
2026-03-06 19:00:00,85.29,85.89,85.16,85.22,15507.876
2026-03-06 20:00:00,85.22,85.45,84.57,85.0,17518.352
2026-03-06 21:00:00,85.02,85.09,84.44,84.73,11130.803
2026-03-06 22:00:00,84.73,85.06,84.54,84.96,7641.792
2026-03-06 23:00:00,84.98,85.04,84.64,84.69,4895.726
2026-03-07 00:00:00,84.69,85.07,84.52,84.77,7259.952
2026-03-07 01:00:00,84.75,84.87,84.6,84.71,4793.145
2026-03-07 02:00:00,84.71,84.74,84.32,84.66,6445.361
2026-03-07 03:00:00,84.66,85.05,84.35,84.53,6394.16096486
2026-03-07 04:00:00,84.56,84.56,84.02,84.27,8580.189
2026-03-07 05:00:00,84.27,84.5,84.1,84.34,5644.937
2026-03-07 06:00:00,84.34,84.34,83.89,84.04,8842.246
2026-03-07 07:00:00,84.05,84.46,83.9,84.34,6871.219
2026-03-07 08:00:00,84.33,84.67,84.13,84.37,7021.382
2026-03-07 09:00:00,84.36,84.68,84.22,84.58,5120.896
2026-03-07 10:00:00,84.59,84.78,84.42,84.48,8175.591
2026-03-07 11:00:00,84.49,84.9,84.26,84.65,8303.908
2026-03-07 12:00:00,84.66,84.78,84.26,84.31,6131.33193806
2026-03-07 13:00:00,84.31,84.53,84.14,84.3,6021.952
2026-03-07 14:00:00,84.29,84.55,83.68,84.22,15898.551
2026-03-07 15:00:00,84.23,84.23,83.43,83.75,10837.409
2026-03-07 16:00:00,83.76,83.79,83.51,83.6,9033.364
2026-03-07 17:00:00,83.59,84.08,83.56,83.63,4740.632
2026-03-07 18:00:00,83.63,83.64,83.03,83.38,12026.717
2026-03-07 19:00:00,83.39,83.39,82.29,82.52,18220.50835055
2026-03-07 20:00:00,82.52,83.11,82.51,83.03,8765.653
2026-03-07 21:00:00,83.02,83.29,82.9,83.28,7044.498
2026-03-07 22:00:00,83.28,83.32,82.67,82.97,8406.418
2026-03-07 23:00:00,82.99,83.25,82.93,83.22,5824.402
2026-03-08 00:00:00,83.23,83.49,82.94,83.09,7385.173
2026-03-08 01:00:00,83.08,83.21,82.71,82.98,5788.99941749
2026-03-08 02:00:00,82.95,83.1,82.12,82.4,12573.043
2026-03-08 03:00:00,82.4,82.74,82.29,82.34,9000.931
2026-03-08 04:00:00,82.34,82.55,81.76,81.96,11721.475
2026-03-08 05:00:00,81.97,82.78,81.95,82.49,10133.484
2026-03-08 06:00:00,82.49,82.65,82.29,82.48,4671.236
2026-03-08 07:00:00,82.46,83.09,82.41,82.97,9086.875
2026-03-08 08:00:00,82.95,83.12,82.53,83.09,8569.521
2026-03-08 09:00:00,83.1,83.37,82.8,83.19,10970.88
2026-03-08 10:00:00,83.16,84.13,83.15,83.67,11515.20436092
2026-03-08 11:00:00,83.67,83.67,82.66,82.82,12865.601
2026-03-08 12:00:00,82.82,82.99,81.63,82.32,21206.7549555
2026-03-08 13:00:00,82.32,82.46,81.21,82.09,24233.367
2026-03-08 14:00:00,82.09,82.38,81.96,82.33,11027.558
2026-03-08 15:00:00,82.32,82.41,81.84,82.06,10509.489
2026-03-08 16:00:00,82.07,82.15,81.36,81.53,14870.591
2026-03-08 17:00:00,81.55,81.99,81.38,81.67,10955.673
2026-03-08 18:00:00,81.7,81.8,81.32,81.59,9155.093
2026-03-08 19:00:00,81.61,82.66,81.51,82.48,14394.758
2026-03-08 20:00:00,82.48,82.95,82.12,82.31,11860.645
2026-03-08 21:00:00,82.33,82.42,81.7,82.27,11525.535
2026-03-08 22:00:00,82.26,82.5,80.27,81.98,33871.325
2026-03-08 23:00:00,82.01,82.43,81.49,81.61,22471.344
2026-03-09 00:00:00,81.6,83.28,81.54,82.35,28879.521
2026-03-09 01:00:00,82.35,82.89,81.87,82.11,26334.861
2026-03-09 02:00:00,82.09,82.93,81.66,82.67,25051.606
2026-03-09 03:00:00,82.67,84.5,82.62,83.15,31449.575
2026-03-09 04:00:00,83.16,83.87,83.09,83.16,15613.892
2026-03-09 05:00:00,83.21,84.61,83.14,84.27,22215.921
2026-03-09 06:00:00,84.29,84.3,83.09,83.11,12677.428
2026-03-09 07:00:00,83.12,83.29,82.33,83.17,15554.228
2026-03-09 08:00:00,83.18,83.87,82.93,83.71,15151.46515738
2026-03-09 09:00:00,83.74,84.6,83.35,84.02,16177.729
2026-03-09 10:00:00,84.04,84.23,83.52,83.74,9811.701
2026-03-09 11:00:00,83.73,83.92,83.12,83.58,13401.74298331
2026-03-09 12:00:00,83.58,84.22,83.41,84.0,16261.51232911
2026-03-09 13:00:00,84.01,85.73,83.99,85.16,40366.755
2026-03-09 14:00:00,85.12,85.71,84.56,85.29,48822.459
2026-03-09 15:00:00,85.3,85.45,84.64,85.05,21996.27784521
2026-03-09 16:00:00,85.06,85.63,84.72,85.13,23734.38525788
2026-03-09 17:00:00,85.14,85.39,84.31,85.1,25416.99299931
2026-03-09 18:00:00,85.08,85.56,84.46,85.17,21392.05314968
2026-03-09 19:00:00,85.18,87.05,85.07,85.98,35217.83673689
2026-03-09 20:00:00,85.97,86.17,85.3,85.81,17112.131
2026-03-09 21:00:00,85.78,86.35,85.69,86.01,13120.656
2026-03-09 22:00:00,86.02,86.3,85.59,85.73,16305.847
2026-03-09 23:00:00,85.72,85.99,84.85,84.96,11530.23868774
2026-03-10 00:00:00,84.95,85.95,84.84,85.56,14697.35199116
2026-03-10 01:00:00,85.56,85.96,85.11,85.73,11788.492
2026-03-10 02:00:00,85.73,86.94,85.47,86.63,22649.942
2026-03-10 03:00:00,86.61,86.74,85.5,85.56,17021.95
2026-03-10 04:00:00,85.56,86.63,85.4,86.51,13313.406
2026-03-10 05:00:00,86.55,86.98,86.34,86.39,13649.403
2026-03-10 06:00:00,86.39,86.68,85.99,86.36,10119.668
2026-03-10 07:00:00,86.35,86.89,86.2,86.69,17829.862
2026-03-10 08:00:00,86.69,87.46,86.58,86.71,30808.428
2026-03-10 09:00:00,86.72,87.46,86.67,87.24,21197.524
2026-03-10 10:00:00,87.23,87.67,86.81,87.1,11401.919
2026-03-10 11:00:00,87.1,87.19,86.57,86.8,13007.114
2026-03-10 12:00:00,86.79,86.84,86.3,86.68,13009.562
2026-03-10 13:00:00,86.69,87.28,85.75,86.08,30215.95190254
2026-03-10 14:00:00,86.09,88.23,84.93,88.11,50279.39
2026-03-10 15:00:00,88.11,88.6,87.26,88.33,43149.1672676
2026-03-10 16:00:00,88.34,88.69,87.66,88.4,31311.825
2026-03-10 17:00:00,88.38,88.79,87.64,87.94,25459.375
2026-03-10 18:00:00,87.95,88.0,86.09,86.24,44469.541
2026-03-10 19:00:00,86.25,86.45,85.66,86.01,23124.371
2026-03-10 20:00:00,86.01,86.39,85.95,86.22,15346.201
2026-03-10 21:00:00,86.24,86.43,85.25,85.71,21907.11
2026-03-10 22:00:00,85.7,85.84,85.0,85.51,22801.08199301
2026-03-10 23:00:00,85.53,85.89,85.37,85.87,12568.991
2026-03-11 00:00:00,85.88,86.23,85.61,86.02,13188.235
2026-03-11 01:00:00,86.03,86.27,85.67,86.1,13521.82804109
2026-03-11 02:00:00,86.1,86.2,85.41,85.92,13544.715
2026-03-11 03:00:00,85.92,86.17,85.54,85.63,8882.391
2026-03-11 04:00:00,85.63,86.85,85.49,86.72,17610.929
2026-03-11 05:00:00,86.72,86.88,85.61,85.72,13353.01
2026-03-11 06:00:00,85.72,86.17,85.66,86.03,10163.233
2026-03-11 07:00:00,86.03,86.13,85.14,85.43,10104.888
2026-03-11 08:00:00,85.45,85.6,85.08,85.5,15940.34831759
2026-03-11 09:00:00,85.48,85.58,84.7,84.89,11441.374
2026-03-11 10:00:00,84.89,85.54,84.84,85.25,8997.157
2026-03-11 11:00:00,85.26,85.31,84.38,84.55,16223.394
2026-03-11 12:00:00,84.53,85.74,84.37,85.21,22905.819
2026-03-11 13:00:00,85.18,87.39,85.13,85.96,46497.088
2026-03-11 14:00:00,85.97,87.17,85.74,86.52,35749.934
2026-03-11 15:00:00,86.54,86.65,84.57,85.41,31975.0504482
2026-03-11 16:00:00,85.41,86.59,85.29,86.44,30192.23498402
2026-03-11 17:00:00,86.45,87.84,86.45,87.25,40136.33
2026-03-11 18:00:00,87.24,88.09,87.16,87.79,24943.471
2026-03-11 19:00:00,87.81,87.85,87.01,87.29,15707.677
2026-03-11 20:00:00,87.28,87.44,87.01,87.29,11858.813
2026-03-11 21:00:00,87.29,87.6,87.15,87.53,6918.817
2026-03-11 22:00:00,87.56,87.92,86.83,87.04,13393.924
2026-03-11 23:00:00,87.04,87.2,86.46,86.57,12841.01
2026-03-12 00:00:00,86.58,86.77,86.39,86.68,9064.654
2026-03-12 01:00:00,86.68,86.69,85.96,86.04,10036.953
2026-03-12 02:00:00,86.04,86.15,85.18,85.21,14571.292
2026-03-12 03:00:00,85.2,85.41,84.7,85.01,10613.63
2026-03-12 04:00:00,84.99,85.4,84.88,85.11,9922.589
2026-03-12 05:00:00,85.11,85.31,84.9,85.14,6511.88561938
2026-03-12 06:00:00,85.15,85.41,84.98,85.37,8530.678534443958
2026-03-12 07:00:00,85.39,85.89,85.01,85.82,10337.17999972
2026-03-12 08:00:00,85.82,86.15,85.39,85.96,10716.88999943
2026-03-12 09:00:00,85.96,86.7,85.46,86.19,13337.514
2026-03-12 10:00:00,86.19,87.05,86.04,86.77,14877.286
2026-03-12 11:00:00,86.75,87.11,86.65,86.8,12611.053
2026-03-12 12:00:00,86.8,87.49,86.56,87.25,14832.27359164
2026-03-12 13:00:00,87.27,87.69,86.35,86.74,29095.49
2026-03-12 14:00:00,86.75,87.65,85.2,85.56,31605.63674562
2026-03-12 15:00:00,85.54,87.02,85.11,86.58,28180.519
2026-03-12 16:00:00,86.58,87.08,85.78,86.8,24521.246
2026-03-12 17:00:00,86.82,86.98,86.32,86.6,18956.47
2026-03-12 18:00:00,86.59,86.8,85.81,85.85,13580.738
2026-03-12 19:00:00,85.86,86.94,85.68,86.79,17112.417
2026-03-12 20:00:00,86.79,86.94,86.42,86.45,8141.352
2026-03-12 21:00:00,86.46,86.68,86.17,86.54,7522.57974721
2026-03-12 22:00:00,86.53,86.61,85.96,86.3,7781.797
2026-03-12 23:00:00,86.29,87.21,86.28,86.82,9556.678
2026-03-13 00:00:00,86.83,91.12,86.72,89.77,70587.391
2026-03-13 01:00:00,89.8,90.72,89.8,90.45,25173.36
2026-03-13 02:00:00,90.46,90.58,88.93,89.08,33918.637
2026-03-13 03:00:00,89.08,89.97,88.89,89.68,12057.496
2026-03-13 04:00:00,89.69,89.73,89.2,89.34,8025.113
2026-03-13 05:00:00,89.34,89.44,88.89,89.08,11397.006
2026-03-13 06:00:00,89.13,89.21,88.28,88.41,16348.535
2026-03-13 07:00:00,88.4,88.95,88.15,88.67,18059.17142888
2026-03-13 08:00:00,88.68,89.65,88.32,89.14,20670.339
2026-03-13 09:00:00,89.14,89.63,88.78,89.5,13732.031
2026-03-13 10:00:00,89.5,90.29,89.46,90.16,17842.321
2026-03-13 11:00:00,90.19,90.44,89.97,90.34,12342.979
2026-03-13 12:00:00,90.32,91.37,90.13,91.0,17927.773
2026-03-13 13:00:00,91.0,92.31,90.94,91.88,41015.136
2026-03-13 14:00:00,91.9,92.97,90.44,90.63,58625.91876659
2026-03-13 15:00:00,90.74,91.22,89.3,89.47,40056.012
2026-03-13 16:00:00,89.5,89.96,88.84,89.58,29738.898
2026-03-13 17:00:00,89.59,90.13,88.57,88.86,26119.535
2026-03-13 18:00:00,88.88,89.13,88.36,88.84,17154.62
2026-03-13 19:00:00,88.82,89.03,88.4,88.91,16888.418
2026-03-13 20:00:00,88.9,89.12,88.55,88.9,10799.675
2026-03-13 21:00:00,88.91,89.15,88.31,88.57,13943.537
2026-03-13 22:00:00,88.58,88.66,87.75,88.03,19103.81451444
2026-03-13 23:00:00,88.02,88.25,87.81,88.19,8497.34
2026-03-14 00:00:00,88.15,88.37,87.85,87.95,8998.741
2026-03-14 01:00:00,87.95,88.37,87.8,88.24,9076.274
2026-03-14 02:00:00,88.23,88.32,88.0,88.23,4389.42
2026-03-14 03:00:00,88.23,88.6,88.23,88.4,7678.971
2026-03-14 04:00:00,88.41,88.7,88.23,88.23,6672.039
2026-03-14 05:00:00,88.25,88.4,87.89,88.09,8310.809
2026-03-14 06:00:00,88.08,88.08,86.93,87.26,12000.608
2026-03-14 07:00:00,87.26,87.43,87.19,87.33,5614.693
2026-03-14 08:00:00,87.32,87.54,87.09,87.15,6810.407
2026-03-14 09:00:00,87.14,87.3,86.65,86.85,7773.962
2026-03-14 10:00:00,86.84,86.92,86.53,86.67,6028.527
2026-03-14 11:00:00,86.64,87.01,86.64,86.95,6901.163
2026-03-14 12:00:00,86.94,87.12,86.81,87.11,6042.657
2026-03-14 13:00:00,87.1,87.38,87.05,87.12,10411.911
2026-03-14 14:00:00,87.13,87.25,86.63,86.72,6900.657
2026-03-14 15:00:00,86.73,86.92,86.65,86.73,9235.04485562
2026-03-14 16:00:00,86.72,87.13,86.62,87.07,10006.589
2026-03-14 17:00:00,87.07,87.09,86.85,86.9,3324.033
2026-03-14 18:00:00,86.9,87.12,86.8,87.06,3904.304
2026-03-14 19:00:00,87.05,87.09,86.92,87.0,3159.56
2026-03-14 20:00:00,87.02,87.17,86.88,87.09,3261.653
2026-03-14 21:00:00,87.08,87.33,86.86,87.28,4169.559
2026-03-14 22:00:00,87.28,87.45,87.21,87.32,3995.655
2026-03-14 23:00:00,87.32,88.17,87.32,88.04,11233.346040314153
2026-03-15 00:00:00,88.05,88.19,87.68,87.76,7963.36096515
2026-03-15 01:00:00,87.76,87.91,87.59,87.69,5793.71
2026-03-15 02:00:00,87.72,88.64,87.72,88.29,13004.19599947
2026-03-15 03:00:00,88.32,88.44,87.71,87.86,9711.783
2026-03-15 04:00:00,87.86,88.31,87.86,88.29,10190.74264596
2026-03-15 05:00:00,88.31,88.64,88.1,88.32,12330.717
2026-03-15 06:00:00,88.32,88.57,88.13,88.33,7320.773
2026-03-15 07:00:00,88.34,88.53,88.13,88.21,5866.44197816
2026-03-15 08:00:00,88.22,88.53,88.15,88.49,4785.769
2026-03-15 09:00:00,88.49,88.86,88.43,88.56,8613.242
2026-03-15 10:00:00,88.55,88.71,88.39,88.47,3171.003
2026-03-15 11:00:00,88.48,88.67,88.26,88.57,4649.735
2026-03-15 12:00:00,88.57,88.57,88.2,88.26,4809.144
2026-03-15 13:00:00,88.27,88.39,87.38,87.85,14858.469
2026-03-15 14:00:00,87.84,88.0,87.57,87.97,7052.322
2026-03-15 15:00:00,87.98,88.11,87.77,87.91,5513.116
2026-03-15 16:00:00,87.91,88.05,87.47,87.54,7953.877
2026-03-15 17:00:00,87.54,88.8,87.51,88.43,7482.94053806
2026-03-15 18:00:00,88.44,88.71,87.86,87.93,10533.821
2026-03-15 19:00:00,87.91,88.29,87.83,88.2,6460.132
2026-03-15 20:00:00,88.2,89.01,87.99,88.76,10542.621
2026-03-15 21:00:00,88.8,90.27,88.58,89.96,16992.213
2026-03-15 22:00:00,90.0,92.91,89.84,92.61,47755.31195829
2026-03-15 23:00:00,92.64,93.21,91.61,92.3,33741.69899986
2026-03-16 00:00:00,92.31,93.07,91.89,92.0,19282.24099958
2026-03-16 01:00:00,92.03,92.22,91.49,92.04,14135.491
2026-03-16 02:00:00,92.1,92.26,91.18,91.49,10752.208
2026-03-16 03:00:00,91.47,93.95,91.29,93.14,34171.094
2026-03-16 04:00:00,93.17,94.25,92.95,93.61,31984.82705092
2026-03-16 05:00:00,93.63,94.31,93.22,94.04,27011.261
2026-03-16 06:00:00,94.03,94.25,93.16,93.4,19004.685
2026-03-16 07:00:00,93.41,93.86,93.33,93.54,18526.952
2026-03-16 08:00:00,93.55,94.0,92.57,92.85,25411.242
2026-03-16 09:00:00,92.86,93.46,92.74,93.29,11798.968
2026-03-16 10:00:00,93.31,93.95,93.27,93.89,12365.6
2026-03-16 11:00:00,93.89,93.98,93.53,93.75,11604.369
2026-03-16 12:00:00,93.75,94.19,93.38,93.76,25439.28
2026-03-16 13:00:00,93.79,95.12,93.43,93.67,29141.334
2026-03-16 14:00:00,93.7,94.52,92.38,93.6,41812.451
2026-03-16 15:00:00,93.61,94.33,93.09,93.19,24898.757
2026-03-16 16:00:00,93.21,94.05,93.14,93.8,20124.518
2026-03-16 17:00:00,93.82,94.39,93.71,94.08,18439.694
2026-03-16 18:00:00,94.06,95.09,94.05,94.38,21365.41862371
2026-03-16 19:00:00,94.39,95.48,94.17,95.23,24418.106
2026-03-16 20:00:00,95.21,95.97,95.06,95.78,16194.99995408
2026-03-16 21:00:00,95.76,96.88,95.49,96.18,21182.688
2026-03-16 22:00:00,96.17,97.68,96.17,96.36,28119.465
2026-03-16 23:00:00,96.37,96.47,95.43,96.18,19547.489
2026-03-17 00:00:00,96.19,96.96,95.13,95.51,39055.572
2026-03-17 01:00:00,95.5,96.08,94.96,95.73,31432.329
2026-03-17 02:00:00,95.73,95.87,94.91,95.15,16713.982
2026-03-17 03:00:00,95.15,95.29,93.72,94.07,25455.192
2026-03-17 04:00:00,94.07,94.26,93.22,93.81,19506.917
2026-03-17 05:00:00,93.8,94.09,93.37,93.81,12283.96999952
2026-03-17 06:00:00,93.81,94.32,93.48,93.92,13066.686
2026-03-17 07:00:00,93.9,94.65,93.87,94.44,8982.483
2026-03-17 08:00:00,94.44,94.96,94.29,94.41,11588.48
2026-03-17 09:00:00,94.41,95.08,93.71,93.91,17979.997
2026-03-17 10:00:00,93.91,94.06,93.26,93.57,26029.594
2026-03-17 11:00:00,93.58,93.93,93.41,93.66,11002.204
2026-03-17 12:00:00,93.67,94.08,93.16,93.41,12710.173
2026-03-17 13:00:00,93.39,94.56,93.36,93.79,30536.418
2026-03-17 14:00:00,93.81,94.69,93.5,94.52,23730.20633836
2026-03-17 15:00:00,94.5,95.13,93.25,93.83,23187.5487946
2026-03-17 16:00:00,93.83,94.78,93.73,94.38,18586.807
2026-03-17 17:00:00,94.38,94.72,94.14,94.57,14408.923
2026-03-17 18:00:00,94.57,95.6,94.46,95.33,17280.85074072
2026-03-17 19:00:00,95.33,95.55,94.62,94.67,14322.502
2026-03-17 20:00:00,94.67,95.03,94.41,94.9,9197.674
2026-03-17 21:00:00,94.89,95.44,94.84,95.23,7559.959
2026-03-17 22:00:00,95.26,95.62,94.58,95.32,12133.739
2026-03-17 23:00:00,95.32,95.44,94.6,94.61,9695.343
2026-03-18 00:00:00,94.61,94.92,94.1,94.53,14127.519
2026-03-18 01:00:00,94.59,94.93,94.33,94.43,10640.003
2026-03-18 02:00:00,94.42,95.22,94.41,94.94,9409.267
2026-03-18 03:00:00,94.94,95.65,94.83,95.06,9052.083
2026-03-18 04:00:00,95.06,95.11,94.03,94.14,11316.172
2026-03-18 05:00:00,94.13,94.39,93.75,93.94,10101.402
2026-03-18 06:00:00,93.93,94.64,93.93,94.24,8703.641
2026-03-18 07:00:00,94.23,94.29,93.8,93.95,9423.351
2026-03-18 08:00:00,93.95,94.25,93.94,94.04,6591.179
2026-03-18 09:00:00,94.04,94.44,93.96,94.28,8027.793
2026-03-18 10:00:00,94.28,94.43,93.49,93.85,8369.012
2026-03-18 11:00:00,93.85,94.07,91.8,92.02,44657.367
2026-03-18 12:00:00,92.0,92.03,90.33,90.43,34769.3
2026-03-18 13:00:00,90.44,90.75,89.91,90.32,33679.192
2026-03-18 14:00:00,90.33,90.39,88.86,88.96,33176.428
2026-03-18 15:00:00,88.98,89.45,88.57,89.39,31708.57
2026-03-18 16:00:00,89.36,89.36,88.63,88.98,21537.613
2026-03-18 17:00:00,88.97,90.34,88.83,89.94,14766.77350277
2026-03-18 18:00:00,89.93,90.86,89.4,89.59,33994.245
2026-03-18 19:00:00,89.58,90.07,89.45,89.69,15134.05
2026-03-18 20:00:00,89.7,90.12,88.99,89.99,16170.533
2026-03-18 21:00:00,89.97,90.62,89.93,90.47,9608.257
2026-03-18 22:00:00,90.46,90.48,89.94,90.04,8906.525
2026-03-18 23:00:00,90.03,90.17,89.7,90.08,7855.766
2026-03-19 00:00:00,90.08,90.3,89.84,90.12,8796.598
2026-03-19 01:00:00,90.13,90.38,89.94,90.2,7225.977
2026-03-19 02:00:00,90.19,90.39,89.79,89.99,7537.89398786
2026-03-19 03:00:00,89.99,91.4,89.93,90.75,15100.242
2026-03-19 04:00:00,90.74,90.74,89.76,89.91,14776.061
2026-03-19 05:00:00,89.91,90.15,89.68,89.75,8211.753
2026-03-19 06:00:00,89.77,90.12,89.53,89.88,11810.619
2026-03-19 07:00:00,89.87,90.04,88.64,89.42,24665.589
2026-03-19 08:00:00,89.42,89.63,89.1,89.32,15217.843
2026-03-19 09:00:00,89.35,90.38,89.17,90.2,16969.734
2026-03-19 10:00:00,90.2,90.47,89.79,89.82,8326.737
2026-03-19 11:00:00,89.82,90.03,89.47,89.6,8027.849
2026-03-19 12:00:00,89.6,89.62,88.03,88.08,16546.733
2026-03-19 13:00:00,88.12,88.72,87.56,88.51,30996.742
2026-03-19 14:00:00,88.52,88.91,87.45,88.24,23998.996
2026-03-19 15:00:00,88.21,88.75,87.15,87.62,21654.29
2026-03-19 16:00:00,87.64,87.81,86.99,87.7,17997.282
2026-03-19 17:00:00,87.69,88.35,87.08,88.14,15709.336
2026-03-19 18:00:00,88.12,88.32,87.68,88.14,8894.608
2026-03-19 19:00:00,88.14,89.26,88.12,88.72,24533.861
2026-03-19 20:00:00,88.71,89.2,88.66,88.98,6671.6462918
2026-03-19 21:00:00,88.97,89.32,88.89,89.14,6015.316
2026-03-19 22:00:00,89.13,89.17,88.39,88.77,9227.119
2026-03-19 23:00:00,88.78,89.19,88.6,88.88,8550.229
2026-03-20 00:00:00,88.9,89.41,88.88,89.41,8134.351
2026-03-20 01:00:00,89.42,89.79,89.34,89.48,8018.807
2026-03-20 02:00:00,89.48,89.59,88.9,89.32,7429.068
2026-03-20 03:00:00,89.32,89.7,89.24,89.57,8400.436
2026-03-20 04:00:00,89.57,89.75,88.73,89.3,7208.321
2026-03-20 05:00:00,89.28,89.53,88.87,89.34,8976.343
2026-03-20 06:00:00,89.37,89.37,88.94,89.11,6948.386
2026-03-20 07:00:00,89.09,89.5,88.52,89.38,10000.77
2026-03-20 08:00:00,89.38,90.45,89.33,89.79,15139.276
2026-03-20 09:00:00,89.77,89.78,88.65,88.97,12284.909
2026-03-20 10:00:00,88.98,89.47,88.61,89.33,9669.14
2026-03-20 11:00:00,89.32,89.59,88.88,89.13,7287.444
2026-03-20 12:00:00,89.17,89.52,89.03,89.15,9516.892
2026-03-20 13:00:00,89.15,89.64,88.62,88.84,20646.404
2026-03-20 14:00:00,88.79,89.75,88.51,88.93,25076.42925792
2026-03-20 15:00:00,88.93,89.31,88.62,88.95,19439.992
2026-03-20 16:00:00,88.95,89.21,88.62,88.92,12496.341
2026-03-20 17:00:00,88.92,89.03,88.14,88.89,15103.916
2026-03-20 18:00:00,88.9,88.99,88.17,88.57,14888.109
2026-03-20 19:00:00,88.57,89.05,88.23,88.98,12332.433
2026-03-20 20:00:00,89.0,89.37,88.67,89.0,8772.776
2026-03-20 21:00:00,89.02,90.02,88.92,89.59,9069.334
2026-03-20 22:00:00,89.6,90.25,89.6,90.11,7408.489
2026-03-20 23:00:00,90.11,90.14,89.74,89.83,7972.916
2026-03-21 00:00:00,89.85,90.24,89.85,90.03,4904.544
2026-03-21 01:00:00,90.03,90.33,89.73,89.88,4734.048
2026-03-21 02:00:00,89.87,90.64,89.76,90.46,6505.848
2026-03-21 03:00:00,90.46,90.59,90.32,90.44,9439.023
2026-03-21 04:00:00,90.47,90.79,90.17,90.27,4824.638
2026-03-21 05:00:00,90.28,90.52,89.96,89.99,3751.47299336
2026-03-21 06:00:00,89.97,90.31,89.93,90.15,3577.477
2026-03-21 07:00:00,90.16,90.39,89.93,90.11,3929.997
2026-03-21 08:00:00,90.13,90.13,89.83,90.0,4041.076
2026-03-21 09:00:00,89.99,90.39,89.97,90.19,4170.167
2026-03-21 10:00:00,90.19,90.23,89.9,89.96,3223.43296783
2026-03-21 11:00:00,89.98,90.01,89.84,89.94,2781.115
2026-03-21 12:00:00,89.96,90.2,89.89,90.18,3744.84672257
2026-03-21 13:00:00,90.18,90.29,89.98,90.04,2506.794
2026-03-21 14:00:00,90.04,90.42,89.65,89.68,6097.038
2026-03-21 15:00:00,89.68,89.93,89.39,89.82,7404.844
2026-03-21 16:00:00,89.83,89.99,89.56,89.68,4983.205
2026-03-21 17:00:00,89.69,89.7,89.41,89.57,4182.677
2026-03-21 18:00:00,89.56,89.93,89.55,89.78,3509.994
2026-03-21 19:00:00,89.78,89.89,89.7,89.8,2117.183
2026-03-21 20:00:00,89.8,90.32,89.78,90.15,4545.441
2026-03-21 21:00:00,90.16,90.22,89.93,90.01,3763.425
2026-03-21 22:00:00,90.0,90.05,89.79,89.9,3525.309
2026-03-21 23:00:00,89.9,89.9,87.15,87.56,25358.994
2026-03-22 00:00:00,87.54,87.76,86.28,87.32,34079.923
2026-03-22 01:00:00,87.33,87.7,86.99,87.45,12744.651
2026-03-22 02:00:00,87.47,88.47,87.41,88.17,11398.943
2026-03-22 03:00:00,88.16,89.16,87.78,88.67,11411.665
2026-03-22 04:00:00,88.67,89.19,88.6,89.02,12952.369
2026-03-22 05:00:00,89.02,89.02,88.45,88.48,6616.477
2026-03-22 06:00:00,88.48,88.48,88.14,88.21,4222.206
2026-03-22 07:00:00,88.2,88.33,87.68,87.7,5674.12
2026-03-22 08:00:00,87.71,87.71,86.87,87.38,13118.563
2026-03-22 09:00:00,87.36,87.65,87.18,87.33,6662.286
2026-03-22 10:00:00,87.32,87.5,87.25,87.34,4376.403
2026-03-22 11:00:00,87.33,87.46,86.86,86.86,8911.426
2026-03-22 12:00:00,86.86,87.46,86.82,87.26,8019.43
2026-03-22 13:00:00,87.27,87.71,87.03,87.35,6108.555
2026-03-22 14:00:00,87.33,87.58,87.05,87.21,5225.368
2026-03-22 15:00:00,87.21,87.59,87.19,87.58,5279.099
2026-03-22 16:00:00,87.58,87.7,87.26,87.49,5613.80515884
2026-03-22 17:00:00,87.48,87.55,87.2,87.28,4806.682
2026-03-22 18:00:00,87.27,87.32,86.51,87.02,5873.104
2026-03-22 19:00:00,87.02,87.02,86.59,86.86,7851.733
2026-03-22 20:00:00,86.87,87.19,86.54,86.6,6262.774
2026-03-22 21:00:00,86.6,86.64,85.11,85.99,24827.063
2026-03-22 22:00:00,85.99,86.78,85.52,86.74,20976.05
2026-03-22 23:00:00,86.75,87.02,86.02,86.2,10969.68
2026-03-23 00:00:00,86.22,86.61,85.49,85.89,13347.263
2026-03-23 01:00:00,85.94,86.6,85.76,86.09,16953.587
2026-03-23 02:00:00,86.12,86.97,86.06,86.72,10109.53
2026-03-23 03:00:00,86.71,87.2,86.39,86.39,9079.185
2026-03-23 04:00:00,86.41,86.92,86.33,86.92,6746.234
2026-03-23 05:00:00,86.92,87.32,86.85,87.16,12007.637
2026-03-23 06:00:00,87.18,87.18,85.45,85.74,14601.67
2026-03-23 07:00:00,85.75,86.23,85.11,85.96,19411.529
2026-03-23 08:00:00,86.0,86.45,85.85,85.96,14610.87
2026-03-23 09:00:00,85.96,86.01,85.19,85.76,9477.864
2026-03-23 10:00:00,85.76,86.33,85.65,86.08,10618.738
2026-03-23 11:00:00,86.06,91.93,86.05,88.73,127089.433115
2026-03-23 12:00:00,88.78,90.48,88.34,90.25,40240.308
2026-03-23 13:00:00,90.24,91.49,89.9,91.34,33910.271
2026-03-23 14:00:00,91.35,91.72,91.07,91.51,30518.596
2026-03-23 15:00:00,91.51,92.26,89.8,89.95,34288.622
2026-03-23 16:00:00,89.95,90.45,89.41,90.32,28046.092
2026-03-23 17:00:00,90.36,91.39,89.7,91.28,22252.787
2026-03-23 18:00:00,91.28,91.8,90.96,91.62,14844.636
2026-03-23 19:00:00,91.64,91.91,91.25,91.42,13838.527
2026-03-23 20:00:00,91.39,92.01,91.25,91.79,9226.605
2026-03-23 21:00:00,91.79,91.96,91.51,91.61,6252.984
2026-03-23 22:00:00,91.61,91.89,91.19,91.54,9771.622
2026-03-23 23:00:00,91.52,91.56,90.98,91.46,9395.64
2026-03-24 00:00:00,91.44,91.66,90.61,91.01,12285.558
2026-03-24 01:00:00,90.99,91.03,90.15,90.41,10967.437
2026-03-24 02:00:00,90.4,90.76,90.13,90.15,10297.064
2026-03-24 03:00:00,90.14,90.35,89.97,90.35,9281.8466978
2026-03-24 04:00:00,90.35,90.83,90.15,90.35,8295.22729863
2026-03-24 05:00:00,90.35,90.4,89.99,90.13,11379.559
2026-03-24 06:00:00,90.13,90.53,90.06,90.47,7943.83199861
2026-03-24 07:00:00,90.47,91.87,90.4,91.71,23319.29
2026-03-24 08:00:00,91.72,91.93,91.27,91.59,13516.163
2026-03-24 09:00:00,91.58,92.15,91.13,92.13,9974.36970702
2026-03-24 10:00:00,92.13,92.22,91.73,91.84,6196.202
2026-03-24 11:00:00,91.85,92.17,91.36,91.77,8806.347
2026-03-24 12:00:00,91.77,91.84,91.37,91.59,4992.946
2026-03-24 13:00:00,91.58,91.74,89.56,89.88,21612.1777621
2026-03-24 14:00:00,89.82,90.22,88.71,89.57,21092.875
2026-03-24 15:00:00,89.6,90.3,89.52,89.75,6402.95995326
2026-03-24 16:00:00,89.74,89.96,89.07,89.29,5762.906
2026-03-24 17:00:00,89.31,89.4,88.73,89.16,11928.197
2026-03-24 18:00:00,89.2,89.7,88.9,88.92,8829.73196008
2026-03-24 19:00:00,88.92,89.29,88.44,88.52,7533.296
2026-03-24 20:00:00,88.52,90.25,88.52,90.03,12304.89613393
2026-03-24 21:00:00,90.08,90.6,89.7,90.39,6787.43361867
2026-03-24 22:00:00,90.41,90.76,90.08,90.34,6640.299
2026-03-24 23:00:00,90.34,91.14,90.23,90.81,7487.03
2026-03-25 00:00:00,90.82,91.6,90.73,91.32,6329.756
2026-03-25 01:00:00,91.32,91.46,90.94,90.94,5770.92494608
2026-03-25 02:00:00,90.94,91.49,90.82,91.11,4078.301
2026-03-25 03:00:00,91.11,91.93,90.79,91.69,6056.737
2026-03-25 04:00:00,91.68,92.09,91.59,92.04,5872.91
2026-03-25 05:00:00,92.05,92.92,91.97,92.4,10651.509
2026-03-25 06:00:00,92.4,92.9,92.27,92.37,9824.66
2026-03-25 07:00:00,92.39,92.5,91.77,91.8,4592.104
2026-03-25 08:00:00,91.82,92.73,91.73,92.35,10483.046
2026-03-25 09:00:00,92.35,92.64,92.13,92.53,6604.22
2026-03-25 10:00:00,92.58,92.69,92.39,92.64,6885.646
2026-03-25 11:00:00,92.64,93.44,92.45,92.97,11856.07299979
2026-03-25 12:00:00,93.0,93.42,92.34,93.04,10643.808
2026-03-25 13:00:00,93.05,93.41,92.7,92.73,9438.572
2026-03-25 14:00:00,92.73,92.9,91.91,91.93,14703.478
2026-03-25 15:00:00,91.95,92.07,91.01,91.77,8617.602
2026-03-25 16:00:00,91.78,92.7,91.59,92.22,9798.24898743
2026-03-25 17:00:00,92.22,92.33,91.61,91.7,8533.534
2026-03-25 18:00:00,91.74,92.19,91.47,91.67,7161.88899937
2026-03-25 19:00:00,91.7,91.98,91.43,91.76,5384.729
2026-03-25 20:00:00,91.77,91.77,91.12,91.48,4697.674
2026-03-25 21:00:00,91.49,91.62,91.16,91.27,4861.589
2026-03-25 22:00:00,91.3,91.94,91.03,91.74,7686.499
2026-03-25 23:00:00,91.74,91.83,91.48,91.71,4420.724
2026-03-26 00:00:00,91.7,91.97,91.5,91.67,4872.907
2026-03-26 01:00:00,91.71,91.94,91.61,91.85,4513.52872826
2026-03-26 02:00:00,91.84,91.85,90.67,90.96,7311.328
2026-03-26 03:00:00,90.94,91.16,90.61,91.07,5690.952
2026-03-26 04:00:00,91.07,91.07,90.68,90.83,2750.421
2026-03-26 05:00:00,90.82,90.84,89.14,89.26,15918.135
2026-03-26 06:00:00,89.26,89.31,88.9,89.06,10749.639
2026-03-26 07:00:00,89.06,89.36,88.82,89.1,8275.966
2026-03-26 08:00:00,89.11,89.11,88.67,88.88,5418.283
2026-03-26 09:00:00,88.88,89.02,87.76,88.14,13722.015
2026-03-26 10:00:00,88.13,88.34,87.79,87.95,7125.843
2026-03-26 11:00:00,87.96,88.11,87.46,87.57,8120.085
2026-03-26 12:00:00,87.59,87.8,87.37,87.59,8564.165
2026-03-26 13:00:00,87.59,88.25,87.34,87.91,11025.944
2026-03-26 14:00:00,87.94,88.17,87.18,87.58,8861.649
2026-03-26 15:00:00,87.55,87.82,86.72,87.54,14207.393
2026-03-26 16:00:00,87.55,87.74,87.14,87.21,7708.292
2026-03-26 17:00:00,87.2,87.5,86.53,86.63,6393.219
2026-03-26 18:00:00,86.63,86.82,85.75,86.07,14784.169
2026-03-26 19:00:00,86.08,86.08,85.48,85.49,8458.303
2026-03-26 20:00:00,85.49,87.16,85.46,86.35,26820.679
2026-03-26 21:00:00,86.34,87.14,86.23,86.85,8223.118
2026-03-26 22:00:00,86.88,86.9,86.22,86.81,13945.80699959
2026-03-26 23:00:00,86.82,86.94,86.22,86.53,18582.437
2026-03-27 00:00:00,86.55,86.81,86.19,86.54,6506.01
2026-03-27 01:00:00,86.58,86.9,86.46,86.88,4811.881
2026-03-27 02:00:00,86.9,87.03,86.53,86.7,5179.41572099
2026-03-27 03:00:00,86.75,86.78,86.35,86.43,5594.028
2026-03-27 04:00:00,86.42,86.44,85.74,86.18,10923.87499966
2026-03-27 05:00:00,86.18,86.77,85.96,86.1,4374.23296112
2026-03-27 06:00:00,86.12,86.39,85.94,86.06,5278.264
2026-03-27 07:00:00,86.07,86.34,85.7,85.93,6416.13592785
2026-03-27 08:00:00,85.93,86.11,84.37,85.13,32541.9
2026-03-27 09:00:00,85.13,85.25,84.43,85.08,9951.526
2026-03-27 10:00:00,85.1,85.14,82.69,83.01,31623.153
2026-03-27 11:00:00,83.06,83.63,82.68,83.39,14010.349703496266
2026-03-27 12:00:00,83.41,83.42,83.06,83.11,11030.868
2026-03-27 13:00:00,83.11,83.53,82.47,82.92,23940.48819976
2026-03-27 14:00:00,82.93,83.33,82.62,83.19,12622.636
2026-03-27 15:00:00,83.19,84.03,83.0,83.36,18345.994
2026-03-27 16:00:00,83.35,83.38,82.67,83.03,11085.58492938
2026-03-27 17:00:00,83.08,83.43,82.11,82.24,13240.885
2026-03-27 18:00:00,82.25,82.5,81.87,82.4,9381.794
2026-03-27 19:00:00,82.4,82.89,82.08,82.83,7222.389
2026-03-27 20:00:00,82.81,82.96,82.38,82.79,4420.06699738
2026-03-27 21:00:00,82.79,83.04,82.7,82.76,5737.99
2026-03-27 22:00:00,82.77,82.83,82.54,82.73,4532.302
2026-03-27 23:00:00,82.74,83.13,82.47,83.12,5785.984
2026-03-28 00:00:00,83.11,83.11,82.75,82.87,4456.93138847
2026-03-28 01:00:00,82.87,82.88,82.26,82.66,6473.24799178
2026-03-28 02:00:00,82.68,82.94,82.39,82.57,6234.695
2026-03-28 03:00:00,82.58,82.73,82.53,82.61,3183.547
2026-03-28 04:00:00,82.61,82.79,82.42,82.57,5114.329
2026-03-28 05:00:00,82.58,82.8,82.39,82.76,4113.4688128
2026-03-28 06:00:00,82.76,83.28,82.67,83.19,6067.91
2026-03-28 07:00:00,83.19,83.66,83.18,83.61,4057.306
2026-03-28 08:00:00,83.62,83.71,83.39,83.41,7993.512
2026-03-28 09:00:00,83.4,83.4,82.95,83.06,4128.344
2026-03-28 10:00:00,83.06,83.35,82.72,83.02,4758.621
2026-03-28 11:00:00,83.02,83.07,82.91,82.95,3764.846
2026-03-28 12:00:00,82.95,83.21,82.61,82.68,6862.822
2026-03-28 13:00:00,82.67,84.13,82.67,83.38,16803.472
2026-03-28 14:00:00,83.37,83.53,83.01,83.22,9139.282
2026-03-28 15:00:00,83.23,84.28,83.21,83.81,13833.831
2026-03-28 16:00:00,83.83,83.97,83.51,83.59,12410.546
2026-03-28 17:00:00,83.57,83.74,83.16,83.33,9569.28090553
2026-03-28 18:00:00,83.32,83.52,83.3,83.39,4250.06091474
2026-03-28 19:00:00,83.39,83.42,83.04,83.28,3083.66599732
2026-03-28 20:00:00,83.29,83.53,83.29,83.42,3736.857
2026-03-28 21:00:00,83.41,83.44,82.39,82.72,6815.984
2026-03-28 22:00:00,82.71,82.91,82.48,82.79,4751.431
2026-03-28 23:00:00,82.8,82.8,81.71,82.1,6714.198
2026-03-29 00:00:00,82.09,82.27,81.87,82.23,4623.949
2026-03-29 01:00:00,82.22,82.52,82.1,82.47,5945.355
2026-03-29 02:00:00,82.48,82.84,82.42,82.76,3514.58
2026-03-29 03:00:00,82.78,83.25,82.71,83.02,4808.354
2026-03-29 04:00:00,83.02,83.03,82.74,82.77,2936.433
2026-03-29 05:00:00,82.78,82.87,82.43,82.72,4433.166
2026-03-29 06:00:00,82.72,82.82,82.32,82.5,3306.968
2026-03-29 07:00:00,82.5,82.62,82.24,82.47,3065.31225246
2026-03-29 08:00:00,82.46,82.61,82.36,82.45,9295.06
2026-03-29 09:00:00,82.45,82.53,82.16,82.35,5175.584
2026-03-29 10:00:00,82.35,82.35,81.98,82.13,5101.098
2026-03-29 11:00:00,82.12,82.83,82.12,82.59,4685.591
2026-03-29 12:00:00,82.59,82.64,82.23,82.46,1942.984
2026-03-29 13:00:00,82.46,82.47,81.71,81.91,6016.676
2026-03-29 14:00:00,81.94,82.43,81.72,81.94,6782.464
2026-03-29 15:00:00,81.97,82.15,81.38,81.82,9323.89686833
2026-03-29 16:00:00,81.82,82.12,81.64,81.7,5579.044
2026-03-29 17:00:00,81.7,81.84,81.17,81.57,8968.549
2026-03-29 18:00:00,81.57,81.92,81.39,81.8,5459.15262085
2026-03-29 19:00:00,81.81,81.86,81.55,81.61,4272.765
2026-03-29 20:00:00,81.61,82.22,81.6,81.94,5094.44
2026-03-29 21:00:00,81.93,82.22,81.84,82.16,5692.733
2026-03-29 22:00:00,82.15,82.15,78.95,80.91,34944.44572194
2026-03-29 23:00:00,80.94,81.7,80.9,81.45,13186.70896565
2026-03-30 00:00:00,81.45,83.01,81.14,81.92,18131.363
2026-03-30 01:00:00,81.9,82.88,81.9,82.71,10659.379
2026-03-30 02:00:00,82.73,83.93,82.48,83.35,17420.066
2026-03-30 03:00:00,83.34,83.54,82.94,83.27,13455.774
2026-03-30 04:00:00,83.29,83.86,83.28,83.79,7666.375
2026-03-30 05:00:00,83.79,84.18,83.49,83.65,15112.963
2026-03-30 06:00:00,83.61,83.86,83.42,83.48,6149.179
2026-03-30 07:00:00,83.45,84.27,83.37,84.02,10884.504
2026-03-30 08:00:00,84.03,84.88,84.01,84.52,17110.89
2026-03-30 09:00:00,84.52,84.52,84.09,84.13,8583.442
2026-03-30 10:00:00,84.15,84.21,83.61,83.91,7761.957
2026-03-30 11:00:00,83.92,84.68,83.87,84.25,13977.629
2026-03-30 12:00:00,84.27,84.6,84.1,84.49,9069.827630089072
2026-03-30 13:00:00,84.52,84.97,83.94,84.0,13545.785
2026-03-30 14:00:00,84.05,84.64,83.67,84.4,14120.63510702
2026-03-30 15:00:00,84.43,84.75,83.88,84.5,9790.29199935
2026-03-30 16:00:00,84.5,84.53,83.9,84.2,6510.389
2026-03-30 17:00:00,84.22,84.41,83.1,83.25,8257.637
2026-03-30 18:00:00,83.26,83.43,82.46,82.69,6420.653
2026-03-30 19:00:00,82.7,82.7,81.97,82.4,10765.86399862
2026-03-30 20:00:00,82.38,82.9,82.36,82.8,7110.48949434
2026-03-30 21:00:00,82.76,83.68,82.7,83.16,14263.637
2026-03-30 22:00:00,83.16,83.49,82.65,82.82,4806.6409038
2026-03-30 23:00:00,82.8,82.82,82.15,82.52,8001.578
2026-03-31 00:00:00,82.56,82.96,82.16,82.7,6922.72903319
2026-03-31 01:00:00,82.74,84.6,82.61,83.83,14245.281
2026-03-31 02:00:00,83.84,84.06,83.59,83.83,3772.725
2026-03-31 03:00:00,83.82,83.91,83.28,83.59,5459.707
2026-03-31 04:00:00,83.61,83.91,83.3,83.34,7297.228
2026-03-31 05:00:00,83.34,83.77,82.92,83.77,6320.303
2026-03-31 06:00:00,83.77,83.8,83.06,83.4,7962.059
2026-03-31 07:00:00,83.42,83.42,82.7,83.1,9819.719
2026-03-31 08:00:00,83.1,83.35,82.25,82.25,7906.995
2026-03-31 09:00:00,82.25,82.46,80.13,80.56,21965.116
2026-03-31 10:00:00,80.55,80.94,80.36,80.47,14073.46
2026-03-31 11:00:00,80.48,80.97,80.29,80.87,17380.725
2026-03-31 12:00:00,80.87,81.09,80.41,80.79,12687.17717694
2026-03-31 13:00:00,80.83,82.04,80.77,81.86,14846.089
2026-03-31 14:00:00,81.85,82.57,80.41,80.63,22086.706
2026-03-31 15:00:00,80.65,81.68,80.65,80.89,15789.47927817
2026-03-31 16:00:00,80.89,82.91,80.89,82.39,25844.05
2026-03-31 17:00:00,82.39,83.46,82.2,82.39,24485.846
2026-03-31 18:00:00,82.42,83.09,82.41,82.89,8852.253
2026-03-31 19:00:00,82.89,82.98,82.47,82.7,6921.111
2026-03-31 20:00:00,82.7,83.39,82.62,83.18,6998.895
2026-03-31 21:00:00,83.18,83.18,82.64,82.87,5175.223
2026-03-31 22:00:00,82.86,82.91,82.34,82.76,5081.478
2026-03-31 23:00:00,82.78,83.26,82.67,83.21,6699.583
2026-04-01 00:00:00,83.2,83.59,82.86,83.39,7320.497
2026-04-01 01:00:00,83.42,83.47,82.71,82.74,5423.785
2026-04-01 02:00:00,82.77,82.9,82.49,82.64,4579.216
2026-04-01 03:00:00,82.65,83.52,82.65,83.44,7291.862
2026-04-01 04:00:00,83.44,83.83,83.26,83.74,8119.181
2026-04-01 05:00:00,83.75,84.3,83.37,84.13,11900.48599937
2026-04-01 06:00:00,84.13,84.73,84.04,84.46,15286.17169918
2026-04-01 07:00:00,84.5,84.75,83.83,83.84,8417.629
2026-04-01 08:00:00,83.85,84.06,83.44,83.63,10278.686
2026-04-01 09:00:00,83.62,83.76,83.17,83.4,5648.935
2026-04-01 10:00:00,83.4,83.48,83.08,83.39,5888.021
2026-04-01 11:00:00,83.38,83.57,83.19,83.38,3386.538
2026-04-01 12:00:00,83.38,83.72,82.81,83.03,14370.563
2026-04-01 13:00:00,83.05,83.43,82.41,82.67,14987.093
2026-04-01 14:00:00,82.67,83.56,82.53,83.39,16646.333
2026-04-01 15:00:00,83.38,83.88,83.1,83.63,8194.006
2026-04-01 16:00:00,83.63,85.33,83.09,85.25,23956.926
2026-04-01 17:00:00,85.27,86.62,84.27,84.44,37170.026
2026-04-01 18:00:00,84.46,84.5,83.56,83.65,16660.76171066
2026-04-01 19:00:00,83.65,84.42,83.65,83.83,10074.89499762
2026-04-01 20:00:00,83.83,83.88,82.31,82.57,18532.832
2026-04-01 21:00:00,82.57,83.17,81.4,81.86,13315.195
2026-04-01 22:00:00,81.85,81.94,80.78,81.15,22189.177
2026-04-01 23:00:00,81.18,81.43,81.0,81.19,7263.223
2026-04-02 00:00:00,81.19,81.76,80.93,81.63,10432.68348077
2026-04-02 01:00:00,81.62,81.62,78.97,79.34,58114.81220343
2026-04-02 02:00:00,79.34,79.34,78.33,78.86,25613.58
2026-04-02 03:00:00,78.87,79.41,78.7,79.01,24420.842
2026-04-02 04:00:00,79.01,79.19,78.77,78.85,10917.818
2026-04-02 05:00:00,78.84,79.45,78.63,79.28,9579.948
2026-04-02 06:00:00,79.27,79.44,78.96,79.14,7859.156
2026-04-02 07:00:00,79.14,79.66,79.01,79.64,7930.503
2026-04-02 08:00:00,79.65,79.65,79.06,79.1,7017.092
2026-04-02 09:00:00,79.11,79.36,78.94,79.26,4848.0584169
2026-04-02 10:00:00,79.27,79.31,78.79,78.9,7285.31699804
2026-04-02 11:00:00,78.91,78.99,78.21,78.34,16072.019
2026-04-02 12:00:00,78.34,78.59,77.9,77.97,15599.30666571
2026-04-02 13:00:00,77.98,78.23,76.71,77.75,28954.205
2026-04-02 14:00:00,77.75,79.71,77.52,79.09,51653.6422987953
2026-04-02 15:00:00,79.07,79.25,78.37,79.04,25059.17599849
2026-04-02 16:00:00,79.06,79.86,78.72,79.44,29040.972
2026-04-02 17:00:00,79.43,79.66,78.56,78.59,20693.234
2026-04-02 18:00:00,78.59,79.28,78.44,79.13,9743.8679962
2026-04-02 19:00:00,79.15,79.27,78.7,78.98,18174.679
2026-04-02 20:00:00,78.98,79.36,78.78,79.17,16082.341
2026-04-02 21:00:00,79.17,79.23,78.63,78.97,14651.209
2026-04-02 22:00:00,78.93,79.13,78.74,78.97,15551.527307947279
2026-04-02 23:00:00,78.98,79.15,78.81,78.94,23744.855
2026-04-03 00:00:00,78.97,79.37,78.9,79.2,9896.439
2026-04-03 01:00:00,79.2,79.79,79.0,79.18,8550.198
2026-04-03 02:00:00,79.18,79.58,78.87,79.34,9333.324
2026-04-03 03:00:00,79.35,79.44,79.02,79.02,7159.639
2026-04-03 04:00:00,79.01,79.53,79.0,79.31,9082.148
2026-04-03 05:00:00,79.32,79.65,79.06,79.32,5643.436
2026-04-03 06:00:00,79.33,79.71,79.22,79.66,5365.42
2026-04-03 07:00:00,79.66,80.16,79.46,79.95,5215.921
2026-04-03 08:00:00,79.97,80.12,79.65,79.77,4707.50220769
2026-04-03 09:00:00,79.78,80.2,79.7,79.97,3360.475
2026-04-03 10:00:00,79.96,80.18,79.71,80.16,4513.053
2026-04-03 11:00:00,80.17,80.45,79.9,80.18,7127.132
2026-04-03 12:00:00,80.19,80.9,79.24,79.34,26394.408
2026-04-03 13:00:00,79.35,79.62,79.18,79.62,4327.304
2026-04-03 14:00:00,79.61,80.32,79.44,80.26,7336.47
2026-04-03 15:00:00,80.22,80.64,80.16,80.32,16679.3
2026-04-03 16:00:00,80.33,80.65,80.25,80.55,7519.728
2026-04-03 17:00:00,80.56,80.56,79.91,80.2,5931.263
2026-04-03 18:00:00,80.19,80.44,80.09,80.11,3138.71
2026-04-03 19:00:00,80.14,80.29,79.86,80.17,3551.741
2026-04-03 20:00:00,80.2,80.32,80.16,80.19,2052.739
2026-04-03 21:00:00,80.2,80.69,80.12,80.41,4935.175
2026-04-03 22:00:00,80.4,80.49,79.96,80.15,6184.684
2026-04-03 23:00:00,80.15,80.53,80.13,80.4,4924.008
2026-04-04 00:00:00,80.39,80.41,80.15,80.22,3477.473
2026-04-04 01:00:00,80.23,80.33,80.07,80.14,2520.2819979
2026-04-04 02:00:00,80.13,80.3,80.09,80.18,2437.736
2026-04-04 03:00:00,80.18,80.27,80.17,80.18,1388.847
2026-04-04 04:00:00,80.17,80.31,80.15,80.26,1793.09
2026-04-04 05:00:00,80.26,80.28,80.13,80.18,2384.229
2026-04-04 06:00:00,80.2,80.53,80.16,80.47,2502.481
2026-04-04 07:00:00,80.48,80.48,80.22,80.31,2098.122
2026-04-04 08:00:00,80.32,80.39,79.94,79.99,2383.936
2026-04-04 09:00:00,79.99,80.09,79.92,80.04,1743.29375101
2026-04-04 10:00:00,80.04,80.28,80.01,80.22,3058.609
2026-04-04 11:00:00,80.23,80.29,80.04,80.2,2200.631
2026-04-04 12:00:00,80.2,80.25,80.02,80.1,3944.338
2026-04-04 13:00:00,80.11,80.24,79.93,80.04,4121.46498538
2026-04-04 14:00:00,80.04,80.37,79.59,80.36,5604.968
2026-04-04 15:00:00,80.35,81.6,80.28,81.1,23989.96999253
2026-04-04 16:00:00,81.11,81.34,80.73,80.73,10588.5719853
2026-04-04 17:00:00,80.74,81.02,80.64,80.92,4197.74
2026-04-04 18:00:00,80.94,81.12,80.73,80.83,4417.778
2026-04-04 19:00:00,80.84,81.32,80.76,80.86,6732.941
2026-04-04 20:00:00,80.86,80.86,80.63,80.8,7429.296
2026-04-04 21:00:00,80.82,81.04,80.78,80.92,7512.053
2026-04-04 22:00:00,80.95,81.05,80.88,80.99,8975.226
2026-04-04 23:00:00,81.0,81.0,80.7,80.81,3119.967
2026-04-05 00:00:00,80.84,80.85,80.55,80.69,3672.052
2026-04-05 01:00:00,80.71,80.77,80.49,80.5,1768.203
2026-04-05 02:00:00,80.48,80.63,80.37,80.59,1826.9
2026-04-05 03:00:00,80.59,80.62,80.41,80.55,937.45199104
2026-04-05 04:00:00,80.56,80.56,80.29,80.3,1343.099
2026-04-05 05:00:00,80.32,80.41,80.15,80.29,3044.252
2026-04-05 06:00:00,80.3,80.37,79.42,79.61,10100.329
2026-04-05 07:00:00,79.62,79.88,79.53,79.61,3576.364
2026-04-05 08:00:00,79.6,79.71,79.55,79.62,2071.531
2026-04-05 09:00:00,79.65,79.88,79.65,79.87,2319.92
2026-04-05 10:00:00,79.85,80.23,79.79,79.84,2965.357
2026-04-05 11:00:00,79.85,79.93,79.77,79.92,2266.374
2026-04-05 12:00:00,79.91,79.95,78.81,79.01,8285.422
2026-04-05 13:00:00,79.01,79.25,78.53,79.2,5209.574
2026-04-05 14:00:00,79.21,79.48,79.15,79.29,7941.02
2026-04-05 15:00:00,79.3,80.32,79.01,79.59,23898.912
2026-04-05 16:00:00,79.6,79.8,79.4,79.45,5846.48699993
2026-04-05 17:00:00,79.46,79.93,79.38,79.9,3585.607
2026-04-05 18:00:00,79.89,80.11,79.72,79.95,3802.098
2026-04-05 19:00:00,79.96,80.22,79.54,79.82,3055.317
2026-04-05 20:00:00,79.84,80.22,79.81,80.15,3699.595
2026-04-05 21:00:00,80.16,80.19,79.52,79.75,5095.629
2026-04-05 22:00:00,79.75,80.68,79.13,80.56,25384.741
2026-04-05 23:00:00,80.56,82.13,80.46,81.88,23496.74899863
2026-04-06 00:00:00,81.9,82.96,81.9,82.34,21244.32206019
2026-04-06 01:00:00,82.34,82.41,81.67,81.67,9215.55
2026-04-06 02:00:00,81.7,82.8,81.66,82.44,16141.971
2026-04-06 03:00:00,82.41,82.48,81.96,82.08,11618.127
2026-04-06 04:00:00,82.11,82.33,81.8,81.99,4364.601000009188
2026-04-06 05:00:00,82.0,82.08,81.85,81.92,3306.258
2026-04-06 06:00:00,81.92,82.13,80.98,81.49,9912.218
2026-04-06 07:00:00,81.52,81.97,81.33,81.81,7186.08568302
2026-04-06 08:00:00,81.82,82.24,81.71,81.99,7288.021
2026-04-06 09:00:00,82.0,83.17,81.9,82.45,18878.45299732
2026-04-06 10:00:00,82.48,82.89,82.47,82.67,12870.619
2026-04-06 11:00:00,82.67,82.67,82.33,82.45,9408.27930384
2026-04-06 12:00:00,82.46,82.52,82.2,82.27,4447.899
2026-04-06 13:00:00,82.3,82.67,82.2,82.46,14832.611998342265
2026-04-06 14:00:00,82.47,82.8,81.75,82.24,24098.90300000156
2026-04-06 15:00:00,82.22,82.44,82.01,82.27,6521.547
2026-04-06 16:00:00,82.29,82.46,81.6,81.61,7142.135
2026-04-06 17:00:00,81.61,81.79,81.19,81.65,4238.419
2026-04-06 18:00:00,81.65,82.22,81.56,81.88,5279.215
2026-04-06 19:00:00,81.88,81.98,81.56,81.9,2872.056
2026-04-06 20:00:00,81.93,82.15,81.83,82.0,2616.17
2026-04-06 21:00:00,81.99,81.99,81.39,81.48,2866.361
2026-04-06 22:00:00,81.46,81.49,80.17,80.18,6024.456
2026-04-06 23:00:00,80.18,80.24,79.61,80.02,14353.615
2026-04-07 00:00:00,79.98,80.21,79.61,79.91,7521.424
2026-04-07 01:00:00,79.87,80.13,79.38,79.53,8140.71889911
2026-04-07 02:00:00,79.5,79.89,79.48,79.71,10034.931
2026-04-07 03:00:00,79.74,79.91,79.7,79.8,5645.113
2026-04-07 04:00:00,79.8,80.14,79.68,79.93,10483.604
2026-04-07 05:00:00,79.94,79.94,79.46,79.6,4126.0049954
2026-04-07 06:00:00,79.59,79.63,79.31,79.53,3460.394
2026-04-07 07:00:00,79.54,79.93,79.46,79.87,3570.335
2026-04-07 08:00:00,79.87,80.35,79.84,80.15,7213.475
2026-04-07 09:00:00,80.16,80.6,80.15,80.36,5399.995
2026-04-07 10:00:00,80.38,80.45,79.23,79.36,12160.389
2026-04-07 11:00:00,79.37,79.54,78.97,79.23,8866.281
2026-04-07 12:00:00,79.22,79.38,78.67,79.14,27099.133
2026-04-07 13:00:00,79.14,79.23,78.84,78.87,9955.874
2026-04-07 14:00:00,78.88,79.06,78.41,78.6,14297.456
2026-04-07 15:00:00,78.58,78.97,78.39,78.86,18207.396
2026-04-07 16:00:00,78.85,79.16,78.67,78.9,38735.29465063
2026-04-07 17:00:00,78.89,80.98,78.83,80.06,31642.011
2026-04-07 18:00:00,80.06,80.19,79.51,79.92,5394.063
2026-04-07 19:00:00,79.89,81.81,79.89,81.62,33180.379
2026-04-07 20:00:00,81.62,82.45,81.62,81.92,15476.146
2026-04-07 21:00:00,81.93,83.23,81.87,82.93,19612.78199403
2026-04-07 22:00:00,82.93,85.23,82.93,85.23,61461.94814034
2026-04-07 23:00:00,85.24,87.0,85.12,85.56,66933.966
2026-04-08 00:00:00,85.56,85.89,84.26,84.75,25309.78491062
2026-04-08 01:00:00,84.76,84.97,84.44,84.68,7926.888
2026-04-08 02:00:00,84.69,84.96,84.4,84.59,8388.21892258
2026-04-08 03:00:00,84.59,84.67,84.38,84.55,5122.015
2026-04-08 04:00:00,84.54,85.04,84.5,84.53,9610.198
2026-04-08 05:00:00,84.5,84.74,84.15,84.15,5175.582000007734
2026-04-08 06:00:00,84.21,84.7,83.85,84.53,8130.115
2026-04-08 07:00:00,84.54,84.69,84.21,84.5,6110.861
2026-04-08 08:00:00,84.52,84.87,84.43,84.86,4157.659
2026-04-08 09:00:00,84.86,84.96,84.54,84.67,3787.297
2026-04-08 10:00:00,84.68,84.78,84.49,84.5,4678.05
2026-04-08 11:00:00,84.49,84.83,84.13,84.44,15314.097
2026-04-08 12:00:00,84.45,84.67,84.11,84.52,6528.97399593
2026-04-08 13:00:00,84.53,84.98,83.91,84.05,20322.97785349
2026-04-08 14:00:00,84.04,84.16,82.51,82.9,26916.214
2026-04-08 15:00:00,82.9,83.46,82.79,83.33,8283.23599953
2026-04-08 16:00:00,83.31,83.6,83.05,83.48,6233.119
2026-04-08 17:00:00,83.52,84.19,83.31,83.95,8906.311
2026-04-08 18:00:00,83.99,84.01,82.82,82.9,8877.238
2026-04-08 19:00:00,82.89,83.22,82.77,83.21,7130.201
2026-04-08 20:00:00,83.19,83.38,83.05,83.27,7005.748
2026-04-08 21:00:00,83.27,83.61,83.2,83.42,5458.624
2026-04-08 22:00:00,83.43,83.43,82.6,82.64,5205.214
2026-04-08 23:00:00,82.62,83.02,82.26,82.57,17716.555
2026-04-09 00:00:00,82.57,82.68,82.08,82.21,7301.718
2026-04-09 01:00:00,82.21,82.33,81.72,82.24,10250.728
2026-04-09 02:00:00,82.24,82.44,82.07,82.13,3020.232
2026-04-09 03:00:00,82.14,82.17,81.9,82.03,4517.791
2026-04-09 04:00:00,82.01,82.03,81.82,81.85,3411.497
2026-04-09 05:00:00,81.84,82.32,81.75,82.15,3687.20497933
2026-04-09 06:00:00,82.19,82.36,81.86,82.16,2923.173
2026-04-09 07:00:00,82.17,82.48,82.17,82.28,4266.742
2026-04-09 08:00:00,82.29,82.65,82.17,82.48,6166.939
2026-04-09 09:00:00,82.48,82.68,82.14,82.6,11187.689
2026-04-09 10:00:00,82.6,82.66,82.38,82.59,6187.751
2026-04-09 11:00:00,82.59,82.71,82.04,82.18,7206.304
2026-04-09 12:00:00,82.18,82.36,81.98,82.28,9270.847
2026-04-09 13:00:00,82.29,82.4,81.6,81.89,8591.677
2026-04-09 14:00:00,81.88,82.3,81.43,82.19,12596.881
2026-04-09 15:00:00,82.19,83.92,81.91,83.75,32525.18891748
2026-04-09 16:00:00,83.77,84.23,82.92,83.67,19791.21996667
2026-04-09 17:00:00,83.67,84.68,83.66,84.67,17122.52312017
2026-04-09 18:00:00,84.67,84.7,83.43,83.86,19454.855
2026-04-09 19:00:00,83.84,84.3,83.42,84.16,13995.308
2026-04-09 20:00:00,84.15,84.52,84.1,84.27,7023.755
2026-04-09 21:00:00,84.27,84.72,84.15,84.27,7222.26
2026-04-09 22:00:00,84.27,85.92,83.95,83.96,48914.652
2026-04-09 23:00:00,83.99,84.05,83.16,83.35,16856.989
2026-04-10 00:00:00,83.34,83.38,82.9,83.12,18430.53399973
2026-04-10 01:00:00,83.1,83.77,82.83,83.17,20246.9
2026-04-10 02:00:00,83.15,83.44,83.03,83.23,17443.01899855
2026-04-10 03:00:00,83.25,83.26,82.68,82.9,10300.638
2026-04-10 04:00:00,82.89,83.51,82.89,83.33,4646.72484228
2026-04-10 05:00:00,83.35,83.59,83.11,83.37,6577.974
2026-04-10 06:00:00,83.39,83.46,83.12,83.2,4818.056
2026-04-10 07:00:00,83.21,83.27,82.88,82.94,3764.169
2026-04-10 08:00:00,82.97,83.12,82.72,82.93,13176.461
2026-04-10 09:00:00,82.93,83.59,82.92,83.53,10634.439
2026-04-10 10:00:00,83.54,83.54,83.12,83.31,10788.24
2026-04-10 11:00:00,83.31,83.73,83.3,83.52,11949.105
2026-04-10 12:00:00,83.53,84.41,83.35,84.1,25305.31
2026-04-10 13:00:00,84.11,84.37,83.59,84.27,14832.558
2026-04-10 14:00:00,84.26,85.23,84.2,85.09,23888.051
2026-04-10 15:00:00,85.09,85.57,84.07,84.22,16238.812
2026-04-10 16:00:00,84.25,84.91,84.13,84.84,10550.074
2026-04-10 17:00:00,84.85,84.89,84.47,84.88,5261.73299973
2026-04-10 18:00:00,84.88,85.27,84.62,85.22,6506.548
2026-04-10 19:00:00,85.22,85.48,85.12,85.45,5872.925
2026-04-10 20:00:00,85.46,85.66,85.06,85.44,12339.27026015
2026-04-10 21:00:00,85.45,85.45,84.97,85.22,6192.17973985
2026-04-10 22:00:00,85.23,85.26,84.65,84.86,7888.287
2026-04-10 23:00:00,84.87,84.95,84.75,84.81,3879.429
2026-04-11 00:00:00,84.82,84.84,84.53,84.69,4103.173
2026-04-11 01:00:00,84.68,84.72,84.4,84.67,4399.826
2026-04-11 02:00:00,84.67,84.94,84.6,84.8,6988.401
2026-04-11 03:00:00,84.81,84.89,84.32,84.38,4709.292
2026-04-11 04:00:00,84.4,84.61,84.22,84.38,3918.828
2026-04-11 05:00:00,84.38,84.41,84.1,84.1,12897.136
2026-04-11 06:00:00,84.11,84.17,83.89,84.14,5254.787
2026-04-11 07:00:00,84.14,84.34,84.08,84.25,5127.494
2026-04-11 08:00:00,84.28,84.43,84.17,84.17,3997.809
2026-04-11 09:00:00,84.17,84.78,84.16,84.49,8887.002
2026-04-11 10:00:00,84.48,84.51,83.96,84.06,8250.134
2026-04-11 11:00:00,84.06,84.27,83.82,84.24,5099.296
2026-04-11 12:00:00,84.26,84.53,84.08,84.22,5776.463
2026-04-11 13:00:00,84.23,84.31,83.85,84.12,9984.207
2026-04-11 14:00:00,84.1,84.42,84.05,84.4,6402.439
2026-04-11 15:00:00,84.38,84.87,84.25,84.66,8641.239
2026-04-11 16:00:00,84.68,85.38,84.61,84.99,12471.971
2026-04-11 17:00:00,84.98,85.0,84.69,84.79,5978.895
2026-04-11 18:00:00,84.8,85.8,84.65,85.48,15976.599
2026-04-11 19:00:00,85.48,86.25,85.43,86.01,19962.683
2026-04-11 20:00:00,86.02,86.07,85.12,85.41,10365.721
2026-04-11 21:00:00,85.4,85.53,85.19,85.33,7022.142
2026-04-11 22:00:00,85.3,86.15,85.06,85.27,14644.394
2026-04-11 23:00:00,85.28,85.28,84.51,84.9,8788.55199729
2026-04-12 00:00:00,84.92,84.99,84.71,84.88,7661.298
2026-04-12 01:00:00,84.89,84.96,82.01,82.29,44747.496
2026-04-12 02:00:00,82.3,82.99,81.87,82.67,17838.167
2026-04-12 03:00:00,82.66,82.78,82.34,82.36,8350.271
2026-04-12 04:00:00,82.33,82.45,82.18,82.22,6018.723
2026-04-12 05:00:00,82.22,82.47,82.09,82.4,7827.951
2026-04-12 06:00:00,82.41,82.49,82.21,82.28,8624.301
2026-04-12 07:00:00,82.28,82.45,82.25,82.28,4552.969
2026-04-12 08:00:00,82.29,82.3,82.16,82.27,3207.175
2026-04-12 09:00:00,82.29,82.4,82.15,82.19,4202.725
2026-04-12 10:00:00,82.2,82.32,81.97,82.05,6951.989
2026-04-12 11:00:00,82.05,82.37,81.96,82.23,5252.814
2026-04-12 12:00:00,82.22,82.54,81.88,82.03,14114.513
2026-04-12 13:00:00,82.05,82.21,81.78,81.88,15232.696
2026-04-12 14:00:00,81.89,82.09,81.31,81.57,17057.906
2026-04-12 15:00:00,81.59,81.81,81.31,81.6,9066.605
2026-04-12 16:00:00,81.6,81.88,81.54,81.88,11605.812
2026-04-12 17:00:00,81.88,82.29,81.76,82.18,6385.672
2026-04-12 18:00:00,82.19,82.31,82.05,82.14,7213.43
2026-04-12 19:00:00,82.14,82.32,81.93,81.98,5317.011
2026-04-12 20:00:00,81.98,82.88,81.95,82.68,11752.10892524
2026-04-12 21:00:00,82.69,82.88,82.45,82.82,8580.258
2026-04-12 22:00:00,82.78,82.81,81.37,82.01,20421.387
2026-04-12 23:00:00,81.99,81.99,81.31,81.56,7763.374
2026-04-13 00:00:00,81.54,82.2,81.41,82.14,5377.733
2026-04-13 01:00:00,82.15,82.33,81.95,82.33,7139.997
2026-04-13 02:00:00,82.33,82.43,81.9,81.93,6321.662
2026-04-13 03:00:00,81.94,82.07,81.74,81.92,6448.082
2026-04-13 04:00:00,81.92,82.24,81.86,81.9,6089.592
2026-04-13 05:00:00,81.91,81.99,81.54,81.84,5341.988
2026-04-13 06:00:00,81.85,82.6,81.82,82.34,13532.067
2026-04-13 07:00:00,82.35,82.4,81.86,82.17,6562.87
2026-04-13 08:00:00,82.17,82.28,81.74,81.87,12523.777
2026-04-13 09:00:00,81.87,82.21,81.8,81.86,7888.433
2026-04-13 10:00:00,81.87,81.96,81.66,81.73,5504.84
2026-04-13 11:00:00,81.74,82.05,81.71,81.87,9068.526
2026-04-13 12:00:00,81.87,82.79,81.83,82.53,13694.55999799
2026-04-13 13:00:00,82.54,83.66,82.3,83.59,27885.594
2026-04-13 14:00:00,83.65,83.8,82.77,83.79,24698.061
2026-04-13 15:00:00,83.76,83.83,82.35,82.67,16807.961
2026-04-13 16:00:00,82.66,83.6,82.35,83.35,21230.785
2026-04-13 17:00:00,83.36,83.82,83.0,83.05,8543.746
2026-04-13 18:00:00,83.05,83.25,82.58,83.22,10370.189
2026-04-13 19:00:00,83.2,84.23,83.1,84.08,24650.779
2026-04-13 20:00:00,84.09,84.33,83.8,83.93,17857.812
2026-04-13 21:00:00,83.94,84.12,83.84,83.96,8621.765
2026-04-13 22:00:00,83.96,86.46,83.95,86.15,51839.90490204
2026-04-13 23:00:00,86.2,86.77,85.9,86.54,33273.038
2026-04-14 00:00:00,86.5,86.73,85.7,85.88,19060.51443519
2026-04-14 01:00:00,85.89,86.1,85.66,85.94,10321.92248183
2026-04-14 02:00:00,85.95,86.36,85.85,86.21,11169.089
2026-04-14 03:00:00,86.19,86.24,85.98,86.04,5115.77
2026-04-14 04:00:00,86.04,86.04,85.55,85.87,6585.15
2026-04-14 05:00:00,85.89,85.9,85.43,85.48,6735.465
2026-04-14 06:00:00,85.49,86.06,85.49,85.93,6957.137
2026-04-14 07:00:00,85.93,86.18,85.79,85.86,12005.824
2026-04-14 08:00:00,85.88,86.35,85.72,86.11,10544.166
2026-04-14 09:00:00,86.13,86.24,85.96,86.07,7613.51
2026-04-14 10:00:00,86.07,86.51,86.0,86.01,18537.253
2026-04-14 11:00:00,86.0,86.09,85.6,85.76,10643.777
2026-04-14 12:00:00,85.78,85.99,85.59,85.94,15809.505
2026-04-14 13:00:00,85.94,87.4,85.92,87.29,34365.185
2026-04-14 14:00:00,87.32,87.65,86.0,86.0,36200.428
2026-04-14 15:00:00,86.01,86.3,85.26,85.96,23198.218
2026-04-14 16:00:00,85.96,86.16,84.8,85.05,16268.51589662
2026-04-14 17:00:00,85.04,85.45,84.71,85.24,10185.82899946
2026-04-14 18:00:00,85.28,85.41,83.91,84.1,12387.243
2026-04-14 19:00:00,84.1,84.33,83.73,83.91,19760.284
2026-04-14 20:00:00,83.96,84.14,83.43,83.59,10657.964
2026-04-14 21:00:00,83.62,83.94,83.56,83.83,11291.798
2026-04-14 22:00:00,83.82,83.92,83.32,83.52,13047.773
2026-04-14 23:00:00,83.52,84.03,83.47,83.71,13433.74
2026-04-15 00:00:00,83.71,84.05,83.57,83.8,14903.44499704
2026-04-15 01:00:00,83.78,84.03,83.58,83.94,12453.089
2026-04-15 02:00:00,83.92,84.01,83.14,83.4,9168.81339782
2026-04-15 03:00:00,83.4,83.51,83.3,83.45,3368.059
2026-04-15 04:00:00,83.45,83.65,83.34,83.62,8699.52
2026-04-15 05:00:00,83.62,83.79,82.97,83.14,11178.53
2026-04-15 06:00:00,83.14,83.14,82.88,83.0,5969.036
2026-04-15 07:00:00,83.01,83.22,82.67,82.91,10531.302
2026-04-15 08:00:00,82.94,83.29,82.74,83.15,9656.904
2026-04-15 09:00:00,83.15,83.24,82.9,83.18,7590.326
2026-04-15 10:00:00,83.17,83.63,82.93,83.16,11741.117
2026-04-15 11:00:00,83.18,83.72,83.07,83.61,10652.281
2026-04-15 12:00:00,83.6,83.87,83.4,83.73,8933.653
2026-04-15 13:00:00,83.72,83.81,83.24,83.65,14135.096
2026-04-15 14:00:00,83.66,84.49,83.43,84.29,16202.959
2026-04-15 15:00:00,84.29,84.46,83.51,84.0,25399.11
2026-04-15 16:00:00,83.99,84.69,83.9,84.55,15972.075
2026-04-15 17:00:00,84.54,85.13,84.46,84.68,21301.062
2026-04-15 18:00:00,84.7,85.06,84.59,85.04,9720.604
2026-04-15 19:00:00,85.03,85.82,84.96,85.5,14711.56799331
2026-04-15 20:00:00,85.52,85.56,84.64,84.81,11185.238
2026-04-15 21:00:00,84.79,84.89,84.21,84.78,9176.672
2026-04-15 22:00:00,84.76,85.6,84.74,85.01,11685.788
2026-04-15 23:00:00,85.03,85.03,84.63,84.89,9525.922
2026-04-16 00:00:00,84.89,85.06,84.5,84.92,8110.739
2026-04-16 01:00:00,84.92,84.93,84.46,84.85,4256.067
2026-04-16 02:00:00,84.84,85.57,84.72,85.17,13607.923
2026-04-16 03:00:00,85.1,85.5,85.08,85.29,7838.832
2026-04-16 04:00:00,85.28,85.55,84.98,85.24,10978.602
2026-04-16 05:00:00,85.23,85.53,85.06,85.39,6608.203
2026-04-16 06:00:00,85.4,85.54,85.19,85.47,6832.583
2026-04-16 07:00:00,85.48,85.65,85.1,85.2,9429.329
2026-04-16 08:00:00,85.21,85.3,84.91,85.04,8479.657
2026-04-16 09:00:00,85.0,85.49,84.96,85.19,10790.96
2026-04-16 10:00:00,85.17,85.24,84.64,85.04,11120.573
2026-04-16 11:00:00,85.05,85.17,84.95,85.06,6443.985
2026-04-16 12:00:00,85.07,85.49,85.07,85.38,6184.896
2026-04-16 13:00:00,85.38,86.27,83.83,84.78,21045.35
2026-04-16 14:00:00,84.75,85.68,84.07,85.39,19126.76999973
2026-04-16 15:00:00,85.41,87.11,85.31,86.62,33895.86679871
2026-04-16 16:00:00,86.63,87.07,85.64,85.94,36903.366
2026-04-16 17:00:00,85.94,86.79,85.72,86.64,16043.14
2026-04-16 18:00:00,86.65,89.06,86.5,88.98,45320.565
2026-04-16 19:00:00,89.02,90.14,88.66,90.12,27466.414
2026-04-16 20:00:00,90.12,90.53,89.26,89.57,20097.167
2026-04-16 21:00:00,89.59,89.74,88.72,88.94,16047.55
2026-04-16 22:00:00,88.93,89.45,88.87,88.99,9932.635
2026-04-16 23:00:00,88.99,89.21,88.83,89.05,6654.457
2026-04-17 00:00:00,89.07,89.17,88.58,88.82,6537.941
2026-04-17 01:00:00,88.8,89.02,87.92,88.28,9537.64
2026-04-17 02:00:00,88.21,88.36,87.56,87.86,7922.543
2026-04-17 03:00:00,87.85,87.97,87.48,87.71,6679.818
2026-04-17 04:00:00,87.74,88.29,87.7,87.98,6542.553
2026-04-17 05:00:00,88.0,88.0,87.4,87.4,10294.361
2026-04-17 06:00:00,87.42,88.09,87.37,88.02,6808.08
2026-04-17 07:00:00,88.03,88.47,87.98,88.11,7273.28
2026-04-17 08:00:00,88.15,89.08,88.14,88.95,10427.769
2026-04-17 09:00:00,88.96,89.5,88.3,88.72,17480.699
2026-04-17 10:00:00,88.71,88.74,87.37,87.68,15894.63
2026-04-17 11:00:00,87.67,88.33,87.63,88.24,8054.719
2026-04-17 12:00:00,88.21,88.92,87.93,88.91,18130.69456379
2026-04-17 13:00:00,88.89,90.51,88.58,90.07,60226.144
2026-04-17 14:00:00,90.14,90.73,89.65,90.0,27537.63
2026-04-17 15:00:00,90.02,90.18,89.44,89.95,20719.164
2026-04-17 16:00:00,89.95,90.6,89.91,90.4,12501.732
2026-04-17 17:00:00,90.41,90.41,89.09,89.74,15670.348
2026-04-17 18:00:00,89.74,89.83,88.89,89.16,10063.775
2026-04-17 19:00:00,89.19,89.51,88.95,89.24,7327.601
2026-04-17 20:00:00,89.25,89.36,88.51,89.01,10009.655
2026-04-17 21:00:00,89.0,89.26,88.81,89.11,6611.691
2026-04-17 22:00:00,89.1,89.47,88.94,89.22,5689.95
2026-04-17 23:00:00,89.22,89.22,88.5,88.79,5730.181
2026-04-18 00:00:00,88.75,89.12,88.68,88.95,5739.82
2026-04-18 01:00:00,88.95,89.15,88.69,88.86,4411.308
2026-04-18 02:00:00,88.87,89.11,88.69,88.92,2688.598
2026-04-18 03:00:00,88.92,88.92,88.24,88.32,7464.857
2026-04-18 04:00:00,88.34,88.54,88.25,88.37,5629.96398864
2026-04-18 05:00:00,88.36,88.64,88.19,88.41,6739.455
2026-04-18 06:00:00,88.41,88.61,88.34,88.52,4835.322
2026-04-18 07:00:00,88.5,88.55,88.33,88.45,2999.062
2026-04-18 08:00:00,88.46,88.51,87.13,87.54,19513.049
2026-04-18 09:00:00,87.55,87.68,87.16,87.61,8878.856
2026-04-18 10:00:00,87.63,87.64,86.79,86.97,10568.604
2026-04-18 11:00:00,86.97,86.97,86.31,86.56,9454.237
2026-04-18 12:00:00,86.56,86.98,86.52,86.91,8023.311
2026-04-18 13:00:00,86.89,86.98,86.43,86.76,5249.012
2026-04-18 14:00:00,86.76,86.86,86.46,86.82,4336.484
2026-04-18 15:00:00,86.84,86.97,86.59,86.75,3984.695
2026-04-18 16:00:00,86.74,86.98,86.47,86.7,6115.991
2026-04-18 17:00:00,86.69,86.87,86.52,86.78,7740.542
2026-04-18 18:00:00,86.77,86.78,85.81,85.97,14744.03598698
2026-04-18 19:00:00,85.97,86.28,85.95,86.12,4540.422
2026-04-18 20:00:00,86.13,86.29,86.01,86.17,4588.254
2026-04-18 21:00:00,86.17,86.26,86.03,86.21,4013.557
2026-04-18 22:00:00,86.2,86.36,85.93,86.32,4666.276
2026-04-18 23:00:00,86.3,86.45,86.13,86.15,2831.5
2026-04-19 00:00:00,86.16,86.37,85.87,86.02,3789.645
2026-04-19 01:00:00,86.07,86.22,85.61,85.76,4502.808
2026-04-19 02:00:00,85.76,85.85,85.27,85.55,7662.76
2026-04-19 03:00:00,85.53,85.79,85.32,85.6,3889.739
2026-04-19 04:00:00,85.6,85.95,85.17,85.58,7215.153
2026-04-19 05:00:00,85.57,85.8,85.41,85.5,4337.381
2026-04-19 06:00:00,85.5,85.66,85.15,85.45,5639.583
2026-04-19 07:00:00,85.45,85.45,84.44,84.89,13498.427
2026-04-19 08:00:00,84.86,85.13,84.64,84.81,6368.994
2026-04-19 09:00:00,84.81,85.03,84.59,84.6,6448.48598125
2026-04-19 10:00:00,84.59,84.89,84.44,84.78,5023.891
2026-04-19 11:00:00,84.79,85.69,84.76,85.61,7257.713668712876
2026-04-19 12:00:00,85.62,85.97,85.56,85.8,7898.517
2026-04-19 13:00:00,85.77,86.93,85.77,86.31,13208.4135272
2026-04-19 14:00:00,86.33,87.11,86.01,86.53,8427.309
2026-04-19 15:00:00,86.53,86.66,85.61,86.35,7173.41699801
2026-04-19 16:00:00,86.36,86.51,85.74,85.85,9195.954
2026-04-19 17:00:00,85.8,85.99,85.01,85.14,10890.45199934
2026-04-19 18:00:00,85.15,85.3,84.89,85.12,8256.444
2026-04-19 19:00:00,85.12,85.55,85.12,85.33,5522.552
2026-04-19 20:00:00,85.33,85.36,84.76,84.97,7335.768
2026-04-19 21:00:00,84.97,85.23,84.6,84.71,7362.257
2026-04-19 22:00:00,84.7,84.7,82.93,83.76,46158.97073822
2026-04-19 23:00:00,83.75,83.76,83.33,83.46,8869.336
2026-04-20 00:00:00,83.48,84.19,83.34,84.0,11673.52536777
2026-04-20 01:00:00,84.0,85.89,83.97,84.36,17802.66699686
2026-04-20 02:00:00,84.36,84.4,83.73,84.2,5617.719
2026-04-20 03:00:00,84.21,84.63,84.15,84.59,4010.703
2026-04-20 04:00:00,84.59,84.61,84.25,84.58,3011.433
2026-04-20 05:00:00,84.59,84.59,83.77,83.87,15232.981
2026-04-20 06:00:00,83.88,84.75,83.82,84.45,9783.175
2026-04-20 07:00:00,84.5,85.77,84.46,84.74,17867.055
2026-04-20 08:00:00,84.74,85.14,84.59,84.69,6947.567
2026-04-20 09:00:00,84.68,85.24,84.63,85.01,5875.843
2026-04-20 10:00:00,85.11,85.4,84.83,84.83,4828.857
2026-04-20 11:00:00,84.86,85.35,84.78,85.07,4602.814
2026-04-20 12:00:00,85.06,85.54,84.88,85.33,8406.614
2026-04-20 13:00:00,85.33,85.54,84.87,85.31,13769.87295799
2026-04-20 14:00:00,85.3,85.81,84.53,84.78,34030.517
2026-04-20 15:00:00,84.83,85.86,84.42,85.84,17685.457
2026-04-20 16:00:00,85.85,85.87,85.26,85.27,7205.407
2026-04-20 17:00:00,85.3,86.1,85.26,85.7,6726.885
2026-04-20 18:00:00,85.71,86.21,85.71,86.06,10662.78
2026-04-20 19:00:00,86.07,86.09,85.77,85.81,7003.45
2026-04-20 20:00:00,85.79,86.16,85.66,85.94,7207.757
2026-04-20 21:00:00,85.96,86.19,85.59,85.79,9285.342
2026-04-20 22:00:00,85.8,86.06,85.61,85.7,5982.837
2026-04-20 23:00:00,85.69,85.7,85.21,85.26,8940.353
2026-04-21 00:00:00,85.29,85.76,85.25,85.65,4725.683
2026-04-21 01:00:00,85.63,85.8,85.36,85.43,5262.957
2026-04-21 02:00:00,85.43,85.46,85.17,85.27,2631.00796584
2026-04-21 03:00:00,85.26,85.52,84.99,85.17,4947.745
2026-04-21 04:00:00,85.18,85.46,85.03,85.43,3132.97099934
2026-04-21 05:00:00,85.42,85.82,85.41,85.66,3882.534
2026-04-21 06:00:00,85.69,85.94,85.18,85.68,5636.93498784
2026-04-21 07:00:00,85.67,85.96,85.42,85.7,5114.379
2026-04-21 08:00:00,85.71,86.36,85.63,85.8,7684.392
2026-04-21 09:00:00,85.8,85.89,85.53,85.86,5265.764
2026-04-21 10:00:00,85.88,86.3,85.85,86.15,4419.667
2026-04-21 11:00:00,86.17,86.17,85.73,85.85,5490.432
2026-04-21 12:00:00,85.85,86.01,85.19,85.52,8652.02
2026-04-21 13:00:00,85.53,85.85,85.3,85.8,6564.689
2026-04-21 14:00:00,85.82,86.89,85.61,85.77,11324.06
2026-04-21 15:00:00,85.84,86.27,85.4,86.05,17916.51993586
2026-04-21 16:00:00,86.06,86.28,85.66,85.7,11202.057
2026-04-21 17:00:00,85.69,85.79,84.73,85.33,14228.377
2026-04-21 18:00:00,85.32,85.39,84.75,85.24,9202.858
2026-04-21 19:00:00,85.26,85.72,84.32,84.57,14373.427
2026-04-21 20:00:00,84.57,85.75,84.46,85.44,18387.386
2026-04-21 21:00:00,85.42,85.56,85.02,85.16,4463.693
2026-04-21 22:00:00,85.14,85.44,85.01,85.36,7593.261
2026-04-21 23:00:00,85.36,86.12,85.34,86.04,5987.647
2026-04-22 00:00:00,86.06,86.51,86.01,86.5,12642.765
2026-04-22 01:00:00,86.49,86.52,86.1,86.29,5444.332
2026-04-22 02:00:00,86.3,87.55,86.22,87.41,17152.061
2026-04-22 03:00:00,87.43,87.86,87.12,87.26,11175.736
2026-04-22 04:00:00,87.26,87.34,86.98,87.07,5250.91326745
2026-04-22 05:00:00,87.1,88.32,87.02,88.03,23011.498
2026-04-22 06:00:00,88.02,88.18,87.81,87.96,8229.544
2026-04-22 07:00:00,87.95,88.26,87.71,88.04,10405.509
2026-04-22 08:00:00,88.06,88.29,87.62,88.01,11712.634
2026-04-22 09:00:00,88.0,88.85,87.85,88.3,13244.31942915
2026-04-22 10:00:00,88.3,88.42,88.14,88.33,4321.406
2026-04-22 11:00:00,88.32,88.47,88.17,88.3,7394.956
2026-04-22 12:00:00,88.31,88.65,88.22,88.6,6559.134
2026-04-22 13:00:00,88.56,89.16,88.44,89.1,13929.036
2026-04-22 14:00:00,89.14,89.31,88.49,88.77,12972.616
2026-04-22 15:00:00,88.74,88.79,88.05,88.19,12141.80464597
2026-04-22 16:00:00,88.21,88.46,87.54,87.65,10418.21294762
2026-04-22 17:00:00,87.66,88.01,87.64,87.84,6128.196
2026-04-22 18:00:00,87.84,88.37,87.81,87.81,4684.381
2026-04-22 19:00:00,87.83,87.83,87.1,87.38,9133.824
2026-04-22 20:00:00,87.39,87.49,87.1,87.13,7081.078
2026-04-22 21:00:00,87.13,87.63,87.11,87.6,3587.693
2026-04-22 22:00:00,87.58,87.71,87.3,87.42,3400.567
2026-04-22 23:00:00,87.44,87.47,86.81,86.87,5380.817
2026-04-23 00:00:00,86.88,87.15,85.98,86.83,26320.634
2026-04-23 01:00:00,86.87,86.87,86.14,86.44,8117.831
2026-04-23 02:00:00,86.44,86.44,85.72,85.98,18817.181
2026-04-23 03:00:00,85.95,86.08,85.49,85.79,6870.962
2026-04-23 04:00:00,85.77,86.0,85.65,85.97,10367.884
2026-04-23 05:00:00,85.97,86.14,85.52,85.86,6771.574
2026-04-23 06:00:00,85.88,86.23,85.86,86.19,5032.007
2026-04-23 07:00:00,86.2,86.22,85.87,85.9,4392.022
2026-04-23 08:00:00,85.9,85.95,85.56,85.71,5095.495
2026-04-23 09:00:00,85.71,85.71,85.29,85.53,4651.986
2026-04-23 10:00:00,85.51,85.61,85.22,85.43,5696.033
2026-04-23 11:00:00,85.43,85.89,85.38,85.78,9654.75
2026-04-23 12:00:00,85.78,86.08,85.7,85.95,11104.29
2026-04-23 13:00:00,85.96,86.03,85.57,85.76,7428.253
2026-04-23 14:00:00,85.71,86.18,85.56,86.06,10644.266
2026-04-23 15:00:00,86.06,86.64,85.82,86.35,10537.32214589
2026-04-23 16:00:00,86.34,86.41,85.8,85.8,5593.249
2026-04-23 17:00:00,85.82,85.88,84.5,85.36,24223.61590155
2026-04-23 18:00:00,85.36,85.67,85.23,85.27,8077.02199417
2026-04-23 19:00:00,85.26,85.56,85.15,85.31,6977.871
2026-04-23 20:00:00,85.3,85.84,85.29,85.6,5337.649
2026-04-23 21:00:00,85.6,86.0,85.52,85.8,5456.312
2026-04-23 22:00:00,85.78,86.25,85.78,85.95,7016.212
2026-04-23 23:00:00,85.95,86.19,85.62,86.12,4431.00294457
2026-04-24 00:00:00,86.13,86.35,86.05,86.19,5037.976
2026-04-24 01:00:00,86.21,86.32,85.83,86.28,5048.277
2026-04-24 02:00:00,86.26,86.36,85.78,85.9,4712.61896785
2026-04-24 03:00:00,85.89,85.93,85.41,85.7,6632.012
2026-04-24 04:00:00,85.69,85.7,85.17,85.33,4057.875
2026-04-24 05:00:00,85.31,85.82,85.17,85.7,6391.101
2026-04-24 06:00:00,85.71,85.72,85.34,85.43,3552.456
2026-04-24 07:00:00,85.43,85.61,85.35,85.49,4056.514
2026-04-24 08:00:00,85.5,85.74,85.3,85.35,4957.084
2026-04-24 09:00:00,85.36,85.47,84.94,85.47,5651.485
2026-04-24 10:00:00,85.47,85.75,85.19,85.71,4945.177
2026-04-24 11:00:00,85.72,86.26,85.72,86.21,12245.5539747
2026-04-24 12:00:00,86.2,86.77,86.07,86.33,11325.784
2026-04-24 13:00:00,86.34,86.59,85.86,86.09,7238.395
2026-04-24 14:00:00,86.05,86.23,85.68,86.05,6964.868
2026-04-24 15:00:00,86.06,86.56,85.55,86.52,7891.369
2026-04-24 16:00:00,86.52,86.58,86.1,86.35,6533.202
2026-04-24 17:00:00,86.33,86.56,86.14,86.48,6684.635
2026-04-24 18:00:00,86.49,86.54,85.96,86.38,4683.245
2026-04-24 19:00:00,86.4,86.53,86.26,86.33,3983.442
2026-04-24 20:00:00,86.32,86.91,86.23,86.87,5418.00399867
2026-04-24 21:00:00,86.86,86.94,86.39,86.46,4181.544
2026-04-24 22:00:00,86.44,86.47,86.1,86.17,4672.375
2026-04-24 23:00:00,86.19,86.3,86.16,86.18,1608.979
2026-04-25 00:00:00,86.19,86.27,86.03,86.25,2718.059
2026-04-25 01:00:00,86.25,86.36,86.15,86.29,1722.288
2026-04-25 02:00:00,86.29,86.4,86.17,86.29,2414.66
2026-04-25 03:00:00,86.3,86.49,86.28,86.46,1483.237
2026-04-25 04:00:00,86.47,86.51,86.3,86.35,1901.479
2026-04-25 05:00:00,86.34,86.34,86.14,86.23,1324.977
2026-04-25 06:00:00,86.23,86.65,86.22,86.48,2810.66299868
2026-04-25 07:00:00,86.45,86.52,86.27,86.37,5069.474
2026-04-25 08:00:00,86.36,86.81,86.31,86.63,3533.402
2026-04-25 09:00:00,86.63,86.79,86.58,86.59,3962.60699461
2026-04-25 10:00:00,86.58,86.73,86.58,86.62,2859.294
2026-04-25 11:00:00,86.63,86.63,86.27,86.38,5665.562
2026-04-25 12:00:00,86.38,86.45,86.25,86.39,4232.958
2026-04-25 13:00:00,86.4,86.68,86.39,86.6,3562.622
2026-04-25 14:00:00,86.61,86.65,86.44,86.45,5295.808
2026-04-25 15:00:00,86.45,86.62,86.12,86.22,12281.113
2026-04-25 16:00:00,86.21,86.32,85.63,85.89,7280.68774171
2026-04-25 17:00:00,85.89,85.89,85.56,85.56,3591.58
2026-04-25 18:00:00,85.56,85.83,85.56,85.69,4963.816
2026-04-25 19:00:00,85.69,85.73,85.58,85.69,2607.231
2026-04-25 20:00:00,85.69,85.93,85.62,85.91,3632.545
2026-04-25 21:00:00,85.92,86.11,85.75,85.91,3571.184
2026-04-25 22:00:00,85.93,86.18,85.86,86.1,2000.099
2026-04-25 23:00:00,86.11,86.19,86.05,86.19,1452.379
2026-04-26 00:00:00,86.2,86.2,85.94,86.05,4955.361
2026-04-26 01:00:00,86.04,86.12,85.98,85.98,2368.937
2026-04-26 02:00:00,85.98,86.39,85.97,86.39,2979.623
2026-04-26 03:00:00,86.4,86.45,85.84,85.99,4126.982
2026-04-26 04:00:00,85.99,86.72,85.95,86.45,4659.145
2026-04-26 05:00:00,86.44,86.71,86.16,86.45,7456.259
2026-04-26 06:00:00,86.48,86.59,86.4,86.49,6526.00847381
2026-04-26 07:00:00,86.5,86.63,86.44,86.62,2633.749
2026-04-26 08:00:00,86.64,86.76,86.51,86.58,2717.012
2026-04-26 09:00:00,86.58,86.6,86.47,86.55,1431.792
2026-04-26 10:00:00,86.54,86.62,86.44,86.46,1063.385
2026-04-26 11:00:00,86.47,86.62,86.47,86.47,4407.962
2026-04-26 12:00:00,86.48,86.49,85.9,86.09,6514.212
2026-04-26 13:00:00,86.1,86.25,85.98,86.12,4765.771
2026-04-26 14:00:00,86.11,86.51,86.07,86.41,4689.162
2026-04-26 15:00:00,86.41,86.58,86.37,86.55,3222.353
2026-04-26 16:00:00,86.56,86.58,86.38,86.42,3295.322
2026-04-26 17:00:00,86.42,86.6,86.27,86.54,2471.263
2026-04-26 18:00:00,86.54,86.99,86.45,86.83,6429.732
2026-04-26 19:00:00,86.83,87.23,86.69,86.88,6132.79031967
2026-04-26 20:00:00,86.89,86.93,86.61,86.7,3767.282
2026-04-26 21:00:00,86.7,87.11,86.2,86.84,11752.218
2026-04-26 22:00:00,86.83,87.32,86.34,86.74,7837.27099971
2026-04-26 23:00:00,86.74,87.16,86.54,86.92,8193.482
2026-04-27 00:00:00,86.93,87.39,86.56,87.33,8174.23
2026-04-27 01:00:00,87.36,87.89,87.28,87.83,10336.663
2026-04-27 02:00:00,87.86,88.07,87.37,87.81,12762.874
2026-04-27 03:00:00,87.8,88.07,87.69,87.74,4925.384
2026-04-27 04:00:00,87.74,87.83,87.42,87.54,5067.485
2026-04-27 05:00:00,87.55,87.55,85.81,86.01,22540.117
2026-04-27 06:00:00,85.95,86.06,85.45,85.73,9138.426
2026-04-27 07:00:00,85.72,85.78,85.28,85.28,7790.568
2026-04-27 08:00:00,85.28,85.51,85.06,85.51,17679.95099993
2026-04-27 09:00:00,85.52,85.63,85.17,85.49,7309.315
2026-04-27 10:00:00,85.48,85.57,85.16,85.19,5136.036
2026-04-27 11:00:00,85.18,85.27,85.08,85.25,4522.175
2026-04-27 12:00:00,85.24,85.25,84.92,85.11,6594.314
2026-04-27 13:00:00,85.1,85.38,84.73,85.14,7016.764
2026-04-27 14:00:00,85.11,85.83,85.0,85.22,9128.845
2026-04-27 15:00:00,85.23,85.23,83.64,84.15,11268.624
2026-04-27 16:00:00,84.14,84.39,84.03,84.24,6990.562
2026-04-27 17:00:00,84.28,84.68,84.28,84.47,4399.921
2026-04-27 18:00:00,84.46,84.68,84.41,84.59,4022.475
2026-04-27 19:00:00,84.57,84.66,83.85,84.18,6069.90399954
2026-04-27 20:00:00,84.18,84.35,84.16,84.3,4888.382
2026-04-27 21:00:00,84.29,84.5,84.13,84.28,4715.166
2026-04-27 22:00:00,84.3,84.62,84.21,84.54,3911.341
2026-04-27 23:00:00,84.52,84.91,84.47,84.83,4532.062
2026-04-28 00:00:00,84.84,84.94,84.61,84.85,4037.497
2026-04-28 01:00:00,84.83,84.87,84.41,84.41,3807.752
2026-04-28 02:00:00,84.42,84.63,83.92,84.17,4033.468
2026-04-28 03:00:00,84.17,84.18,84.03,84.18,2706.907
2026-04-28 04:00:00,84.19,84.42,83.83,84.06,8431.507
2026-04-28 05:00:00,84.07,84.44,84.07,84.19,3459.636
2026-04-28 06:00:00,84.21,84.31,83.7,83.96,5210.223
2026-04-28 07:00:00,83.95,84.05,83.65,84.03,5182.941
2026-04-28 08:00:00,84.03,84.19,83.77,83.96,3175.401
2026-04-28 09:00:00,83.96,83.98,83.43,83.63,3907.00199973
2026-04-28 10:00:00,83.64,83.82,83.63,83.81,2706.965
2026-04-28 11:00:00,83.83,83.85,83.31,83.39,7455.299
2026-04-28 12:00:00,83.46,83.75,83.26,83.69,7166.122
2026-04-28 13:00:00,83.68,83.99,83.2,83.55,8794.254
2026-04-28 14:00:00,83.5,83.51,82.96,83.4,8271.21580699
2026-04-28 15:00:00,83.41,83.51,83.22,83.46,5462.89699653
2026-04-28 16:00:00,83.47,83.69,83.33,83.6,3652.32
2026-04-28 17:00:00,83.58,83.8,83.36,83.62,9694.113
2026-04-28 18:00:00,83.62,83.83,83.58,83.8,4449.826
2026-04-28 19:00:00,83.81,84.02,83.69,83.88,6408.804
2026-04-28 20:00:00,83.89,83.99,83.75,83.77,5193.731
2026-04-28 21:00:00,83.78,83.94,83.63,83.73,4548.226
2026-04-28 22:00:00,83.74,83.91,83.57,83.71,4322.154
2026-04-28 23:00:00,83.7,84.13,83.65,84.04,9309.156
2026-04-29 00:00:00,84.05,84.17,83.83,84.06,7870.686
2026-04-29 01:00:00,84.05,84.2,83.81,84.09,3104.752
2026-04-29 02:00:00,84.11,84.2,83.94,84.04,3055.577
2026-04-29 03:00:00,84.06,84.75,84.05,84.59,8572.129
2026-04-29 04:00:00,84.6,86.49,84.46,84.96,18192.192
2026-04-29 05:00:00,84.98,85.0,84.71,84.85,4455.594
2026-04-29 06:00:00,84.84,85.0,84.54,84.62,4712.58299973
2026-04-29 07:00:00,84.64,84.86,84.62,84.71,5122.6969219
2026-04-29 08:00:00,84.71,84.75,84.36,84.52,3591.036
2026-04-29 09:00:00,84.51,85.52,84.27,85.27,10992.428
2026-04-29 10:00:00,85.3,85.55,85.13,85.14,8078.754
2026-04-29 11:00:00,85.14,85.16,84.8,84.9,6503.351
2026-04-29 12:00:00,84.9,84.91,83.93,84.25,10384.832
2026-04-29 13:00:00,84.24,84.28,83.64,84.02,9437.51
2026-04-29 14:00:00,83.99,84.05,83.67,83.86,5823.40899417
2026-04-29 15:00:00,83.85,83.93,82.94,83.25,11255.251
2026-04-29 16:00:00,83.24,83.64,82.97,83.13,10977.623
2026-04-29 17:00:00,83.13,83.36,82.74,83.36,7400.915
2026-04-29 18:00:00,83.36,83.43,81.4,82.29,45967.69298319
2026-04-29 19:00:00,82.29,82.35,82.0,82.2,5612.091
2026-04-29 20:00:00,82.2,82.81,82.13,82.64,7837.852057316279
2026-04-29 21:00:00,82.64,83.22,82.54,82.91,6967.177
2026-04-29 22:00:00,82.91,83.12,82.81,83.06,3803.49399986
2026-04-29 23:00:00,83.07,83.1,82.82,83.05,4523.17
2026-04-30 00:00:00,83.06,84.0,83.06,83.81,7245.444
2026-04-30 01:00:00,83.79,84.0,83.67,83.76,6692.21
2026-04-30 02:00:00,83.79,83.95,82.71,82.99,8576.191
2026-04-30 03:00:00,82.98,83.23,82.88,83.06,4401.179
2026-04-30 04:00:00,83.06,83.08,82.39,82.41,4378.063
2026-04-30 05:00:00,82.4,82.78,82.17,82.57,3692.03981054
2026-04-30 06:00:00,82.59,83.05,82.53,82.95,3320.314
2026-04-30 07:00:00,82.95,83.39,82.9,83.34,3513.778
2026-04-30 08:00:00,83.34,83.41,83.13,83.13,5765.221
2026-04-30 09:00:00,83.13,83.55,83.07,83.15,4290.37
2026-04-30 10:00:00,83.15,83.22,82.94,83.0,4288.772
2026-04-30 11:00:00,83.01,83.37,82.81,83.0,5755.445
2026-04-30 12:00:00,83.01,83.48,82.99,83.22,4395.586
2026-04-30 13:00:00,83.22,83.57,82.88,83.22,4159.406
2026-04-30 14:00:00,83.2,83.42,82.7,83.24,8196.68
2026-04-30 15:00:00,83.24,83.83,83.05,83.39,5516.761
2026-04-30 16:00:00,83.37,83.44,82.95,83.03,4475.422
2026-04-30 17:00:00,83.02,83.14,82.89,83.05,3356.19349011
2026-04-30 18:00:00,83.04,83.29,82.99,83.08,3507.627
2026-04-30 19:00:00,83.06,83.29,83.03,83.05,4387.308
2026-04-30 20:00:00,83.05,83.19,82.96,83.08,5110.494
2026-04-30 21:00:00,83.08,83.14,82.84,82.85,6766.90396781
2026-04-30 22:00:00,82.86,83.03,82.78,82.85,4083.728
2026-04-30 23:00:00,82.88,83.1,82.83,83.07,3123.666
2026-05-01 00:00:00,83.08,83.4,83.06,83.19,4490.146
2026-05-01 01:00:00,83.21,83.67,83.19,83.6,6309.599
2026-05-01 02:00:00,83.6,83.84,83.45,83.62,4741.674
2026-05-01 03:00:00,83.61,84.38,83.57,83.89,10256.641
2026-05-01 04:00:00,83.91,84.05,83.68,83.82,5678.977
2026-05-01 05:00:00,83.82,84.23,83.77,84.04,4075.066
2026-05-01 06:00:00,84.05,84.19,83.71,83.88,4617.097
2026-05-01 07:00:00,83.86,83.97,83.68,83.95,7579.39699189
2026-05-01 08:00:00,83.95,84.3,83.9,84.2,8509.51
2026-05-01 09:00:00,84.21,84.21,83.94,83.94,4806.282
2026-05-01 10:00:00,83.96,84.09,83.75,83.95,3775.807
2026-05-01 11:00:00,83.96,84.22,83.88,84.0,2640.333
2026-05-01 12:00:00,84.01,84.58,83.92,84.3,11393.04
2026-05-01 13:00:00,84.31,84.84,84.27,84.6,9337.3769977
2026-05-01 14:00:00,84.61,84.72,83.89,84.22,10644.114
2026-05-01 15:00:00,84.21,84.61,84.01,84.46,9406.538
2026-05-01 16:00:00,84.46,84.62,83.99,83.99,7219.028
2026-05-01 17:00:00,83.99,84.27,83.9,84.23,5963.938
2026-05-01 18:00:00,84.23,84.3,83.97,83.99,5141.323
2026-05-01 19:00:00,83.99,84.06,83.79,83.9,3720.676
2026-05-01 20:00:00,83.89,83.93,83.33,83.48,5594.813
2026-05-01 21:00:00,83.49,83.79,83.42,83.72,4418.14899566
2026-05-01 22:00:00,83.72,83.98,83.59,83.74,4817.398
2026-05-01 23:00:00,83.75,83.89,83.55,83.78,2903.967
2026-05-02 00:00:00,83.78,83.87,83.46,83.84,4252.733
2026-05-02 01:00:00,83.84,84.04,83.77,84.04,2340.748
2026-05-02 02:00:00,84.04,84.18,83.86,83.94,5882.646
2026-05-02 03:00:00,83.94,83.97,83.71,83.83,2106.688
2026-05-02 04:00:00,83.81,83.83,83.56,83.62,3533.028
2026-05-02 05:00:00,83.64,83.73,83.54,83.72,2533.591
2026-05-02 06:00:00,83.7,83.84,83.57,83.83,2504.18396519
2026-05-02 07:00:00,83.83,83.85,83.71,83.74,1812.605
2026-05-02 08:00:00,83.73,83.88,83.65,83.84,1807.622
2026-05-02 09:00:00,83.85,84.16,83.82,83.99,3325.752
2026-05-02 10:00:00,84.0,84.0,83.86,83.94,1965.805
2026-05-02 11:00:00,83.93,83.93,83.53,83.69,2161.093
2026-05-02 12:00:00,83.69,84.09,83.68,83.86,4349.606
2026-05-02 13:00:00,83.87,84.08,83.87,83.94,2221.088
2026-05-02 14:00:00,83.94,84.09,83.91,83.96,2208.607
2026-05-02 15:00:00,83.97,84.07,83.93,84.04,995.784
2026-05-02 16:00:00,84.06,84.26,84.02,84.18,2824.821
2026-05-02 17:00:00,84.19,84.2,84.01,84.04,1598.58
2026-05-02 18:00:00,84.04,84.21,83.95,84.2,2283.038
2026-05-02 19:00:00,84.2,84.31,84.17,84.22,1820.358
2026-05-02 20:00:00,84.23,84.23,84.11,84.19,1385.367
2026-05-02 21:00:00,84.2,84.97,84.16,84.51,7973.33504531
2026-05-02 22:00:00,84.53,84.63,84.06,84.46,4779.316
2026-05-02 23:00:00,84.45,84.5,84.22,84.26,2719.875
2026-05-03 00:00:00,84.27,84.31,83.82,84.07,5498.536
2026-05-03 01:00:00,84.08,84.08,83.74,83.76,2807.757
2026-05-03 02:00:00,83.74,83.82,83.61,83.7,3176.345
2026-05-03 03:00:00,83.69,83.75,83.58,83.66,2439.018
2026-05-03 04:00:00,83.66,83.74,83.58,83.7,2707.92099967
2026-05-03 05:00:00,83.69,83.82,83.64,83.74,3777.724
2026-05-03 06:00:00,83.75,83.86,83.59,83.74,3174.928
2026-05-03 07:00:00,83.74,84.0,83.74,83.87,4353.312
2026-05-03 08:00:00,83.87,84.02,83.84,83.9,2001.548
2026-05-03 09:00:00,83.91,84.11,83.88,84.05,3656.80199868
2026-05-03 10:00:00,84.06,84.06,83.82,83.82,2101.683
2026-05-03 11:00:00,83.82,84.2,83.75,83.96,4632.139
2026-05-03 12:00:00,83.96,84.22,83.96,84.11,3470.905716344825
2026-05-03 13:00:00,84.11,84.22,84.0,84.08,3161.896
2026-05-03 14:00:00,84.09,84.45,84.09,84.37,3117.746
2026-05-03 15:00:00,84.36,84.43,84.11,84.15,2475.285
2026-05-03 16:00:00,84.16,84.29,84.01,84.14,2887.08
2026-05-03 17:00:00,84.15,84.32,84.01,84.19,3367.776
2026-05-03 18:00:00,84.2,84.33,84.12,84.26,3680.491
2026-05-03 19:00:00,84.27,84.49,84.25,84.37,3495.463
2026-05-03 20:00:00,84.37,84.73,84.25,84.34,6171.211
2026-05-03 21:00:00,84.34,84.46,83.87,84.14,5321.901
2026-05-03 22:00:00,84.17,84.95,84.17,84.68,13761.622
2026-05-03 23:00:00,84.68,84.79,83.88,83.9,8290.683
2026-05-04 00:00:00,83.91,83.91,83.36,83.81,6167.637
2026-05-04 01:00:00,83.8,84.92,83.43,84.73,13184.669
2026-05-04 02:00:00,84.76,85.62,84.75,85.24,21327.64550428
2026-05-04 03:00:00,85.26,85.57,85.1,85.4,8846.668
2026-05-04 04:00:00,85.41,85.89,85.38,85.75,8834.035
2026-05-04 05:00:00,85.76,85.79,85.34,85.37,6717.51
2026-05-04 06:00:00,85.38,85.41,84.51,84.86,10210.736
2026-05-04 07:00:00,84.86,85.01,84.69,84.87,3082.83699896
2026-05-04 08:00:00,84.84,84.9,84.62,84.77,5608.925
2026-05-04 09:00:00,84.77,85.19,84.69,85.05,5578.193
2026-05-04 10:00:00,85.05,85.07,83.27,84.05,31584.532
2026-05-04 11:00:00,84.03,84.14,83.8,83.97,5175.274
2026-05-04 12:00:00,83.97,84.15,83.86,83.91,3396.261
2026-05-04 13:00:00,83.87,84.33,83.59,84.02,12185.161
2026-05-04 14:00:00,84.0,85.32,83.79,85.0,17591.802
2026-05-04 15:00:00,85.03,85.18,84.0,84.47,23322.37378481
2026-05-04 16:00:00,84.48,84.78,83.97,84.49,18515.52
2026-05-04 17:00:00,84.53,85.17,84.49,84.93,10528.929
2026-05-04 18:00:00,84.96,85.03,84.59,84.74,5842.225
2026-05-04 19:00:00,84.75,84.76,84.38,84.45,5637.027
2026-05-04 20:00:00,84.46,84.47,84.07,84.09,4982.805
2026-05-04 21:00:00,84.09,84.5,84.08,84.43,6187.7849974
2026-05-04 22:00:00,84.42,84.55,84.18,84.22,4731.16
2026-05-04 23:00:00,84.22,84.23,84.02,84.09,2713.83799986
2026-05-05 00:00:00,84.11,84.36,84.04,84.31,3538.208
2026-05-05 01:00:00,84.31,84.47,84.15,84.41,4595.423
2026-05-05 02:00:00,84.42,84.8,84.35,84.51,4856.431
2026-05-05 03:00:00,84.53,84.97,84.41,84.79,7954.717
2026-05-05 04:00:00,84.79,84.91,84.61,84.79,6652.783
2026-05-05 05:00:00,84.79,85.11,84.75,84.92,6361.165
2026-05-05 06:00:00,84.93,84.99,84.56,84.99,5046.389
2026-05-05 07:00:00,85.0,85.06,84.78,84.9,4491.073
2026-05-05 08:00:00,84.87,84.9,84.69,84.78,4672.054
2026-05-05 09:00:00,84.79,84.79,84.46,84.54,5355.883
2026-05-05 10:00:00,84.55,84.93,84.44,84.89,3153.121
2026-05-05 11:00:00,84.9,85.0,84.7,84.98,6776.453
2026-05-05 12:00:00,84.98,85.35,84.92,85.32,3830.959
2026-05-05 13:00:00,85.32,86.08,85.31,85.62,19736.72
2026-05-05 14:00:00,85.62,85.73,85.19,85.48,11721.867
2026-05-05 15:00:00,85.47,85.87,85.35,85.5,7132.773
2026-05-05 16:00:00,85.51,85.68,85.06,85.31,7814.699
2026-05-05 17:00:00,85.32,85.52,85.12,85.47,4806.657
2026-05-05 18:00:00,85.46,85.88,85.42,85.88,3848.838
2026-05-05 19:00:00,85.88,86.55,85.82,86.49,9992.447
2026-05-05 20:00:00,86.51,86.9,86.42,86.64,9396.53564155
2026-05-05 21:00:00,86.64,86.92,86.23,86.72,11414.9886007
2026-05-05 22:00:00,86.73,86.98,86.19,86.59,12368.948
2026-05-05 23:00:00,86.57,86.67,86.17,86.3,5024.554
2026-05-06 00:00:00,86.27,86.55,86.12,86.39,10550.693
2026-05-06 01:00:00,86.39,87.01,86.32,86.87,4905.358
2026-05-06 02:00:00,86.87,86.93,86.4,86.88,6457.553
2026-05-06 03:00:00,86.89,87.47,86.88,87.33,6968.139
2026-05-06 04:00:00,87.33,87.42,86.68,86.81,7543.327
2026-05-06 05:00:00,86.79,87.44,86.76,87.4,6024.136
2026-05-06 06:00:00,87.4,87.54,87.16,87.51,17855.307
2026-05-06 07:00:00,87.51,87.89,87.46,87.71,8728.933
2026-05-06 08:00:00,87.7,89.19,87.66,89.01,16589.703
2026-05-06 09:00:00,89.04,89.53,88.5,89.46,13642.69899535
2026-05-06 10:00:00,89.46,89.68,89.2,89.38,11114.428
2026-05-06 11:00:00,89.38,90.04,89.32,89.85,20595.796
2026-05-06 12:00:00,89.86,89.95,89.48,89.65,28426.818
2026-05-06 13:00:00,89.64,89.64,88.08,88.35,25603.324
2026-05-06 14:00:00,88.32,88.84,87.47,88.41,16775.86898653
2026-05-06 15:00:00,88.38,89.06,88.31,88.96,11193.033
2026-05-06 16:00:00,88.96,89.5,88.59,89.17,13879.825
2026-05-06 17:00:00,89.16,89.42,88.55,88.82,12674.243
2026-05-06 18:00:00,88.82,89.13,88.49,88.98,12859.94
2026-05-06 19:00:00,88.97,89.3,88.88,89.26,8423.758
2026-05-06 20:00:00,89.26,89.6,88.91,89.18,8549.158
2026-05-06 21:00:00,89.19,89.58,89.07,89.47,6488.61694463
2026-05-06 22:00:00,89.47,89.55,89.03,89.09,4651.167
2026-05-06 23:00:00,89.08,89.17,87.32,89.15,15757.753
2026-05-07 00:00:00,89.15,89.26,88.22,88.33,7929.949
2026-05-07 01:00:00,88.29,88.51,87.89,88.33,10107.4
2026-05-07 02:00:00,88.31,88.35,87.83,88.15,5266.798
2026-05-07 03:00:00,88.13,88.14,87.66,87.76,6454.737
2026-05-07 04:00:00,87.76,88.37,87.71,88.37,5147.799
2026-05-07 05:00:00,88.37,88.9,88.35,88.66,6666.072
2026-05-07 06:00:00,88.65,89.29,88.23,89.27,10517.238
2026-05-07 07:00:00,89.27,90.42,89.15,90.17,16897.975
2026-05-07 08:00:00,90.18,90.27,89.48,89.59,11224.288
2026-05-07 09:00:00,89.58,89.59,89.21,89.45,9573.035
2026-05-07 10:00:00,89.46,89.53,88.77,89.17,9394.435
2026-05-07 11:00:00,89.19,89.67,89.18,89.56,5679.166
2026-05-07 12:00:00,89.53,90.09,89.53,89.77,11090.663
2026-05-07 13:00:00,89.76,89.76,88.4,88.68,12183.528
2026-05-07 14:00:00,88.66,88.92,87.86,88.15,15825.857
2026-05-07 15:00:00,88.13,88.58,87.82,88.32,12264.31
2026-05-07 16:00:00,88.32,88.78,88.11,88.45,10537.913
2026-05-07 17:00:00,88.46,88.86,87.97,88.81,8814.44
2026-05-07 18:00:00,88.82,89.04,88.24,88.59,7871.722
2026-05-07 19:00:00,88.58,88.72,88.22,88.44,7293.159
2026-05-07 20:00:00,88.45,88.86,88.04,88.06,8959.181
2026-05-07 21:00:00,88.06,88.22,87.65,87.98,7817.055
2026-05-07 22:00:00,87.97,88.21,87.69,88.1,7998.56
2026-05-07 23:00:00,88.09,88.48,88.07,88.42,4668.671
2026-05-08 00:00:00,88.44,88.64,88.11,88.26,4865.313
2026-05-08 01:00:00,88.3,88.37,87.92,88.15,2605.462
2026-05-08 02:00:00,88.17,88.35,87.63,88.06,4476.988
2026-05-08 03:00:00,88.07,88.37,87.64,88.23,5031.527
2026-05-08 04:00:00,88.23,88.35,88.03,88.18,5298.241
2026-05-08 05:00:00,88.18,88.41,88.06,88.07,5815.005
2026-05-08 06:00:00,88.05,88.28,87.82,88.04,8251.17
2026-05-08 07:00:00,88.05,88.23,87.67,88.22,3927.021
2026-05-08 08:00:00,88.22,88.62,88.01,88.36,6765.34
2026-05-08 09:00:00,88.38,88.71,88.24,88.44,5902.331
2026-05-08 10:00:00,88.43,88.74,88.29,88.63,5128.045
2026-05-08 11:00:00,88.64,88.71,88.48,88.65,5860.313
2026-05-08 12:00:00,88.65,88.86,88.38,88.47,7951.61
2026-05-08 13:00:00,88.48,88.55,88.02,88.35,7234.87
2026-05-08 14:00:00,88.38,89.37,88.36,89.16,10648.569
2026-05-08 15:00:00,89.16,89.59,88.44,89.59,9742.063
2026-05-08 16:00:00,89.6,89.78,89.36,89.59,11112.932
2026-05-08 17:00:00,89.6,91.94,89.57,91.64,38478.852
2026-05-08 18:00:00,91.65,92.56,91.65,92.32,24941.14699612
2026-05-08 19:00:00,92.31,92.8,92.07,92.6,22116.928
2026-05-08 20:00:00,92.61,92.67,92.03,92.12,11605.719
2026-05-08 21:00:00,92.12,92.4,91.75,92.31,10523.90272321
2026-05-08 22:00:00,92.3,92.7,92.26,92.3,7955.156
2026-05-08 23:00:00,92.3,92.3,91.77,92.02,5710.843
2026-05-09 00:00:00,92.02,92.62,91.86,92.47,7664.457
2026-05-09 01:00:00,92.45,93.87,92.44,93.54,19993.443
2026-05-09 02:00:00,93.51,93.79,93.29,93.49,10241.161
2026-05-09 03:00:00,93.5,93.76,93.42,93.64,8577.728
2026-05-09 04:00:00,93.65,94.17,93.13,93.25,10895.263
2026-05-09 05:00:00,93.25,93.77,92.85,93.73,11335.115
2026-05-09 06:00:00,93.75,94.1,93.21,93.52,10640.92329851
2026-05-09 07:00:00,93.54,93.99,93.35,93.76,8141.08
2026-05-09 08:00:00,93.75,93.94,93.68,93.72,5540.613
2026-05-09 09:00:00,93.72,93.72,93.08,93.28,9294.223
2026-05-09 10:00:00,93.28,93.59,93.12,93.38,4811.959
2026-05-09 11:00:00,93.38,93.68,93.33,93.62,4411.655
2026-05-09 12:00:00,93.61,93.73,93.28,93.46,4734.767
2026-05-09 13:00:00,93.46,93.46,93.01,93.45,6140.174
2026-05-09 14:00:00,93.45,93.45,92.77,92.88,11784.72969642
2026-05-09 15:00:00,92.87,93.01,92.42,93.01,14277.262
2026-05-09 16:00:00,93.0,93.3,92.7,92.77,11132.82849473
2026-05-09 17:00:00,92.78,93.48,92.78,93.21,9452.51399937
2026-05-09 18:00:00,93.22,93.64,93.17,93.36,6209.558
2026-05-09 19:00:00,93.37,93.58,93.23,93.51,4661.25731031
2026-05-09 20:00:00,93.51,93.51,93.15,93.25,3370.564999478033
2026-05-09 21:00:00,93.25,93.54,93.25,93.48,6722.01494817
2026-05-09 22:00:00,93.48,93.51,93.21,93.31,4439.766
2026-05-09 23:00:00,93.33,93.48,93.06,93.15,3037.356
2026-05-10 00:00:00,93.13,93.33,92.93,93.01,6910.644
2026-05-10 01:00:00,93.02,93.03,92.61,92.97,7414.13
2026-05-10 02:00:00,92.96,93.11,92.82,93.03,6120.528
2026-05-10 03:00:00,93.05,93.5,93.02,93.42,4660.53499716
2026-05-10 04:00:00,93.42,93.5,93.24,93.36,4679.347
2026-05-10 05:00:00,93.36,93.5,93.25,93.35,4024.053
2026-05-10 06:00:00,93.34,93.46,93.25,93.4,3681.647
2026-05-10 07:00:00,93.41,93.63,93.38,93.46,4253.444
2026-05-10 08:00:00,93.45,94.08,93.43,94.05,6538.357
2026-05-10 09:00:00,94.08,94.81,94.08,94.32,17479.238
2026-05-10 10:00:00,94.32,94.38,93.62,93.85,11502.209
2026-05-10 11:00:00,93.86,94.01,92.92,93.57,10411.778
2026-05-10 12:00:00,93.56,93.63,93.22,93.33,6204.201
2026-05-10 13:00:00,93.33,93.95,93.26,93.79,8225.537
2026-05-10 14:00:00,93.78,94.13,93.69,93.88,7264.926
2026-05-10 15:00:00,93.88,94.72,93.88,94.53,16465.62
2026-05-10 16:00:00,94.54,95.0,94.18,94.83,15532.7136713
2026-05-10 17:00:00,94.83,96.51,94.83,96.49,23498.594
2026-05-10 18:00:00,96.49,96.89,96.14,96.43,20330.551
2026-05-10 19:00:00,96.4,96.86,95.74,96.49,14930.84370561
2026-05-10 20:00:00,96.49,96.6,93.43,94.52,39712.746
2026-05-10 21:00:00,94.48,95.59,94.47,95.08,19940.48999465
2026-05-10 22:00:00,95.06,96.36,94.9,96.22,24477.737
2026-05-10 23:00:00,96.25,97.34,95.99,96.47,19020.909
2026-05-11 00:00:00,96.48,97.18,95.35,95.81,36740.582
2026-05-11 01:00:00,95.82,96.41,95.35,96.08,25639.571
2026-05-11 02:00:00,96.07,96.14,95.2,95.32,17325.164
2026-05-11 03:00:00,95.32,95.37,94.48,94.78,17064.935
2026-05-11 04:00:00,94.75,95.2,94.45,94.97,6000.912
2026-05-11 05:00:00,94.96,95.87,94.94,95.72,9335.50907777
2026-05-11 06:00:00,95.72,96.17,95.43,95.5,9717.943
2026-05-11 07:00:00,95.49,95.59,95.18,95.34,9096.249
2026-05-11 08:00:00,95.33,95.37,94.58,94.81,10575.779
2026-05-11 09:00:00,94.79,95.35,94.77,95.28,8929.988
2026-05-11 10:00:00,95.27,95.57,95.06,95.06,7882.621
2026-05-11 11:00:00,95.07,95.5,94.91,95.25,6982.4
2026-05-11 12:00:00,95.28,95.39,94.69,94.81,13456.071
2026-05-11 13:00:00,94.81,95.48,94.57,95.25,15475.768
2026-05-11 14:00:00,95.28,95.87,94.32,95.17,25362.397
2026-05-11 15:00:00,95.18,96.8,94.91,96.79,21924.519
2026-05-11 16:00:00,96.8,97.98,96.5,97.32,27779.191
2026-05-11 17:00:00,97.34,97.96,96.9,97.77,15594.554075994678
2026-05-11 18:00:00,97.76,98.06,97.27,97.29,18208.4
2026-05-11 19:00:00,97.29,98.38,97.04,98.21,10823.36532561
2026-05-11 20:00:00,98.21,98.39,97.61,97.64,11221.7939672
2026-05-11 21:00:00,97.63,97.8,97.25,97.4,16036.764
2026-05-11 22:00:00,97.42,97.84,97.37,97.64,7688.0049955
2026-05-11 23:00:00,97.64,97.64,97.1,97.35,7547.047
2026-05-12 00:00:00,97.36,97.66,97.18,97.5,10140.20296963
2026-05-12 01:00:00,97.5,97.65,95.55,96.28,18577.9
2026-05-12 02:00:00,96.27,96.71,96.16,96.55,8526.619
2026-05-12 03:00:00,96.55,96.63,96.04,96.12,6440.92
2026-05-12 04:00:00,96.12,96.5,96.08,96.36,5654.447
2026-05-12 05:00:00,96.36,96.77,96.25,96.58,8201.866
2026-05-12 06:00:00,96.57,97.0,96.18,96.21,6403.379
2026-05-12 07:00:00,96.19,96.31,95.84,96.05,11872.69783429
2026-05-12 08:00:00,96.05,96.14,95.41,95.67,12393.303
2026-05-12 09:00:00,95.65,96.05,95.34,95.79,7867.362
2026-05-12 10:00:00,95.78,95.97,94.95,94.97,8311.22
2026-05-12 11:00:00,95.01,95.03,94.61,94.99,10206.471
2026-05-12 12:00:00,94.98,95.56,94.41,95.24,22324.908
2026-05-12 13:00:00,95.24,95.39,94.55,94.69,17893.189
2026-05-12 14:00:00,94.72,95.23,94.41,94.56,18834.74599992
2026-05-12 15:00:00,94.55,94.79,93.62,93.89,16385.861
2026-05-12 16:00:00,93.87,94.31,93.61,93.83,15485.373
2026-05-12 17:00:00,93.85,94.68,93.83,94.52,7805.99
2026-05-12 18:00:00,94.52,94.78,94.36,94.57,12782.488
2026-05-12 19:00:00,94.57,94.99,94.57,94.92,9938.078
2026-05-12 20:00:00,94.93,94.98,94.62,94.75,5551.638
2026-05-12 21:00:00,94.75,94.87,94.54,94.69,3678.666
2026-05-12 22:00:00,94.69,95.03,94.64,94.67,8027.829
2026-05-12 23:00:00,94.67,94.74,94.24,94.29,5072.626
2026-05-13 00:00:00,94.28,94.66,94.06,94.49,7540.63803204
2026-05-13 01:00:00,94.49,95.44,94.48,95.18,10406.115
2026-05-13 02:00:00,95.18,95.57,95.02,95.24,6733.33299317
2026-05-13 03:00:00,95.24,95.58,95.09,95.57,4353.00342354
2026-05-13 04:00:00,95.57,96.0,95.44,95.5,7578.017
2026-05-13 05:00:00,95.5,95.51,95.09,95.24,5426.95397713
2026-05-13 06:00:00,95.25,95.69,95.12,95.13,10927.607
2026-05-13 07:00:00,95.13,95.29,94.88,95.14,4684.456
2026-05-13 08:00:00,95.15,95.76,95.03,95.58,6144.01842385
2026-05-13 09:00:00,95.58,95.9,95.57,95.73,10001.089
2026-05-13 10:00:00,95.73,95.78,94.73,94.8,9470.203
2026-05-13 11:00:00,94.79,94.82,94.24,94.33,11942.834
2026-05-13 12:00:00,94.34,94.64,92.24,93.17,54394.37199839
2026-05-13 13:00:00,93.17,93.44,91.98,92.3,33894.683
2026-05-13 14:00:00,92.29,92.79,91.4,91.8,40863.584
2026-05-13 15:00:00,91.79,91.94,90.28,90.45,36476.48099151
2026-05-13 16:00:00,90.42,91.27,90.42,90.88,28478.313
2026-05-13 17:00:00,90.88,91.14,90.73,90.91,16759.449
2026-05-13 18:00:00,90.92,91.41,90.78,90.94,13866.443
2026-05-13 19:00:00,90.94,91.02,90.51,90.96,13736.023
2026-05-13 20:00:00,90.96,91.35,90.94,91.24,12481.76
2026-05-13 21:00:00,91.25,91.28,90.75,90.9,17332.641
2026-05-13 22:00:00,90.9,91.24,90.66,91.19,12014.208
2026-05-13 23:00:00,91.19,91.33,91.06,91.17,7970.856
2026-05-14 00:00:00,91.17,91.45,91.08,91.23,13443.925
2026-05-14 01:00:00,91.22,91.35,91.0,91.18,13769.48
2026-05-14 02:00:00,91.17,91.25,90.48,90.58,13431.45
2026-05-14 03:00:00,90.58,90.78,89.82,89.94,28118.174
2026-05-14 04:00:00,89.97,90.6,89.88,90.47,12280.37197349
2026-05-14 05:00:00,90.47,91.47,90.42,91.32,12578.565
2026-05-14 06:00:00,91.29,91.45,91.16,91.41,8538.774
2026-05-14 07:00:00,91.4,91.8,90.7,90.88,17533.935
2026-05-14 08:00:00,90.88,91.3,90.7,91.09,8365.62092809
2026-05-14 09:00:00,91.09,91.15,90.6,90.87,7811.606
2026-05-14 10:00:00,90.85,91.13,90.68,91.05,9107.43
2026-05-14 11:00:00,91.04,91.09,90.61,90.64,8447.16
2026-05-14 12:00:00,90.62,91.28,90.54,91.21,16108.419
2026-05-14 13:00:00,91.21,91.48,90.75,90.78,23770.12697946
2026-05-14 14:00:00,90.74,92.31,90.62,92.28,34035.187
2026-05-14 15:00:00,92.3,93.25,91.95,93.16,27202.661
2026-05-14 16:00:00,93.16,93.67,92.33,93.35,30433.651
2026-05-14 17:00:00,93.33,93.57,92.31,93.0,29842.768
2026-05-14 18:00:00,92.98,93.64,92.71,93.43,20361.515
2026-05-14 19:00:00,93.44,93.62,92.81,92.9,16049.605
2026-05-14 20:00:00,92.91,92.99,92.36,92.72,10419.1
2026-05-14 21:00:00,92.72,92.95,92.55,92.71,7401.702
2026-05-14 22:00:00,92.71,92.93,92.62,92.66,7526.709
2026-05-14 23:00:00,92.66,92.66,92.13,92.16,9202.02498686
2026-05-15 00:00:00,92.16,92.66,92.11,92.43,13196.707
2026-05-15 01:00:00,92.42,92.55,91.71,91.76,17159.697
2026-05-15 02:00:00,91.75,92.43,91.48,92.34,17821.38
2026-05-15 03:00:00,92.36,92.46,91.88,92.07,3199.129
2026-05-15 04:00:00,92.06,92.06,91.28,91.29,5678.276
2026-05-15 05:00:00,91.3,91.53,90.3,90.63,12538.886
2026-05-15 06:00:00,90.6,91.08,90.49,91.01,5623.65099735
2026-05-15 07:00:00,91.03,91.72,90.96,91.61,8708.071
2026-05-15 08:00:00,91.62,91.64,90.97,91.27,5517.199
2026-05-15 09:00:00,91.28,91.35,90.94,91.16,5456.05
2026-05-15 10:00:00,91.17,91.57,91.02,91.45,4281.70699866
2026-05-15 11:00:00,91.48,91.54,91.19,91.26,3359.46499739
2026-05-15 12:00:00,91.24,91.26,90.54,90.66,20280.708
2026-05-15 13:00:00,90.63,90.64,88.69,88.9,36093.293
2026-05-15 14:00:00,88.9,89.54,88.52,89.07,17698.23333379
2026-05-15 15:00:00,89.09,89.29,88.72,89.04,6785.13
2026-05-15 16:00:00,89.05,89.71,88.81,89.49,7005.779
2026-05-15 17:00:00,89.5,89.9,89.49,89.84,5112.503
2026-05-15 18:00:00,89.83,90.09,89.49,89.81,6285.667
2026-05-15 19:00:00,89.8,89.81,89.35,89.42,6231.291
2026-05-15 20:00:00,89.43,89.5,89.09,89.28,3761.957
2026-05-15 21:00:00,89.28,89.43,88.99,89.06,3371.431
2026-05-15 22:00:00,89.1,89.36,89.06,89.35,2108.168
2026-05-15 23:00:00,89.34,89.39,89.23,89.25,1644.74
2026-05-16 00:00:00,89.24,89.44,89.16,89.23,4001.324
2026-05-16 01:00:00,89.24,89.34,88.96,89.31,3696.873
2026-05-16 02:00:00,89.3,89.38,88.99,89.19,2368.804
2026-05-16 03:00:00,89.2,89.27,89.0,89.06,1287.286
2026-05-16 04:00:00,89.04,89.08,88.2,88.85,7476.406
2026-05-16 05:00:00,88.86,88.9,88.29,88.57,7034.11
2026-05-16 06:00:00,88.57,88.65,87.83,88.02,7890.44
2026-05-16 07:00:00,88.02,88.02,86.74,87.48,14860.507616118195
2026-05-16 08:00:00,87.44,87.63,87.38,87.5,3759.958
2026-05-16 09:00:00,87.49,87.52,85.79,86.06,25007.411
2026-05-16 10:00:00,86.02,86.15,85.55,86.01,13503.516
2026-05-16 11:00:00,86.01,86.33,86.01,86.11,5653.869
2026-05-16 12:00:00,86.1,86.43,86.02,86.25,2987.611
2026-05-16 13:00:00,86.26,86.34,86.12,86.26,4296.313
2026-05-16 14:00:00,86.29,86.71,86.08,86.41,7260.827
2026-05-16 15:00:00,86.38,86.67,86.28,86.53,5559.028
2026-05-16 16:00:00,86.5,86.8,86.4,86.64,8373.56
2026-05-16 17:00:00,86.65,86.96,86.63,86.82,1854.047
2026-05-16 18:00:00,86.82,86.98,86.64,86.84,2846.149
2026-05-16 19:00:00,86.83,86.88,86.68,86.68,2749.36
2026-05-16 20:00:00,86.71,86.92,86.69,86.69,2284.195
2026-05-16 21:00:00,86.69,86.78,86.51,86.6,2370.819
2026-05-16 22:00:00,86.58,86.7,86.46,86.55,2291.2580245816325
2026-05-16 23:00:00,86.54,86.71,86.51,86.56,1788.239
2026-05-17 00:00:00,86.55,86.72,85.96,86.13,4901.217
2026-05-17 01:00:00,86.15,86.34,85.61,85.8,8085.314
2026-05-17 02:00:00,85.77,86.24,85.76,85.98,6281.767
2026-05-17 03:00:00,85.99,86.62,85.99,86.52,3764.374
2026-05-17 04:00:00,86.52,86.97,86.48,86.86,3206.297
2026-05-17 05:00:00,86.85,87.29,86.85,86.91,4040.38
2026-05-17 06:00:00,86.92,87.03,86.74,86.84,2207.254
2026-05-17 07:00:00,86.86,87.11,86.8,86.97,3310.997
2026-05-17 08:00:00,86.99,87.03,86.62,86.84,2714.702
2026-05-17 09:00:00,86.84,87.01,86.73,86.9,5789.742
2026-05-17 10:00:00,86.9,87.28,86.83,87.01,4740.641
2026-05-17 11:00:00,87.02,87.1,86.81,86.9,5744.168
2026-05-17 12:00:00,86.91,87.02,86.73,86.78,1953.906
2026-05-17 13:00:00,86.78,86.78,86.32,86.4,2550.589
2026-05-17 14:00:00,86.42,86.45,85.98,86.32,4821.919
2026-05-17 15:00:00,86.3,86.49,86.2,86.49,2268.885
2026-05-17 16:00:00,86.47,86.7,86.18,86.32,3479.162
2026-05-17 17:00:00,86.33,86.36,86.02,86.26,4585.968
2026-05-17 18:00:00,86.26,86.44,86.01,86.43,2845.324
2026-05-17 19:00:00,86.44,86.94,86.43,86.81,2834.603
2026-05-17 20:00:00,86.8,86.86,86.58,86.7,1697.551
2026-05-17 21:00:00,86.69,86.98,86.61,86.96,5673.169
2026-05-17 22:00:00,86.92,86.94,86.01,86.22,10606.803
2026-05-17 23:00:00,86.25,86.25,83.39,85.22,72373.211
2026-05-18 00:00:00,85.24,85.34,84.39,85.32,24347.58795571
2026-05-18 01:00:00,85.34,85.46,84.55,85.0,10188.562
2026-05-18 02:00:00,84.99,85.35,84.74,84.88,4529.892
2026-05-18 03:00:00,84.9,85.25,84.73,84.85,2609.658
2026-05-18 04:00:00,84.86,85.3,84.6,85.27,3483.889
2026-05-18 05:00:00,85.27,85.37,84.65,84.86,5667.113
2026-05-18 06:00:00,84.86,84.97,84.3,84.72,10395.195
2026-05-18 07:00:00,84.78,85.01,84.41,84.76,5820.993
2026-05-18 08:00:00,84.76,85.02,84.62,84.91,5109.11198104
2026-05-18 09:00:00,84.91,84.94,84.46,84.5,4219.739
2026-05-18 10:00:00,84.48,84.51,84.21,84.26,8240.432
2026-05-18 11:00:00,84.3,85.31,84.09,84.97,6366.461
2026-05-18 12:00:00,84.98,85.79,84.98,85.56,8393.495
2026-05-18 13:00:00,85.56,85.58,84.33,84.7,13775.102
2026-05-18 14:00:00,84.67,84.67,83.73,83.98,17187.068
2026-05-18 15:00:00,83.99,84.38,83.6,84.2,9749.875
2026-05-18 16:00:00,84.22,84.5,83.99,84.33,6983.86
2026-05-18 17:00:00,84.33,84.69,84.24,84.39,3462.573
2026-05-18 18:00:00,84.4,84.43,83.5,83.53,7418.709
2026-05-18 19:00:00,83.52,85.23,83.51,85.01,15468.112
2026-05-18 20:00:00,85.03,85.42,84.82,84.92,4856.94
2026-05-18 21:00:00,84.93,85.67,84.79,85.57,5823.376
2026-05-18 22:00:00,85.57,85.76,85.28,85.46,3916.932
2026-05-18 23:00:00,85.46,85.64,85.27,85.36,3890.202
2026-05-19 00:00:00,85.38,85.96,85.33,85.57,4660.288
2026-05-19 01:00:00,85.57,85.58,84.91,84.91,7457.394
2026-05-19 02:00:00,84.9,85.26,84.61,84.85,7604.921
2026-05-19 03:00:00,84.85,85.24,84.73,85.07,2125.94
2026-05-19 04:00:00,85.08,85.31,84.78,85.17,3946.247
2026-05-19 05:00:00,85.16,85.29,84.48,85.18,6333.698
2026-05-19 06:00:00,85.16,85.58,85.13,85.25,6398.47198127
2026-05-19 07:00:00,85.26,85.63,85.13,85.47,4017.2753276052827
2026-05-19 08:00:00,85.5,85.6,85.06,85.25,10711.103
2026-05-19 09:00:00,85.25,85.31,84.5,84.77,5554.99
2026-05-19 10:00:00,84.76,84.87,84.31,84.71,3266.676
2026-05-19 11:00:00,84.73,84.82,84.28,84.38,4400.651
2026-05-19 12:00:00,84.38,84.79,84.3,84.78,3530.814
2026-05-19 13:00:00,84.79,85.1,84.4,84.8,9812.524
2026-05-19 14:00:00,84.76,84.95,83.69,84.11,19402.00199823
2026-05-19 15:00:00,84.09,84.58,84.02,84.37,11183.789
2026-05-19 16:00:00,84.37,84.9,84.16,84.84,3888.118
2026-05-19 17:00:00,84.85,85.05,84.47,84.69,5148.88
2026-05-19 18:00:00,84.68,84.81,84.26,84.38,4932.803
2026-05-19 19:00:00,84.38,84.73,84.23,84.36,2946.858
2026-05-19 20:00:00,84.36,84.58,84.31,84.53,5593.389
2026-05-19 21:00:00,84.52,84.65,84.39,84.45,4435.424
2026-05-19 22:00:00,84.43,84.43,84.01,84.11,2664.107
2026-05-19 23:00:00,84.12,84.59,84.03,84.28,1910.508
2026-05-20 00:00:00,84.29,84.41,83.94,84.23,2664.9488376
2026-05-20 01:00:00,84.23,84.54,83.87,84.36,3666.941
2026-05-20 02:00:00,84.37,84.49,83.93,83.97,4008.614
2026-05-20 03:00:00,83.99,84.26,83.86,84.07,1402.507
2026-05-20 04:00:00,84.11,84.23,83.89,84.23,1662.611
2026-05-20 05:00:00,84.23,84.95,84.23,84.78,4863.933988876037
2026-05-20 06:00:00,84.77,85.01,84.73,84.99,3215.93
2026-05-20 07:00:00,85.0,85.12,84.71,84.77,3218.072
2026-05-20 08:00:00,84.77,85.17,84.73,84.98,2626.393
2026-05-20 09:00:00,84.98,85.09,84.84,84.89,1632.651
2026-05-20 10:00:00,84.89,85.2,84.87,84.97,3205.807
2026-05-20 11:00:00,84.97,85.05,84.58,84.71,2277.227
2026-05-20 12:00:00,84.71,85.33,84.61,85.11,3970.44
2026-05-20 13:00:00,85.1,85.16,84.17,84.69,6318.764
2026-05-20 14:00:00,84.69,86.12,84.33,85.85,16642.62
2026-05-20 15:00:00,85.84,86.27,85.41,85.91,15529.398
2026-05-20 16:00:00,85.91,86.81,85.53,86.48,16911.245
2026-05-20 17:00:00,86.49,87.08,86.33,86.52,6687.44280264
2026-05-20 18:00:00,86.52,86.57,85.64,85.83,7549.936
2026-05-20 19:00:00,85.83,86.31,85.62,86.18,3677.17487262
2026-05-20 20:00:00,86.17,86.23,85.48,86.16,17161.92
2026-05-20 21:00:00,86.16,86.33,85.97,85.99,4105.874
2026-05-20 22:00:00,85.98,86.33,85.62,86.04,6283.49
2026-05-20 23:00:00,86.04,86.18,85.87,86.17,3180.76
2026-05-21 00:00:00,86.17,86.82,86.11,86.63,5477.587
2026-05-21 01:00:00,86.64,87.03,86.46,86.54,5226.1789003
2026-05-21 02:00:00,86.55,86.9,86.45,86.59,8195.319
2026-05-21 03:00:00,86.59,86.92,86.54,86.85,6390.625
2026-05-21 04:00:00,86.85,87.19,86.77,86.97,7834.294
2026-05-21 05:00:00,86.97,87.11,86.34,86.5,4643.889
2026-05-21 06:00:00,86.5,86.59,86.21,86.32,3426.908
2026-05-21 07:00:00,86.32,86.73,86.26,86.63,2810.173
2026-05-21 08:00:00,86.63,87.21,86.63,86.85,6734.002
2026-05-21 09:00:00,86.85,87.04,86.46,86.5,7894.608
2026-05-21 10:00:00,86.49,86.67,85.7,85.75,9469.165
2026-05-21 11:00:00,85.74,85.94,85.58,85.58,4862.821
2026-05-21 12:00:00,85.59,85.86,85.44,85.76,5349.95
2026-05-21 13:00:00,85.75,86.13,85.33,86.07,8482.29
2026-05-21 14:00:00,86.07,86.48,85.61,86.01,11832.324
2026-05-21 15:00:00,86.0,86.89,85.9,86.46,10430.682
2026-05-21 16:00:00,86.46,86.6,86.05,86.27,5341.673
2026-05-21 17:00:00,86.27,88.01,86.18,87.59,21993.853
2026-05-21 18:00:00,87.59,87.78,86.78,87.08,9134.883
2026-05-21 19:00:00,87.07,87.88,87.07,87.84,6344.422
2026-05-21 20:00:00,87.84,87.93,87.5,87.56,3045.678
2026-05-21 21:00:00,87.57,87.72,87.31,87.35,3901.248
2026-05-21 22:00:00,87.35,87.5,87.12,87.18,2760.063
2026-05-21 23:00:00,87.19,87.39,87.03,87.36,3676.968
2026-05-22 00:00:00,87.36,87.36,86.83,86.86,3952.907
2026-05-22 01:00:00,86.85,87.11,86.61,87.08,4154.382
2026-05-22 02:00:00,87.08,87.25,86.99,87.17,6749.821
2026-05-22 03:00:00,87.17,87.31,86.92,87.02,2991.752
2026-05-22 04:00:00,87.03,87.37,86.92,86.99,2749.594
2026-05-22 05:00:00,86.98,87.15,86.72,86.81,2904.784
2026-05-22 06:00:00,86.8,86.86,86.52,86.72,3764.912
2026-05-22 07:00:00,86.72,87.15,86.54,86.98,6860.013
2026-05-22 08:00:00,86.99,87.52,86.86,87.16,7203.326
2026-05-22 09:00:00,87.14,87.4,87.05,87.26,6255.237
2026-05-22 10:00:00,87.26,87.28,86.89,87.01,1970.092
2026-05-22 11:00:00,87.01,87.35,86.72,87.33,3343.331
2026-05-22 12:00:00,87.34,87.78,87.26,87.77,3666.474
2026-05-22 13:00:00,87.78,87.86,87.1,87.4,7376.901
2026-05-22 14:00:00,87.4,87.4,86.37,86.63,10802.28
2026-05-22 15:00:00,86.6,86.99,86.27,86.77,4899.948
2026-05-22 16:00:00,86.77,87.02,86.66,86.93,2338.406
2026-05-22 17:00:00,86.93,87.19,86.5,86.65,5146.85
2026-05-22 18:00:00,86.64,86.7,84.62,85.45,16026.188
2026-05-22 19:00:00,85.44,85.63,84.0,84.57,21256.364
2026-05-22 20:00:00,84.56,85.08,84.56,85.0,6584.854
2026-05-22 21:00:00,84.98,85.3,84.94,85.18,3179.91
2026-05-22 22:00:00,85.18,85.22,84.79,84.97,3825.58
2026-05-22 23:00:00,84.97,85.16,84.0,84.41,9839.603
2026-05-23 00:00:00,84.41,84.56,84.08,84.44,7469.071
2026-05-23 01:00:00,84.44,84.65,84.32,84.53,3055.806
2026-05-23 02:00:00,84.54,84.59,84.21,84.52,4346.929
2026-05-23 03:00:00,84.52,84.74,84.48,84.69,1732.413
2026-05-23 04:00:00,84.69,84.71,84.36,84.42,9754.298
2026-05-23 05:00:00,84.43,84.49,84.21,84.45,10938.47
2026-05-23 06:00:00,84.46,84.52,84.21,84.27,8602.238
2026-05-23 07:00:00,84.28,84.35,81.5,82.24,54982.168
2026-05-23 08:00:00,82.24,82.37,81.7,82.12,24895.182
2026-05-23 09:00:00,82.13,82.27,81.98,82.0,12733.387
2026-05-23 10:00:00,82.01,82.37,82.01,82.24,2682.99
2026-05-23 11:00:00,82.24,82.47,82.22,82.29,3720.142
2026-05-23 12:00:00,82.29,82.56,82.15,82.49,4004.376
2026-05-23 13:00:00,82.49,83.48,82.48,83.24,7661.002
2026-05-23 14:00:00,83.24,84.49,83.11,84.14,11506.788
2026-05-23 15:00:00,84.14,84.54,83.65,84.09,12644.892
2026-05-23 16:00:00,84.08,84.31,83.93,84.11,7827.038
2026-05-23 17:00:00,84.12,84.36,83.98,84.23,3828.083
2026-05-23 18:00:00,84.23,85.15,84.18,84.73,10736.67398891
2026-05-23 19:00:00,84.74,85.12,84.63,84.98,7327.395
2026-05-23 20:00:00,84.98,87.09,84.78,87.08,27982.749
2026-05-23 21:00:00,87.1,87.55,85.95,86.29,14837.086
2026-05-23 22:00:00,86.3,86.61,85.53,85.83,12360.108
2026-05-23 23:00:00,85.82,85.97,85.68,85.76,6597.612
2026-05-24 00:00:00,85.78,86.03,85.63,85.91,3610.612
2026-05-24 01:00:00,85.91,86.23,85.89,86.03,6064.317
2026-05-24 02:00:00,86.03,86.12,85.74,85.97,2735.279
2026-05-24 03:00:00,85.98,86.14,85.64,85.81,4341.612
2026-05-24 04:00:00,85.82,86.11,85.8,85.93,3916.754
2026-05-24 05:00:00,85.94,86.19,85.59,86.16,6047.037
2026-05-24 06:00:00,86.16,86.47,85.93,86.45,2807.907
2026-05-24 07:00:00,86.47,86.73,86.02,86.09,5627.182
2026-05-24 08:00:00,86.09,86.5,86.01,86.5,6956.33293159
2026-05-24 09:00:00,86.5,86.99,86.37,86.55,9798.816
2026-05-24 10:00:00,86.56,86.73,86.26,86.5,7428.93599925
2026-05-24 11:00:00,86.5,86.91,86.42,86.67,8455.839
2026-05-24 12:00:00,86.67,86.7,86.17,86.35,5348.868
2026-05-24 13:00:00,86.36,86.45,85.73,85.91,6224.169
2026-05-24 14:00:00,85.91,86.01,84.48,85.25,18487.422
2026-05-24 15:00:00,85.25,85.47,85.16,85.31,4032.789
2026-05-24 16:00:00,85.31,85.86,85.19,85.64,6558.585
2026-05-24 17:00:00,85.64,85.8,85.5,85.64,4068.062
2026-05-24 18:00:00,85.64,85.68,85.26,85.4,6164.248
2026-05-24 19:00:00,85.4,85.51,85.22,85.37,2594.302
2026-05-24 20:00:00,85.38,85.43,84.59,84.78,10864.018
2026-05-24 21:00:00,84.78,85.0,83.68,83.95,14783.932
2026-05-24 22:00:00,83.94,85.33,83.94,85.01,14212.095
2026-05-24 23:00:00,85.01,85.53,85.0,85.28,4739.768
2026-05-25 00:00:00,85.28,85.67,85.26,85.5,4286.72
2026-05-25 01:00:00,85.51,85.6,84.83,84.86,8129.243
2026-05-25 02:00:00,84.87,85.77,84.87,85.07,6342.788
2026-05-25 03:00:00,85.07,85.19,84.8,84.95,2445.255
2026-05-25 04:00:00,84.95,85.93,84.92,85.84,5730.761
2026-05-25 05:00:00,85.84,86.18,85.75,85.98,5648.799
2026-05-25 06:00:00,85.98,86.19,85.66,85.99,4886.224
2026-05-25 07:00:00,86.0,86.16,85.61,85.95,4711.895
2026-05-25 08:00:00,85.95,86.1,85.75,86.03,3590.553
2026-05-25 09:00:00,86.04,86.23,85.9,85.94,2954.682
2026-05-25 10:00:00,85.93,86.11,85.89,86.07,3639.689
2026-05-25 11:00:00,86.07,86.15,85.71,85.77,2792.748
2026-05-25 12:00:00,85.77,86.08,85.66,85.88,5283.34
2026-05-25 13:00:00,85.87,86.02,85.78,86.01,2435.873
2026-05-25 14:00:00,86.02,86.44,85.93,86.33,5250.54
2026-05-25 15:00:00,86.34,86.54,86.06,86.26,4906.165
2026-05-25 16:00:00,86.26,86.44,85.97,86.27,3425.74
2026-05-25 17:00:00,86.28,86.39,86.06,86.13,8515.214
2026-05-25 18:00:00,86.11,86.31,85.89,85.92,3655.954
2026-05-25 19:00:00,85.91,85.95,85.52,85.64,2820.311
2026-05-25 20:00:00,85.63,85.88,85.3,85.4,3194.223
2026-05-25 21:00:00,85.41,85.56,85.29,85.38,2454.74
2026-05-25 22:00:00,85.38,85.54,84.7,84.81,5751.295
2026-05-25 23:00:00,84.8,85.21,84.73,85.05,3795.817
2026-05-26 00:00:00,85.06,85.09,83.9,84.39,6422.053
2026-05-26 01:00:00,84.39,84.56,83.86,84.11,5476.212
2026-05-26 02:00:00,84.12,84.24,83.91,84.03,3138.811
2026-05-26 03:00:00,84.03,84.26,83.85,84.22,1621.638
2026-05-26 04:00:00,84.23,84.52,84.01,84.36,2551.843
2026-05-26 05:00:00,84.37,84.98,84.28,84.66,2849.42
2026-05-26 06:00:00,84.66,84.84,84.41,84.6,2724.414
2026-05-26 07:00:00,84.64,84.64,84.11,84.35,3505.389
2026-05-26 08:00:00,84.36,84.58,84.34,84.44,1378.587
2026-05-26 09:00:00,84.45,84.71,84.32,84.47,5964.926
2026-05-26 10:00:00,84.47,85.82,84.36,85.56,8672.419
2026-05-26 11:00:00,85.57,85.66,85.22,85.22,5888.227
2026-05-26 12:00:00,85.22,85.4,84.81,85.33,4784.407
2026-05-26 13:00:00,85.33,85.76,84.7,85.51,7993.292
2026-05-26 14:00:00,85.52,86.13,84.77,85.25,13868.18
2026-05-26 15:00:00,85.23,85.33,84.02,84.49,16069.137
2026-05-26 16:00:00,84.49,84.57,83.95,84.23,6898.962
2026-05-26 17:00:00,84.23,84.43,83.15,83.59,23913.726
2026-05-26 18:00:00,83.6,84.09,83.48,83.61,9970.727
2026-05-26 19:00:00,83.61,84.01,83.36,83.78,3776.71099034
2026-05-26 20:00:00,83.78,83.97,83.72,83.93,5212.889
2026-05-26 21:00:00,83.94,83.97,83.56,83.7,8413.438
2026-05-26 22:00:00,83.7,83.87,83.54,83.66,2944.371
2026-05-26 23:00:00,83.66,83.85,83.63,83.72,1727.25427738
2026-05-27 00:00:00,83.73,84.18,83.72,84.14,2382.747
2026-05-27 01:00:00,84.15,84.21,83.79,83.86,7014.76399672
2026-05-27 02:00:00,83.86,83.96,83.56,83.95,1898.546
2026-05-27 03:00:00,83.96,84.08,83.49,83.63,2352.993
2026-05-27 04:00:00,83.62,83.68,82.8,83.64,17647.229
2026-05-27 05:00:00,83.65,83.94,83.57,83.88,2137.257
2026-05-27 06:00:00,83.89,84.07,83.75,84.05,1937.031
2026-05-27 07:00:00,84.06,84.21,83.89,84.21,3163.354
2026-05-27 08:00:00,84.2,84.42,83.9,83.94,5894.239
2026-05-27 09:00:00,83.93,83.97,83.61,83.77,5447.641
2026-05-27 10:00:00,83.78,84.09,83.66,83.94,2756.55
2026-05-27 11:00:00,83.94,84.22,83.9,83.95,3649.215
2026-05-27 12:00:00,83.95,84.69,83.55,83.94,11013.967
2026-05-27 13:00:00,83.93,84.05,82.98,83.64,12622.314
2026-05-27 14:00:00,83.64,84.12,83.24,83.91,11568.947
2026-05-27 15:00:00,83.9,84.84,83.89,84.44,8134.449
2026-05-27 16:00:00,84.44,84.76,83.88,84.18,5775.624
2026-05-27 17:00:00,84.19,84.2,83.18,83.43,11368.221
2026-05-27 18:00:00,83.43,84.0,83.21,83.95,4019.367
2026-05-27 19:00:00,83.95,84.15,83.87,83.92,5465.431
2026-05-27 20:00:00,83.92,84.15,83.76,83.82,3387.52
2026-05-27 21:00:00,83.82,83.82,82.12,82.48,10665.855
2026-05-27 22:00:00,82.49,83.02,82.25,82.46,6636.341
2026-05-27 23:00:00,82.45,82.7,82.2,82.43,4561.631
2026-05-28 00:00:00,82.42,82.74,82.36,82.71,4550.532
2026-05-28 01:00:00,82.72,82.77,81.93,82.28,6179.171
2026-05-28 02:00:00,82.28,82.44,82.02,82.11,3192.976
2026-05-28 03:00:00,82.11,82.25,80.49,80.7,48105.364
2026-05-28 04:00:00,80.71,80.95,80.0,80.9,18170.584
2026-05-28 05:00:00,80.89,80.97,80.42,80.7,5505.828
2026-05-28 06:00:00,80.7,81.08,80.53,80.96,6962.264
2026-05-28 07:00:00,80.96,81.29,80.85,81.26,7855.093
2026-05-28 08:00:00,81.27,81.29,80.83,80.98,4179.475
2026-05-28 09:00:00,81.0,81.31,80.83,81.22,4053.614
2026-05-28 10:00:00,81.23,81.33,80.73,80.74,4881.047
2026-05-28 11:00:00,80.75,80.94,80.6,80.87,5624.36998227
2026-05-28 12:00:00,80.88,81.25,80.59,81.13,3710.112
2026-05-28 13:00:00,81.13,81.36,80.55,80.81,9218.029
2026-05-28 14:00:00,80.81,81.65,80.02,81.19,24358.82685521
2026-05-28 15:00:00,81.19,81.38,80.57,81.14,12257.843
2026-05-28 16:00:00,81.15,82.17,80.93,82.07,8976.648
2026-05-28 17:00:00,82.08,82.64,81.83,82.29,6030.753204417334
2026-05-28 18:00:00,82.29,83.02,82.25,82.91,7931.371
2026-05-28 19:00:00,82.9,82.9,82.16,82.2,5029.517
2026-05-28 20:00:00,82.19,82.62,81.79,82.3,7619.957
2026-05-28 21:00:00,82.3,82.68,82.23,82.44,4294.489
2026-05-28 22:00:00,82.44,82.63,81.91,82.03,5298.251
2026-05-28 23:00:00,82.04,82.28,81.99,82.11,1505.923
2026-05-29 00:00:00,82.12,82.48,82.12,82.33,3501.983
2026-05-29 01:00:00,82.34,82.49,82.07,82.21,3854.062
2026-05-29 02:00:00,82.22,82.32,81.48,81.57,6046.676
2026-05-29 03:00:00,81.57,81.95,81.53,81.62,2939.087
2026-05-29 04:00:00,81.62,81.93,81.38,81.92,1974.721
2026-05-29 05:00:00,81.93,82.19,81.82,82.07,1780.5
2026-05-29 06:00:00,82.06,82.49,82.02,82.29,2322.816
2026-05-29 07:00:00,82.28,82.46,81.91,82.24,4671.032
2026-05-29 08:00:00,82.23,82.49,82.17,82.2,4687.749
2026-05-29 09:00:00,82.21,82.63,82.2,82.44,3449.688
2026-05-29 10:00:00,82.44,82.44,82.09,82.15,2950.467
2026-05-29 11:00:00,82.14,82.21,81.51,81.76,7449.576
2026-05-29 12:00:00,81.75,81.78,81.3,81.48,4759.512
2026-05-29 13:00:00,81.48,81.71,81.1,81.43,6723.342
2026-05-29 14:00:00,81.43,81.58,80.38,81.34,18126.458
2026-05-29 15:00:00,81.34,83.24,81.21,82.58,22563.268
2026-05-29 16:00:00,82.58,83.12,82.21,82.93,10261.644
2026-05-29 17:00:00,82.93,83.22,82.67,82.79,8063.026
2026-05-29 18:00:00,82.8,82.99,81.82,82.06,9017.034
2026-05-29 19:00:00,82.05,82.4,81.59,82.07,5761.255
2026-05-29 20:00:00,82.08,82.34,82.02,82.23,2855.55
2026-05-29 21:00:00,82.23,82.4,81.7,81.71,3858.403
2026-05-29 22:00:00,81.71,82.02,81.62,81.97,2823.253
2026-05-29 23:00:00,81.98,82.1,81.76,82.02,7831.672
2026-05-30 00:00:00,82.02,82.34,81.93,82.28,3385.731
2026-05-30 01:00:00,82.29,82.94,82.21,82.82,6029.556
2026-05-30 02:00:00,82.82,83.03,82.77,82.98,3230.277
2026-05-30 03:00:00,82.97,83.09,82.63,82.66,3158.014
2026-05-30 04:00:00,82.67,82.8,81.86,82.32,6250.194
2026-05-30 05:00:00,82.31,82.72,82.21,82.6,5310.254
2026-05-30 06:00:00,82.6,82.74,82.39,82.48,2212.14
2026-05-30 07:00:00,82.48,82.52,82.26,82.37,2282.477
2026-05-30 08:00:00,82.38,82.41,82.19,82.22,1932.103
2026-05-30 09:00:00,82.22,82.39,82.21,82.33,1187.342
2026-05-30 10:00:00,82.33,82.51,82.31,82.37,2988.67
2026-05-30 11:00:00,82.38,82.54,82.22,82.33,2374.081
2026-05-30 12:00:00,82.33,82.43,82.25,82.43,2199.973
2026-05-30 13:00:00,82.43,82.56,82.24,82.47,4205.302
2026-05-30 14:00:00,82.48,82.75,82.45,82.62,3649.946
2026-05-30 15:00:00,82.62,82.91,82.49,82.69,4380.902
2026-05-30 16:00:00,82.68,82.93,82.62,82.9,5291.374
2026-05-30 17:00:00,82.89,83.06,82.63,83.06,6011.648
2026-05-30 18:00:00,83.06,83.16,82.87,83.02,4605.117
2026-05-30 19:00:00,83.03,83.05,82.8,83.0,2927.496
2026-05-30 20:00:00,83.0,83.1,82.87,82.96,1731.709
2026-05-30 21:00:00,82.97,83.17,82.92,83.02,3077.857
2026-05-30 22:00:00,83.02,83.02,82.47,82.67,3128.899
2026-05-30 23:00:00,82.67,82.9,82.51,82.74,2629.69
2026-05-31 00:00:00,82.74,82.96,82.63,82.93,3325.982
2026-05-31 01:00:00,82.93,83.22,82.92,83.03,2699.571
2026-05-31 02:00:00,83.03,83.42,82.89,83.16,4564.91
2026-05-31 03:00:00,83.16,83.35,83.1,83.23,1073.326
2026-05-31 04:00:00,83.23,83.29,83.09,83.21,911.849
2026-05-31 05:00:00,83.2,83.23,83.0,83.03,1344.997
2026-05-31 06:00:00,83.04,83.04,82.85,82.96,1222.281
2026-05-31 07:00:00,82.96,82.96,82.52,82.67,2715.025
2026-05-31 08:00:00,82.67,82.87,82.6,82.8,3145.49
2026-05-31 09:00:00,82.8,83.05,82.64,82.74,6624.23398268
2026-05-31 10:00:00,82.74,82.75,82.49,82.72,4409.769
2026-05-31 11:00:00,82.72,82.86,82.68,82.76,938.941
2026-05-31 12:00:00,82.75,82.94,82.58,82.82,2576.9
2026-05-31 13:00:00,82.82,83.13,82.67,82.77,2339.341
2026-05-31 14:00:00,82.76,82.77,81.8,81.96,14356.778
2026-05-31 15:00:00,81.97,82.28,81.84,81.88,3506.749
2026-05-31 16:00:00,81.87,82.04,81.43,81.58,4537.783
2026-05-31 17:00:00,81.58,81.91,81.48,81.86,1650.623
2026-05-31 18:00:00,81.87,81.87,81.62,81.75,2230.093
2026-05-31 19:00:00,81.75,81.8,81.34,81.59,2490.702
2026-05-31 20:00:00,81.6,82.02,81.6,81.98,3443.693
2026-05-31 21:00:00,81.98,82.38,81.89,82.32,2011.078
2026-05-31 22:00:00,82.32,82.7,82.04,82.53,4487.028
2026-05-31 23:00:00,82.53,82.94,81.97,82.43,4836.985
2026-06-01 00:00:00,82.44,83.1,82.36,82.83,5352.206
2026-06-01 01:00:00,82.83,82.88,81.76,81.77,4523.452
2026-06-01 02:00:00,81.77,82.89,81.63,82.68,4662.262
2026-06-01 03:00:00,82.67,82.98,82.55,82.61,3042.413
2026-06-01 04:00:00,82.61,82.77,81.77,82.04,3031.391
2026-06-01 05:00:00,82.04,82.1,81.64,81.81,2148.738
2026-06-01 06:00:00,81.81,81.88,81.13,81.43,6316.233
2026-06-01 07:00:00,81.44,81.57,80.65,80.73,5980.657
2026-06-01 08:00:00,80.73,81.04,80.47,80.97,7006.126
2026-06-01 09:00:00,80.98,81.29,80.98,81.08,6438.702
2026-06-01 10:00:00,81.08,81.19,80.83,81.1,5576.187
2026-06-01 11:00:00,81.1,81.24,80.6,80.82,7797.323
2026-06-01 12:00:00,80.82,81.08,80.25,80.83,11252.984
2026-06-01 13:00:00,80.84,80.86,79.3,79.83,22327.621
2026-06-01 14:00:00,79.84,80.11,79.43,79.72,11767.813
2026-06-01 15:00:00,79.72,80.05,79.21,79.62,13013.382
2026-06-01 16:00:00,79.61,80.45,79.12,80.4,11792.816
2026-06-01 17:00:00,80.41,81.2,80.28,80.93,13467.855
2026-06-01 18:00:00,80.92,81.22,80.58,80.84,3789.085
2026-06-01 19:00:00,80.85,81.32,80.6,81.19,4574.661
2026-06-01 20:00:00,81.2,81.24,80.96,81.13,5515.097
2026-06-01 21:00:00,81.13,81.17,80.51,80.68,7811.793
2026-06-01 22:00:00,80.68,81.48,80.32,81.4,6804.687
2026-06-01 23:00:00,81.39,81.63,81.07,81.27,6571.878
2026-06-02 00:00:00,81.27,81.3,80.88,80.89,2666.655
2026-06-02 01:00:00,80.89,81.01,80.05,80.11,5629.404
2026-06-02 02:00:00,80.1,80.79,79.42,80.79,11816.049
2026-06-02 03:00:00,80.79,81.05,80.64,80.91,2886.753
2026-06-02 04:00:00,80.92,81.02,80.38,80.45,4446.063
2026-06-02 05:00:00,80.45,80.6,79.59,79.62,5977.174
2026-06-02 06:00:00,79.62,79.83,79.34,79.59,8305.289
2026-06-02 07:00:00,79.6,79.94,79.15,79.67,4642.278
2026-06-02 08:00:00,79.68,79.8,79.46,79.61,9381.394
2026-06-02 09:00:00,79.63,79.65,78.79,79.12,10168.28
2026-06-02 10:00:00,79.12,79.48,78.98,79.44,4753.635
2026-06-02 11:00:00,79.44,79.45,78.86,78.93,5410.005
2026-06-02 12:00:00,78.93,79.16,78.65,78.98,5902.148
2026-06-02 13:00:00,78.98,79.23,78.81,78.94,9999.744
2026-06-02 14:00:00,78.95,79.0,76.76,77.45,29767.365
2026-06-02 15:00:00,77.43,77.5,75.57,76.38,28897.911
2026-06-02 16:00:00,76.39,77.68,76.15,76.73,16682.79
2026-06-02 17:00:00,76.73,77.19,76.48,76.83,13734.132
2026-06-02 18:00:00,76.84,77.07,75.81,76.15,7526.095
2026-06-02 19:00:00,76.14,76.27,74.48,75.53,25798.078
2026-06-02 20:00:00,75.52,75.94,74.77,75.44,15638.662
2026-06-02 21:00:00,75.44,76.08,75.33,75.67,7999.805
2026-06-02 22:00:00,75.66,75.67,73.36,73.67,25302.077
2026-06-02 23:00:00,73.69,74.31,72.69,74.23,27639.862
2026-06-03 00:00:00,74.23,75.13,74.0,74.83,12209.548
2026-06-03 01:00:00,74.84,75.04,74.14,74.76,7606.558
2026-06-03 02:00:00,74.74,74.81,74.2,74.41,4754.432
2026-06-03 03:00:00,74.42,74.54,72.28,72.7,20005.821
2026-06-03 04:00:00,72.71,74.11,72.69,74.06,8804.655
2026-06-03 05:00:00,74.07,74.91,74.06,74.72,9393.919
2026-06-03 06:00:00,74.72,75.35,74.67,74.86,9065.383
2026-06-03 07:00:00,74.87,75.43,74.77,75.28,6190.439
2026-06-03 08:00:00,75.28,75.34,74.87,75.0,6592.299
2026-06-03 09:00:00,75.0,75.42,74.72,75.0,6571.03261876
2026-06-03 10:00:00,75.01,75.61,74.97,75.54,5173.197
2026-06-03 11:00:00,75.55,75.72,75.0,75.12,7759.862
2026-06-03 12:00:00,75.13,75.28,74.71,75.19,6021.464
2026-06-03 13:00:00,75.19,75.37,74.4,74.57,10360.942
2026-06-03 14:00:00,74.57,74.61,73.86,74.46,8492.441
2026-06-03 15:00:00,74.46,74.49,73.25,73.3,10178.557
2026-06-03 16:00:00,73.3,73.48,72.04,73.01,20429.184
2026-06-03 17:00:00,73.01,74.1,72.41,73.17,11685.507
2026-06-03 18:00:00,73.17,73.49,72.47,73.11,9338.81892301
2026-06-03 19:00:00,73.11,73.18,71.71,72.0,14653.107
2026-06-03 20:00:00,71.99,72.43,70.91,71.23,24629.167
2026-06-03 21:00:00,71.23,72.86,71.03,72.82,15262.885
2026-06-03 22:00:00,72.81,73.17,71.95,72.22,14219.902
2026-06-03 23:00:00,72.22,72.27,71.58,71.63,10008.54
2026-06-04 00:00:00,71.62,72.1,70.35,70.77,21211.88433331
2026-06-04 01:00:00,70.78,70.95,68.43,68.62,37441.342
2026-06-04 02:00:00,68.63,70.46,66.76,70.07,54773.201
2026-06-04 03:00:00,70.08,71.64,70.05,71.48,13541.135
2026-06-04 04:00:00,71.49,71.79,70.81,70.91,7494.613199469257
2026-06-04 05:00:00,70.9,70.9,69.91,70.34,11940.61168035
2026-06-04 06:00:00,70.34,71.22,70.26,70.36,8633.49
2026-06-04 07:00:00,70.38,70.41,69.13,69.16,13159.043
2026-06-04 08:00:00,69.17,69.43,68.34,69.24,14973.226
2026-06-04 09:00:00,69.24,69.28,67.74,68.86,18818.96592053
2026-06-04 10:00:00,68.86,68.92,67.55,67.88,22834.56545473373
2026-06-04 11:00:00,67.89,68.7,67.41,68.7,19222.9809756594
2026-06-04 12:00:00,68.7,70.36,68.33,70.11,26899.487
2026-06-04 13:00:00,70.12,70.59,69.02,70.38,26274.73798641
2026-06-04 14:00:00,70.38,70.64,69.57,69.78,11454.271
2026-06-04 15:00:00,69.77,70.51,69.41,69.65,14894.82
2026-06-04 16:00:00,69.65,69.67,68.97,69.42,9414.044
2026-06-04 17:00:00,69.41,69.74,68.5,69.24,14519.764
2026-06-04 18:00:00,69.25,69.89,68.66,69.51,8479.518
2026-06-04 19:00:00,69.5,69.71,69.04,69.1,9612.879
2026-06-04 20:00:00,69.09,69.19,68.45,68.82,10795.191
2026-06-04 21:00:00,68.81,69.05,67.62,67.8,8843.138
2026-06-04 22:00:00,67.79,68.57,67.57,68.48,16709.582
2026-06-04 23:00:00,68.48,68.92,68.01,68.87,6592.584
2026-06-05 00:00:00,68.87,69.09,68.29,68.3,7887.926
2026-06-05 01:00:00,68.3,68.82,67.58,68.51,12180.03023739
2026-06-05 02:00:00,68.52,68.63,67.21,67.33,12996.825
2026-06-05 03:00:00,67.33,67.87,66.96,67.11,18388.033
2026-06-05 04:00:00,67.11,68.03,66.54,67.95,19615.805
2026-06-05 05:00:00,67.96,68.1,66.1,66.23,26614.4088
2026-06-05 06:00:00,66.24,66.55,63.84,65.06,54912.1993
2026-06-05 07:00:00,65.05,66.32,63.94,66.2,30036.95
2026-06-05 08:00:00,66.18,66.22,65.09,65.31,14050.586
2026-06-05 09:00:00,65.32,66.59,65.3,66.56,14267.313
2026-06-05 10:00:00,66.57,66.74,66.16,66.4,8689.107
2026-06-05 11:00:00,66.41,66.78,65.85,66.12,13862.197
2026-06-05 12:00:00,66.1,66.37,65.23,65.83,17209.534
2026-06-05 13:00:00,65.82,66.82,64.32,64.32,32696.199
2026-06-05 14:00:00,64.33,65.84,63.95,65.28,79283.394
2026-06-05 15:00:00,65.27,65.32,63.79,64.26,59634.377
2026-06-05 16:00:00,64.23,66.0,63.17,65.88,102895.5897
2026-06-05 17:00:00,65.87,66.07,64.82,65.1,40838.977
2026-06-05 18:00:00,65.12,65.39,62.65,62.92,50555.8049
2026-06-05 19:00:00,62.91,63.82,61.49,63.44,84229.83139308
2026-06-05 20:00:00,63.44,64.81,62.69,64.65,34714.0831448
2026-06-05 21:00:00,64.64,65.4,64.55,64.9,16147.449
2026-06-05 22:00:00,64.88,64.9,63.8,64.43,19448.338
2026-06-05 23:00:00,64.41,64.78,62.65,63.64,18492.9586324
2026-06-06 00:00:00,63.64,64.83,63.64,64.67,9342.331
2026-06-06 01:00:00,64.67,64.84,63.8,63.86,7985.142
2026-06-06 02:00:00,63.84,63.93,63.27,63.54,9055.61
2026-06-06 03:00:00,63.51,63.52,62.59,62.86,9916.395
2026-06-06 04:00:00,62.83,63.13,60.35,60.88,28808.0988
2026-06-06 05:00:00,60.92,62.72,60.14,62.62,26900.422
2026-06-06 06:00:00,62.62,63.34,62.1,62.21,13923.016774207437
2026-06-06 07:00:00,62.23,63.15,62.08,62.79,10712.844
2026-06-06 08:00:00,62.8,63.58,62.54,63.17,9251.579
2026-06-06 09:00:00,63.16,63.55,62.5,62.68,6399.979
2026-06-06 10:00:00,62.69,62.7,61.21,61.83,15181.12489436
2026-06-06 11:00:00,61.81,62.66,61.76,62.45,10400.285
2026-06-06 12:00:00,62.46,63.09,62.04,62.92,11263.09594951
2026-06-06 13:00:00,62.88,63.05,62.19,62.43,6256.639
2026-06-06 14:00:00,62.43,62.92,62.32,62.34,8839.615
2026-06-06 15:00:00,62.35,62.47,61.33,62.05,13064.126
2026-06-06 16:00:00,62.03,62.39,61.39,62.09,11190.393
2026-06-06 17:00:00,62.13,62.25,61.46,61.63,13979.97
2026-06-06 18:00:00,61.61,62.13,61.43,61.74,11118.56
2026-06-06 19:00:00,61.73,62.18,61.63,61.66,8226.087
2026-06-06 20:00:00,61.63,61.93,61.38,61.85,9434.506
2026-06-06 21:00:00,61.84,62.36,61.83,61.91,6476.961
2026-06-06 22:00:00,61.9,61.97,61.48,61.77,5660.861
2026-06-06 23:00:00,61.72,62.29,61.69,62.21,4500.622
2026-06-07 00:00:00,62.2,62.63,61.98,62.12,5287.761
2026-06-07 01:00:00,62.11,63.85,62.05,63.67,12953.175
2026-06-07 02:00:00,63.68,63.78,63.08,63.55,8510.727
2026-06-07 03:00:00,63.55,64.14,63.42,63.84,8294.232
2026-06-07 04:00:00,63.83,64.12,63.32,64.09,4950.858
2026-06-07 05:00:00,64.1,64.49,63.91,64.27,8789.156
2026-06-07 06:00:00,64.26,64.99,64.03,64.85,9166.616
2026-06-07 07:00:00,64.84,65.01,64.63,64.92,5479.148
2026-06-07 08:00:00,64.92,65.95,64.51,65.95,10105.774
2026-06-07 09:00:00,65.94,66.11,64.86,65.01,8100.437
2026-06-07 10:00:00,65.02,65.08,64.46,64.68,5007.95499757
2026-06-07 11:00:00,64.67,65.21,64.54,65.05,5227.047
2026-06-07 12:00:00,65.05,65.1,63.68,64.34,18814.034
2026-06-07 13:00:00,64.31,64.44,64.1,64.35,4894.909
2026-06-07 14:00:00,64.34,65.34,64.34,64.92,10013.40275429
2026-06-07 15:00:00,64.9,65.24,64.65,64.98,6217.108
2026-06-07 16:00:00,64.98,65.32,64.76,65.15,6266.429
2026-06-07 17:00:00,65.15,65.62,65.08,65.32,7633.013
2026-06-07 18:00:00,65.33,65.58,64.91,64.95,4574.038
2026-06-07 19:00:00,64.97,64.98,63.65,63.96,15309.15894076
2026-06-07 20:00:00,63.95,64.79,63.76,64.7,5847.99899754
2026-06-07 21:00:00,64.7,64.91,64.31,64.63,5112.612
2026-06-07 22:00:00,64.63,67.95,64.55,65.84,36318.055998745156
2026-06-07 23:00:00,65.81,66.65,65.77,66.51,10090.06898909
2026-06-08 00:00:00,66.49,67.1,66.03,66.71,8755.603
2026-06-08 01:00:00,66.74,66.79,65.42,66.16,11002.89899701
2026-06-08 02:00:00,66.18,66.62,66.07,66.46,5008.16299667
2026-06-08 03:00:00,66.47,66.75,66.2,66.35,3612.116
2026-06-08 04:00:00,66.36,66.42,65.38,65.44,4620.162
2026-06-08 05:00:00,65.44,65.64,64.98,65.32,4749.646
2026-06-08 06:00:00,65.34,65.88,65.32,65.68,6141.379
2026-06-08 07:00:00,65.7,66.2,65.38,66.09,6057.223
2026-06-08 08:00:00,66.09,66.09,65.47,65.62,5893.207
2026-06-08 09:00:00,65.63,66.38,65.62,66.38,6856.375
2026-06-08 10:00:00,66.38,66.45,65.82,66.2,4991.414
2026-06-08 11:00:00,66.2,67.06,66.05,66.7,8679.311
2026-06-08 12:00:00,66.69,67.32,66.01,67.24,10699.62
2026-06-08 13:00:00,67.27,67.3,66.43,66.78,7316.083
2026-06-08 14:00:00,66.78,67.31,66.47,67.26,9466.3909996
2026-06-08 15:00:00,67.31,67.81,67.06,67.17,8570.278493755422
2026-06-08 16:00:00,67.18,67.73,66.91,66.95,6481.109
2026-06-08 17:00:00,66.94,67.37,66.56,67.37,6402.797
2026-06-08 18:00:00,67.38,67.61,67.15,67.42,8620.39
2026-06-08 19:00:00,67.43,67.81,67.28,67.46,6606.275
2026-06-08 20:00:00,67.47,67.52,66.94,67.48,5464.189
2026-06-08 21:00:00,67.48,68.17,67.43,67.49,7231.408
2026-06-08 22:00:00,67.48,67.48,66.84,67.16,5054.67
2026-06-08 23:00:00,67.2,67.4,66.66,66.82,5452.054
2026-06-09 00:00:00,66.82,66.87,65.31,65.44,16543.532
2026-06-09 01:00:00,65.42,66.06,65.4,65.98,6312.298
2026-06-09 02:00:00,65.98,66.07,65.54,65.91,3741.453
2026-06-09 03:00:00,65.91,66.09,65.68,66.02,3060.48547386
2026-06-09 04:00:00,66.0,67.41,65.84,67.03,12517.95225133
2026-06-09 05:00:00,67.01,67.39,66.72,67.18,6443.68
2026-06-09 06:00:00,67.21,67.47,66.98,67.05,3470.158
2026-06-09 07:00:00,67.06,67.34,66.64,66.91,7199.967
2026-06-09 08:00:00,66.91,66.96,66.41,66.6,7742.738
2026-06-09 09:00:00,66.6,66.82,66.08,66.16,7969.666
2026-06-09 10:00:00,66.18,66.48,66.0,66.41,7270.215
2026-06-09 11:00:00,66.41,66.45,65.92,66.12,6861.627
2026-06-09 12:00:00,66.12,66.52,65.97,66.21,8363.864
2026-06-09 13:00:00,66.22,66.37,65.6,65.83,7099.954
2026-06-09 14:00:00,65.85,65.99,64.4,65.07,22667.020000007014
2026-06-09 15:00:00,65.09,65.3,64.27,64.34,15692.49196115
2026-06-09 16:00:00,64.32,64.48,63.56,64.14,19590.91699328
2026-06-09 17:00:00,64.15,65.15,64.1,64.8,10824.968
2026-06-09 18:00:00,64.82,65.55,64.68,65.3,8274.749
2026-06-09 19:00:00,65.29,65.66,65.07,65.43,8755.593
2026-06-09 20:00:00,65.44,65.7,65.29,65.63,4624.526
2026-06-09 21:00:00,65.63,65.66,64.89,65.01,4477.226
2026-06-09 22:00:00,65.01,65.34,64.82,64.89,4574.012
2026-06-09 23:00:00,64.9,65.16,64.7,64.96,5327.288
2026-06-10 00:00:00,64.97,65.21,64.49,65.19,3898.517
2026-06-10 01:00:00,65.19,65.28,64.82,65.1,4932.168
2026-06-10 02:00:00,65.11,65.24,64.25,64.35,5217.549
2026-06-10 03:00:00,64.3,64.85,64.29,64.51,2391.429
2026-06-10 04:00:00,64.52,64.64,64.13,64.3,5597.455
2026-06-10 05:00:00,64.3,64.38,63.93,64.12,3601.978000001802
2026-06-10 06:00:00,64.15,64.37,63.84,64.21,6144.309
2026-06-10 07:00:00,64.21,64.76,64.14,64.49,18793.481
2026-06-10 08:00:00,64.5,64.51,63.42,63.6,11513.69899674
2026-06-10 09:00:00,63.62,63.74,63.07,63.62,6671.974
2026-06-10 10:00:00,63.63,63.77,63.28,63.67,5139.108
2026-06-10 11:00:00,63.68,63.76,62.94,63.5,15928.167
2026-06-10 12:00:00,63.51,64.66,63.32,64.14,22393.085
2026-06-10 13:00:00,64.13,65.53,64.02,65.07,23878.57499148
2026-06-10 14:00:00,65.08,65.28,64.6,65.06,15318.05999915
2026-06-10 15:00:00,65.06,65.76,64.56,65.43,20599.99
2026-06-10 16:00:00,65.44,65.48,64.24,64.63,13479.297
2026-06-10 17:00:00,64.64,64.96,63.64,64.04,15397.536
2026-06-10 18:00:00,64.08,64.23,63.38,63.83,11166.341
2026-06-10 19:00:00,63.84,63.94,63.4,63.57,14201.396
2026-06-10 20:00:00,63.56,63.65,63.17,63.33,12784.612
2026-06-10 21:00:00,63.31,63.31,62.36,62.59,11336.36999901
2026-06-10 22:00:00,62.6,63.07,62.38,62.78,9932.55308669
2026-06-10 23:00:00,62.79,63.3,62.45,63.19,7440.163
2026-06-11 00:00:00,63.21,63.77,63.2,63.69,5218.546
2026-06-11 01:00:00,63.66,65.17,63.66,64.92,19878.378
2026-06-11 02:00:00,64.93,65.0,64.38,64.53,6743.089
2026-06-11 03:00:00,64.54,65.48,64.34,65.27,11324.036
2026-06-11 04:00:00,65.3,65.34,64.97,65.22,5196.267
2026-06-11 05:00:00,65.23,65.23,64.96,64.96,2273.279
2026-06-11 06:00:00,64.97,65.43,64.83,65.13,5746.074
2026-06-11 07:00:00,65.12,65.16,64.79,65.04,4919.01298746
2026-06-11 08:00:00,65.04,65.53,65.04,65.32,4486.859
2026-06-11 09:00:00,65.32,65.56,65.03,65.39,9233.757
2026-06-11 10:00:00,65.4,65.64,65.29,65.51,5550.331
2026-06-11 11:00:00,65.51,66.16,65.34,65.88,10564.912
2026-06-11 12:00:00,65.89,65.92,64.91,65.26,15109.2599949
2026-06-11 13:00:00,65.25,65.74,65.06,65.54,8213.775
2026-06-11 14:00:00,65.52,65.76,64.99,65.35,25763.169
2026-06-11 15:00:00,65.34,65.86,65.0,65.55,11246.0
2026-06-11 16:00:00,65.56,65.8,65.31,65.38,8295.315
2026-06-11 17:00:00,65.38,67.18,65.05,67.16,28090.05299833
2026-06-11 18:00:00,67.16,67.31,66.67,66.8,8747.414
2026-06-11 19:00:00,66.81,67.39,66.6,66.94,14068.695
2026-06-11 20:00:00,66.94,67.04,66.36,66.6,10292.755
2026-06-11 21:00:00,66.6,67.1,66.57,66.92,3645.953
2026-06-11 22:00:00,66.9,67.13,66.87,66.9,4224.961
2026-06-11 23:00:00,66.89,67.1,66.7,66.91,6157.835
2026-06-12 00:00:00,66.93,67.1,66.74,66.88,5081.865
2026-06-12 01:00:00,66.88,66.88,66.43,66.68,4528.853
2026-06-12 02:00:00,66.69,67.29,66.68,67.17,5823.522
2026-06-12 03:00:00,67.14,67.17,66.69,67.05,4908.851
2026-06-12 04:00:00,67.04,67.24,66.86,67.07,2505.167
2026-06-12 05:00:00,67.09,67.1,66.65,66.75,4909.168
2026-06-12 06:00:00,66.73,66.81,65.96,66.13,8235.061
2026-06-12 07:00:00,66.14,66.49,66.14,66.31,7419.168
2026-06-12 08:00:00,66.34,67.06,66.32,66.92,6479.81
2026-06-12 09:00:00,66.92,67.49,66.85,67.18,5621.485
2026-06-12 10:00:00,67.19,67.35,66.61,66.8,6415.611
2026-06-12 11:00:00,66.8,67.11,66.79,66.93,6746.449
2026-06-12 12:00:00,66.92,67.0,66.65,66.77,9076.91
2026-06-12 13:00:00,66.78,67.0,66.39,66.71,15174.321
2026-06-12 14:00:00,66.73,67.99,66.67,67.93,16354.381
2026-06-12 15:00:00,67.95,68.81,67.19,67.26,22991.092
2026-06-12 16:00:00,67.26,68.08,67.1,68.01,12244.876
2026-06-12 17:00:00,68.03,68.22,67.28,67.37,8505.955
2026-06-12 18:00:00,67.41,67.48,67.03,67.06,8307.648
2026-06-12 19:00:00,67.07,67.41,66.69,66.81,7978.961
2026-06-12 20:00:00,66.81,66.83,66.52,66.68,5876.232
2026-06-12 21:00:00,66.7,66.95,66.48,66.57,5451.30524011
2026-06-12 22:00:00,66.57,66.77,66.47,66.65,3043.885
2026-06-12 23:00:00,66.65,66.82,66.49,66.82,4397.839
2026-06-13 00:00:00,66.82,67.08,66.78,67.01,4135.67
2026-06-13 01:00:00,67.0,67.51,66.99,67.41,4790.543
2026-06-13 02:00:00,67.45,67.51,66.89,66.97,3462.609
2026-06-13 03:00:00,66.97,67.06,66.71,66.89,3068.522
2026-06-13 04:00:00,66.88,66.96,66.66,66.67,2595.998
2026-06-13 05:00:00,66.66,66.87,66.62,66.79,4714.508
2026-06-13 06:00:00,66.8,67.22,66.69,67.17,4697.805
2026-06-13 07:00:00,67.18,67.47,66.97,67.36,7917.525
2026-06-13 08:00:00,67.37,67.55,67.27,67.33,5417.176
2026-06-13 09:00:00,67.33,67.53,67.3,67.37,2550.362
2026-06-13 10:00:00,67.39,67.61,67.35,67.43,4643.146990165512
2026-06-13 11:00:00,67.44,67.97,67.4,67.9,3720.598
2026-06-13 12:00:00,67.91,68.07,67.78,67.95,5843.078
2026-06-13 13:00:00,67.96,68.31,67.83,68.02,5229.663
2026-06-13 14:00:00,68.03,68.43,67.99,68.28,4557.294
2026-06-13 15:00:00,68.29,68.7,68.18,68.61,8570.788
2026-06-13 16:00:00,68.61,68.61,67.82,68.11,9187.088
2026-06-13 17:00:00,68.1,68.28,67.85,68.0,6054.751
2026-06-13 18:00:00,68.0,68.37,67.98,68.12,2961.055
2026-06-13 19:00:00,68.13,68.4,68.03,68.25,3423.512
2026-06-13 20:00:00,68.24,68.28,68.06,68.28,1957.771
2026-06-13 21:00:00,68.28,69.55,68.24,69.26,13148.896
2026-06-13 22:00:00,69.28,69.28,68.89,68.9,5439.46938444
2026-06-13 23:00:00,68.91,69.18,68.8,68.96,4615.314
2026-06-14 00:00:00,68.93,68.93,68.66,68.76,3361.848
2026-06-14 01:00:00,68.77,69.1,68.65,68.82,4328.45
2026-06-14 02:00:00,68.82,69.09,68.73,68.84,2658.13
2026-06-14 03:00:00,68.83,69.04,68.76,68.96,3459.217
2026-06-14 04:00:00,68.97,69.01,68.45,68.53,6188.821
2026-06-14 05:00:00,68.54,68.59,68.03,68.28,16706.016
2026-06-14 06:00:00,68.26,68.5,68.11,68.2,3405.075
2026-06-14 07:00:00,68.2,68.26,68.06,68.23,3863.532
2026-06-14 08:00:00,68.24,68.36,68.12,68.26,5443.4
2026-06-14 09:00:00,68.25,68.5,67.92,68.49,6556.596
2026-06-14 10:00:00,68.49,68.52,68.15,68.15,4351.547
2026-06-14 11:00:00,68.16,68.34,68.04,68.11,2957.399
2026-06-14 12:00:00,68.11,68.16,67.72,67.79,4131.367
2026-06-14 13:00:00,67.77,67.87,67.53,67.76,4246.82798504
2026-06-14 14:00:00,67.77,67.84,66.95,67.26,8732.368
2026-06-14 15:00:00,67.27,67.55,67.26,67.44,3753.244
2026-06-14 16:00:00,67.43,67.74,67.42,67.48,3043.511
2026-06-14 17:00:00,67.49,67.73,67.31,67.35,3547.202
2026-06-14 18:00:00,67.36,67.49,67.21,67.41,2314.112
2026-06-14 19:00:00,67.42,67.75,67.35,67.56,4488.576897494178
2026-06-14 20:00:00,67.57,68.07,67.45,67.8,3205.964
2026-06-14 21:00:00,67.81,70.55,67.81,70.15,30797.27242455
2026-06-14 22:00:00,70.16,70.73,69.68,70.44,16559.32298635
2026-06-14 23:00:00,70.45,71.3,70.16,71.28,13104.229
2026-06-15 00:00:00,71.3,71.73,70.96,71.1,13089.613
2026-06-15 01:00:00,71.16,71.34,70.68,71.01,8680.55
2026-06-15 02:00:00,71.02,71.59,70.92,70.98,5645.29
2026-06-15 03:00:00,70.99,71.36,70.92,71.23,4175.585
2026-06-15 04:00:00,71.24,71.27,70.9,70.92,11871.438
2026-06-15 05:00:00,70.93,71.31,70.83,71.23,3007.08
2026-06-15 06:00:00,71.21,71.5,71.12,71.36,4144.782
2026-06-15 07:00:00,71.36,71.51,71.13,71.29,4627.152
2026-06-15 08:00:00,71.28,71.62,71.19,71.28,9820.334
2026-06-15 09:00:00,71.28,71.47,70.81,71.22,6189.649
2026-06-15 10:00:00,71.21,72.13,71.2,71.88,11404.321
2026-06-15 11:00:00,71.85,72.82,71.66,72.57,27735.06722846
2026-06-15 12:00:00,72.61,73.01,72.31,72.85,14797.455
2026-06-15 13:00:00,72.86,74.24,72.74,73.64,36526.031
2026-06-15 14:00:00,73.63,74.0,73.22,73.83,21396.101
2026-06-15 15:00:00,73.82,75.26,73.79,75.25,20459.528
2026-06-15 16:00:00,75.26,76.09,74.96,75.48,17210.39199852
2026-06-15 17:00:00,75.47,75.47,74.68,75.28,10763.03
2026-06-15 18:00:00,75.28,75.68,75.12,75.29,8663.715
2026-06-15 19:00:00,75.29,75.79,74.59,75.25,11244.804
2026-06-15 20:00:00,75.26,75.44,74.78,74.94,7965.073
2026-06-15 21:00:00,74.95,75.02,74.4,74.45,5283.119
2026-06-15 22:00:00,74.46,74.59,73.63,73.79,7075.814
2026-06-15 23:00:00,73.77,74.06,73.62,73.99,7402.63116414
2026-06-16 00:00:00,73.98,74.39,73.87,74.03,6971.859
2026-06-16 01:00:00,74.04,74.34,73.87,73.87,4193.991
2026-06-16 02:00:00,73.89,73.9,72.8,73.02,14225.489
2026-06-16 03:00:00,73.03,73.81,72.88,73.74,6156.909
2026-06-16 04:00:00,73.75,73.93,73.2,73.39,5108.687
2026-06-16 05:00:00,73.37,73.82,73.37,73.68,5493.238
2026-06-16 06:00:00,73.71,74.3,73.68,74.18,2626.95
2026-06-16 07:00:00,74.19,74.52,74.13,74.45,6861.41
2026-06-16 08:00:00,74.46,75.64,74.35,75.39,12584.74909219
2026-06-16 09:00:00,75.38,75.45,74.82,74.84,6961.676
2026-06-16 10:00:00,74.86,75.11,74.68,74.71,5625.217
2026-06-16 11:00:00,74.7,74.88,74.39,74.66,5461.151
2026-06-16 12:00:00,74.68,75.54,74.5,74.94,10505.663
2026-06-16 13:00:00,74.98,74.99,73.88,74.0,9987.994
2026-06-16 14:00:00,74.0,74.29,72.33,72.96,15375.386
2026-06-16 15:00:00,72.97,73.65,72.87,73.31,8486.134
2026-06-16 16:00:00,73.28,73.47,73.0,73.07,6317.111
2026-06-16 17:00:00,73.14,73.83,73.05,73.65,7278.108
2026-06-16 18:00:00,73.7,74.33,73.57,74.0,8994.015
2026-06-16 19:00:00,74.01,74.22,73.5,73.84,5983.549
2026-06-16 20:00:00,73.84,74.24,73.68,74.15,12206.255
2026-06-16 21:00:00,74.15,74.2,73.74,73.95,3710.816
2026-06-16 22:00:00,73.95,74.11,73.63,73.85,2294.466
2026-06-16 23:00:00,73.85,73.96,73.43,73.54,2293.271
2026-06-17 00:00:00,73.56,73.77,73.33,73.37,2757.524
2026-06-17 01:00:00,73.37,74.0,73.18,73.93,3528.147
2026-06-17 02:00:00,73.94,74.45,73.69,74.05,4768.274
2026-06-17 03:00:00,74.06,74.06,73.53,73.68,2272.073
2026-06-17 04:00:00,73.69,74.1,73.62,73.84,1650.267
2026-06-17 05:00:00,73.85,74.0,73.46,73.63,2344.242
2026-06-17 06:00:00,73.65,73.82,73.21,73.42,3386.095
2026-06-17 07:00:00,73.41,73.6,73.0,73.26,6534.006
2026-06-17 08:00:00,73.27,73.29,72.17,72.36,8631.255
2026-06-17 09:00:00,72.35,72.66,72.32,72.54,4475.822
2026-06-17 10:00:00,72.54,72.68,72.12,72.14,5532.706
2026-06-17 11:00:00,72.15,72.23,71.73,72.04,8519.09570138
2026-06-17 12:00:00,72.06,72.34,71.6,72.34,4243.885
2026-06-17 13:00:00,72.33,72.76,72.15,72.44,9583.0
2026-06-17 14:00:00,72.4,72.65,71.82,72.36,13866.557
2026-06-17 15:00:00,72.4,73.86,72.36,73.81,7469.946
2026-06-17 16:00:00,73.83,74.67,73.72,73.76,9650.624
2026-06-17 17:00:00,73.8,74.34,73.46,74.21,7016.092
2026-06-17 18:00:00,74.2,74.35,72.21,73.51,31381.447
2026-06-17 19:00:00,73.5,73.7,71.44,71.68,31540.089
2026-06-17 20:00:00,71.66,72.24,71.56,72.2,13100.013
2026-06-17 21:00:00,72.2,72.23,71.38,71.6,5132.691162514261
2026-06-17 22:00:00,71.61,71.93,70.84,71.7,5284.607
2026-06-17 23:00:00,71.71,72.13,71.68,72.04,1809.937
2026-06-18 00:00:00,72.04,72.5,72.03,72.22,3890.623
2026-06-18 01:00:00,72.21,72.63,72.1,72.22,5748.877
2026-06-18 02:00:00,72.23,72.7,72.13,72.53,4223.28929337
2026-06-18 03:00:00,72.53,72.56,71.55,71.66,6460.019
2026-06-18 04:00:00,71.67,71.73,70.93,71.08,6080.73617349
2026-06-18 05:00:00,71.06,71.14,70.66,71.13,3679.992
2026-06-18 06:00:00,71.13,71.4,71.0,71.38,3396.777
2026-06-18 07:00:00,71.36,71.84,71.16,71.78,6659.014
2026-06-18 08:00:00,71.78,72.07,71.63,71.88,4947.487
2026-06-18 09:00:00,71.87,72.15,71.76,71.85,2099.101
2026-06-18 10:00:00,71.86,71.86,71.09,71.4,6087.649
2026-06-18 11:00:00,71.4,71.56,70.73,70.94,6799.369
2026-06-18 12:00:00,70.96,71.61,70.88,71.56,5408.549
2026-06-18 13:00:00,71.56,71.79,70.74,71.04,11379.28822362
2026-06-18 14:00:00,71.06,71.7,70.72,71.08,9882.772
2026-06-18 15:00:00,71.09,71.09,68.37,68.45,28073.178
2026-06-18 16:00:00,68.42,69.12,68.39,69.04,8505.838
2026-06-18 17:00:00,69.1,69.14,68.51,68.64,11959.36
2026-06-18 18:00:00,68.65,68.97,68.24,68.68,8588.505
2026-06-18 19:00:00,68.68,69.52,68.57,69.38,9710.799
2026-06-18 20:00:00,69.39,69.95,69.39,69.82,7185.031
2026-06-18 21:00:00,69.82,69.88,69.41,69.56,6126.47
2026-06-18 22:00:00,69.54,69.68,69.27,69.52,5779.605
2026-06-18 23:00:00,69.52,69.78,69.28,69.71,4266.129
2026-06-19 00:00:00,69.7,69.89,69.56,69.78,1896.903
2026-06-19 01:00:00,69.8,70.01,69.55,69.94,3482.12
2026-06-19 02:00:00,69.94,70.07,69.43,69.67,3501.256
2026-06-19 03:00:00,69.67,69.74,68.65,69.06,11633.51813696
2026-06-19 04:00:00,69.06,69.26,68.21,68.33,6540.815
2026-06-19 05:00:00,68.38,68.75,68.35,68.7,9387.804
2026-06-19 06:00:00,68.7,68.87,68.48,68.75,13124.044
2026-06-19 07:00:00,68.75,68.78,67.93,68.38,8946.267
2026-06-19 08:00:00,68.38,68.74,68.25,68.68,6264.24
2026-06-19 09:00:00,68.69,68.76,68.22,68.33,4975.324
2026-06-19 10:00:00,68.33,68.45,68.05,68.31,6980.618
2026-06-19 11:00:00,68.3,68.47,68.1,68.22,7758.842
2026-06-19 12:00:00,68.27,68.71,67.91,68.61,10288.615
2026-06-19 13:00:00,68.62,69.56,68.4,69.26,9512.117
2026-06-19 14:00:00,69.28,69.46,68.83,69.15,7932.781
2026-06-19 15:00:00,69.14,69.53,68.94,69.32,6567.632
2026-06-19 16:00:00,69.32,69.57,68.7,68.7,4908.192
2026-06-19 17:00:00,68.72,69.51,68.64,69.31,4566.437
2026-06-19 18:00:00,69.32,69.36,68.81,69.05,2704.444
2026-06-19 19:00:00,69.05,69.14,68.79,68.96,3929.951
2026-06-19 20:00:00,68.98,69.3,68.73,69.26,3762.594
2026-06-19 21:00:00,69.23,69.3,68.92,69.01,3057.103
2026-06-19 22:00:00,69.02,69.44,68.99,69.42,4064.249
2026-06-19 23:00:00,69.42,69.87,69.23,69.76,4568.60700363
2026-06-20 00:00:00,69.73,70.1,69.61,69.64,4604.196
2026-06-20 01:00:00,69.65,69.93,69.55,69.8,2589.996
2026-06-20 02:00:00,69.8,69.85,69.5,69.65,1361.161
2026-06-20 03:00:00,69.65,70.1,69.63,70.0,3627.422
2026-06-20 04:00:00,70.01,71.08,69.89,70.88,6695.608
2026-06-20 05:00:00,70.89,72.46,70.73,71.79,13253.8632694
2026-06-20 06:00:00,71.8,72.38,71.71,72.11,7710.951
2026-06-20 07:00:00,72.11,72.13,71.47,71.57,5485.224
2026-06-20 08:00:00,71.6,71.64,71.27,71.34,5000.629987
2026-06-20 09:00:00,71.35,71.63,71.21,71.56,3530.317
2026-06-20 10:00:00,71.56,71.71,71.42,71.69,5920.424
2026-06-20 11:00:00,71.69,72.08,71.45,71.78,5302.762
2026-06-20 12:00:00,71.78,71.93,71.4,71.56,3291.572
2026-06-20 13:00:00,71.54,71.59,70.76,71.25,5903.87
2026-06-20 14:00:00,71.18,72.16,70.48,71.91,14830.588
2026-06-20 15:00:00,71.96,72.61,71.6,72.01,15139.737
2026-06-20 16:00:00,72.05,72.05,71.34,71.64,4736.345
2026-06-20 17:00:00,71.68,71.68,71.09,71.58,4286.557
2026-06-20 18:00:00,71.53,72.0,71.53,71.77,3771.038
2026-06-20 19:00:00,71.75,71.93,71.61,71.87,4737.764
2026-06-20 20:00:00,71.87,72.06,71.71,72.02,2216.642
2026-06-20 21:00:00,72.03,72.44,71.98,72.41,11780.976
2026-06-20 22:00:00,72.4,74.27,72.37,73.54,19443.889
2026-06-20 23:00:00,73.56,73.64,73.22,73.24,8046.82450555
2026-06-21 00:00:00,73.22,73.27,73.03,73.16,2505.85
2026-06-21 01:00:00,73.2,73.3,72.9,73.19,3232.101
2026-06-21 02:00:00,73.18,73.39,73.09,73.32,1783.929
2026-06-21 03:00:00,73.34,73.85,73.13,73.63,6876.84419621
2026-06-21 04:00:00,73.62,73.84,73.4,73.45,2713.297
2026-06-21 05:00:00,73.45,73.51,73.02,73.08,3284.571
2026-06-21 06:00:00,73.1,73.37,73.06,73.24,2820.06
2026-06-21 07:00:00,73.26,73.45,73.13,73.2,6047.894
2026-06-21 08:00:00,73.21,73.25,72.75,73.16,3091.18899826
2026-06-21 09:00:00,73.17,74.1,73.11,74.05,6449.226
2026-06-21 10:00:00,74.04,74.4,73.88,73.89,7202.608
2026-06-21 11:00:00,73.9,74.03,73.09,73.18,6140.471
2026-06-21 12:00:00,73.2,73.68,72.93,73.64,5011.164
2026-06-21 13:00:00,73.63,73.94,73.48,73.91,4930.984
2026-06-21 14:00:00,73.91,74.14,73.64,74.09,3342.015
2026-06-21 15:00:00,74.08,74.29,73.92,74.15,3889.584
2026-06-21 16:00:00,74.14,74.68,73.8,74.35,5824.81
2026-06-21 17:00:00,74.34,74.63,74.05,74.25,4026.428
2026-06-21 18:00:00,74.25,74.44,73.88,74.21,4648.787
2026-06-21 19:00:00,74.22,74.47,74.12,74.43,3534.487
2026-06-21 20:00:00,74.44,74.55,73.35,73.44,6621.035
2026-06-21 21:00:00,73.43,73.46,72.42,73.17,13258.504
2026-06-21 22:00:00,73.12,73.25,72.65,73.09,4887.109
2026-06-21 23:00:00,73.06,73.09,72.31,72.46,7334.242
2026-06-22 00:00:00,72.49,73.57,72.46,73.36,4545.222
2026-06-22 01:00:00,73.4,75.0,73.28,74.41,9780.956
2026-06-22 02:00:00,74.39,74.44,73.77,73.82,2713.186
2026-06-22 03:00:00,73.83,74.05,73.3,73.54,4646.307
2026-06-22 04:00:00,73.55,73.89,73.36,73.87,3115.021
2026-06-22 05:00:00,73.87,74.14,73.81,73.96,2222.706
2026-06-22 06:00:00,73.98,74.2,73.57,73.7,3474.692
2026-06-22 07:00:00,73.71,74.48,73.68,74.11,5356.698
2026-06-22 08:00:00,74.13,74.32,73.73,73.91,3841.51247692
2026-06-22 09:00:00,73.9,74.02,73.59,73.79,2540.768
2026-06-22 10:00:00,73.79,74.01,73.61,73.73,4694.133
2026-06-22 11:00:00,73.77,74.43,73.66,74.18,14494.989
2026-06-22 12:00:00,74.19,74.57,74.04,74.42,13893.422172470582
2026-06-22 13:00:00,74.43,74.98,74.26,74.98,15253.822
2026-06-22 14:00:00,74.99,75.01,73.2,73.42,10027.85558657
2026-06-22 15:00:00,73.44,73.79,72.99,73.14,11971.86386691
2026-06-22 16:00:00,73.19,73.19,72.55,72.94,8120.658
2026-06-22 17:00:00,72.96,73.32,72.64,73.28,4132.947
2026-06-22 18:00:00,73.27,73.55,72.59,72.64,6603.297
2026-06-22 19:00:00,72.64,72.8,72.46,72.69,5883.328
2026-06-22 20:00:00,72.7,72.96,72.5,72.82,2762.661
2026-06-22 21:00:00,72.82,72.88,72.26,72.72,3614.238
2026-06-22 22:00:00,72.74,72.95,71.34,72.11,11990.071
2026-06-22 23:00:00,72.11,72.19,71.83,71.97,4151.532
2026-06-23 00:00:00,71.94,72.01,71.48,71.88,4015.747
2026-06-23 01:00:00,71.89,72.04,71.33,71.73,2817.82
2026-06-23 02:00:00,71.72,72.05,71.56,72.0,2430.377
2026-06-23 03:00:00,71.99,72.01,71.73,71.99,3133.104
2026-06-23 04:00:00,71.99,72.03,71.4,71.46,4535.855
2026-06-23 05:00:00,71.49,71.6,70.94,71.02,7184.572
2026-06-23 06:00:00,71.04,71.08,69.69,70.31,17378.123
2026-06-23 07:00:00,70.31,70.56,69.98,70.02,4270.095
2026-06-23 08:00:00,69.99,70.11,68.17,68.72,28764.211
2026-06-23 09:00:00,68.73,69.05,68.69,68.93,5642.782
2026-06-23 10:00:00,68.93,69.22,68.62,68.82,8809.184
2026-06-23 11:00:00,68.82,69.35,68.82,69.32,16792.45398641
2026-06-23 12:00:00,69.32,69.38,68.89,68.98,4881.028
2026-06-23 13:00:00,68.98,69.37,68.65,69.2,14329.59
2026-06-23 14:00:00,69.21,69.68,69.08,69.21,12989.04573305
2026-06-23 15:00:00,69.18,69.19,68.4,68.91,8396.302
2026-06-23 16:00:00,68.9,69.39,68.8,68.91,7342.976
2026-06-23 17:00:00,68.88,69.17,68.64,68.78,5538.679
2026-06-23 18:00:00,68.78,69.04,68.69,68.9,3783.82076554
2026-06-23 19:00:00,68.9,69.09,68.74,68.88,6983.003
2026-06-23 20:00:00,68.87,69.06,68.83,69.02,3332.46
2026-06-23 21:00:00,69.04,69.31,68.99,69.29,4394.56992985
2026-06-23 22:00:00,69.28,69.85,69.26,69.57,6642.52
2026-06-23 23:00:00,69.57,69.84,69.31,69.7,5934.728
2026-06-24 00:00:00,69.71,70.14,69.62,69.98,4118.127
2026-06-24 01:00:00,70.01,70.39,69.66,70.09,4549.587
2026-06-24 02:00:00,70.09,70.15,69.45,69.46,4715.454
2026-06-24 03:00:00,69.49,69.75,69.11,69.58,3739.334
2026-06-24 04:00:00,69.6,69.68,69.01,69.59,2869.446
2026-06-24 05:00:00,69.6,70.21,69.53,69.94,2578.021
2026-06-24 06:00:00,69.94,70.03,69.71,69.75,2277.212
2026-06-24 07:00:00,69.75,69.79,69.29,69.37,3846.53
2026-06-24 08:00:00,69.4,69.62,69.26,69.48,1751.128
2026-06-24 09:00:00,69.47,69.55,69.21,69.34,4416.743
2026-06-24 10:00:00,69.3,69.34,68.95,69.04,3940.645
2026-06-24 11:00:00,69.05,70.45,68.79,69.83,6339.699
2026-06-24 12:00:00,69.83,69.91,69.42,69.46,5442.2908277
2026-06-24 13:00:00,69.48,69.49,68.39,68.89,24663.563
2026-06-24 14:00:00,68.86,69.42,68.6,68.86,14348.199
2026-06-24 15:00:00,68.87,68.88,67.26,67.32,16898.917
2026-06-24 16:00:00,67.3,68.02,66.3,66.57,39491.75303261
2026-06-24 17:00:00,66.54,66.93,64.73,64.98,31198.017
2026-06-24 18:00:00,64.98,66.49,64.85,66.03,18647.451
2026-06-24 19:00:00,66.06,66.38,65.56,66.15,21458.385
2026-06-24 20:00:00,66.14,68.01,65.99,67.66,20590.595
2026-06-24 21:00:00,67.68,68.12,67.2,68.1,9137.063
2026-06-24 22:00:00,68.07,68.55,67.7,67.81,6212.612
2026-06-24 23:00:00,67.84,68.18,67.77,68.09,3201.451
2026-06-25 00:00:00,68.12,68.31,67.57,67.71,5088.733
2026-06-25 01:00:00,67.72,67.99,67.42,67.89,3498.205
2026-06-25 02:00:00,67.88,67.91,67.63,67.75,2631.30799091
2026-06-25 03:00:00,67.74,67.85,67.48,67.69,2989.367
2026-06-25 04:00:00,67.71,68.53,67.52,68.45,4539.506
2026-06-25 05:00:00,68.45,69.3,68.37,69.11,11813.841
2026-06-25 06:00:00,69.07,69.66,69.02,69.47,7771.613
2026-06-25 07:00:00,69.51,69.58,69.24,69.44,4946.523
2026-06-25 08:00:00,69.45,69.45,69.0,69.04,4765.015
2026-06-25 09:00:00,69.06,69.19,68.81,68.85,4446.162
2026-06-25 10:00:00,68.83,68.88,68.14,68.29,4766.631
2026-06-25 11:00:00,68.3,68.42,68.01,68.17,6175.074
2026-06-25 12:00:00,68.18,68.92,67.79,68.3,15456.734
2026-06-25 13:00:00,68.29,68.45,64.03,64.25,60763.539
2026-06-25 14:00:00,64.24,67.17,64.23,66.35,77797.611
2026-06-25 15:00:00,66.38,66.39,65.25,66.31,22328.251
2026-06-25 16:00:00,66.32,67.03,65.67,65.98,13756.538
2026-06-25 17:00:00,65.98,67.36,65.84,67.1,15810.16
2026-06-25 18:00:00,67.1,67.14,65.93,66.17,14651.731
2026-06-25 19:00:00,66.2,66.22,65.69,66.2,9863.386
2026-06-25 20:00:00,66.21,66.8,66.09,66.29,9174.19823327
2026-06-25 21:00:00,66.29,67.3,66.28,67.23,6972.031
2026-06-25 22:00:00,67.28,67.35,66.97,67.19,4573.476
2026-06-25 23:00:00,67.16,68.81,67.01,67.67,14879.671
2026-06-26 00:00:00,67.73,68.09,67.64,67.78,7109.123
2026-06-26 01:00:00,67.76,67.9,67.15,67.31,7366.522
2026-06-26 02:00:00,67.35,67.36,65.94,66.21,19169.50463688
2026-06-26 03:00:00,66.21,68.49,65.93,68.21,27955.413
2026-06-26 04:00:00,68.23,68.37,67.97,68.07,11684.904
2026-06-26 05:00:00,68.09,68.46,67.99,68.37,6248.445
2026-06-26 06:00:00,68.34,70.01,68.01,70.0,24750.922
2026-06-26 07:00:00,69.99,71.01,69.93,70.78,29517.71760901
2026-06-26 08:00:00,70.77,70.87,69.72,69.94,10696.56271921
2026-06-26 09:00:00,69.94,69.94,68.85,69.0,9770.0117731
2026-06-26 10:00:00,69.02,69.25,68.64,68.78,7265.883
2026-06-26 11:00:00,68.78,69.09,68.4,68.6,6558.15
2026-06-26 12:00:00,68.6,69.72,68.38,68.86,15234.133
2026-06-26 13:00:00,68.89,70.94,68.2,70.69,25955.952
2026-06-26 14:00:00,70.71,71.98,70.25,70.44,30373.626273919992
2026-06-26 15:00:00,70.46,72.23,70.32,72.07,22734.234
2026-06-26 16:00:00,72.07,73.53,72.02,72.53,35304.694
2026-06-26 17:00:00,72.49,72.87,72.19,72.58,11678.343000005694
2026-06-26 18:00:00,72.58,73.08,72.38,72.61,10674.822
2026-06-26 19:00:00,72.6,73.93,72.51,73.03,16441.37959903
2026-06-26 20:00:00,73.03,73.67,72.06,72.17,22346.369
2026-06-26 21:00:00,72.17,72.38,71.82,71.98,12571.808
2026-06-26 22:00:00,71.95,72.1,71.43,71.8,8905.618
2026-06-26 23:00:00,71.83,72.01,71.68,71.92,2966.386
2026-06-27 00:00:00,71.89,72.51,71.58,71.82,7801.956
2026-06-27 01:00:00,71.82,71.83,71.37,71.44,2358.277
2026-06-27 02:00:00,71.42,72.25,71.39,72.13,4693.923
2026-06-27 03:00:00,72.11,72.42,71.85,72.28,5459.432
2026-06-27 04:00:00,72.25,72.58,71.9,71.94,3738.747
2026-06-27 05:00:00,71.93,72.02,71.5,71.79,4041.356
2026-06-27 06:00:00,71.8,72.32,71.63,72.11,5017.957
2026-06-27 07:00:00,72.12,72.34,72.0,72.29,3850.468
2026-06-27 08:00:00,72.3,72.31,71.88,72.03,3823.53
2026-06-27 09:00:00,72.02,72.11,71.72,71.87,3032.718
2026-06-27 10:00:00,71.85,72.05,71.83,72.02,1980.843
2026-06-27 11:00:00,72.03,72.08,71.54,71.8,3921.047
2026-06-27 12:00:00,71.81,72.17,71.65,72.17,3806.212
2026-06-27 13:00:00,72.17,72.62,72.12,72.35,4123.2879939
2026-06-27 14:00:00,72.36,72.9,72.22,72.71,3576.953
2026-06-27 15:00:00,72.71,73.19,72.62,72.84,4177.14063982
2026-06-27 16:00:00,72.84,73.01,72.64,72.65,3608.796
2026-06-27 17:00:00,72.65,72.65,71.91,72.07,7759.012
2026-06-27 18:00:00,72.06,72.18,71.76,71.91,2509.406
2026-06-27 19:00:00,71.92,72.01,70.94,71.1,16381.145
2026-06-27 20:00:00,71.11,71.33,71.09,71.31,5007.22
2026-06-27 21:00:00,71.32,71.63,70.82,70.99,5601.207
2026-06-27 22:00:00,70.98,71.09,70.25,71.08,6702.28599253
2026-06-27 23:00:00,71.08,71.15,70.44,70.5,3118.612
2026-06-28 00:00:00,70.51,70.8,70.46,70.7,3854.21199773
2026-06-28 01:00:00,70.72,70.92,70.45,70.85,4840.796
2026-06-28 02:00:00,70.85,71.0,70.5,70.73,2490.273
2026-06-28 03:00:00,70.71,70.97,70.71,70.87,3128.871
2026-06-28 04:00:00,70.87,70.98,70.56,70.78,2529.141
2026-06-28 05:00:00,70.78,70.78,70.16,70.53,3158.56999893
2026-06-28 06:00:00,70.53,70.57,70.18,70.45,2595.904
2026-06-28 07:00:00,70.45,71.09,70.44,71.08,4028.187
2026-06-28 08:00:00,71.08,72.19,71.06,71.9,13628.485
2026-06-28 09:00:00,71.91,72.05,71.48,71.5,9249.5219551
2026-06-28 10:00:00,71.54,71.6,71.12,71.46,5520.004
2026-06-28 11:00:00,71.47,72.03,71.42,71.9,5530.362
2026-06-28 12:00:00,71.88,72.39,71.66,71.88,5044.853
2026-06-28 13:00:00,71.87,72.09,71.34,71.73,6411.224
2026-06-28 14:00:00,71.74,72.19,71.65,71.65,5354.714
2026-06-28 15:00:00,71.66,72.1,71.46,72.09,11495.98
2026-06-28 16:00:00,72.09,72.11,71.16,71.57,15345.775
2026-06-28 17:00:00,71.56,71.96,70.97,71.56,10294.983
2026-06-28 18:00:00,71.56,71.71,71.0,71.17,6421.956
2026-06-28 19:00:00,71.17,71.32,70.26,70.72,9755.777
2026-06-28 20:00:00,70.72,71.29,70.67,70.91,5370.234
2026-06-28 21:00:00,70.91,71.04,70.27,70.46,5718.051
2026-06-28 22:00:00,70.49,71.54,69.75,70.24,13610.17427745
2026-06-28 23:00:00,70.2,71.78,70.14,71.39,8316.531
2026-06-29 00:00:00,71.4,71.7,70.37,71.68,9614.009
2026-06-29 01:00:00,71.69,71.7,70.98,71.48,8016.18
2026-06-29 02:00:00,71.5,72.2,70.52,72.17,10083.283
2026-06-29 03:00:00,72.2,73.31,72.17,72.69,16060.269
2026-06-29 04:00:00,72.67,72.68,71.63,71.69,5120.808
2026-06-29 05:00:00,71.7,72.33,71.03,72.3,6272.073
2026-06-29 06:00:00,72.32,73.12,72.23,72.39,8275.204
2026-06-29 07:00:00,72.39,72.92,72.1,72.71,6793.897
2026-06-29 08:00:00,72.68,73.01,72.38,72.74,9860.125
2026-06-29 09:00:00,72.7,73.15,72.6,72.93,12894.698
2026-06-29 10:00:00,72.94,73.67,72.94,73.24,13084.472
2026-06-29 11:00:00,73.24,73.26,72.25,72.52,22207.374
2026-06-29 12:00:00,72.53,74.52,72.11,73.51,61573.22
2026-06-29 13:00:00,73.51,74.33,72.78,73.72,65245.076
2026-06-29 14:00:00,73.74,73.95,72.33,73.71,29193.181
2026-06-29 15:00:00,73.72,74.41,72.79,73.9,36853.303
2026-06-29 16:00:00,73.91,74.15,72.9,74.02,21286.224
2026-06-29 17:00:00,74.03,76.5,74.02,75.26,80018.341
2026-06-29 18:00:00,75.28,75.82,75.14,75.58,16166.253
2026-06-29 19:00:00,75.61,76.22,75.41,75.99,15785.073
2026-06-29 20:00:00,76.0,76.01,75.27,75.38,8554.19226281
2026-06-29 21:00:00,75.37,75.79,75.23,75.52,9619.057
2026-06-29 22:00:00,75.53,75.65,75.06,75.28,6863.952
2026-06-29 23:00:00,75.29,75.43,74.88,75.19,8734.354
2026-06-30 00:00:00,75.16,75.21,74.19,74.41,10250.035
2026-06-30 01:00:00,74.43,74.66,74.06,74.42,4960.415
2026-06-30 02:00:00,74.42,74.83,74.06,74.59,4024.951
2026-06-30 03:00:00,74.59,74.88,74.14,74.21,3698.001
2026-06-30 04:00:00,74.18,74.25,73.67,74.03,9655.036
2026-06-30 05:00:00,74.04,74.24,73.85,74.24,6261.438
2026-06-30 06:00:00,74.25,74.26,73.93,74.18,12275.819
2026-06-30 07:00:00,74.18,74.29,73.88,74.17,7567.196
2026-06-30 08:00:00,74.16,74.22,73.34,73.63,16269.631
2026-06-30 09:00:00,73.62,73.87,73.55,73.79,5069.028
2026-06-30 10:00:00,73.8,73.89,73.49,73.72,3264.556
2026-06-30 11:00:00,73.7,73.78,73.33,73.4,11865.041
2026-06-30 12:00:00,73.4,73.42,72.07,72.09,15102.869
2026-06-30 13:00:00,72.11,72.93,71.91,72.9,25977.118
2026-06-30 14:00:00,72.86,73.9,72.75,72.94,20313.033
2026-06-30 15:00:00,72.96,74.11,72.6,73.15,24288.072
2026-06-30 16:00:00,73.15,73.72,72.74,73.52,12568.65
2026-06-30 17:00:00,73.55,73.92,73.17,73.18,9292.852
2026-06-30 18:00:00,73.18,73.8,72.94,73.6,6124.38
2026-06-30 19:00:00,73.57,73.95,73.36,73.74,9341.722
2026-06-30 20:00:00,73.72,73.93,73.53,73.69,8741.004
2026-06-30 21:00:00,73.68,73.78,73.18,73.48,7193.085
2026-06-30 22:00:00,73.5,73.74,73.27,73.42,5687.452
2026-06-30 23:00:00,73.43,73.7,73.32,73.66,4122.992
2026-07-01 00:00:00,73.66,73.87,73.36,73.65,6858.401
2026-07-01 01:00:00,73.66,74.35,72.27,73.95,16179.536
2026-07-01 02:00:00,74.0,75.02,73.8,74.77,11483.1
2026-07-01 03:00:00,74.78,75.68,74.36,75.47,12763.54
2026-07-01 04:00:00,75.5,75.85,75.26,75.56,10563.185
2026-07-01 05:00:00,75.56,75.78,75.16,75.27,16603.606
2026-07-01 06:00:00,75.26,75.28,73.97,74.3,8650.551
2026-07-01 07:00:00,74.32,74.95,74.05,74.88,9080.097
2026-07-01 08:00:00,74.88,75.52,74.47,75.44,11787.491
2026-07-01 09:00:00,75.43,75.56,75.06,75.44,18051.69468671
2026-07-01 10:00:00,75.44,75.54,74.98,74.98,17032.926
2026-07-01 11:00:00,75.01,75.3,74.65,74.84,10496.61899733
2026-07-01 12:00:00,74.84,74.94,74.27,74.61,12162.903
2026-07-01 13:00:00,74.6,76.13,74.6,76.03,30162.46
2026-07-01 14:00:00,76.02,77.25,75.65,76.98,38285.452
2026-07-01 15:00:00,76.97,77.8,76.83,77.43,39683.354
2026-07-01 16:00:00,77.43,78.23,76.91,77.13,14876.824
2026-07-01 17:00:00,77.18,77.93,76.86,77.76,13801.707
2026-07-01 18:00:00,77.75,77.91,77.3,77.44,10165.48
2026-07-01 19:00:00,77.41,77.67,76.81,77.0,10358.14
2026-07-01 20:00:00,76.99,77.5,76.6,77.42,10778.987
2026-07-01 21:00:00,77.42,78.68,77.42,78.44,15575.943
2026-07-01 22:00:00,78.41,78.96,77.77,77.87,13898.518000006861
2026-07-01 23:00:00,77.86,77.88,77.27,77.45,10824.329
2026-07-02 00:00:00,77.45,77.46,76.91,77.27,5562.094
2026-07-02 01:00:00,77.28,78.7,77.24,78.21,8986.593
2026-07-02 02:00:00,78.18,78.59,77.83,78.43,5429.528
2026-07-02 03:00:00,78.46,78.96,77.95,78.74,12517.687624350856
2026-07-02 04:00:00,78.72,78.72,78.07,78.3,5877.616
2026-07-02 05:00:00,78.27,78.35,77.79,78.12,2778.006
2026-07-02 06:00:00,78.13,78.62,77.76,77.91,6617.072
2026-07-02 07:00:00,77.91,78.2,77.61,77.99,4144.081
2026-07-02 08:00:00,78.01,78.5,77.97,78.47,4577.422
2026-07-02 09:00:00,78.48,79.79,78.29,79.49,21437.185
2026-07-02 10:00:00,79.47,82.16,79.44,82.12,42094.113
2026-07-02 11:00:00,82.08,82.76,81.5,82.39,42285.091
2026-07-02 12:00:00,82.37,82.45,81.12,81.41,32134.953
2026-07-02 13:00:00,81.41,81.99,80.75,81.5,26706.77702797
2026-07-02 14:00:00,81.53,81.53,80.12,80.52,18227.042
2026-07-02 15:00:00,80.53,80.92,80.11,80.86,7689.94930565
2026-07-02 16:00:00,80.88,81.1,80.16,80.56,19273.239
2026-07-02 17:00:00,80.56,81.24,80.52,80.65,12877.176
2026-07-02 18:00:00,80.65,81.24,80.64,81.03,12981.353
2026-07-02 19:00:00,81.03,81.31,80.8,80.85,9975.188
2026-07-02 20:00:00,80.84,81.1,80.6,81.03,5448.814
2026-07-02 21:00:00,81.03,81.18,80.51,80.81,4495.463
2026-07-02 22:00:00,80.79,80.89,80.42,80.69,4003.779
2026-07-02 23:00:00,80.65,80.78,80.49,80.72,2956.732
2026-07-03 00:00:00,80.72,80.92,80.52,80.76,4481.072
2026-07-03 01:00:00,80.73,81.68,80.71,81.5,5534.774
2026-07-03 02:00:00,81.51,81.66,80.69,80.81,5181.162
2026-07-03 03:00:00,80.76,80.97,80.34,80.74,3839.78
2026-07-03 04:00:00,80.74,80.81,80.48,80.51,4099.551
2026-07-03 05:00:00,80.51,81.24,80.48,81.16,3478.278
2026-07-03 06:00:00,81.16,81.38,80.75,80.98,6149.765
2026-07-03 07:00:00,80.96,81.5,80.83,81.22,4000.62967042
2026-07-03 08:00:00,81.22,81.52,80.83,80.92,7278.871
2026-07-03 09:00:00,80.9,81.29,80.68,81.03,5144.959
2026-07-03 10:00:00,81.03,81.86,80.87,81.54,8689.799
2026-07-03 11:00:00,81.55,81.69,81.27,81.56,6175.113
2026-07-03 12:00:00,81.58,81.77,81.22,81.54,8984.212
2026-07-03 13:00:00,81.54,81.84,81.44,81.61,6785.253
2026-07-03 14:00:00,81.61,81.8,80.94,81.71,15224.416
2026-07-03 15:00:00,81.71,82.06,81.17,81.23,15826.203
2026-07-03 16:00:00,81.23,81.57,81.08,81.54,14231.816
2026-07-03 17:00:00,81.55,82.0,81.47,81.78,8728.544
2026-07-03 18:00:00,81.8,82.38,81.63,82.14,14219.191509408796
2026-07-03 19:00:00,82.13,83.22,82.1,82.49,17211.136
2026-07-03 20:00:00,82.47,82.99,82.24,82.72,13235.13052673
2026-07-03 21:00:00,82.71,83.05,82.18,82.65,7116.427
2026-07-03 22:00:00,82.66,82.69,82.26,82.36,3529.512
2026-07-03 23:00:00,82.36,82.49,82.18,82.37,6610.931
2026-07-04 00:00:00,82.35,82.74,82.28,82.42,5026.474
2026-07-04 01:00:00,82.41,82.41,81.81,81.98,13608.461
2026-07-04 02:00:00,81.98,82.4,81.92,82.19,9549.892
2026-07-04 03:00:00,82.2,82.86,82.07,82.74,6415.436
2026-07-04 04:00:00,82.74,83.97,82.68,83.47,14600.693
2026-07-04 05:00:00,83.48,83.49,82.91,83.38,9406.231
2026-07-04 06:00:00,83.39,83.59,82.51,82.56,11013.961
2026-07-04 07:00:00,82.55,82.85,82.27,82.74,3871.857
2026-07-04 08:00:00,82.72,82.78,82.25,82.31,8181.712
2026-07-04 09:00:00,82.32,82.34,81.61,81.73,7807.149
2026-07-04 10:00:00,81.74,81.93,81.43,81.63,4244.046
2026-07-04 11:00:00,81.63,81.9,81.54,81.83,2593.817
2026-07-04 12:00:00,81.83,81.97,81.37,81.6,3398.579
2026-07-04 13:00:00,81.6,81.91,81.37,81.65,5495.067
2026-07-04 14:00:00,81.65,81.87,81.55,81.82,3500.333
2026-07-04 15:00:00,81.82,82.42,81.74,82.24,9713.81
2026-07-04 16:00:00,82.24,82.38,82.0,82.23,5317.693
2026-07-04 17:00:00,82.23,82.82,81.91,82.53,8001.381
2026-07-04 18:00:00,82.55,82.8,82.12,82.26,6344.303
2026-07-04 19:00:00,82.27,82.35,81.7,81.88,2734.79
2026-07-04 20:00:00,81.87,82.15,81.58,81.98,3023.841
2026-07-04 21:00:00,81.98,82.22,81.84,82.01,3402.242
2026-07-04 22:00:00,81.99,82.05,81.78,81.92,4236.851
2026-07-04 23:00:00,81.93,81.94,81.45,81.78,4013.76
2026-07-05 00:00:00,81.79,81.81,81.13,81.31,5093.428
2026-07-05 01:00:00,81.31,81.46,80.57,80.85,5233.172
2026-07-05 02:00:00,80.84,80.87,80.17,80.38,7095.554
2026-07-05 03:00:00,80.38,80.6,80.37,80.56,3005.015
2026-07-05 04:00:00,80.57,80.91,80.42,80.61,4109.786
2026-07-05 05:00:00,80.59,80.59,80.26,80.48,1398.593
2026-07-05 06:00:00,80.49,80.65,80.35,80.61,1361.698
2026-07-05 07:00:00,80.61,80.77,80.37,80.72,3047.222
2026-07-05 08:00:00,80.72,80.87,80.46,80.5,4177.911
2026-07-05 09:00:00,80.5,80.55,79.7,79.91,5199.328
2026-07-05 10:00:00,79.89,80.44,79.76,80.43,4359.875
2026-07-05 11:00:00,80.44,80.65,80.35,80.54,3705.301
2026-07-05 12:00:00,80.55,81.27,80.36,80.76,8990.447
2026-07-05 13:00:00,80.76,81.22,80.68,81.22,7249.897
2026-07-05 14:00:00,81.23,81.59,81.03,81.43,6672.576
2026-07-05 15:00:00,81.45,81.73,81.11,81.35,6049.105
2026-07-05 16:00:00,81.37,81.5,80.91,81.09,7891.774
2026-07-05 17:00:00,81.09,81.37,81.01,81.12,6538.85699871
2026-07-05 18:00:00,81.13,81.25,80.99,81.01,2988.933
2026-07-05 19:00:00,81.0,81.11,80.81,81.04,9164.483
2026-07-05 20:00:00,81.04,81.15,80.95,81.09,3581.243
2026-07-05 21:00:00,81.06,82.2,80.78,81.79,12090.514
2026-07-05 22:00:00,81.8,82.42,81.65,81.83,10923.747
2026-07-05 23:00:00,81.82,82.07,81.45,81.6,3895.342
2026-07-06 00:00:00,81.59,82.24,81.13,82.2,6157.274
2026-07-06 01:00:00,82.22,82.32,81.49,81.56,3068.911
2026-07-06 02:00:00,81.55,81.68,80.84,81.0,4902.001
2026-07-06 03:00:00,80.99,81.05,80.46,80.79,4560.554
2026-07-06 04:00:00,80.8,81.01,80.71,80.83,3414.069
2026-07-06 05:00:00,80.82,80.83,80.17,80.45,5129.441
2026-07-06 06:00:00,80.44,80.53,80.26,80.39,2588.771
2026-07-06 07:00:00,80.37,81.02,80.26,80.83,4553.365
2026-07-06 08:00:00,80.84,81.08,80.31,80.48,2991.247
2026-07-06 09:00:00,80.47,80.5,80.06,80.08,6301.156
2026-07-06 10:00:00,80.07,80.69,80.06,80.65,3209.726
2026-07-06 11:00:00,80.67,80.98,80.38,80.38,6970.805
2026-07-06 12:00:00,80.38,80.64,79.3,79.47,23923.711
2026-07-06 13:00:00,79.45,80.91,79.24,80.14,31813.78399932
2026-07-06 14:00:00,80.15,80.8,79.86,80.28,14528.207
2026-07-06 15:00:00,80.31,81.53,80.28,81.46,29726.67
2026-07-06 16:00:00,81.49,82.38,81.28,82.09,16733.81402141
2026-07-06 17:00:00,82.1,82.16,81.46,81.64,8818.957
2026-07-06 18:00:00,81.63,82.28,81.32,81.98,16704.162
2026-07-06 19:00:00,81.99,82.16,81.81,82.07,4949.986
2026-07-06 20:00:00,82.07,82.24,81.68,82.1,3067.607
2026-07-06 21:00:00,82.1,83.73,82.06,82.83,18350.797
2026-07-06 22:00:00,82.83,82.88,82.26,82.31,4181.528
2026-07-06 23:00:00,82.31,82.41,81.91,81.93,4234.208
2026-07-07 00:00:00,81.95,82.47,81.83,82.36,4616.231
2026-07-07 01:00:00,82.37,82.37,81.81,81.89,5265.106
2026-07-07 02:00:00,81.9,81.94,81.29,81.34,3934.359
2026-07-07 03:00:00,81.35,81.47,80.98,81.08,4432.163
2026-07-07 04:00:00,81.06,81.1,80.65,80.92,3395.745
2026-07-07 05:00:00,80.92,81.27,80.47,81.1,6495.479
2026-07-07 06:00:00,81.11,81.64,80.83,81.55,4432.249
2026-07-07 07:00:00,81.56,81.74,81.35,81.49,3614.573
2026-07-07 08:00:00,81.5,81.59,81.21,81.27,6818.565
2026-07-07 09:00:00,81.28,81.48,81.15,81.33,9182.442
2026-07-07 10:00:00,81.33,81.58,80.95,81.01,6393.433
2026-07-07 11:00:00,81.0,81.4,80.78,81.32,11789.638
2026-07-07 12:00:00,81.32,81.98,81.3,81.45,10136.224
2026-07-07 13:00:00,81.45,81.6,80.66,80.82,21558.237
2026-07-07 14:00:00,80.85,81.9,80.51,81.8,12211.063
2026-07-07 15:00:00,81.8,82.35,81.5,82.12,9870.602
2026-07-07 16:00:00,82.11,82.56,81.83,82.21,9464.326
2026-07-07 17:00:00,82.21,82.79,82.09,82.69,7114.712
2026-07-07 18:00:00,82.72,82.72,81.25,81.3,10240.38399636
2026-07-07 19:00:00,81.29,81.56,80.77,81.37,9852.794
2026-07-07 20:00:00,81.37,81.49,81.02,81.17,6032.248
2026-07-07 21:00:00,81.18,81.41,80.55,80.83,5617.602
2026-07-07 22:00:00,80.83,81.08,80.35,80.85,6373.53199523
2026-07-07 23:00:00,80.86,81.13,80.51,80.57,12949.889
2026-07-08 00:00:00,80.57,80.76,80.35,80.37,8797.995
2026-07-08 01:00:00,80.37,80.41,78.81,79.1,12515.956
2026-07-08 02:00:00,79.09,79.16,78.23,79.04,8602.06308786
2026-07-08 03:00:00,79.1,79.34,78.64,78.72,6296.522
2026-07-08 04:00:00,78.73,78.93,78.4,78.65,3413.643
2026-07-08 05:00:00,78.65,78.82,78.35,78.42,4538.436
2026-07-08 06:00:00,78.45,78.45,77.95,78.21,9108.607
2026-07-08 07:00:00,78.22,78.33,77.81,78.3,5828.479
2026-07-08 08:00:00,78.3,78.42,76.9,77.25,20370.625
2026-07-08 09:00:00,77.26,77.48,77.0,77.2,8675.485
2026-07-08 10:00:00,77.21,77.47,76.94,77.32,6955.464
2026-07-08 11:00:00,77.32,77.69,77.07,77.53,12468.754
2026-07-08 12:00:00,77.54,77.65,77.01,77.02,11634.075
2026-07-08 13:00:00,77.02,77.47,76.64,77.31,14045.015
2026-07-08 14:00:00,77.29,77.42,76.73,77.11,10847.2074143
2026-07-08 15:00:00,77.13,77.14,76.29,76.77,7752.324
2026-07-08 16:00:00,76.76,77.35,76.76,77.28,12751.841
2026-07-08 17:00:00,77.28,77.66,77.03,77.1,7624.191
2026-07-08 18:00:00,77.13,77.35,76.78,77.13,3726.683
2026-07-08 19:00:00,77.15,77.49,76.95,77.43,7183.262
2026-07-08 20:00:00,77.42,77.55,77.06,77.18,6731.91
2026-07-08 21:00:00,77.18,77.33,76.92,77.24,4629.568
2026-07-08 22:00:00,77.25,77.57,77.17,77.55,3570.519
2026-07-08 23:00:00,77.54,77.94,77.44,77.83,4609.085
2026-07-09 00:00:00,77.83,77.88,77.52,77.7,6834.308
2026-07-09 01:00:00,77.72,78.77,77.27,77.35,12848.798
2026-07-09 02:00:00,77.38,77.83,76.99,77.07,4882.188
2026-07-09 03:00:00,77.06,77.39,76.73,77.39,3271.818
2026-07-09 04:00:00,77.39,78.02,77.22,77.99,2896.253
2026-07-09 05:00:00,77.97,78.39,77.75,78.39,5053.038
2026-07-09 06:00:00,78.4,78.61,78.12,78.51,3543.262
2026-07-09 07:00:00,78.49,78.82,78.15,78.21,4823.08
2026-07-09 08:00:00,78.22,78.4,77.96,78.12,4749.155
2026-07-09 09:00:00,78.11,78.19,77.85,78.14,4478.99
2026-07-09 10:00:00,78.14,78.21,77.53,77.7,4248.90017348
2026-07-09 11:00:00,77.71,77.77,77.32,77.61,7260.675
2026-07-09 12:00:00,77.62,78.21,77.44,77.64,15765.542
2026-07-09 13:00:00,77.65,78.49,77.34,78.21,8724.732
2026-07-09 14:00:00,78.22,78.35,77.58,77.88,5289.917
2026-07-09 15:00:00,77.92,78.19,77.53,77.62,6395.172
2026-07-09 16:00:00,77.62,77.79,77.26,77.68,7331.515
2026-07-09 17:00:00,77.68,78.15,77.64,78.05,6039.893
2026-07-09 18:00:00,78.07,78.42,78.0,78.21,8695.06
2026-07-09 19:00:00,78.17,78.3,77.9,78.15,8777.435
2026-07-09 20:00:00,78.16,78.31,77.97,78.14,4432.62
2026-07-09 21:00:00,78.15,78.26,77.9,78.03,3541.945
2026-07-09 22:00:00,78.04,78.28,77.99,78.1,3096.672
2026-07-09 23:00:00,78.1,78.19,77.77,78.04,1763.595
2026-07-10 00:00:00,78.04,78.15,77.81,78.09,3604.162
2026-07-10 01:00:00,78.13,79.43,77.94,79.02,9155.844
2026-07-10 02:00:00,79.07,79.15,78.83,79.04,4273.613
2026-07-10 03:00:00,79.03,79.11,78.73,79.05,3388.885
2026-07-10 04:00:00,79.06,79.1,78.85,78.97,3725.432
2026-07-10 05:00:00,78.97,79.36,78.87,79.18,5168.753
2026-07-10 06:00:00,79.19,79.23,78.88,78.9,3751.076
2026-07-10 07:00:00,78.93,79.07,78.75,78.86,2140.632
2026-07-10 08:00:00,78.87,79.42,78.8,79.2,7278.82268828
2026-07-10 09:00:00,79.18,79.37,78.94,79.23,8778.34399729
2026-07-10 10:00:00,79.23,79.66,79.14,79.41,6428.50199779
2026-07-10 11:00:00,79.4,79.51,79.18,79.36,5714.795
2026-07-10 12:00:00,79.37,79.55,78.89,78.92,7742.88099727
2026-07-10 13:00:00,78.91,79.32,78.77,78.98,7640.99524707
2026-07-10 14:00:00,78.98,78.98,77.09,77.94,27954.041
2026-07-10 15:00:00,77.9,78.36,77.79,78.15,5554.304
2026-07-10 16:00:00,78.15,78.25,77.66,78.14,6522.589
2026-07-10 17:00:00,78.12,78.16,77.55,77.58,5664.439
2026-07-10 18:00:00,77.57,77.89,77.34,77.52,8229.882
2026-07-10 19:00:00,77.5,78.03,77.45,77.88,6019.86194425
2026-07-10 20:00:00,77.89,77.98,77.71,77.75,5178.142
2026-07-10 21:00:00,77.75,78.1,77.71,78.0,4972.182
2026-07-10 22:00:00,78.0,78.23,77.93,78.15,5871.576
2026-07-10 23:00:00,78.16,78.17,77.94,78.12,4815.88699712
2026-07-11 00:00:00,78.13,78.13,77.8,77.85,2776.875
2026-07-11 01:00:00,77.85,78.06,77.47,77.55,3017.35199499
2026-07-11 02:00:00,77.55,77.82,77.51,77.77,1934.0
2026-07-11 03:00:00,77.78,77.87,77.6,77.8,1661.78891561
2026-07-11 04:00:00,77.79,77.84,77.65,77.73,1804.988
2026-07-11 05:00:00,77.73,77.96,77.63,77.89,1197.14
2026-07-11 06:00:00,77.89,78.11,77.79,78.05,3544.195
2026-07-11 07:00:00,78.05,78.09,77.93,77.98,2869.774
2026-07-11 08:00:00,77.99,78.16,77.95,78.15,2574.121
2026-07-11 09:00:00,78.17,78.33,77.83,77.84,4112.959
2026-07-11 10:00:00,77.86,78.09,77.77,78.05,5049.282
2026-07-11 11:00:00,78.05,78.14,77.98,78.09,1675.676
2026-07-11 12:00:00,78.11,78.21,77.95,78.09,1786.722
2026-07-11 13:00:00,78.08,78.42,78.04,78.17,4024.61
2026-07-11 14:00:00,78.17,78.73,78.17,78.48,4149.177
2026-07-11 15:00:00,78.49,78.86,77.97,78.39,10638.197
2026-07-11 16:00:00,78.39,78.39,77.67,77.93,10849.35891691
2026-07-11 17:00:00,77.94,78.19,77.82,78.09,2593.392
2026-07-11 18:00:00,78.08,78.3,78.01,78.08,3194.484
2026-07-11 19:00:00,78.08,78.14,77.88,78.14,2679.579
2026-07-11 20:00:00,78.14,78.28,78.11,78.18,1222.9
2026-07-11 21:00:00,78.18,78.32,78.15,78.23,1641.466
2026-07-11 22:00:00,78.23,78.27,77.75,77.9,2772.383
2026-07-11 23:00:00,77.9,77.92,76.78,76.79,7611.877
2026-07-12 00:00:00,76.78,76.86,75.65,76.09,9843.175
2026-07-12 01:00:00,76.08,76.87,76.06,76.83,4194.834
2026-07-12 02:00:00,76.85,76.9,76.64,76.86,3115.062
2026-07-12 03:00:00,76.85,77.08,76.75,77.03,3337.444
2026-07-12 04:00:00,77.05,77.07,76.61,76.71,3339.393
2026-07-12 05:00:00,76.71,76.82,76.39,76.46,2628.426
2026-07-12 06:00:00,76.43,76.43,75.86,76.36,2512.368
2026-07-12 07:00:00,76.36,76.7,76.31,76.52,2538.455
2026-07-12 08:00:00,76.51,76.82,76.47,76.71,3465.247
2026-07-12 09:00:00,76.71,76.89,76.4,76.74,4048.673
2026-07-12 10:00:00,76.74,76.84,76.65,76.69,2458.138
2026-07-12 11:00:00,76.71,77.25,76.53,76.94,3334.302275583409
2026-07-12 12:00:00,76.93,77.23,76.79,77.16,3047.33
2026-07-12 13:00:00,77.18,77.47,77.12,77.16,4828.681
2026-07-12 14:00:00,77.15,77.69,76.98,77.55,5179.397
2026-07-12 15:00:00,77.56,77.61,77.29,77.46,4025.903
2026-07-12 16:00:00,77.49,77.67,77.39,77.54,4688.631
2026-07-12 17:00:00,77.54,77.61,77.25,77.36,1543.896
2026-07-12 18:00:00,77.36,77.63,77.25,77.58,1511.764
2026-07-12 19:00:00,77.57,77.78,77.44,77.7,1631.793
2026-07-12 20:00:00,77.68,77.71,77.44,77.46,2258.968
2026-07-12 21:00:00,77.47,77.69,76.99,77.09,3006.004
2026-07-12 22:00:00,77.09,77.09,76.47,76.76,5906.276
2026-07-12 23:00:00,76.77,76.95,76.66,76.91,2583.582
2026-07-13 00:00:00,76.92,78.2,76.83,77.54,10192.22344259
2026-07-13 01:00:00,77.48,77.65,76.29,76.32,6540.498
2026-07-13 02:00:00,76.31,76.65,76.13,76.5,3702.797
2026-07-13 03:00:00,76.48,76.5,75.44,75.86,7704.28
2026-07-13 04:00:00,75.85,76.13,75.73,75.9,2962.009
2026-07-13 05:00:00,75.95,76.46,75.77,76.38,5313.569
2026-07-13 06:00:00,76.43,76.58,76.26,76.34,3018.182
2026-07-13 07:00:00,76.36,76.68,76.23,76.45,3793.612
2026-07-13 08:00:00,76.45,76.88,76.36,76.72,4718.431
2026-07-13 09:00:00,76.73,76.73,76.6,76.63,3546.379
2026-07-13 10:00:00,76.63,76.63,76.11,76.28,8076.045
2026-07-13 11:00:00,76.3,76.59,76.29,76.34,6399.723
2026-07-13 12:00:00,76.34,76.39,75.75,75.85,6681.181
2026-07-13 13:00:00,75.86,75.92,75.11,75.4,9778.675
2026-07-13 14:00:00,75.4,76.17,75.35,76.16,14941.999
2026-07-13 15:00:00,76.16,76.32,75.74,75.82,4852.21
2026-07-13 16:00:00,75.83,76.01,75.16,75.29,11182.79
2026-07-13 17:00:00,75.3,75.44,74.54,74.59,10889.712
2026-07-13 18:00:00,74.58,75.04,74.58,74.86,6254.68098165
2026-07-13 19:00:00,74.87,75.22,74.76,75.2,4235.204
2026-07-13 20:00:00,75.19,75.35,74.59,74.79,5594.082
2026-07-13 21:00:00,74.81,74.81,74.11,74.41,4884.503
2026-07-13 22:00:00,74.39,74.72,74.39,74.51,2698.2
2026-07-13 23:00:00,74.52,75.0,74.41,75.0,3067.782
2026-07-14 00:00:00,75.01,75.48,74.83,75.44,4633.555
2026-07-14 01:00:00,75.46,75.54,75.22,75.29,1878.677
2026-07-14 02:00:00,75.3,75.32,74.88,75.06,2126.223
2026-07-14 03:00:00,75.08,75.15,74.58,75.15,4311.612
2026-07-14 04:00:00,75.15,75.33,75.04,75.14,2178.716
2026-07-14 05:00:00,75.15,75.47,75.1,75.4,2890.853
2026-07-14 06:00:00,75.39,75.42,75.1,75.15,4216.426
2026-07-14 07:00:00,75.15,75.24,74.91,74.95,2398.283
2026-07-14 08:00:00,74.96,75.38,74.86,75.15,2639.064
2026-07-14 09:00:00,75.16,75.3,74.89,75.07,2419.878
2026-07-14 10:00:00,75.07,75.59,74.98,75.46,7240.041
2026-07-14 11:00:00,75.46,75.6,75.34,75.39,7266.384
2026-07-14 12:00:00,75.42,76.98,75.18,76.85,23124.46
2026-07-14 13:00:00,76.87,77.73,76.5,76.94,18061.592
2026-07-14 14:00:00,76.95,77.48,76.68,77.36,14857.921
2026-07-14 15:00:00,77.36,77.92,77.19,77.36,11568.534
2026-07-14 16:00:00,77.4,77.64,77.12,77.29,6593.533
2026-07-14 17:00:00,77.29,77.3,76.81,77.19,5915.683
2026-07-14 18:00:00,77.18,77.33,76.99,77.29,3224.878
2026-07-14 19:00:00,77.29,77.53,77.11,77.16,3460.781
2026-07-14 20:00:00,77.18,77.21,76.94,77.17,3240.02
2026-07-14 21:00:00,77.17,77.39,77.13,77.21,3317.975
2026-07-14 22:00:00,77.22,77.94,77.12,77.63,8681.328
2026-07-14 23:00:00,77.64,77.93,77.56,77.86,4118.056000006117
2026-07-15 00:00:00,77.87,77.91,77.48,77.67,2656.51328044
2026-07-15 01:00:00,77.68,77.81,77.3,77.43,6124.918
2026-07-15 02:00:00,77.44,77.58,77.04,77.28,5541.095
2026-07-15 03:00:00,77.3,77.89,77.22,77.81,2462.469
2026-07-15 04:00:00,77.78,78.17,77.54,78.01,3894.958
2026-07-15 05:00:00,78.01,78.31,77.67,78.26,3986.232
2026-07-15 06:00:00,78.3,78.68,77.95,77.95,6735.108
2026-07-15 07:00:00,77.94,78.01,77.41,77.42,2622.29130028
2026-07-15 08:00:00,77.42,77.61,77.24,77.58,3684.107
2026-07-15 09:00:00,77.58,77.89,77.43,77.46,3598.834
2026-07-15 10:00:00,77.47,77.71,77.22,77.36,5907.013
2026-07-15 11:00:00,77.36,77.51,77.33,77.51,4210.343
2026-07-15 12:00:00,77.51,78.29,77.25,78.27,14212.694
2026-07-15 13:00:00,78.29,79.02,77.71,78.05,20979.111
2026-07-15 14:00:00,78.12,78.38,77.78,78.21,11176.159
2026-07-15 15:00:00,78.22,78.25,77.76,78.05,9765.578
2026-07-15 16:00:00,78.06,78.1,77.05,77.63,10528.424
2026-07-15 17:00:00,77.63,78.04,77.49,77.81,9136.21
2026-07-15 18:00:00,77.8,78.1,77.52,77.55,5894.597
2026-07-15 19:00:00,77.59,77.68,76.94,77.16,7690.814
2026-07-15 20:00:00,77.17,77.53,77.1,77.4,4195.203
2026-07-15 21:00:00,77.39,77.51,77.23,77.42,3649.8
2026-07-15 22:00:00,77.42,77.73,77.3,77.48,4530.79
2026-07-15 23:00:00,77.49,77.61,77.2,77.28,4322.767
2026-07-16 00:00:00,77.26,77.47,76.69,76.95,5734.432
2026-07-16 01:00:00,76.95,77.15,76.71,77.09,3353.833
2026-07-16 02:00:00,77.08,77.15,76.86,77.15,2272.388
2026-07-16 03:00:00,77.12,77.27,76.8,76.95,2055.156
2026-07-16 04:00:00,76.94,77.0,76.6,76.81,4377.69
2026-07-16 05:00:00,76.82,77.5,76.73,77.47,5160.981
2026-07-16 06:00:00,77.48,77.63,77.12,77.34,6161.761
2026-07-16 07:00:00,77.35,77.35,76.2,76.43,6893.63316236
2026-07-16 08:00:00,76.42,76.49,75.63,76.12,12091.581
2026-07-16 09:00:00,76.15,76.24,75.99,76.02,5383.802
2026-07-16 10:00:00,76.03,76.34,76.01,76.21,1633.31099993
2026-07-16 11:00:00,76.21,76.28,76.04,76.25,5000.303
2026-07-16 12:00:00,76.26,76.27,75.69,75.92,7381.622
2026-07-16 13:00:00,75.91,76.61,75.9,76.34,4577.981
2026-07-16 14:00:00,76.34,76.78,76.19,76.49,4637.613
2026-07-16 15:00:00,76.49,76.86,76.01,76.62,5906.564
2026-07-16 16:00:00,76.63,76.63,76.11,76.28,3929.538
2026-07-16 17:00:00,76.28,76.28,75.4,75.61,6314.914
2026-07-16 18:00:00,75.62,75.91,75.41,75.74,6548.072
2026-07-16 19:00:00,75.73,75.93,75.62,75.83,4220.25
2026-07-16 20:00:00,75.8,75.89,75.71,75.8,2361.01
2026-07-16 21:00:00,75.8,76.07,75.78,75.94,3141.16
2026-07-16 22:00:00,75.94,76.03,75.24,75.32,4274.74
2026-07-16 23:00:00,75.32,75.41,75.01,75.31,7995.181
2026-07-17 00:00:00,75.33,75.55,74.94,75.55,4988.911
2026-07-17 01:00:00,75.56,75.74,74.98,75.1,4230.7
2026-07-17 02:00:00,75.09,75.27,74.74,75.0,5026.869
2026-07-17 03:00:00,75.02,75.45,74.98,75.22,3796.052
2026-07-17 04:00:00,75.22,75.32,74.76,75.25,6575.529
2026-07-17 05:00:00,75.22,75.22,74.29,74.39,6639.785
2026-07-17 06:00:00,74.38,74.74,74.3,74.58,5604.888
2026-07-17 07:00:00,74.59,74.76,74.42,74.62,4620.517
2026-07-17 08:00:00,74.62,74.68,74.2,74.52,3305.618
2026-07-17 09:00:00,74.52,74.81,74.47,74.66,4767.059
2026-07-17 10:00:00,74.66,74.87,74.63,74.78,4963.207
2026-07-17 11:00:00,74.79,75.01,74.64,74.84,5189.782
2026-07-17 12:00:00,74.84,74.87,74.37,74.4,3619.072
2026-07-17 13:00:00,74.4,74.4,73.38,74.33,14279.977
2026-07-17 14:00:00,74.33,74.82,74.1,74.33,9893.904
2026-07-17 15:00:00,74.3,74.77,73.81,74.76,9604.111
2026-07-17 16:00:00,74.77,75.1,74.62,74.93,13782.466
2026-07-17 17:00:00,74.94,75.58,74.94,75.24,5988.338
2026-07-17 18:00:00,75.24,75.4,74.98,75.32,7032.079
2026-07-17 19:00:00,75.32,75.36,74.88,75.2,4116.822
2026-07-17 20:00:00,75.19,75.19,74.89,75.1,3225.661
2026-07-17 21:00:00,75.1,75.23,74.96,75.02,1845.353
2026-07-17 22:00:00,75.03,75.12,74.85,75.02,2080.08
2026-07-17 23:00:00,75.03,75.14,74.85,75.03,1886.331
2026-07-18 00:00:00,75.04,75.27,74.99,75.09,1486.884
2026-07-18 01:00:00,75.1,75.24,75.05,75.21,1499.147
2026-07-18 02:00:00,75.22,75.45,75.16,75.2,6861.082
2026-07-18 03:00:00,75.21,75.38,75.16,75.38,2909.933
2026-07-18 04:00:00,75.38,75.38,75.05,75.11,1473.463
2026-07-18 05:00:00,75.11,75.11,74.87,74.94,1315.072
2026-07-18 06:00:00,74.94,75.09,74.92,74.98,2211.24
2026-07-18 07:00:00,74.98,75.05,74.9,74.95,2298.944
2026-07-18 08:00:00,74.96,75.03,74.78,74.94,3117.407
2026-07-18 09:00:00,74.97,75.0,74.65,74.84,2200.509
2026-07-18 10:00:00,74.84,74.94,74.79,74.89,3700.371
2026-07-18 11:00:00,74.89,75.01,74.88,74.94,1353.845
2026-07-18 12:00:00,74.95,75.18,74.73,74.99,5305.768
2026-07-18 13:00:00,74.98,74.98,74.51,74.73,4272.445
2026-07-18 14:00:00,74.74,75.0,74.64,74.98,2135.652
2026-07-18 15:00:00,74.97,75.04,74.81,74.96,1644.212
2026-07-18 16:00:00,74.97,75.28,74.85,75.16,4363.798
2026-07-18 17:00:00,75.17,75.39,75.07,75.35,2512.823
2026-07-18 18:00:00,75.36,75.63,75.19,75.28,5731.136
2026-07-18 19:00:00,75.29,75.45,75.23,75.43,1732.135
2026-07-18 20:00:00,75.44,75.58,75.33,75.46,2219.64
2026-07-18 21:00:00,75.47,75.62,75.35,75.49,3679.374
2026-07-18 22:00:00,75.48,75.61,75.39,75.57,1988.71898294
2026-07-18 23:00:00,75.56,75.59,75.4,75.52,1793.493
2026-07-19 00:00:00,75.51,75.67,75.45,75.63,3129.867
2026-07-19 01:00:00,75.63,75.75,75.52,75.69,2580.412
2026-07-19 02:00:00,75.69,76.56,75.69,76.21,7008.28
2026-07-19 03:00:00,76.21,76.43,75.82,75.95,3310.825
2026-07-19 04:00:00,75.96,76.07,75.75,76.0,2879.292
2026-07-19 05:00:00,76.02,76.09,75.9,75.98,1742.079
2026-07-19 06:00:00,75.98,76.13,75.94,76.1,6119.093
2026-07-19 07:00:00,76.11,76.32,76.0,76.14,9138.70399968
2026-07-19 08:00:00,76.14,76.37,76.08,76.27,2995.221
2026-07-19 09:00:00,76.29,76.29,75.92,75.98,2780.607
2026-07-19 10:00:00,75.97,76.51,75.9,76.26,2207.87
2026-07-19 11:00:00,76.26,76.4,76.04,76.08,3040.367
2026-07-19 12:00:00,76.06,76.18,75.76,76.03,3668.591
2026-07-19 13:00:00,76.03,76.15,75.89,76.11,3393.679
2026-07-19 14:00:00,76.11,76.68,76.06,76.42,10397.747
2026-07-19 15:00:00,76.42,76.49,76.11,76.22,4075.323
2026-07-19 16:00:00,76.22,76.29,75.87,75.92,2778.768
2026-07-19 17:00:00,75.9,76.22,75.6,75.97,4965.022
2026-07-19 18:00:00,75.96,75.98,75.39,75.75,4115.601
2026-07-19 19:00:00,75.77,75.89,75.64,75.89,1777.92823682
2026-07-19 20:00:00,75.89,76.14,75.87,76.14,1540.891
2026-07-19 21:00:00,76.14,76.24,75.71,75.78,3363.498
2026-07-19 22:00:00,75.7,76.41,75.63,76.09,5555.182
2026-07-19 23:00:00,76.11,76.56,75.9,76.37,3135.607
2026-07-20 00:00:00,76.38,77.1,76.14,76.57,10477.108
2026-07-20 01:00:00,76.59,77.4,76.29,76.38,8404.277
2026-07-20 02:00:00,76.39,77.19,76.38,76.97,6898.445
2026-07-20 03:00:00,76.98,77.08,76.55,76.76,4407.25
2026-07-20 04:00:00,76.78,76.94,76.3,76.47,3561.622
2026-07-20 05:00:00,76.47,76.49,75.8,75.93,5892.258
2026-07-20 06:00:00,75.95,76.05,75.53,75.65,6558.432
2026-07-20 07:00:00,75.65,76.24,75.55,76.21,4142.103
2026-07-20 08:00:00,76.22,76.43,75.91,76.14,8576.186
2026-07-20 09:00:00,76.15,76.73,76.05,76.48,5841.905
2026-07-20 10:00:00,76.48,76.69,76.34,76.34,2915.142
2026-07-20 11:00:00,76.35,77.23,76.31,77.13,11018.848
2026-07-20 12:00:00,77.14,77.14,76.66,76.75,8052.66
2026-07-20 13:00:00,76.74,77.1,76.15,76.28,12315.217
2026-07-20 14:00:00,76.28,76.5,75.81,76.15,11453.933
2026-07-20 15:00:00,76.15,77.91,76.11,77.76,15778.76798532
2026-07-20 16:00:00,77.77,77.91,77.66,77.66,2659.152
